instance,it_bb,it_box,p_true_pb,runtime_bb,runtime_box,runtime_pb,zeta_box,θ_bb,θ_box,θ_pb
6,9,6,1,0.497,3.404,15.676,8.125,2.0518084217506304e7,2.0518084217506304e7,2.0518084217506304e7
