instance,it_bb,it_box,p_true_pb,runtime_bb,runtime_box,runtime_pb,zeta_box,θ_bb,θ_box,θ_pb
15,24780,48,1,3600.104,3600.095,13.575,8.900000000000002,1.6120591450773854e7,9.104778457663527e6,1.6120591450773854e7
