instance,it_bb,it_box,p_true_pb,runtime_bb,runtime_box,runtime_pb,zeta_box,θ_bb,θ_box,θ_pb
11,53761,51,1,3600.072,50.049,10.125,1.0,1.0536551895543868e6,1.0536551895544804e6,1.0536551895544804e6
