instance,it_bb,it_box,p_true_pb,runtime_bb,runtime_box,runtime_pb,zeta_box,θ_bb,θ_box,θ_pb
6,32743,66,1,3600.013,3600.107,9.53,9.142857142857142,2.0389862365666937e7,1.3850606171790339e7,2.0518084217506304e7
