instance,it_bb,it_box,p_true_pb,runtime_bb,runtime_box,runtime_pb,zeta_box,θ_bb,θ_box,θ_pb
18,2594,37,1,17.302,5.9,9.963,0.42857142857143227,1.0633362158581803e7,1.06333621585818e7,1.1237326671617454e7
