instance,it_bb,it_box,p_true_pb,runtime_bb,runtime_box,runtime_pb,zeta_box,θ_bb,θ_box,θ_pb
48,37145,106,1,3600.024,3600.041,9.289,7.375,3.2937470784069933e7,2.231715648264415e7,3.293747078406993e7
