instance,it_bb,it_box,p_true_pb,runtime_bb,runtime_box,runtime_pb,zeta_box,θ_bb,θ_box,θ_pb
49,27995,34,1,3600.109,3600.078,9.216,10.799999999999997,2.1872721338061206e7,9.801881919937e6,2.1872721338061206e7
