instance,it_bb,it_box,p_true_pb,runtime_bb,runtime_box,runtime_pb,zeta_box,θ_bb,θ_box,θ_pb
2,45164,136,1,3600.104,3548.396,12.6,1.0000000002000005,1.087494796379606e7,1.0150196030280342e7,1.1237326671617454e7
