instance,it_bb,it_box,p_true_pb,runtime_bb,runtime_box,runtime_pb,zeta_box,θ_bb,θ_box,θ_pb
34,32913,52,1,3600.001,3600.029,9.808,10.0,1.531706101390323e7,1.2940151149961479e7,2.4152646072875574e7
