instance,it_bb,it_box,p_true_pb,runtime_bb,runtime_box,runtime_pb,zeta_box,θ_bb,θ_box,θ_pb
45,39264,95,1,3600.251,3600.035,9.763,8.700000000000003,1.9653747817631025e7,1.4538062618852021e7,1.9770023352461014e7
