instance,it_bb,it_box,p_true_pb,runtime_bb,runtime_box,runtime_pb,zeta_box,θ_bb,θ_box,θ_pb
34,38989,116,1,3600.082,3600.043,8.112,3.6666666666666714,2.4152646072875567e7,1.714473326801294e7,2.4152646072875574e7
