instance,it_bb,it_box,p_true_pb,runtime_bb,runtime_box,runtime_pb,zeta_box,θ_bb,θ_box,θ_pb
48,28607,48,1,3600.049,3600.033,10.678,14.0,3.2937470784069933e7,1.742451959954804e7,3.293747078406993e7
