instance,it_bb,it_box,p_true_pb,runtime_bb,runtime_box,runtime_pb,zeta_box,θ_bb,θ_box,θ_pb
40,25990,36,1,3600.033,3600.069,9.903,9.571428571428571,1.5069195405918874e7,7.601041832946625e6,1.5069195405918878e7
