instance,it_bb,it_box,p_true_pb,runtime_bb,runtime_box,runtime_pb,zeta_box,θ_bb,θ_box,θ_pb
47,32028,68,1,3600.165,3600.058,10.128,3.0,5.004509545536606e6,3.9839098359477897e6,5.0045095455366075e6
