instance,it_bb,it_box,p_true_pb,runtime_bb,runtime_box,runtime_pb,zeta_box,θ_bb,θ_box,θ_pb
25,48665,141,1,3600.053,3600.046,10.514,2.55555555555555,1.485647166713875e7,1.2890412407143235e7,1.6167117530483602e7
