instance,it_bb,it_box,p_true_pb,runtime_bb,runtime_box,runtime_pb,zeta_box,θ_bb,θ_box,θ_pb
44,70697,113,1,3600.012,589.982,9.264,1.0000000000000002,7.98423576613854e6,7.591666586724713e6,8.63847904631214e6
