instance,it_bb,it_box,p_true_pb,runtime_bb,runtime_box,runtime_pb,zeta_box,θ_bb,θ_box,θ_pb
3,43470,131,1,3600.045,3600.059,8.4,1.75,2.0152815403098643e7,1.4933627752995102e7,2.039557454298837e7
