instance,it_bb,it_box,p_true_pb,runtime_bb,runtime_box,runtime_pb,zeta_box,θ_bb,θ_box,θ_pb
1,31153,36,1,3600.094,3600.112,10.03,5.666666666666675,7.4238198294524085e6,4.304636549796423e6,7.531383763928608e6
