instance,it_bb,it_box,p_true_pb,runtime_bb,runtime_box,runtime_pb,zeta_box,θ_bb,θ_box,θ_pb
21,31328,33,1,3600.02,3600.055,8.853,9.600000000000001,1.2558272247847313e7,7.2242216294148285e6,1.2558272247847315e7
