instance,it_bb,it_box,p_true_pb,runtime_bb,runtime_box,runtime_pb,zeta_box,θ_bb,θ_box,θ_pb
21,57694,130,1,3600.193,3600.043,12.61,2.0000000000000018,1.16692638114419e7,1.0780269710529698e7,1.2558272247847315e7
