instance,it_bb,it_box,p_true_pb,runtime_bb,runtime_box,runtime_pb,zeta_box,θ_bb,θ_box,θ_pb
9,108904,135,1,3600.066,1395.39,8.439,1.0,7.455403927399568e6,7.361064116079003e6,8.304462229284661e6
