instance,it_bb,it_box,p_true_pb,runtime_bb,runtime_box,runtime_pb,zeta_box,θ_bb,θ_box,θ_pb
27,36318,57,1,3600.096,3600.135,9.436,6.333333333333322,1.5407865472299147e7,9.178362129436808e6,1.5860939912854098e7
