instance,it_bb,it_box,p_true_pb,runtime_bb,runtime_box,runtime_pb,zeta_box,θ_bb,θ_box,θ_pb
26,3166,47,1,59.022,15.405,8.883,0.22222222222221943,1.346206211876197e7,1.3461984129567187e7,1.4277664504477173e7
