instance,it_bb,it_box,p_true_pb,runtime_bb,runtime_box,runtime_pb,zeta_box,θ_bb,θ_box,θ_pb
30,37167,68,1,3600.167,3600.106,10.796,5.0,1.1760444480787873e7,9.05585371896691e6,1.2701093919528967e7
