instance,it_bb,it_box,p_true_pb,runtime_bb,runtime_box,runtime_pb,zeta_box,θ_bb,θ_box,θ_pb
24,53879,157,1,3600.087,3600.068,8.397,1.7777777777777786,1.5601637654756654e7,1.2547617266833395e7,1.647425783422831e7
