instance,it_bb,it_box,p_true_pb,runtime_bb,runtime_box,runtime_pb,zeta_box,θ_bb,θ_box,θ_pb
21,34955,61,1,3600.07,3600.03,9.67,7.0,1.2447148556209955e7,9.002367045994217e6,1.2558272247847315e7
