instance,it_bb,it_box,p_true_pb,runtime_bb,runtime_box,runtime_pb,zeta_box,θ_bb,θ_box,θ_pb
25,31312,37,1,3600.079,3600.287,8.791,9.0,1.5948668451748991e7,8.521663918070178e6,1.6167117530483602e7
