instance,it_bb,it_box,p_true_pb,runtime_bb,runtime_box,runtime_pb,zeta_box,θ_bb,θ_box,θ_pb
37,55873,119,1,3600.017,3600.055,8.131,2.0,1.0222020005997036e7,8.796271695663672e6,1.141003368925572e7
