instance,it_bb,it_box,p_true_pb,runtime_bb,runtime_box,runtime_pb,zeta_box,θ_bb,θ_box,θ_pb
30,6,5,1,0.303,2.452,10.852,3.0,1.2701093919528965e7,1.2701093919528965e7,1.2701093919528967e7
