instance,it_bb,it_box,p_true_pb,runtime_bb,runtime_box,runtime_pb,zeta_box,θ_bb,θ_box,θ_pb
38,39157,73,1,3600.116,3600.052,9.884,6.0,1.1078433290393498e7,8.813180272273172e6,1.1330163304495908e7
