instance,it_bb,it_box,p_true_pb,runtime_bb,runtime_box,runtime_pb,zeta_box,θ_bb,θ_box,θ_pb
49,39328,111,1,3600.163,3600.027,8.956,3.6000000000000014,2.1872721338061206e7,1.5777207824008431e7,2.1872721338061206e7
