instance,it_bb,it_box,p_true_pb,runtime_bb,runtime_box,runtime_pb,zeta_box,θ_bb,θ_box,θ_pb
44,414,24,1,3.066,4.184,9.469,0.28571428571428575,8.115034334609458e6,8.115034334609458e6,8.63847904631214e6
