instance,it_bb,it_box,p_true_pb,runtime_bb,runtime_box,runtime_pb,zeta_box,θ_bb,θ_box,θ_pb
44,30606,54,1,3600.174,3600.045,9.566,7.000000000000001,8.50763039027742e6,5.498141206428403e6,8.63847904631214e6
