instance,it_bb,it_box,p_true_pb,runtime_bb,runtime_box,runtime_pb,zeta_box,θ_bb,θ_box,θ_pb
12,816,30,1,5.575,4.811,10.158,0.20000000000000284,1.1283076883639455e7,1.1283076883639453e7,1.2150685083821252e7
