instance,it_bb,it_box,p_true_pb,runtime_bb,runtime_box,runtime_pb,zeta_box,θ_bb,θ_box,θ_pb
13,284960,51,1,3600.001,10.814,10.148,0.1250000000000373,1.301072307942031e7,1.301071692392589e7,1.3661156775103534e7
