instance,it_bb,it_box,p_true_pb,runtime_bb,runtime_box,runtime_pb,zeta_box,θ_bb,θ_box,θ_pb
5,43708,131,1,3600.001,488.302,9.676,0.25,2.0399654948373036e6,1.9126473194495412e6,2.0399654948373837e6
