instance,it_bb,it_box,p_true_pb,runtime_bb,runtime_box,runtime_pb,zeta_box,θ_bb,θ_box,θ_pb
25,58044,146,1,3600.102,3600.039,8.451,3.1111111111111107,1.485647166713875e7,1.2890478567590067e7,1.6167117530483602e7
