instance,it_bb,it_box,p_true_pb,runtime_bb,runtime_box,runtime_pb,zeta_box,θ_bb,θ_box,θ_pb
10,22582,38,1,3600.03,3600.067,13.126,11.0,1.752124441303636e7,8.544318164750963e6,1.752124441303637e7
