instance,it_bb,it_box,p_true_pb,runtime_bb,runtime_box,runtime_pb,zeta_box,θ_bb,θ_box,θ_pb
36,140568,46,1,3099.246,16.595,9.03,0.09999999999999432,3.231040168437537e6,3.2310401684376383e6,3.461509081230009e6
