instance,it_bb,it_box,p_true_pb,runtime_bb,runtime_box,runtime_pb,zeta_box,θ_bb,θ_box,θ_pb
36,31110,91,1,3600.181,3600.074,10.246,1.0,3.4615090812299307e6,2.885139655841408e6,3.461509081230009e6
