instance,it_bb,it_box,p_true_pb,runtime_bb,runtime_box,runtime_pb,zeta_box,θ_bb,θ_box,θ_pb
22,46232,133,1,3600.071,1124.238,10.685,0.20000000000000284,2.1565024317999063e6,2.070393603010986e6,2.242560798476314e6
