instance,it_bb,it_box,p_true_pb,runtime_bb,runtime_box,runtime_pb,zeta_box,θ_bb,θ_box,θ_pb
43,29130,61,1,3600.177,3600.046,9.092,4.999999999999943,1.506095543054289e7,9.14110034424179e6,1.518965663488846e7
