instance,it_bb,it_box,p_true_pb,runtime_bb,runtime_box,runtime_pb,zeta_box,θ_bb,θ_box,θ_pb
16,30986,48,1,3600.106,3600.103,9.903,10.799999999999997,1.9761127023368686e7,1.1696322812223734e7,1.9761127023368686e7
