instance,it_bb,it_box,p_true_pb,runtime_bb,runtime_box,runtime_pb,zeta_box,θ_bb,θ_box,θ_pb
9,100140,135,1,3600.035,1267.852,10.058,1.0,7.455403927399568e6,7.361064116079003e6,8.304462229284661e6
