instance,it_bb,it_box,p_true_pb,runtime_bb,runtime_box,runtime_pb,zeta_box,θ_bb,θ_box,θ_pb
14,54506,115,1,3600.125,3600.023,7.832,1.5555555555555554,1.0653168951142635e7,9.274654498317095e6,1.1029127725478332e7
