instance,it_bb,it_box,p_true_pb,runtime_bb,runtime_box,runtime_pb,zeta_box,θ_bb,θ_box,θ_pb
46,24969,37,1,3600.22,3600.09,10.549,11.0,1.996066500083712e7,9.495744690101324e6,2.0082361344249737e7
