instance,it_bb,it_box,p_true_pb,runtime_bb,runtime_box,runtime_pb,zeta_box,θ_bb,θ_box,θ_pb
23,8,7,1,0.307,2.235,9.6,1.1428571428571388,1.3748288426559597e7,1.3748288426559597e7,1.3748288426559601e7
