instance,it_bb,it_box,p_true_pb,runtime_bb,runtime_box,runtime_pb,zeta_box,θ_bb,θ_box,θ_pb
45,30163,56,1,3600.03,3600.039,11.309,7.875,1.9770023352461014e7,1.151452795695085e7,1.9770023352461014e7
