instance,it_bb,it_box,p_true_pb,runtime_bb,runtime_box,runtime_pb,zeta_box,θ_bb,θ_box,θ_pb
3,40454,127,1,3600.065,3600.077,10.254,1.375,2.0152815403098643e7,1.493362383298675e7,2.039557454298837e7
