instance,it_bb,it_box,p_true_pb,runtime_bb,runtime_box,runtime_pb,zeta_box,θ_bb,θ_box,θ_pb
41,271,19,1,3.374,3.927,11.918,1.4999999999999991,5.389870381141942e6,5.389870381141942e6,6.101119985711251e6
