instance,it_bb,it_box,p_true_pb,runtime_bb,runtime_box,runtime_pb,zeta_box,θ_bb,θ_box,θ_pb
38,55458,168,1,3600.142,2211.441,9.149,0.1666666666666714,1.0952568283342293e7,1.0574973262188677e7,1.1330163304495908e7
