instance,it_bb,it_box,p_true_pb,runtime_bb,runtime_box,runtime_pb,zeta_box,θ_bb,θ_box,θ_pb
17,18,11,1,0.45,3.245,12.231,1.0,1.3915446790480085e6,1.3915446790480088e6,1.3915446790480085e6
