instance,it_bb,it_box,p_true_pb,runtime_bb,runtime_box,runtime_pb,zeta_box,θ_bb,θ_box,θ_pb
50,9,8,1,0.372,2.09,9.559,0.3333333333333286,2.2853466725793995e7,2.2853466725793995e7,2.2853466725793995e7
