instance,it_bb,it_box,p_true_pb,runtime_bb,runtime_box,runtime_pb,zeta_box,θ_bb,θ_box,θ_pb
20,8,7,1,0.346,2.567,11.121,5.0,1.0132674400174737e7,1.0132674400174737e7,1.0132674400174737e7
