instance,it_bb,it_box,p_true_pb,runtime_bb,runtime_box,runtime_pb,zeta_box,θ_bb,θ_box,θ_pb
8,38425,124,1,3600.112,1248.888,10.974,1.0,2.8387272944952496e6,2.7205366517974674e6,2.83872729449525e6
