instance,it_bb,it_box,p_true_pb,runtime_bb,runtime_box,runtime_pb,zeta_box,θ_bb,θ_box,θ_pb
16,54045,83,1,913.401,23.079,10.078,0.5,1.7341690761279218e7,1.7341690568069205e7,1.9761127023368686e7
