instance,it_bb,it_box,p_true_pb,runtime_bb,runtime_box,runtime_pb,zeta_box,θ_bb,θ_box,θ_pb
19,27988,78,1,3600.008,3600.03,10.959,3.0000000000000018,6.433397708512964e6,4.913286857291909e6,6.433397708512966e6
