instance,it_bb,it_box,p_true_pb,runtime_bb,runtime_box,runtime_pb,zeta_box,θ_bb,θ_box,θ_pb
15,39228,119,1,3600.084,3600.032,7.947,5.5,1.6025785584939804e7,1.194894109440549e7,1.6120591450773854e7
