instance,it_bb,it_box,p_true_pb,runtime_bb,runtime_box,runtime_pb,zeta_box,θ_bb,θ_box,θ_pb
14,43345,99,1,3600.015,3600.089,11.823,2.625,1.0653168951142635e7,9.14947473972686e6,1.1029127725478332e7
