instance,it_bb,it_box,p_true_pb,runtime_bb,runtime_box,runtime_pb,zeta_box,θ_bb,θ_box,θ_pb
1,58091,121,1,3600.028,1317.716,9.197,0.6666666666666714,6.778436222595216e6,6.348334975964552e6,7.531383763928608e6
