instance,it_bb,it_box,p_true_pb,runtime_bb,runtime_box,runtime_pb,zeta_box,θ_bb,θ_box,θ_pb
41,29829,54,1,3600.071,3600.523,11.448,3.0,5.694691640243074e6,3.764559268050569e6,6.101119985711251e6
