instance,it_bb,it_box,p_true_pb,runtime_bb,runtime_box,runtime_pb,zeta_box,θ_bb,θ_box,θ_pb
20,25998,50,1,3600.201,3600.087,11.577,7.200000000000003,1.0028238650835197e7,6.581673725338501e6,1.0132674400174737e7
