instance,it_bb,it_box,p_true_pb,runtime_bb,runtime_box,runtime_pb,zeta_box,θ_bb,θ_box,θ_pb
12,30900,63,1,3600.086,3600.04,9.704,5.3,1.1608415078200847e7,8.896934037962487e6,1.2150685083821252e7
