instance,it_bb,it_box,p_true_pb,runtime_bb,runtime_box,runtime_pb,zeta_box,θ_bb,θ_box,θ_pb
26,32113,49,1,3600.08,3600.053,10.694,11.444444444444445,1.4277664504477171e7,9.791416247575507e6,1.4277664504477173e7
