instance,it_bb,it_box,p_true_pb,runtime_bb,runtime_box,runtime_pb,zeta_box,θ_bb,θ_box,θ_pb
11,158,16,1,0.929,3.455,7.963,1.0,1.0536551895544804e6,1.0536551895544804e6,1.0536551895544804e6
