instance,it_bb,it_box,p_true_pb,runtime_bb,runtime_box,runtime_pb,zeta_box,θ_bb,θ_box,θ_pb
7,28744,38,1,3600.127,3600.049,10.42,7.0,9.347871898000564e6,6.076712821816047e6,9.464700832772734e6
