instance,it_bb,it_box,p_true_pb,runtime_bb,runtime_box,runtime_pb,zeta_box,θ_bb,θ_box,θ_pb
47,26101,65,1,3600.135,3600.102,11.72,5.0,5.004509545536606e6,3.6774266543802177e6,5.0045095455366075e6
