instance,it_bb,it_box,p_true_pb,runtime_bb,runtime_box,runtime_pb,zeta_box,θ_bb,θ_box,θ_pb
21,67365,133,1,3600.033,3600.089,8.415,1.1999999999999975,1.16692638114419e7,1.0780269710529698e7,1.2558272247847315e7
