instance,it_bb,it_box,p_true_pb,runtime_bb,runtime_box,runtime_pb,zeta_box,θ_bb,θ_box,θ_pb
32,30873,54,1,3600.08,3600.069,10.111,6.999999999999972,1.4038511386836465e7,8.271949993145658e6,1.4038511386836465e7
