instance,it_bb,it_box,p_true_pb,runtime_bb,runtime_box,runtime_pb,zeta_box,θ_bb,θ_box,θ_pb
50,26724,51,1,3600.179,3600.235,9.785,13.299999999999997,2.285346672579399e7,1.0556321864930335e7,2.2853466725793995e7
