instance,it_bb,it_box,p_true_pb,runtime_bb,runtime_box,runtime_pb,zeta_box,θ_bb,θ_box,θ_pb
40,26677,46,1,3600.016,3600.071,13.444,8.124999999999996,1.494471247536211e7,8.969708277123371e6,1.5069195405918878e7
