instance,it_bb,it_box,p_true_pb,runtime_bb,runtime_box,runtime_pb,zeta_box,θ_bb,θ_box,θ_pb
23,30978,42,1,3600.1,3600.045,8.863,9.099999999999998,1.3650108446162447e7,6.87573870181033e6,1.3748288426559601e7
