instance,it_bb,it_box,p_true_pb,runtime_bb,runtime_box,runtime_pb,zeta_box,θ_bb,θ_box,θ_pb
38,29316,42,1,3600.13,3600.088,9.519,11.222222222222221,1.1330163304495906e7,7.428777160163255e6,1.1330163304495908e7
