instance,it_bb,it_box,p_true_pb,runtime_bb,runtime_box,runtime_pb,zeta_box,θ_bb,θ_box,θ_pb
43,39005,113,1,3600.003,3600.032,9.955,2.8571428571428577,1.4932254226197321e7,1.132866018634487e7,1.518965663488846e7
