instance,it_bb,it_box,p_true_pb,runtime_bb,runtime_box,runtime_pb,zeta_box,θ_bb,θ_box,θ_pb
40,7,6,1,0.275,2.355,10.106,3.8333333333333286,1.5069195405918878e7,1.5069195405918878e7,1.5069195405918878e7
