instance,it_bb,it_box,p_true_pb,runtime_bb,runtime_box,runtime_pb,zeta_box,θ_bb,θ_box,θ_pb
39,7,6,1,0.348,2.713,11.539,1.0000000002000036,1.1694462028270382e7,1.1694462028270382e7,1.1694462028270382e7
