instance,it_bb,it_box,p_true_pb,runtime_bb,runtime_box,runtime_pb,zeta_box,θ_bb,θ_box,θ_pb
43,25858,88,1,271.731,25.008,9.806,0.2857170713349291,1.364527954551096e7,1.3645271471527448e7,1.518965663488846e7
