instance,it_bb,it_box,p_true_pb,runtime_bb,runtime_box,runtime_pb,zeta_box,θ_bb,θ_box,θ_pb
10,31232,125,1,3600.108,3600.086,10.011,3.4000000000000057,1.7411763821149033e7,1.3908394577182531e7,1.752124441303637e7
