instance,it_bb,it_box,p_true_pb,runtime_bb,runtime_box,runtime_pb,zeta_box,θ_bb,θ_box,θ_pb
48,117929,108,1,3600.015,80.191,9.007,3.999924001618638e-6,2.828364222596727e7,2.697100766049168e7,3.293747078406993e7
