instance,it_bb,it_box,p_true_pb,runtime_bb,runtime_box,runtime_pb,zeta_box,θ_bb,θ_box,θ_pb
4,55660,137,1,3600.008,2493.37,8.385,1.0,7.968085211656282e6,7.733758509420012e6,8.202373489974409e6
