instance,it_bb,it_box,p_true_pb,runtime_bb,runtime_box,runtime_pb,zeta_box,θ_bb,θ_box,θ_pb
28,49611,100,1,3600.092,526.964,8.394,8.891804405664061e-6,5.865715871253264e6,5.312629804210988e6,6.3082540052033225e6
