instance,it_bb,it_box,p_true_pb,runtime_bb,runtime_box,runtime_pb,zeta_box,θ_bb,θ_box,θ_pb
15,32753,118,1,3600.003,3600.033,9.62,3.111111111522235,1.6025785584939804e7,1.1854250555419575e7,1.6120591450773854e7
