instance,it_bb,it_box,p_true_pb,runtime_bb,runtime_box,runtime_pb,zeta_box,θ_bb,θ_box,θ_pb
20,25546,35,1,3600.1,3600.093,10.968,9.0,1.0028238650835197e7,5.328330177412473e6,1.0132674400174737e7
