instance,it_bb,it_box,p_true_pb,runtime_bb,runtime_box,runtime_pb,zeta_box,θ_bb,θ_box,θ_pb
16,28543,39,1,3600.139,3600.145,9.927,10.714285714285715,1.9761127023368686e7,9.814555272052947e6,1.9761127023368686e7
