instance,it_bb,it_box,p_true_pb,runtime_bb,runtime_box,runtime_pb,zeta_box,θ_bb,θ_box,θ_pb
9,33879,64,1,3600.109,3600.215,9.633,4.5,7.927102984002398e6,6.323326191552776e6,8.304462229284661e6
