instance,it_bb,it_box,p_true_pb,runtime_bb,runtime_box,runtime_pb,zeta_box,θ_bb,θ_box,θ_pb
3,10758,39,1,133.937,8.518,9.111,0.375,1.6632829830602389e7,1.663282983060239e7,2.039557454298837e7
