instance,it_bb,it_box,p_true_pb,runtime_bb,runtime_box,runtime_pb,zeta_box,θ_bb,θ_box,θ_pb
33,30923,65,1,3600.054,3600.08,9.257,5.000099999999996,5.777850594124048e6,4.454097596016018e6,5.777850594124049e6
