instance,it_bb,it_box,p_true_pb,runtime_bb,runtime_box,runtime_pb,zeta_box,θ_bb,θ_box,θ_pb
48,33445,97,1,3600.04,3600.046,10.101,6.833333333333329,3.2937470784069933e7,2.2078481998019353e7,3.293747078406993e7
