instance,it_bb,it_box,p_true_pb,runtime_bb,runtime_box,runtime_pb,zeta_box,θ_bb,θ_box,θ_pb
35,45287,163,1,3600.043,3600.035,9.006,1.2857142857142883,8.974478861289749e6,8.111613735848852e6,9.492059394657535e6
