instance,it_bb,it_box,p_true_pb,runtime_bb,runtime_box,runtime_pb,zeta_box,θ_bb,θ_box,θ_pb
9,646,18,1,5.219,3.96,12.113,0.5,7.6440835500407005e6,7.6440835500407005e6,8.304462229284661e6
