instance,it_bb,it_box,p_true_pb,runtime_bb,runtime_box,runtime_pb,zeta_box,θ_bb,θ_box,θ_pb
17,33771,148,1,3600.16,3600.057,9.546,1.0,1.3915446790480085e6,1.2062650212994923e6,1.3915446790480085e6
