instance,it_bb,it_box,p_true_pb,runtime_bb,runtime_box,runtime_pb,zeta_box,θ_bb,θ_box,θ_pb
35,48799,165,1,3600.049,3600.032,8.038,1.0,8.974478861289749e6,8.11163472704533e6,9.492059394657535e6
