instance,it_bb,it_box,p_true_pb,runtime_bb,runtime_box,runtime_pb,zeta_box,θ_bb,θ_box,θ_pb
47,166,24,1,1.956,4.677,8.889,0.125,4.902444682743608e6,4.902444682743609e6,5.0045095455366075e6
