instance,it_bb,it_box,p_true_pb,runtime_bb,runtime_box,runtime_pb,zeta_box,θ_bb,θ_box,θ_pb
26,31613,37,1,3600.074,3600.052,8.821,15.11111111111111,1.4277664504477171e7,7.8538717020208305e6,1.4277664504477173e7
