instance,it_bb,it_box,p_true_pb,runtime_bb,runtime_box,runtime_pb,zeta_box,θ_bb,θ_box,θ_pb
10,39831,134,1,3600.094,3600.043,7.959,2.625,1.7411763821149033e7,1.3908534004064977e7,1.752124441303637e7
