instance,it_bb,it_box,p_true_pb,runtime_bb,runtime_box,runtime_pb,zeta_box,θ_bb,θ_box,θ_pb
14,4244,55,1,34.703,14.044,9.981,1.9998019991085397e-6,1.0277210176806938e7,1.0277210176806882e7,1.1029127725478332e7
