instance,it_bb,it_box,p_true_pb,runtime_bb,runtime_box,runtime_pb,zeta_box,θ_bb,θ_box,θ_pb
35,26491,44,1,3600.163,3600.111,9.729,8.285714285714285,9.492059394657537e6,5.436995233678367e6,9.492059394657535e6
