instance,it_bb,it_box,p_true_pb,runtime_bb,runtime_box,runtime_pb,zeta_box,θ_bb,θ_box,θ_pb
48,26701,36,1,3600.09,3600.032,8.941,16.0,3.2937470784069933e7,1.3487047734413914e7,3.293747078406993e7
