instance,it_bb,it_box,p_true_pb,runtime_bb,runtime_box,runtime_pb,zeta_box,θ_bb,θ_box,θ_pb
23,32620,54,1,3600.033,3600.067,10.489,7.299999999999997,1.3650108446162447e7,8.348225826701682e6,1.3748288426559601e7
