instance,it_bb,it_box,p_true_pb,runtime_bb,runtime_box,runtime_pb,zeta_box,θ_bb,θ_box,θ_pb
44,30359,63,1,3600.152,3600.06,9.055,3.0,8.3767817342427e6,6.544780692209188e6,8.63847904631214e6
