instance,it_bb,it_box,p_true_pb,runtime_bb,runtime_box,runtime_pb,zeta_box,θ_bb,θ_box,θ_pb
24,32067,43,1,3600.026,3600.047,8.829,7.000000000800014,1.636518768374368e7,8.621337953103147e6,1.647425783422831e7
