instance,it_bb,it_box,p_true_pb,runtime_bb,runtime_box,runtime_pb,zeta_box,θ_bb,θ_box,θ_pb
45,26400,43,1,3600.017,3600.069,9.878,10.999999999999993,1.9770023352461014e7,9.771438825003179e6,1.9770023352461014e7
