instance,it_bb,it_box,p_true_pb,runtime_bb,runtime_box,runtime_pb,zeta_box,θ_bb,θ_box,θ_pb
39,27827,40,1,3600.199,3600.074,10.931,7.0,1.1694462028270382e7,6.167139065953032e6,1.1694462028270382e7
