instance,it_bb,it_box,p_true_pb,runtime_bb,runtime_box,runtime_pb,zeta_box,θ_bb,θ_box,θ_pb
38,5,4,1,0.272,2.183,9.479,14.0,1.1330163304495908e7,1.1330163304495908e7,1.1330163304495908e7
