instance,it_bb,it_box,p_true_pb,runtime_bb,runtime_box,runtime_pb,zeta_box,θ_bb,θ_box,θ_pb
35,32968,79,1,3600.086,3600.152,10.088,6.571428571428573,9.405797341912871e6,6.7317098819297105e6,9.492059394657535e6
