instance,it_bb,it_box,p_true_pb,runtime_bb,runtime_box,runtime_pb,zeta_box,θ_bb,θ_box,θ_pb
34,37572,112,1,3600.002,3600.031,9.313,3.5555555560111145,2.4152646072875567e7,1.7036936113961983e7,2.4152646072875574e7
