instance,it_bb,it_box,p_true_pb,runtime_bb,runtime_box,runtime_pb,zeta_box,θ_bb,θ_box,θ_pb
30,38458,42,1,3600.057,3600.089,10.414,6.666666666666664,1.1760444480787873e7,7.292261731332172e6,1.2701093919528967e7
