instance,it_bb,it_box,p_true_pb,runtime_bb,runtime_box,runtime_pb,zeta_box,θ_bb,θ_box,θ_pb
20,3426,41,1,31.514,8.52,12.162,0.5,9.088254452546358e6,9.088254452546358e6,1.0132674400174737e7
