instance,it_bb,it_box,p_true_pb,runtime_bb,runtime_box,runtime_pb,zeta_box,θ_bb,θ_box,θ_pb
29,30774,51,1,3600.145,3600.096,9.521,11.299999999999997,2.882507771183189e7,1.446637663537069e7,2.8825077711831883e7
