instance,it_bb,it_box,p_true_pb,runtime_bb,runtime_box,runtime_pb,zeta_box,θ_bb,θ_box,θ_pb
32,37048,93,1,3600.112,3600.032,10.051,2.999999999999997,1.3929714039254421e7,1.044795869962064e7,1.4038511386836465e7
