instance,it_bb,it_box,p_true_pb,runtime_bb,runtime_box,runtime_pb,zeta_box,θ_bb,θ_box,θ_pb
1,644,32,1,6.547,6.923,12.813,0.3999999999999968,6.886000157071415e6,6.886000157071415e6,7.531383763928608e6
