instance,it_bb,it_box,p_true_pb,runtime_bb,runtime_box,runtime_pb,zeta_box,θ_bb,θ_box,θ_pb
6,35207,136,1,3600.08,3600.091,9.948,2.1428571428571423,2.0389862365666937e7,1.5773917579654861e7,2.0518084217506304e7
