instance,it_bb,it_box,p_true_pb,runtime_bb,runtime_box,runtime_pb,zeta_box,θ_bb,θ_box,θ_pb
12,57163,155,1,3600.082,3600.149,10.657,2.5999999999999877,1.1283053074828604e7,1.0632324054422608e7,1.2150685083821252e7
