instance,it_bb,it_box,p_true_pb,runtime_bb,runtime_box,runtime_pb,zeta_box,θ_bb,θ_box,θ_pb
16,38550,76,1,3600.055,3600.068,8.439,3.9,1.9626709762572315e7,1.4384589283406388e7,1.9761127023368686e7
