instance,it_bb,it_box,p_true_pb,runtime_bb,runtime_box,runtime_pb,zeta_box,θ_bb,θ_box,θ_pb
5,31103,87,1,3600.039,3600.065,12.068,3.0,2.039965494837284e6,1.530590948528596e6,2.0399654948373837e6
