instance,it_bb,it_box,p_true_pb,runtime_bb,runtime_box,runtime_pb,zeta_box,θ_bb,θ_box,θ_pb
32,39626,94,1,3600.044,3600.035,8.419,3.142857142857139,1.3929714039254421e7,1.0447958699620638e7,1.4038511386836465e7
