instance,it_bb,it_box,p_true_pb,runtime_bb,runtime_box,runtime_pb,zeta_box,θ_bb,θ_box,θ_pb
32,22836,76,1,274.655,33.148,9.468,0.12499914232036602,1.2297681475427615e7,1.2297681475427609e7,1.4038511386836465e7
