instance,it_bb,it_box,p_true_pb,runtime_bb,runtime_box,runtime_pb,zeta_box,θ_bb,θ_box,θ_pb
6,39740,139,1,3600.025,3600.04,8.405,5.0,2.0389862365666937e7,1.5773983633049304e7,2.0518084217506304e7
