instance,it_bb,it_box,p_true_pb,runtime_bb,runtime_box,runtime_pb,zeta_box,θ_bb,θ_box,θ_pb
14,33540,59,1,3600.059,3600.072,9.598,5.666666666666664,1.0903808134033103e7,7.520437290942276e6,1.1029127725478332e7
