instance,it_bb,it_box,p_true_pb,runtime_bb,runtime_box,runtime_pb,zeta_box,θ_bb,θ_box,θ_pb
15,8,8,1,0.327,2.084,8.877,1.5555555555555571,1.6120591450773854e7,1.6120591450773854e7,1.6120591450773854e7
