instance,it_bb,it_box,p_true_pb,runtime_bb,runtime_box,runtime_pb,zeta_box,θ_bb,θ_box,θ_pb
16,8,6,1,0.256,1.988,8.825,4.333333333333329,1.9761127023368686e7,1.9761127023368686e7,1.9761127023368686e7
