instance,it_bb,it_box,p_true_pb,runtime_bb,runtime_box,runtime_pb,zeta_box,θ_bb,θ_box,θ_pb
17,42585,96,1,3600.001,460.559,9.819,0.8000000000000007,1.3915446790479235e6,1.3915446790480085e6,1.3915446790480085e6
