instance,it_bb,it_box,p_true_pb,runtime_bb,runtime_box,runtime_pb,zeta_box,θ_bb,θ_box,θ_pb
47,67077,97,1,3600.046,362.369,9.189,1.0,4.800384707243605e6,4.698324731743601e6,5.0045095455366075e6
