instance,it_bb,it_box,p_true_pb,runtime_bb,runtime_box,runtime_pb,zeta_box,θ_bb,θ_box,θ_pb
21,1228,36,1,8.391,5.929,9.733,0.4285714287142879,1.1669263811441898e7,1.1669263811441898e7,1.2558272247847315e7
