instance,it_bb,it_box,p_true_pb,runtime_bb,runtime_box,runtime_pb,zeta_box,θ_bb,θ_box,θ_pb
11,36678,127,1,3600.046,718.144,10.828,0.29999999999999716,1.0536551895543896e6,1.0536551895544804e6,1.0536551895544804e6
