instance,it_bb,it_box,p_true_pb,runtime_bb,runtime_box,runtime_pb,zeta_box,θ_bb,θ_box,θ_pb
49,30608,101,1,3600.058,3600.038,12.556,2.777777777777779,2.1872721338061206e7,1.5657703164387304e7,2.1872721338061206e7
