instance,it_bb,it_box,p_true_pb,runtime_bb,runtime_box,runtime_pb,zeta_box,θ_bb,θ_box,θ_pb
50,83846,60,1,3600.04,19.093,10.043,4.875,2.1013741824948642e7,1.8689854084137414e7,2.2853466725793995e7
