instance,it_bb,it_box,p_true_pb,runtime_bb,runtime_box,runtime_pb,zeta_box,θ_bb,θ_box,θ_pb
18,49524,136,1,3600.109,2693.55,8.421,1.0000000002000005,1.0754155061188933e7,1.0150196030280342e7,1.1237326671617454e7
