instance,it_bb,it_box,p_true_pb,runtime_bb,runtime_box,runtime_pb,zeta_box,θ_bb,θ_box,θ_pb
19,33407,112,1,3600.013,3600.058,12.059,1.0,6.433397708512964e6,5.381229647761775e6,6.433397708512966e6
