instance,it_bb,it_box,p_true_pb,runtime_bb,runtime_box,runtime_pb,zeta_box,θ_bb,θ_box,θ_pb
22,33529,124,1,3600.043,3600.063,8.81,2.0,2.2425607984763137e6,1.8982232313952912e6,2.242560798476314e6
