instance,it_bb,it_box,p_true_pb,runtime_bb,runtime_box,runtime_pb,zeta_box,θ_bb,θ_box,θ_pb
1,39276,65,1,3600.007,3600.07,9.411,3.0,7.31625589497621e6,5.487678089127946e6,7.531383763928608e6
