instance,it_bb,it_box,p_true_pb,runtime_bb,runtime_box,runtime_pb,zeta_box,θ_bb,θ_box,θ_pb
28,42783,79,1,3600.029,3600.094,9.629,2.0,6.086984938228293e6,4.648837307273897e6,6.3082540052033225e6
