instance,it_bb,it_box,p_true_pb,runtime_bb,runtime_box,runtime_pb,zeta_box,θ_bb,θ_box,θ_pb
39,92069,123,1,3600.091,3600.029,8.097,0.6666666666666643,9.781113311828006e6,8.93074528744378e6,1.1694462028270382e7
