instance,it_bb,it_box,p_true_pb,runtime_bb,runtime_box,runtime_pb,zeta_box,θ_bb,θ_box,θ_pb
12,68586,135,1,3600.001,3600.027,8.168,0.3999999999999986,9.5476548551875e6,1.0632299345884975e7,1.2150685083821252e7
