instance,it_bb,it_box,p_true_pb,runtime_bb,runtime_box,runtime_pb,zeta_box,θ_bb,θ_box,θ_pb
8,13140,24,1,93.74,6.66,8.394,1.0,2.8387272944952496e6,2.8387272944952496e6,2.83872729449525e6
