instance,it_bb,it_box,p_true_pb,runtime_bb,runtime_box,runtime_pb,zeta_box,θ_bb,θ_box,θ_pb
46,70904,63,1,1378.047,22.836,8.938,0.11111111111111427,1.7527190550945956e7,1.752678195983927e7,2.0082361344249737e7
