instance,it_bb,it_box,p_true_pb,runtime_bb,runtime_box,runtime_pb,zeta_box,θ_bb,θ_box,θ_pb
46,9,7,1,0.36,2.757,12.418,4.571428571428569,2.0082361344249733e7,2.0082361344249733e7,2.0082361344249737e7
