instance,it_bb,it_box,p_true_pb,runtime_bb,runtime_box,runtime_pb,zeta_box,θ_bb,θ_box,θ_pb
39,33541,66,1,3600.186,3600.052,10.07,4.199999999999974,1.1162957297713295e7,7.548814590849278e6,1.1694462028270382e7
