instance,it_bb,it_box,p_true_pb,runtime_bb,runtime_box,runtime_pb,zeta_box,θ_bb,θ_box,θ_pb
46,35474,80,1,3600.115,3600.063,10.631,7.375,1.996066500083712e7,1.4849477013846627e7,2.0082361344249737e7
