instance,it_bb,it_box,p_true_pb,runtime_bb,runtime_box,runtime_pb,zeta_box,θ_bb,θ_box,θ_pb
49,31308,46,1,3600.201,3600.083,10.113,10.142857142857132,2.1872721338061206e7,1.1713790412994072e7,2.1872721338061206e7
