instance,it_bb,it_box,p_true_pb,runtime_bb,runtime_box,runtime_pb,zeta_box,θ_bb,θ_box,θ_pb
32,9,8,1,0.295,2.202,9.457,3.6666666666666643,1.4038511386836465e7,1.4038511386836465e7,1.4038511386836465e7
