instance,it_bb,it_box,p_true_pb,runtime_bb,runtime_box,runtime_pb,zeta_box,θ_bb,θ_box,θ_pb
24,49825,154,1,3600.1,3600.042,10.348,2.0,1.5601637654756656e7,1.2547611155530443e7,1.647425783422831e7
