instance,it_bb,it_box,p_true_pb,runtime_bb,runtime_box,runtime_pb,zeta_box,θ_bb,θ_box,θ_pb
20,49212,106,1,3600.061,3600.035,8.372,2.0,9.505997449904501e6,8.14833839416719e6,1.0132674400174737e7
