instance,it_bb,it_box,p_true_pb,runtime_bb,runtime_box,runtime_pb,zeta_box,θ_bb,θ_box,θ_pb
26,34470,114,1,3600.134,3600.037,10.787,2.625,1.4073738422115937e7,1.223862819120811e7,1.4277664504477173e7
