instance,it_bb,it_box,p_true_pb,runtime_bb,runtime_box,runtime_pb,zeta_box,θ_bb,θ_box,θ_pb
23,37567,133,1,3600.16,3600.038,9.368,2.8999999999999986,1.3650104924890531e7,1.0508370602162346e7,1.3748288426559601e7
