instance,it_bb,it_box,p_true_pb,runtime_bb,runtime_box,runtime_pb,zeta_box,θ_bb,θ_box,θ_pb
50,32219,45,1,3600.082,3600.041,9.681,11.0,2.285346672579399e7,1.2105713630408173e7,2.2853466725793995e7
