instance,it_bb,it_box,p_true_pb,runtime_bb,runtime_box,runtime_pb,zeta_box,θ_bb,θ_box,θ_pb
9,30549,52,1,3600.133,3600.042,9.041,7.100000000000004,8.021442795322965e6,5.474473924604844e6,8.304462229284661e6
