instance,it_bb,it_box,p_true_pb,runtime_bb,runtime_box,runtime_pb,zeta_box,θ_bb,θ_box,θ_pb
3,24567,36,1,3600.078,3600.038,10.561,10.75,2.039557454298837e7,9.47188040384971e6,2.039557454298837e7
