instance,it_bb,it_box,p_true_pb,runtime_bb,runtime_box,runtime_pb,zeta_box,θ_bb,θ_box,θ_pb
28,45906,49,1,3600.078,3600.059,8.801,3.4999999999999893,5.865715871253264e6,3.8744554145568367e6,6.3082540052033225e6
