instance,it_bb,it_box,p_true_pb,runtime_bb,runtime_box,runtime_pb,zeta_box,θ_bb,θ_box,θ_pb
32,27454,44,1,3600.043,3600.046,9.526,8.444444444444443,1.4038511386836465e7,6.966235027542874e6,1.4038511386836465e7
