instance,it_bb,it_box,p_true_pb,runtime_bb,runtime_box,runtime_pb,zeta_box,θ_bb,θ_box,θ_pb
23,16614,56,1,208.392,15.301,12.405,0.6666666666666679,1.1980985396516364e7,1.1980985396516366e7,1.3748288426559601e7
