instance,it_bb,it_box,p_true_pb,runtime_bb,runtime_box,runtime_pb,zeta_box,θ_bb,θ_box,θ_pb
45,8,7,1,0.525,2.943,12.391,2.0,1.9770023352461014e7,1.9770023352461014e7,1.9770023352461014e7
