instance,it_bb,it_box,p_true_pb,runtime_bb,runtime_box,runtime_pb,zeta_box,θ_bb,θ_box,θ_pb
18,37743,77,1,3600.065,3600.034,9.375,6.1000000000000005,1.0995723691503383e7,8.700600812760632e6,1.1237326671617454e7
