instance,it_bb,it_box,p_true_pb,runtime_bb,runtime_box,runtime_pb,zeta_box,θ_bb,θ_box,θ_pb
31,9258,49,1,81.625,11.923,9.677,0.25,1.132084961343218e7,1.132084961343218e7,1.3416987983328864e7
