instance,it_bb,it_box,p_true_pb,runtime_bb,runtime_box,runtime_pb,zeta_box,θ_bb,θ_box,θ_pb
19,64386,96,1,3600.044,97.728,8.33,1.111111111111112,5.965766684967725e6,5.96567129275264e6,6.433397708512966e6
