instance,it_bb,it_box,p_true_pb,runtime_bb,runtime_box,runtime_pb,zeta_box,θ_bb,θ_box,θ_pb
13,49446,168,1,3600.131,3600.04,8.129,2.0,1.3444343491377654e7,1.1818330357906438e7,1.3661156775103534e7
