instance,it_bb,it_box,p_true_pb,runtime_bb,runtime_box,runtime_pb,zeta_box,θ_bb,θ_box,θ_pb
1,59364,121,1,3600.128,1356.592,10.423,0.6666666666666714,6.778436222595216e6,6.348334975964552e6,7.531383763928608e6
