instance,it_bb,it_box,p_true_pb,runtime_bb,runtime_box,runtime_pb,zeta_box,θ_bb,θ_box,θ_pb
4,33479,79,1,3600.007,3600.11,9.902,4.0,7.03087093879416e6,6.796528548311213e6,8.202373489974409e6
