instance,it_bb,it_box,p_true_pb,runtime_bb,runtime_box,runtime_pb,zeta_box,θ_bb,θ_box,θ_pb
29,37531,133,1,3600.006,3600.043,8.388,3.5999999999999943,2.861545901037613e7,1.897316819096581e7,2.8825077711831883e7
