instance,it_bb,it_box,p_true_pb,runtime_bb,runtime_box,runtime_pb,zeta_box,θ_bb,θ_box,θ_pb
2,34943,74,1,3600.115,3600.033,10.145,5.0,1.0995723691503383e7,9.063102529960852e6,1.1237326671617454e7
