instance,it_bb,it_box,p_true_pb,runtime_bb,runtime_box,runtime_pb,zeta_box,θ_bb,θ_box,θ_pb
46,39119,86,1,3600.011,3600.02,8.136,4.777777777777779,1.996066500083712e7,1.4849967062615536e7,2.0082361344249737e7
