instance,it_bb,it_box,p_true_pb,runtime_bb,runtime_box,runtime_pb,zeta_box,θ_bb,θ_box,θ_pb
41,77456,113,1,3600.121,131.717,9.09,1.1999411864138665e-6,5.288263294774897e6,5.085049122040809e6,6.101119985711251e6
