instance,it_bb,it_box,p_true_pb,runtime_bb,runtime_box,runtime_pb,zeta_box,θ_bb,θ_box,θ_pb
27,60737,101,1,3600.076,3600.021,8.496,2.3749999999999987,1.4275330193519149e7,1.1556406362589173e7,1.5860939912854098e7
