instance,it_bb,it_box,p_true_pb,runtime_bb,runtime_box,runtime_pb,zeta_box,θ_bb,θ_box,θ_pb
29,26215,38,1,3600.016,3600.088,9.555,13.875000000000002,2.8825077711831883e7,1.1956850653931227e7,2.8825077711831883e7
