instance,it_bb,it_box,p_true_pb,runtime_bb,runtime_box,runtime_pb,zeta_box,θ_bb,θ_box,θ_pb
36,37315,135,1,3600.369,3600.088,22.845,1.2999999999999972,3.346262220416923e6,3.115784798821494e6,3.461509081230009e6
