instance,it_bb,it_box,p_true_pb,runtime_bb,runtime_box,runtime_pb,zeta_box,θ_bb,θ_box,θ_pb
41,28868,73,1,3600.138,3600.156,17.028,2.0,5.49177971031714e6,4.273121552584055e6,6.101119985711251e6
