instance,it_bb,it_box,p_true_pb,runtime_bb,runtime_box,runtime_pb,zeta_box,θ_bb,θ_box,θ_pb
45,63480,75,1,937.216,25.386,10.079,0.5,1.698014624218125e7,1.698014624218125e7,1.9770023352461014e7
