instance,it_bb,it_box,p_true_pb,runtime_bb,runtime_box,runtime_pb,zeta_box,θ_bb,θ_box,θ_pb
28,57525,100,1,3600.146,704.517,9.029,8.891804405664061e-6,5.865715871253264e6,5.312629804210988e6,6.3082540052033225e6
