instance,it_bb,it_box,p_true_pb,runtime_bb,runtime_box,runtime_pb,zeta_box,θ_bb,θ_box,θ_pb
5,22033,33,1,229.618,8.535,8.41,0.8571428571428577,2.0399654948373833e6,2.0399654948373837e6,2.0399654948373837e6
