instance,it_bb,it_box,p_true_pb,runtime_bb,runtime_box,runtime_pb,zeta_box,θ_bb,θ_box,θ_pb
44,62176,113,1,3600.009,596.646,8.17,1.0000000000000002,7.98423576613854e6,7.591666586724713e6,8.63847904631214e6
