instance,it_bb,it_box,p_true_pb,runtime_bb,runtime_box,runtime_pb,zeta_box,θ_bb,θ_box,θ_pb
40,38664,79,1,3600.139,3600.051,18.234,4.374999999999999,1.494471247536211e7,1.1334727407892874e7,1.5069195405918878e7
