instance,it_bb,it_box,p_true_pb,runtime_bb,runtime_box,runtime_pb,zeta_box,θ_bb,θ_box,θ_pb
15,136869,91,1,3600.001,46.948,9.702,2.3999424036413863e-6,1.4129624444018127e7,1.4129574374001283e7,1.6120591450773854e7
