instance,it_bb,it_box,p_true_pb,runtime_bb,runtime_box,runtime_pb,zeta_box,θ_bb,θ_box,θ_pb
30,1635,28,1,15.834,5.963,10.437,0.12500000011249313,1.1172518221991641e7,1.1172518221991641e7,1.2701093919528967e7
