instance,it_bb,it_box,p_true_pb,runtime_bb,runtime_box,runtime_pb,zeta_box,θ_bb,θ_box,θ_pb
7,34636,61,1,3600.125,3600.124,10.998,5.0,9.347871898000564e6,7.361931579155937e6,9.464700832772734e6
