instance,it_bb,it_box,p_true_pb,runtime_bb,runtime_box,runtime_pb,zeta_box,θ_bb,θ_box,θ_pb
21,5,4,1,0.326,2.442,10.93,15.0,1.2558272247847315e7,1.2558272247847315e7,1.2558272247847315e7
