instance,it_bb,it_box,p_true_pb,runtime_bb,runtime_box,runtime_pb,zeta_box,θ_bb,θ_box,θ_pb
33,35393,118,1,3600.009,3600.045,10.516,1.6000000000000014,5.777850594124048e6,5.29648586753931e6,5.777850594124049e6
