instance,it_bb,it_box,p_true_pb,runtime_bb,runtime_box,runtime_pb,zeta_box,θ_bb,θ_box,θ_pb
4,28273,40,1,3600.211,3600.083,11.32,9.0,8.202373489974409e6,5.390797363227421e6,8.202373489974409e6
