instance,it_bb,it_box,p_true_pb,runtime_bb,runtime_box,runtime_pb,zeta_box,θ_bb,θ_box,θ_pb
31,42451,98,1,3600.11,3600.039,8.531,2.0,1.3207375219615351e7,9.958356906783469e6,1.3416987983328864e7
