instance,it_bb,it_box,p_true_pb,runtime_bb,runtime_box,runtime_pb,zeta_box,θ_bb,θ_box,θ_pb
5,5,4,1,0.3,2.477,10.53,1.0000000002000036,2.0399654948373833e6,2.0399654948373833e6,2.0399654948373837e6
