instance,it_bb,it_box,p_true_pb,runtime_bb,runtime_box,runtime_pb,zeta_box,θ_bb,θ_box,θ_pb
27,33910,37,1,3600.197,3600.046,8.844,8.428572356986674,1.5407865472299147e7,7.705514487687496e6,1.5860939912854098e7
