instance,it_bb,it_box,p_true_pb,runtime_bb,runtime_box,runtime_pb,zeta_box,θ_bb,θ_box,θ_pb
3,30596,63,1,3600.162,3600.067,10.802,7.249999999999998,2.0152815403098647e7,1.2141927448021112e7,2.039557454298837e7
