instance,it_bb,it_box,p_true_pb,runtime_bb,runtime_box,runtime_pb,zeta_box,θ_bb,θ_box,θ_pb
50,38341,117,1,3600.081,3600.037,9.887,4.299999999999999,2.2761846920513786e7,1.5881762603524752e7,2.2853466725793995e7
