instance,it_bb,it_box,p_true_pb,runtime_bb,runtime_box,runtime_pb,zeta_box,θ_bb,θ_box,θ_pb
29,51146,129,1,3600.008,160.983,10.005,0.3333333333333357,2.7885977555602077e7,2.3270345014340576e7,2.8825077711831883e7
