instance,it_bb,it_box,p_true_pb,runtime_bb,runtime_box,runtime_pb,zeta_box,θ_bb,θ_box,θ_pb
38,516,27,1,3.34,4.136,10.005,0.8333333333333286,1.1078433290393498e7,1.1078433290393498e7,1.1330163304495908e7
