instance,it_bb,it_box,p_true_pb,runtime_bb,runtime_box,runtime_pb,zeta_box,θ_bb,θ_box,θ_pb
15,25674,37,1,3600.137,3600.199,10.457,11.5,1.6120591450773854e7,7.3033464905682895e6,1.6120591450773854e7
