instance,it_bb,it_box,p_true_pb,runtime_bb,runtime_box,runtime_pb,zeta_box,θ_bb,θ_box,θ_pb
8,33000,102,1,3600.191,3600.331,8.909,1.0,2.838727294495156e6,2.366057650454321e6,2.83872729449525e6
