instance,it_bb,it_box,p_true_pb,runtime_bb,runtime_box,runtime_pb,zeta_box,θ_bb,θ_box,θ_pb
20,42621,103,1,3600.154,3600.046,19.287,2.500000000000001,9.505997449904501e6,8.148320241564219e6,1.0132674400174737e7
