instance,it_bb,it_box,p_true_pb,runtime_bb,runtime_box,runtime_pb,zeta_box,θ_bb,θ_box,θ_pb
10,30921,59,1,3600.097,3600.077,10.742,9.111111111111114,1.752124441303636e7,1.0843306436487073e7,1.752124441303637e7
