instance,it_bb,it_box,p_true_pb,runtime_bb,runtime_box,runtime_pb,zeta_box,θ_bb,θ_box,θ_pb
46,29137,50,1,3600.052,3600.056,11.398,8.200000000000003,1.996066500083712e7,1.1564597115858406e7,2.0082361344249737e7
