instance,it_bb,it_box,p_true_pb,runtime_bb,runtime_box,runtime_pb,zeta_box,θ_bb,θ_box,θ_pb
31,39403,95,1,3600.033,3600.02,9.944,1.7500000000000018,1.3207375219615351e7,9.95835390150022e6,1.3416987983328864e7
