instance,it_bb,it_box,p_true_pb,runtime_bb,runtime_box,runtime_pb,zeta_box,θ_bb,θ_box,θ_pb
25,3014,43,1,29.272,11.332,9.804,0.33333333333333215,1.3982758874447184e7,1.3982756367304994e7,1.6167117530483602e7
