instance,it_bb,it_box,p_true_pb,runtime_bb,runtime_box,runtime_pb,zeta_box,θ_bb,θ_box,θ_pb
13,31255,54,1,3600.177,3600.068,9.921,8.799999999999997,1.3661156775103534e7,9.541828001386005e6,1.3661156775103534e7
