instance,it_bb,it_box,p_true_pb,runtime_bb,runtime_box,runtime_pb,zeta_box,θ_bb,θ_box,θ_pb
31,25885,37,1,3600.17,3600.061,10.106,9.0,1.3416987983328862e7,6.394921893921419e6,1.3416987983328864e7
