instance,it_bb,it_box,p_true_pb,runtime_bb,runtime_box,runtime_pb,zeta_box,θ_bb,θ_box,θ_pb
24,29409,68,1,3600.087,3600.089,10.342,6.555555555555557,1.636518768374368e7,1.0257116398721784e7,1.647425783422831e7
