instance,it_bb,it_box,p_true_pb,runtime_bb,runtime_box,runtime_pb,zeta_box,θ_bb,θ_box,θ_pb
40,39987,80,1,3600.072,3600.082,8.224,4.833333333333332,1.494471247536211e7,1.13347529360288e7,1.5069195405918878e7
