instance,it_bb,it_box,p_true_pb,runtime_bb,runtime_box,runtime_pb,zeta_box,θ_bb,θ_box,θ_pb
16,32990,77,1,3600.083,3600.04,9.565,5.0,1.9626709762572315e7,1.4384563530873332e7,1.9761127023368686e7
