instance,it_bb,it_box,p_true_pb,runtime_bb,runtime_box,runtime_pb,zeta_box,θ_bb,θ_box,θ_pb
14,28290,37,1,3600.001,3600.086,9.445,6.0,1.0903822417025646e7,6.39238773933745e6,1.1029127725478332e7
