instance,it_bb,it_box,p_true_pb,runtime_bb,runtime_box,runtime_pb,zeta_box,θ_bb,θ_box,θ_pb
37,31163,55,1,3600.172,3600.032,9.834,7.333333333333333,1.0815979819644555e7,7.370543634341341e6,1.141003368925572e7
