instance,it_bb,it_box,p_true_pb,runtime_bb,runtime_box,runtime_pb,zeta_box,θ_bb,θ_box,θ_pb
18,27653,50,1,3600.247,3600.086,10.145,7.999999999999993,1.0995740866403192e7,6.888563527551284e6,1.1237326671617454e7
