instance,it_bb,it_box,p_true_pb,runtime_bb,runtime_box,runtime_pb,zeta_box,θ_bb,θ_box,θ_pb
12,25641,43,1,3600.197,3600.045,12.312,10.700000000000003,1.2150685083821248e7,7.161656156276738e6,1.2150685083821252e7
