instance,it_bb,it_box,p_true_pb,runtime_bb,runtime_box,runtime_pb,zeta_box,θ_bb,θ_box,θ_pb
37,52898,118,1,3600.166,3600.039,8.917,0.22222222222222143,1.0222020005997036e7,8.796271695663672e6,1.141003368925572e7
