instance,it_bb,it_box,p_true_pb,runtime_bb,runtime_box,runtime_pb,zeta_box,θ_bb,θ_box,θ_pb
6,23155,41,1,3600.019,3600.152,10.836,11.666666666666666,2.0389862365666937e7,1.0003945058108516e7,2.0518084217506304e7
