instance,it_bb,it_box,p_true_pb,runtime_bb,runtime_box,runtime_pb,zeta_box,θ_bb,θ_box,θ_pb
25,30668,68,1,3600.012,3600.213,11.076,7.111111111111111,1.5948668451748991e7,1.0924620136661507e7,1.6167117530483602e7
