instance,it_bb,it_box,p_true_pb,runtime_bb,runtime_box,runtime_pb,zeta_box,θ_bb,θ_box,θ_pb
30,58958,153,1,3600.092,1691.271,10.311,0.875,1.152516875184184e7,1.070202113446085e7,1.2701093919528967e7
