instance,it_bb,it_box,p_true_pb,runtime_bb,runtime_box,runtime_pb,zeta_box,θ_bb,θ_box,θ_pb
33,59702,97,1,3600.038,98.661,8.125,1.0,5.777850594124048e6,5.657552073274096e6,5.777850594124049e6
