instance,it_bb,it_box,p_true_pb,runtime_bb,runtime_box,runtime_pb,zeta_box,θ_bb,θ_box,θ_pb
24,3208,37,1,32.01,9.336,10.92,0.4285714285714235,1.3747308989823634e7,1.3747308989823598e7,1.647425783422831e7
