instance,it_bb,it_box,p_true_pb,runtime_bb,runtime_box,runtime_pb,zeta_box,θ_bb,θ_box,θ_pb
37,31236,43,1,3600.175,3600.059,9.7,5.900000000000002,1.1053601367489021e7,6.420364696629483e6,1.141003368925572e7
