instance,it_bb,it_box,p_true_pb,runtime_bb,runtime_box,runtime_pb,zeta_box,θ_bb,θ_box,θ_pb
7,60187,123,1,3600.042,1587.708,10.142,0.44444444444444464,8.997446677996268e6,8.646948956038605e6,9.464700832772734e6
