instance,it_bb,it_box,p_true_pb,runtime_bb,runtime_box,runtime_pb,zeta_box,θ_bb,θ_box,θ_pb
45,39614,99,1,3600.028,3600.042,8.185,3.857142857142854,1.9653747817631025e7,1.4539611724157875e7,1.9770023352461014e7
