instance,it_bb,it_box,p_true_pb,runtime_bb,runtime_box,runtime_pb,zeta_box,θ_bb,θ_box,θ_pb
6,20326,88,1,217.951,34.034,9.656,0.1999999999999989,1.808194534179455e7,1.808194534179455e7,2.0518084217506304e7
