instance,it_bb,it_box,p_true_pb,runtime_bb,runtime_box,runtime_pb,zeta_box,θ_bb,θ_box,θ_pb
43,27795,41,1,3600.183,3600.122,10.487,8.375,1.5189656634888459e7,7.4676931879007835e6,1.518965663488846e7
