instance,it_bb,it_box,p_true_pb,runtime_bb,runtime_box,runtime_pb,zeta_box,θ_bb,θ_box,θ_pb
31,25595,50,1,3600.213,3600.075,13.563,6.0,1.3416987983328862e7,7.967056698836468e6,1.3416987983328864e7
