instance,it_bb,it_box,p_true_pb,runtime_bb,runtime_box,runtime_pb,zeta_box,θ_bb,θ_box,θ_pb
13,24886,36,1,3600.001,3600.022,9.48,9.0,1.3661156775103534e7,7.915734715783969e6,1.3661156775103534e7
