instance,it_bb,it_box,p_true_pb,runtime_bb,runtime_box,runtime_pb,zeta_box,θ_bb,θ_box,θ_pb
39,2296,30,1,16.274,4.813,9.667,0.25000000000000033,9.781117185311712e6,9.781117185311712e6,1.1694462028270382e7
