instance,it_bb,it_box,p_true_pb,runtime_bb,runtime_box,runtime_pb,zeta_box,θ_bb,θ_box,θ_pb
22,60788,43,1,3600.12,25.695,18.843,0.5,2.1565024317999063e6,2.156502431799906e6,2.242560798476314e6
