instance,it_bb,it_box,p_true_pb,runtime_bb,runtime_box,runtime_pb,zeta_box,θ_bb,θ_box,θ_pb
4,54648,137,1,3600.116,2737.501,10.126,1.0,7.968085211656282e6,7.733758509420012e6,8.202373489974409e6
