instance,it_bb,it_box,p_true_pb,runtime_bb,runtime_box,runtime_pb,zeta_box,θ_bb,θ_box,θ_pb
7,58789,123,1,3600.092,1769.791,8.441,0.44444444444444464,8.997446677996268e6,8.646948956038605e6,9.464700832772734e6
