instance,it_bb,it_box,p_true_pb,runtime_bb,runtime_box,runtime_pb,zeta_box,θ_bb,θ_box,θ_pb
13,34175,135,1,3600.016,3600.151,12.597,0.7000000001700037,1.3661156775103534e7,1.1818243863433534e7,1.3661156775103534e7
