instance,it_bb,it_box,p_true_pb,runtime_bb,runtime_box,runtime_pb,zeta_box,θ_bb,θ_box,θ_pb
39,88519,117,1,3600.065,3600.022,9.014,0.25,9.781113311828006e6,8.930746163228063e6,1.1694462028270382e7
