instance,it_bb,it_box,p_true_pb,runtime_bb,runtime_box,runtime_pb,zeta_box,θ_bb,θ_box,θ_pb
5,21507,39,1,3600.101,3600.047,11.403,8.150000000000002,1.995634406385803e7,1.1935325890692351e7,1.9956344063858036e7
