instance,it_bb,it_box,p_true_pb,runtime_bb,runtime_box,runtime_pb,zeta_box,θ_bb,θ_box,θ_pb
50,21082,41,1,3600.283,3600.092,10.251,13.0,3.397460280755744e7,1.9609488149062607e7,3.397460280755744e7
