instance,it_bb,it_box,p_true_pb,runtime_bb,runtime_box,runtime_pb,zeta_box,θ_bb,θ_box,θ_pb
21,27395,112,1,3600.226,3600.113,10.323,3.0,8.532568949786875e6,7.481624858247162e6,8.532568949786875e6
