instance,it_bb,it_box,p_true_pb,runtime_bb,runtime_box,runtime_pb,zeta_box,θ_bb,θ_box,θ_pb
23,102,14,1,1.688,4.325,12.348,1.0,5.159528039088593e6,5.159528039088594e6,5.159528039088594e6
