instance,it_bb,it_box,p_true_pb,runtime_bb,runtime_box,runtime_pb,zeta_box,θ_bb,θ_box,θ_pb
21,40177,108,1,3600.167,717.944,10.437,1.0,8.532568949786875e6,8.532568949786877e6,8.532568949786875e6
