instance,it_bb,it_box,p_true_pb,runtime_bb,runtime_box,runtime_pb,zeta_box,θ_bb,θ_box,θ_pb
41,26937,83,1,3600.055,3600.069,9.268,0.0,4.2018970518250376e7,3.1730172753705274e7,4.201897051825039e7
