instance,it_bb,it_box,p_true_pb,runtime_bb,runtime_box,runtime_pb,zeta_box,θ_bb,θ_box,θ_pb
10,24143,83,1,3600.26,3600.025,10.64,4.0,6.76516164963224e6,4.762425438211487e6,6.765161649632242e6
