instance,it_bb,it_box,p_true_pb,runtime_bb,runtime_box,runtime_pb,zeta_box,θ_bb,θ_box,θ_pb
22,24315,47,1,3600.122,3600.037,12.141,6.0,1.0106798284812242e7,7.63485725478299e6,1.0106798284812493e7
