instance,it_bb,it_box,p_true_pb,runtime_bb,runtime_box,runtime_pb,zeta_box,θ_bb,θ_box,θ_pb
36,63558,80,1,3600.061,56.962,9.991,0.4285714285714306,3.1881748251357406e7,3.1361312947059095e7,3.396359358663091e7
