instance,it_bb,it_box,p_true_pb,runtime_bb,runtime_box,runtime_pb,zeta_box,θ_bb,θ_box,θ_pb
13,20361,41,1,3600.233,3600.046,10.528,10.0,2.1399146097376898e7,1.3249133030779773e7,2.1399146097376898e7
