instance,it_bb,it_box,p_true_pb,runtime_bb,runtime_box,runtime_pb,zeta_box,θ_bb,θ_box,θ_pb
48,85325,53,1,3600.03,21.805,10.524,0.0,1.936640757719183e7,1.9366407577191833e7,1.9366407577191833e7
