instance,it_bb,it_box,p_true_pb,runtime_bb,runtime_box,runtime_pb,zeta_box,θ_bb,θ_box,θ_pb
21,19550,75,1,3600.234,3600.039,12.303,5.0,8.532568949786875e6,6.3137951893507205e6,8.532568949786875e6
