instance,it_bb,it_box,p_true_pb,runtime_bb,runtime_box,runtime_pb,zeta_box,θ_bb,θ_box,θ_pb
43,50354,81,1,3600.122,109.529,11.446,0.0,2.625823200718903e7,2.5638989840796407e7,2.68774162617032e7
