instance,it_bb,it_box,p_true_pb,runtime_bb,runtime_box,runtime_pb,zeta_box,θ_bb,θ_box,θ_pb
2,32634,54,1,3600.062,3600.078,9.074,11.105263159105277,3.574532922704806e7,3.1305930613134984e7,4.978474331946269e7
