instance,it_bb,it_box,p_true_pb,runtime_bb,runtime_box,runtime_pb,zeta_box,θ_bb,θ_box,θ_pb
7,21185,56,1,3600.182,3600.074,10.161,5.0,1.297465841268429e7,8.769188548155846e6,1.2974658412684295e7
