instance,it_bb,it_box,p_true_pb,runtime_bb,runtime_box,runtime_pb,zeta_box,θ_bb,θ_box,θ_pb
9,33379,135,1,3600.219,3600.071,9.029,0.0,1.5527467148691501e7,1.4782292263386907e7,1.5527467148691501e7
