instance,it_bb,it_box,p_true_pb,runtime_bb,runtime_box,runtime_pb,zeta_box,θ_bb,θ_box,θ_pb
39,10,8,1,0.516,2.819,11.709,0.0,3.2138920031652704e7,3.2138920031652704e7,3.213556520941154e7
