instance,it_bb,it_box,p_true_pb,runtime_bb,runtime_box,runtime_pb,zeta_box,θ_bb,θ_box,θ_pb
20,28864,91,1,3600.108,3600.063,9.435,3.529411764705884,2.1399146097376894e7,1.8088205939652987e7,2.1399146097376898e7
