instance,it_bb,it_box,p_true_pb,runtime_bb,runtime_box,runtime_pb,zeta_box,θ_bb,θ_box,θ_pb
9,23808,56,1,3600.23,3600.067,10.14,7.0,1.5527467148691501e7,1.1553231906101057e7,1.5527467148691501e7
