instance,it_bb,it_box,p_true_pb,runtime_bb,runtime_box,runtime_pb,zeta_box,θ_bb,θ_box,θ_pb
50,24213,42,1,3600.13,3600.066,9.435,12.8,3.3974602807557434e7,2.2773524047397893e7,3.397460280755744e7
