instance,it_bb,it_box,p_true_pb,runtime_bb,runtime_box,runtime_pb,zeta_box,θ_bb,θ_box,θ_pb
49,15844,41,1,374.555,18.559,12.391,9.999009905614642e-7,1.747366189842176e7,1.7473661898421764e7,1.799131129242188e7
