instance,it_bb,it_box,p_true_pb,runtime_bb,runtime_box,runtime_pb,zeta_box,θ_bb,θ_box,θ_pb
32,62655,48,1,3600.036,45.864,10.351,1.0,7.504971613338969e6,7.504971613338971e6,7.504971613338971e6
