instance,it_bb,it_box,p_true_pb,runtime_bb,runtime_box,runtime_pb,zeta_box,θ_bb,θ_box,θ_pb
12,41627,17,1,3600.015,8.377,9.428,1.0,693796.1921042914,693796.1921042914,693796.1921042914
