instance,it_bb,it_box,p_true_pb,runtime_bb,runtime_box,runtime_pb,zeta_box,θ_bb,θ_box,θ_pb
13,27792,87,1,3600.002,3600.08,9.027,0.0,2.0380353496258385e7,1.8088110899350084e7,2.1399146097376898e7
