instance,it_bb,it_box,p_true_pb,runtime_bb,runtime_box,runtime_pb,zeta_box,θ_bb,θ_box,θ_pb
4,26880,63,1,3600.048,3600.026,10.075,7.0,2.1893968685007792e7,1.693569110581237e7,2.1893968685007796e7
