instance,it_bb,it_box,p_true_pb,runtime_bb,runtime_box,runtime_pb,zeta_box,θ_bb,θ_box,θ_pb
19,14200,42,1,239.675,11.096,10.156,0.117647058823529,1.8308966757382847e7,1.8308966757382844e7,1.8820969840513628e7
