instance,it_bb,it_box,p_true_pb,runtime_bb,runtime_box,runtime_pb,zeta_box,θ_bb,θ_box,θ_pb
21,140,14,1,3.498,4.946,10.338,0.0,8.532568949786875e6,8.532568949786877e6,8.532568949786875e6
