instance,it_bb,it_box,p_true_pb,runtime_bb,runtime_box,runtime_pb,zeta_box,θ_bb,θ_box,θ_pb
6,33154,115,1,3600.229,489.774,9.79,1.0,6.705086686206353e6,6.705086686206255e6,6.705086686206355e6
