instance,it_bb,it_box,p_true_pb,runtime_bb,runtime_box,runtime_pb,zeta_box,θ_bb,θ_box,θ_pb
3,25092,54,1,3600.124,3600.042,9.104,6.999999999999979,1.6550482717593173e7,1.1685731570612116e7,1.6550482717593173e7
