instance,it_bb,it_box,p_true_pb,runtime_bb,runtime_box,runtime_pb,zeta_box,θ_bb,θ_box,θ_pb
13,28983,91,1,3600.134,3600.077,8.914,3.529411764705884,2.1399146097376894e7,1.8088205005893838e7,2.1399146097376898e7
