instance,it_bb,it_box,p_true_pb,runtime_bb,runtime_box,runtime_pb,zeta_box,θ_bb,θ_box,θ_pb
27,33565,109,1,3600.115,496.703,10.614,1.0,685966.9989536218,685966.9989537942,685966.9989537945
