instance,it_bb,it_box,p_true_pb,runtime_bb,runtime_box,runtime_pb,zeta_box,θ_bb,θ_box,θ_pb
16,23359,61,1,3600.092,3600.121,9.916,8.0,2.157897428879508e7,1.488380611982809e7,2.1578974288795087e7
