instance,it_bb,it_box,p_true_pb,runtime_bb,runtime_box,runtime_pb,zeta_box,θ_bb,θ_box,θ_pb
28,32770,108,1,3600.046,478.011,8.993,1.0,2.1309662209026497e6,2.1309662209026497e6,2.1309662209026497e6
