instance,it_bb,it_box,p_true_pb,runtime_bb,runtime_box,runtime_pb,zeta_box,θ_bb,θ_box,θ_pb
31,23523,57,1,3600.08,3600.041,10.553,6.999999999999995,1.4921770662703661e7,1.0472922066220073e7,1.4921770662703663e7
