instance,it_bb,it_box,p_true_pb,runtime_bb,runtime_box,runtime_pb,zeta_box,θ_bb,θ_box,θ_pb
5,67602,73,1,2487.207,34.284,10.032,0.0,1.825184701721706e7,1.8251847017217055e7,1.9956344063858036e7
