instance,it_bb,it_box,p_true_pb,runtime_bb,runtime_box,runtime_pb,zeta_box,θ_bb,θ_box,θ_pb
16,48812,122,1,3600.077,113.066,10.428,0.0,2.0959100639586166e7,2.0835054981099017e7,2.1578974288795087e7
