instance,it_bb,it_box,p_true_pb,runtime_bb,runtime_box,runtime_pb,zeta_box,θ_bb,θ_box,θ_pb
17,22722,94,1,3600.196,3600.099,12.26,2.9999999999999982,8.534996644337302e6,6.879528875909152e6,8.534996644337304e6
