instance,it_bb,it_box,p_true_pb,runtime_bb,runtime_box,runtime_pb,zeta_box,θ_bb,θ_box,θ_pb
36,22667,40,1,3600.093,3600.047,9.034,11.700000226249175,3.3963593586630896e7,1.8871220833481148e7,3.396359358663091e7
