instance,it_bb,it_box,p_true_pb,runtime_bb,runtime_box,runtime_pb,zeta_box,θ_bb,θ_box,θ_pb
19,23186,47,1,3600.199,3600.085,9.29,8.0,1.882096984051362e7,1.1909598251638955e7,1.8820969840513628e7
