instance,it_bb,it_box,p_true_pb,runtime_bb,runtime_box,runtime_pb,zeta_box,θ_bb,θ_box,θ_pb
30,34522,129,1,3600.081,3600.037,9.619,1.3000000000000114,1.1494471558983833e7,1.0989517763398048e7,1.1494471558983834e7
