instance,it_bb,it_box,p_true_pb,runtime_bb,runtime_box,runtime_pb,zeta_box,θ_bb,θ_box,θ_pb
48,21743,33,1,3600.14,3600.045,9.3,12.0,1.9366407577191833e7,1.2375993042291928e7,1.9366407577191833e7
