instance,it_bb,it_box,p_true_pb,runtime_bb,runtime_box,runtime_pb,zeta_box,θ_bb,θ_box,θ_pb
11,26059,127,1,3600.107,3600.035,10.623,0.0,1.0879274828052476e7,1.0294628924562369e7,1.0879274828052478e7
