instance,it_bb,it_box,p_true_pb,runtime_bb,runtime_box,runtime_pb,zeta_box,θ_bb,θ_box,θ_pb
8,34269,112,1,3600.14,480.366,11.366,0.0,4.978236638401382e6,4.9782366384019805e6,4.978236638401981e6
