instance,it_bb,it_box,p_true_pb,runtime_bb,runtime_box,runtime_pb,zeta_box,θ_bb,θ_box,θ_pb
2,38188,113,1,3600.01,175.401,10.075,0.0,4.964684923012356e7,4.550991887932365e7,4.978474331946269e7
