instance,it_bb,it_box,p_true_pb,runtime_bb,runtime_box,runtime_pb,zeta_box,θ_bb,θ_box,θ_pb
45,11648,53,1,207.232,15.857,9.754,0.42857142857142705,2.202613786452944e7,2.202613697447228e7,2.3625517400079418e7
