instance,it_bb,it_box,p_true_pb,runtime_bb,runtime_box,runtime_pb,zeta_box,θ_bb,θ_box,θ_pb
16,26915,96,1,3600.002,3600.064,9.149,0.0,2.1207013588732623e7,1.8231518460886892e7,2.1578974288795087e7
