instance,it_bb,it_box,p_true_pb,runtime_bb,runtime_box,runtime_pb,zeta_box,θ_bb,θ_box,θ_pb
31,5,5,1,0.397,2.908,13.046,0.0,1.4921770662703667e7,1.4921770662703667e7,1.4921770662703663e7
