instance,it_bb,it_box,p_true_pb,runtime_bb,runtime_box,runtime_pb,zeta_box,θ_bb,θ_box,θ_pb
2,22172,41,1,3600.124,3600.079,10.123,16.68421052631578,3.422164347804519e7,2.6066149782440964e7,4.978474331946269e7
