instance,it_bb,it_box,p_true_pb,runtime_bb,runtime_box,runtime_pb,zeta_box,θ_bb,θ_box,θ_pb
14,31210,131,1,3600.191,3600.046,10.655,0.9999999999999998,1.0559141181643289e7,1.032456110964215e7,1.0559141181643292e7
