instance,it_bb,it_box,p_true_pb,runtime_bb,runtime_box,runtime_pb,zeta_box,θ_bb,θ_box,θ_pb
11,31526,130,1,3600.001,3600.078,9.331,1.9999999999999996,1.0879274828052476e7,1.0294642727293713e7,1.0879274828052478e7
