instance,it_bb,it_box,p_true_pb,runtime_bb,runtime_box,runtime_pb,zeta_box,θ_bb,θ_box,θ_pb
42,4,7,1,0.267,2.113,9.53,1.0000000002000036,7.418789393295054e6,7.418789393295054e6,7.418789393295054e6
