instance,it_bb,it_box,p_true_pb,runtime_bb,runtime_box,runtime_pb,zeta_box,θ_bb,θ_box,θ_pb
17,2156,18,1,32.818,5.378,13.474,0.0,8.534996644337302e6,8.534996644337302e6,8.534996644337304e6
