instance,it_bb,it_box,p_true_pb,runtime_bb,runtime_box,runtime_pb,zeta_box,θ_bb,θ_box,θ_pb
41,21844,37,1,3600.025,3600.062,9.571,12.312502167933516,4.201897051825038e7,2.4134748241360556e7,4.201897051825039e7
