instance,it_bb,it_box,p_true_pb,runtime_bb,runtime_box,runtime_pb,zeta_box,θ_bb,θ_box,θ_pb
37,24626,101,1,3600.184,812.026,15.262,0.9999981366010218,552694.6266317312,552694.6266321337,552694.6266321337
