instance,it_bb,it_box,p_true_pb,runtime_bb,runtime_box,runtime_pb,zeta_box,θ_bb,θ_box,θ_pb
34,28526,63,1,3600.211,3600.059,9.48,8.000000000900002,3.0130993061391655e7,2.3767034187173225e7,3.0130993061391655e7
