instance,it_bb,it_box,p_true_pb,runtime_bb,runtime_box,runtime_pb,zeta_box,θ_bb,θ_box,θ_pb
33,62612,88,1,3600.006,100.214,12.008,0.6842105263157876,2.899593473102793e7,2.822996100403096e7,3.2891569590480093e7
