instance,it_bb,it_box,p_true_pb,runtime_bb,runtime_box,runtime_pb,zeta_box,θ_bb,θ_box,θ_pb
39,43355,101,1,3600.029,130.15,12.253,0.4375,3.132357730812089e7,3.0395706687495876e7,3.213556520941154e7
