instance,it_bb,it_box,p_true_pb,runtime_bb,runtime_box,runtime_pb,zeta_box,θ_bb,θ_box,θ_pb
11,17668,52,1,3600.002,3600.109,10.315,5.000000000600011,1.0879274828052476e7,6.786725533133934e6,1.0879274828052478e7
