instance,it_bb,it_box,p_true_pb,runtime_bb,runtime_box,runtime_pb,zeta_box,θ_bb,θ_box,θ_pb
34,21816,31,1,3600.017,3600.031,9.036,15.0,3.013099306139166e7,1.4539941734744918e7,3.0130993061391655e7
