instance,it_bb,it_box,p_true_pb,runtime_bb,runtime_box,runtime_pb,zeta_box,θ_bb,θ_box,θ_pb
45,21209,36,1,3600.048,3600.081,10.418,10.0,2.3625517400079414e7,1.2429488903195702e7,2.3625517400079418e7
