instance,it_bb,it_box,p_true_pb,runtime_bb,runtime_box,runtime_pb,zeta_box,θ_bb,θ_box,θ_pb
47,23790,60,1,3600.082,3600.077,11.264,6.0,1.0206244333071046e7,7.066719870671267e6,1.020624433307105e7
