instance,it_bb,it_box,p_true_pb,runtime_bb,runtime_box,runtime_pb,zeta_box,θ_bb,θ_box,θ_pb
8,28144,105,1,3600.153,3600.076,9.441,2.0,4.978236638401642e6,4.0619575679941643e6,4.978236638401981e6
