instance,it_bb,it_box,p_true_pb,runtime_bb,runtime_box,runtime_pb,zeta_box,θ_bb,θ_box,θ_pb
43,55872,81,1,3600.06,49.375,9.717,0.3125,2.6258203051249802e7,2.5638989840796407e7,2.68774162617032e7
