instance,it_bb,it_box,p_true_pb,runtime_bb,runtime_box,runtime_pb,zeta_box,θ_bb,θ_box,θ_pb
35,25595,97,1,3600.098,3600.073,9.023,3.0,3.4798027635820154e6,2.828220683183721e6,3.479802763582017e6
