instance,it_bb,it_box,p_true_pb,runtime_bb,runtime_box,runtime_pb,zeta_box,θ_bb,θ_box,θ_pb
20,72370,77,1,2283.219,56.695,9.661,0.0,2.0507800932184197e7,2.0507800932184197e7,2.1399146097376898e7
