instance,it_bb,it_box,p_true_pb,runtime_bb,runtime_box,runtime_pb,zeta_box,θ_bb,θ_box,θ_pb
40,37878,81,1,3600.106,239.059,12.057,-0.0,8.46638529676934e6,8.466385296769341e6,8.466385296769343e6
