instance,it_bb,it_box,p_true_pb,runtime_bb,runtime_box,runtime_pb,zeta_box,θ_bb,θ_box,θ_pb
7,25693,85,1,3600.002,3600.053,9.001,4.0,1.297465841268429e7,1.0755013222455746e7,1.2974658412684295e7
