instance,it_bb,it_box,p_true_pb,runtime_bb,runtime_box,runtime_pb,zeta_box,θ_bb,θ_box,θ_pb
1,28094,43,1,449.791,13.426,9.057,1.0,1.627158146872032e7,1.6271581468720324e7,1.6271581468720328e7
