instance,it_bb,it_box,p_true_pb,runtime_bb,runtime_box,runtime_pb,zeta_box,θ_bb,θ_box,θ_pb
39,23771,57,1,3600.205,3600.068,11.732,9.60000000106001,3.213556520941154e7,2.4479925591092713e7,3.213556520941154e7
