instance,it_bb,it_box,p_true_pb,runtime_bb,runtime_box,runtime_pb,zeta_box,θ_bb,θ_box,θ_pb
36,30417,111,1,3600.079,3600.034,8.939,4.83333333391667,3.3963593586630896e7,2.8108441204230715e7,3.396359358663091e7
