instance,it_bb,it_box,p_true_pb,runtime_bb,runtime_box,runtime_pb,zeta_box,θ_bb,θ_box,θ_pb
50,76202,69,1,2662.368,42.869,9.82,0.0,3.1539570159049798e7,3.1539570159049794e7,3.397460280755744e7
