instance,it_bb,it_box,p_true_pb,runtime_bb,runtime_box,runtime_pb,zeta_box,θ_bb,θ_box,θ_pb
14,32992,138,1,3600.137,3600.041,11.217,1.0,1.0559141181643289e7,1.0324566455721479e7,1.0559141181643292e7
