instance,it_bb,it_box,p_true_pb,runtime_bb,runtime_box,runtime_pb,zeta_box,θ_bb,θ_box,θ_pb
40,25312,106,1,3600.098,3600.051,11.066,2.0000000000000018,8.46638529676934e6,7.470808300718413e6,8.466385296769343e6
