instance,it_bb,it_box,p_true_pb,runtime_bb,runtime_box,runtime_pb,zeta_box,θ_bb,θ_box,θ_pb
20,24888,88,1,3600.04,3600.126,15.24,0.0,2.1399146097376894e7,1.8088124799936924e7,2.1399146097376898e7
