instance,it_bb,it_box,p_true_pb,runtime_bb,runtime_box,runtime_pb,zeta_box,θ_bb,θ_box,θ_pb
43,25285,76,1,3600.19,3600.052,9.39,0.0,2.6877416261703193e7,2.1799938170709148e7,2.68774162617032e7
