instance,it_bb,it_box,p_true_pb,runtime_bb,runtime_box,runtime_pb,zeta_box,θ_bb,θ_box,θ_pb
15,23755,47,1,3600.086,3600.087,10.145,10.0,2.058587620978145e7,1.4243191663610231e7,2.058587620978145e7
