instance,it_bb,it_box,p_true_pb,runtime_bb,runtime_box,runtime_pb,zeta_box,θ_bb,θ_box,θ_pb
8,46,14,1,0.813,3.712,10.525,0.0,4.9782366384019805e6,4.9782366384019805e6,4.978236638401981e6
