instance,it_bb,it_box,p_true_pb,runtime_bb,runtime_box,runtime_pb,zeta_box,θ_bb,θ_box,θ_pb
24,29806,117,1,3600.146,3600.043,11.024,2.000001714158868,1.5687173304656573e7,1.4542496575153384e7,1.5687173304656578e7
