instance,it_bb,it_box,p_true_pb,runtime_bb,runtime_box,runtime_pb,zeta_box,θ_bb,θ_box,θ_pb
31,26210,68,1,3600.092,3600.053,9.433,5.0,1.4921770662703661e7,1.19120507703229e7,1.4921770662703663e7
