instance,it_bb,it_box,p_true_pb,runtime_bb,runtime_box,runtime_pb,zeta_box,θ_bb,θ_box,θ_pb
11,26086,75,1,3600.126,3600.169,9.36,5.0,1.0879274828052476e7,8.891480468375733e6,1.0879274828052478e7
