instance,it_bb,it_box,p_true_pb,runtime_bb,runtime_box,runtime_pb,zeta_box,θ_bb,θ_box,θ_pb
30,37175,130,1,3600.09,3600.048,9.629,0.0,1.1494471558983833e7,1.0989517694473013e7,1.1494471558983834e7
