instance,it_bb,it_box,p_true_pb,runtime_bb,runtime_box,runtime_pb,zeta_box,θ_bb,θ_box,θ_pb
17,20225,54,1,3600.084,3600.211,11.246,5.222222222222221,8.534996644337302e6,7.770925094108777e6,8.534996644337304e6
