instance,it_bb,it_box,p_true_pb,runtime_bb,runtime_box,runtime_pb,zeta_box,θ_bb,θ_box,θ_pb
40,24787,82,1,3600.088,3600.05,9.041,6.0,8.466385296769341e6,6.101680359906038e6,8.466385296769343e6
