instance,it_bb,it_box,p_true_pb,runtime_bb,runtime_box,runtime_pb,zeta_box,θ_bb,θ_box,θ_pb
6,24835,61,1,3600.209,3600.072,10.567,4.0,6.705086686206352e6,5.910129181566126e6,6.705086686206355e6
