instance,it_bb,it_box,p_true_pb,runtime_bb,runtime_box,runtime_pb,zeta_box,θ_bb,θ_box,θ_pb
18,49699,95,1,3600.001,270.6,9.276,0.12499987017954234,1.9252227253514964e7,1.9473478951184668e7,2.08010825994653e7
