instance,it_bb,it_box,p_true_pb,runtime_bb,runtime_box,runtime_pb,zeta_box,θ_bb,θ_box,θ_pb
27,61834,79,1,3600.002,321.355,9.008,2.0,458335.6017589852,685966.9989537945,685966.9989537945
