instance,it_bb,it_box,p_true_pb,runtime_bb,runtime_box,runtime_pb,zeta_box,θ_bb,θ_box,θ_pb
16,29001,96,1,3600.094,3600.06,9.05,6.1250000000000036,2.1207013588732623e7,1.8231480068518102e7,2.1578974288795087e7
