instance,it_bb,it_box,p_true_pb,runtime_bb,runtime_box,runtime_pb,zeta_box,θ_bb,θ_box,θ_pb
7,32367,150,1,3600.16,3600.066,9.422,2.0,1.2974658412684288e7,1.2390535138023883e7,1.2974658412684295e7
