instance,it_bb,it_box,p_true_pb,runtime_bb,runtime_box,runtime_pb,zeta_box,θ_bb,θ_box,θ_pb
19,28017,109,1,3600.179,3600.046,10.773,2.352941176470593,1.8820969840513617e7,1.7029000385874506e7,1.8820969840513628e7
