instance,it_bb,it_box,p_true_pb,runtime_bb,runtime_box,runtime_pb,zeta_box,θ_bb,θ_box,θ_pb
30,24827,62,1,3600.069,3600.066,11.219,2.0,1.1494471558983833e7,9.600773753990276e6,1.1494471558983834e7
