instance,it_bb,it_box,p_true_pb,runtime_bb,runtime_box,runtime_pb,zeta_box,θ_bb,θ_box,θ_pb
23,25904,82,1,3600.254,3600.078,9.267,3.999999999999993,5.159528039088591e6,3.6705169242088003e6,5.159528039088594e6
