instance,it_bb,it_box,p_true_pb,runtime_bb,runtime_box,runtime_pb,zeta_box,θ_bb,θ_box,θ_pb
35,28002,173,1,3600.14,3600.073,10.056,2.0,3.4798027635820154e6,3.15400371600169e6,3.479802763582017e6
