instance,it_bb,it_box,p_true_pb,runtime_bb,runtime_box,runtime_pb,zeta_box,θ_bb,θ_box,θ_pb
5,28353,98,1,3600.003,3600.056,9.704,2.684210526315791,1.955528546464839e7,1.624657298276404e7,1.9956344063858036e7
