instance,it_bb,it_box,p_true_pb,runtime_bb,runtime_box,runtime_pb,zeta_box,θ_bb,θ_box,θ_pb
20,18753,36,1,3600.25,3600.039,10.32,8.444444444444443,2.1399146097376898e7,1.2230423408060322e7,2.1399146097376898e7
