instance,it_bb,it_box,p_true_pb,runtime_bb,runtime_box,runtime_pb,zeta_box,θ_bb,θ_box,θ_pb
33,25293,67,1,3600.035,3600.253,10.134,0.0,3.289156959048008e7,2.4198143869697753e7,3.2891569590480093e7
