instance,it_bb,it_box,p_true_pb,runtime_bb,runtime_box,runtime_pb,zeta_box,θ_bb,θ_box,θ_pb
29,65736,81,1,3600.023,176.779,9.492,0.529411764705884,5.903194564968862e6,6.144028257791931e6,6.144028257791931e6
