instance,it_bb,it_box,p_true_pb,runtime_bb,runtime_box,runtime_pb,zeta_box,θ_bb,θ_box,θ_pb
14,9728,34,1,152.901,8.508,9.594,0.0,1.055914118164329e7,1.0559141181643292e7,1.0559141181643292e7
