instance,it_bb,it_box,p_true_pb,runtime_bb,runtime_box,runtime_pb,zeta_box,θ_bb,θ_box,θ_pb
23,41397,92,1,3600.181,412.681,12.098,0.0,5.159528039088591e6,5.159528039088594e6,5.159528039088594e6
