instance,it_bb,it_box,p_true_pb,runtime_bb,runtime_box,runtime_pb,zeta_box,θ_bb,θ_box,θ_pb
19,25550,57,1,3600.172,3600.11,9.238,5.999999999999982,1.882096984051362e7,1.4341315236536585e7,1.8820969840513628e7
