instance,it_bb,it_box,p_true_pb,runtime_bb,runtime_box,runtime_pb,zeta_box,θ_bb,θ_box,θ_pb
48,75369,53,1,3600.002,27.073,9.087,1.0,1.925885057831722e7,1.9366407577191833e7,1.9366407577191833e7
