instance,it_bb,it_box,p_true_pb,runtime_bb,runtime_box,runtime_pb,zeta_box,θ_bb,θ_box,θ_pb
37,33947,80,1,3600.01,186.632,9.171,0.9999976741381715,552694.6266321337,552694.6266321335,552694.6266321337
