instance,it_bb,it_box,p_true_pb,runtime_bb,runtime_box,runtime_pb,zeta_box,θ_bb,θ_box,θ_pb
29,23586,70,1,3600.066,3600.045,10.444,3.0,6.144028257791929e6,4.698997217408356e6,6.144028257791931e6
