instance,it_bb,it_box,p_true_pb,runtime_bb,runtime_box,runtime_pb,zeta_box,θ_bb,θ_box,θ_pb
18,19751,40,1,3600.208,3600.053,10.355,8.88235294117647,2.08010825994653e7,1.1397235566868432e7,2.08010825994653e7
