instance,it_bb,it_box,p_true_pb,runtime_bb,runtime_box,runtime_pb,zeta_box,θ_bb,θ_box,θ_pb
30,7020,38,1,88.1,7.279,9.883,1.0,1.1494471558983833e7,1.1494471558983836e7,1.1494471558983834e7
