instance,it_bb,it_box,p_true_pb,runtime_bb,runtime_box,runtime_pb,zeta_box,θ_bb,θ_box,θ_pb
39,24107,39,1,3600.078,3600.038,9.891,10.0,3.213556520941154e7,2.042011576600784e7,3.213556520941154e7
