instance,it_bb,it_box,p_true_pb,runtime_bb,runtime_box,runtime_pb,zeta_box,θ_bb,θ_box,θ_pb
38,45557,107,1,3600.107,522.44,9.749,0.6315789473684212,8.56420454881605e6,8.564204432495957e6,8.564204548816053e6
