instance,it_bb,it_box,p_true_pb,runtime_bb,runtime_box,runtime_pb,zeta_box,θ_bb,θ_box,θ_pb
5,26258,94,1,3600.257,3600.048,12.331,0.0,1.955528546464839e7,1.614629337136643e7,1.9956344063858036e7
