instance,it_bb,it_box,p_true_pb,runtime_bb,runtime_box,runtime_pb,zeta_box,θ_bb,θ_box,θ_pb
39,41311,101,1,3600.077,177.59,13.047,0.4375,3.132357730812089e7,3.0395706687495876e7,3.213556520941154e7
