instance,it_bb,it_box,p_true_pb,runtime_bb,runtime_box,runtime_pb,zeta_box,θ_bb,θ_box,θ_pb
43,26434,84,1,3600.172,3600.045,9.078,7.999999999999998,2.6877416261703193e7,2.1923755672617972e7,2.68774162617032e7
