instance,it_bb,it_box,p_true_pb,runtime_bb,runtime_box,runtime_pb,zeta_box,θ_bb,θ_box,θ_pb
7,23956,48,1,451.464,13.859,9.936,0.0,1.297465841268429e7,1.2974658412684295e7,1.2974658412684295e7
