instance,it_bb,it_box,p_true_pb,runtime_bb,runtime_box,runtime_pb,zeta_box,θ_bb,θ_box,θ_pb
3,28058,112,1,3600.21,3600.052,11.366,0.0,1.655048271759317e7,1.4848000038452763e7,1.6550482717593173e7
