instance,it_bb,it_box,p_true_pb,runtime_bb,runtime_box,runtime_pb,zeta_box,θ_bb,θ_box,θ_pb
42,302,17,1,3.955,4.366,11.907,1.0,7.418789393295053e6,7.418789393295055e6,7.418789393295054e6
