instance,it_bb,it_box,p_true_pb,runtime_bb,runtime_box,runtime_pb,zeta_box,θ_bb,θ_box,θ_pb
29,25673,97,1,3600.007,3600.037,10.863,2.0,6.144028257791929e6,5.301181640803266e6,6.144028257791931e6
