instance,it_bb,it_box,p_true_pb,runtime_bb,runtime_box,runtime_pb,zeta_box,θ_bb,θ_box,θ_pb
41,21544,29,1,3600.037,3600.061,9.021,15.3125,4.201897051825038e7,2.0093655815238416e7,4.201897051825039e7
