instance,it_bb,it_box,p_true_pb,runtime_bb,runtime_box,runtime_pb,zeta_box,θ_bb,θ_box,θ_pb
22,3034,35,1,38.015,6.782,10.045,0.0,1.010679828481249e7,1.0106798284812493e7,1.0106798284812493e7
