instance,it_bb,it_box,p_true_pb,runtime_bb,runtime_box,runtime_pb,zeta_box,θ_bb,θ_box,θ_pb
16,20646,48,1,3600.258,3600.115,13.392,10.0,2.1578974288795084e7,1.2528426194334377e7,2.1578974288795087e7
