instance,it_bb,it_box,p_true_pb,runtime_bb,runtime_box,runtime_pb,zeta_box,θ_bb,θ_box,θ_pb
3,19452,48,1,3600.058,3600.031,9.748,8.17647058823529,1.6550482717593173e7,9.8626248701421e6,1.6550482717593173e7
