instance,it_bb,it_box,p_true_pb,runtime_bb,runtime_box,runtime_pb,zeta_box,θ_bb,θ_box,θ_pb
6,30335,115,1,3600.001,495.25,11.4,0.0,6.364391093972887e6,6.705086686206255e6,6.705086686206355e6
