instance,it_bb,it_box,p_true_pb,runtime_bb,runtime_box,runtime_pb,zeta_box,θ_bb,θ_box,θ_pb
17,32442,165,1,3600.104,3600.154,10.509,0.0,8.534996644337302e6,8.407647718375057e6,8.534996644337304e6
