instance,it_bb,it_box,p_true_pb,runtime_bb,runtime_box,runtime_pb,zeta_box,θ_bb,θ_box,θ_pb
34,42516,127,1,3600.001,216.639,10.076,0.0,2.9918878194625013e7,2.854013566590965e7,3.0130993061391655e7
