instance,it_bb,it_box,p_true_pb,runtime_bb,runtime_box,runtime_pb,zeta_box,θ_bb,θ_box,θ_pb
44,23027,55,1,3600.238,3600.038,10.332,5.0,1.662055556377581e7,1.3095873926673222e7,1.6620555563775811e7
