instance,it_bb,it_box,p_true_pb,runtime_bb,runtime_box,runtime_pb,zeta_box,θ_bb,θ_box,θ_pb
49,29311,100,1,3600.195,3600.028,19.611,3.0000000000000018,1.7991311292421874e7,1.5920678796513638e7,1.799131129242188e7
