instance,it_bb,it_box,p_true_pb,runtime_bb,runtime_box,runtime_pb,zeta_box,θ_bb,θ_box,θ_pb
48,26813,107,1,3600.058,3600.095,9.285,4.000000000000014,1.936640757719183e7,1.8183204297953513e7,1.9366407577191833e7
