instance,it_bb,it_box,p_true_pb,runtime_bb,runtime_box,runtime_pb,zeta_box,θ_bb,θ_box,θ_pb
44,16770,40,1,237.026,13.885,8.986,0.0,1.6620555563775808e7,1.6620555563775811e7,1.6620555563775811e7
