instance,it_bb,it_box,p_true_pb,runtime_bb,runtime_box,runtime_pb,zeta_box,θ_bb,θ_box,θ_pb
10,91507,74,1,3600.05,231.727,9.252,1.0,6.514809897091941e6,6.765161526693553e6,6.765161649632242e6
