instance,it_bb,it_box,p_true_pb,runtime_bb,runtime_box,runtime_pb,zeta_box,θ_bb,θ_box,θ_pb
11,5108,37,1,109.13,12.364,10.799,1.0,1.0879274828052476e7,1.0879274828052478e7,1.0879274828052478e7
