instance,it_bb,it_box,p_true_pb,runtime_bb,runtime_box,runtime_pb,zeta_box,θ_bb,θ_box,θ_pb
48,25998,60,1,3600.001,3600.087,10.072,10.0,1.796821390005911e7,1.5063886944572374e7,1.9366407577191833e7
