instance,it_bb,it_box,p_true_pb,runtime_bb,runtime_box,runtime_pb,zeta_box,θ_bb,θ_box,θ_pb
14,20049,58,1,3600.076,3600.048,12.43,7.0,1.055914118164329e7,7.627102519373741e6,1.0559141181643292e7
