instance,it_bb,it_box,p_true_pb,runtime_bb,runtime_box,runtime_pb,zeta_box,θ_bb,θ_box,θ_pb
47,30182,143,1,3600.149,3600.029,9.008,0.0,1.020624433307072e7,9.683044823273888e6,1.020624433307105e7
