instance,it_bb,it_box,p_true_pb,runtime_bb,runtime_box,runtime_pb,zeta_box,θ_bb,θ_box,θ_pb
1,29725,130,1,3600.19,3600.058,10.394,0.0,1.627158146872032e7,1.5548620011434846e7,1.6271581468720328e7
