instance,it_bb,it_box,p_true_pb,runtime_bb,runtime_box,runtime_pb,zeta_box,θ_bb,θ_box,θ_pb
24,23529,47,1,3600.028,3600.098,8.888,6.0,1.5687173304656573e7,1.202398677534879e7,1.5687173304656578e7
