instance,it_bb,it_box,p_true_pb,runtime_bb,runtime_box,runtime_pb,zeta_box,θ_bb,θ_box,θ_pb
28,3,3,1,0.287,2.212,10.263,1.0,2.1309662209026497e6,2.1309662209026497e6,2.1309662209026497e6
