instance,it_bb,it_box,p_true_pb,runtime_bb,runtime_box,runtime_pb,zeta_box,θ_bb,θ_box,θ_pb
11,30385,132,1,3600.103,3600.04,9.021,2.0,1.0879274828052476e7,1.029464262300526e7,1.0879274828052478e7
