instance,it_bb,it_box,p_true_pb,runtime_bb,runtime_box,runtime_pb,zeta_box,θ_bb,θ_box,θ_pb
17,2156,18,1,33.752,5.893,12.388,2.0,8.534996644337302e6,8.534996644337302e6,8.534996644337304e6
