instance,it_bb,it_box,p_true_pb,runtime_bb,runtime_box,runtime_pb,zeta_box,θ_bb,θ_box,θ_pb
49,28258,100,1,3600.238,3600.051,9.593,0.0,1.7991311292421874e7,1.5920678984427532e7,1.799131129242188e7
