instance,it_bb,it_box,p_true_pb,runtime_bb,runtime_box,runtime_pb,zeta_box,θ_bb,θ_box,θ_pb
9,12572,42,1,189.294,16.701,10.166,1.0,1.5527467148691501e7,1.5527467148691505e7,1.5527467148691501e7
