instance,it_bb,it_box,p_true_pb,runtime_bb,runtime_box,runtime_pb,zeta_box,θ_bb,θ_box,θ_pb
48,8,9,1,0.373,2.561,11.135,2.0,1.9366407577191837e7,1.9366407577191837e7,1.9366407577191833e7
