instance,it_bb,it_box,p_true_pb,runtime_bb,runtime_box,runtime_pb,zeta_box,θ_bb,θ_box,θ_pb
8,22568,78,1,3600.131,3600.097,11.58,4.0,4.97823663840182e6,3.9310642307253415e6,4.978236638401981e6
