instance,it_bb,it_box,p_true_pb,runtime_bb,runtime_box,runtime_pb,zeta_box,θ_bb,θ_box,θ_pb
31,31600,141,1,3600.062,3600.191,9.477,2.8421052631578902,1.4921770662703661e7,1.4398328664888347e7,1.4921770662703663e7
