instance,it_bb,it_box,p_true_pb,runtime_bb,runtime_box,runtime_pb,zeta_box,θ_bb,θ_box,θ_pb
34,42867,127,1,3600.057,305.349,9.476,0.33333333333334014,2.9918878194625013e7,2.854013566590965e7,3.0130993061391655e7
