instance,it_bb,it_box,p_true_pb,runtime_bb,runtime_box,runtime_pb,zeta_box,θ_bb,θ_box,θ_pb
38,23952,54,1,3600.173,3600.044,9.452,6.0,8.56420454881605e6,6.206776391123861e6,8.564204548816053e6
