instance,it_bb,it_box,p_true_pb,runtime_bb,runtime_box,runtime_pb,zeta_box,θ_bb,θ_box,θ_pb
13,24553,52,1,3600.001,3600.097,9.496,6.999999999999998,1.7196625827729464e7,1.5032293332874136e7,2.1399146097376898e7
