instance,it_bb,it_box,p_true_pb,runtime_bb,runtime_box,runtime_pb,zeta_box,θ_bb,θ_box,θ_pb
45,31566,77,1,3600.165,3600.077,9.141,0.0,2.3502487222573683e7,1.956549636256228e7,2.3625517400079418e7
