instance,it_bb,it_box,p_true_pb,runtime_bb,runtime_box,runtime_pb,zeta_box,θ_bb,θ_box,θ_pb
9,32454,133,1,3600.037,3600.042,9.389,2.5882352941176476,1.5527467148691501e7,1.4782284022002615e7,1.5527467148691501e7
