instance,it_bb,it_box,p_true_pb,runtime_bb,runtime_box,runtime_pb,zeta_box,θ_bb,θ_box,θ_pb
19,14200,42,1,322.439,18.597,12.328,2.4999400238812086e-7,1.8308966757382847e7,1.8308966757382844e7,1.8820969840513628e7
