instance,it_bb,it_box,p_true_pb,runtime_bb,runtime_box,runtime_pb,zeta_box,θ_bb,θ_box,θ_pb
28,75,15,1,1.215,7.957,9.297,0.0,2.1309662209026497e6,2.1309662209026497e6,2.1309662209026497e6
