instance,it_bb,it_box,p_true_pb,runtime_bb,runtime_box,runtime_pb,zeta_box,θ_bb,θ_box,θ_pb
45,30205,76,1,3600.153,3600.055,9.802,6.0,2.3502487222573683e7,1.9442483116692826e7,2.3625517400079418e7
