instance,it_bb,it_box,p_true_pb,runtime_bb,runtime_box,runtime_pb,zeta_box,θ_bb,θ_box,θ_pb
49,25753,50,1,3600.235,3600.043,9.209,6.0,1.7991311292421874e7,1.3591151103263576e7,1.799131129242188e7
