instance,it_bb,it_box,p_true_pb,runtime_bb,runtime_box,runtime_pb,zeta_box,θ_bb,θ_box,θ_pb
34,9,9,1,0.407,3.099,12.304,2.0,3.0134353824982636e7,3.0133770906572405e7,3.0130993061391655e7
