instance,it_bb,it_box,p_true_pb,runtime_bb,runtime_box,runtime_pb,zeta_box,θ_bb,θ_box,θ_pb
29,65472,81,1,3600.004,498.671,9.204,0.529411764705884,5.421564315419461e6,6.144028257791931e6,6.144028257791931e6
