instance,it_bb,it_box,p_true_pb,runtime_bb,runtime_box,runtime_pb,zeta_box,θ_bb,θ_box,θ_pb
1,22272,42,1,3600.185,3600.122,9.323,9.0,1.627158146872032e7,1.0607869115632836e7,1.6271581468720328e7
