instance,it_bb,it_box,p_true_pb,runtime_bb,runtime_box,runtime_pb,zeta_box,θ_bb,θ_box,θ_pb
22,33285,162,1,3600.016,1958.696,10.096,1.0,1.0106798284811784e7,1.0106798284812491e7,1.0106798284812493e7
