instance,it_bb,it_box,p_true_pb,runtime_bb,runtime_box,runtime_pb,zeta_box,θ_bb,θ_box,θ_pb
47,24764,67,1,3600.044,3600.134,13.136,3.666669329602737,1.0206244333071046e7,8.375064217259174e6,1.020624433307105e7
