instance,it_bb,it_box,p_true_pb,runtime_bb,runtime_box,runtime_pb,zeta_box,θ_bb,θ_box,θ_pb
16,30424,99,1,3600.106,3600.058,9.7,6.785714285714285,2.1207013588732623e7,1.835529376414601e7,2.1578974288795087e7
