instance,it_bb,it_box,p_true_pb,runtime_bb,runtime_box,runtime_pb,zeta_box,θ_bb,θ_box,θ_pb
6,28890,103,1,3600.034,3600.047,9.075,3.0,6.705086686206353e6,6.137269566606237e6,6.705086686206355e6
