instance,it_bb,it_box,p_true_pb,runtime_bb,runtime_box,runtime_pb,zeta_box,θ_bb,θ_box,θ_pb
48,71471,53,1,3600.042,15.543,9.893,1.0,1.936640757719183e7,1.9366407577191833e7,1.9366407577191833e7
