instance,it_bb,it_box,p_true_pb,runtime_bb,runtime_box,runtime_pb,zeta_box,θ_bb,θ_box,θ_pb
4,28563,64,1,3600.133,3600.03,9.796,5.352941176470587,2.1893968685007792e7,1.7056933983210295e7,2.1893968685007796e7
