instance,it_bb,it_box,p_true_pb,runtime_bb,runtime_box,runtime_pb,zeta_box,θ_bb,θ_box,θ_pb
18,20495,51,1,3600.279,3600.195,10.719,7.5882352941176485,2.0801082599465296e7,1.3499274925800791e7,2.08010825994653e7
