instance,it_bb,it_box,p_true_pb,runtime_bb,runtime_box,runtime_pb,zeta_box,θ_bb,θ_box,θ_pb
24,22873,36,1,3600.031,3600.078,9.772,6.999999999999998,1.5687173304656573e7,1.019246151599371e7,1.5687173304656578e7
