instance,it_bb,it_box,p_true_pb,runtime_bb,runtime_box,runtime_pb,zeta_box,θ_bb,θ_box,θ_pb
3,5,3,1,0.353,2.708,12.276,10.0,1.6553204868300872e7,1.6553204868300872e7,1.6550482717593173e7
