instance,it_bb,it_box,p_true_pb,runtime_bb,runtime_box,runtime_pb,zeta_box,θ_bb,θ_box,θ_pb
31,32555,140,1,3600.218,3600.15,9.372,0.0,1.4921770662703661e7,1.4398328664888347e7,1.4921770662703663e7
