instance,it_bb,it_box,p_true_pb,runtime_bb,runtime_box,runtime_pb,zeta_box,θ_bb,θ_box,θ_pb
17,38937,183,1,3600.1,3600.023,9.38,1.0,8.534996644337302e6,8.407652290653147e6,8.534996644337304e6
