instance,it_bb,it_box,p_true_pb,runtime_bb,runtime_box,runtime_pb,zeta_box,θ_bb,θ_box,θ_pb
19,29229,108,1,3600.001,3600.051,11.836,0.0,1.8820969840513617e7,1.702896343000908e7,1.8820969840513628e7
