instance,it_bb,it_box,p_true_pb,runtime_bb,runtime_box,runtime_pb,zeta_box,θ_bb,θ_box,θ_pb
2,67327,81,1,3600.003,3600.053,11.929,7.666666666666664,3.546983895197615e7,4.702740643757347e7,4.978474331946269e7
