instance,it_bb,it_box,p_true_pb,runtime_bb,runtime_box,runtime_pb,zeta_box,θ_bb,θ_box,θ_pb
42,28757,97,1,3600.055,3600.035,9.776,5.000000000600011,7.418789393295052e6,6.508129270700883e6,7.418789393295054e6
