instance,it_bb,it_box,p_true_pb,runtime_bb,runtime_box,runtime_pb,zeta_box,θ_bb,θ_box,θ_pb
42,93071,75,1,3600.044,526.08,8.871,0.9999917146094504,7.158574263846204e6,7.418789268610813e6,7.418789393295054e6
