instance,it_bb,it_box,p_true_pb,runtime_bb,runtime_box,runtime_pb,zeta_box,θ_bb,θ_box,θ_pb
14,9728,34,1,148.996,7.685,9.735,1.0,1.055914118164329e7,1.0559141181643292e7,1.0559141181643292e7
