instance,it_bb,it_box,p_true_pb,runtime_bb,runtime_box,runtime_pb,zeta_box,θ_bb,θ_box,θ_pb
28,22,8,1,0.448,2.685,10.831,2.0,2.1309662209026497e6,2.1309662209026497e6,2.1309662209026497e6
