instance,it_bb,it_box,p_true_pb,runtime_bb,runtime_box,runtime_pb,zeta_box,θ_bb,θ_box,θ_pb
24,17474,64,1,330.276,28.155,11.41,0.0,1.5458242758755935e7,1.5458242758755937e7,1.5687173304656578e7
