instance,it_bb,it_box,p_true_pb,runtime_bb,runtime_box,runtime_pb,zeta_box,θ_bb,θ_box,θ_pb
10,80,17,1,0.956,4.414,9.172,1.0000000002000036,6.765161649632241e6,6.765161649632241e6,6.765161649632242e6
