instance,it_bb,it_box,p_true_pb,runtime_bb,runtime_box,runtime_pb,zeta_box,θ_bb,θ_box,θ_pb
36,23851,52,1,3600.071,3600.127,9.759,10.388888888888886,3.3963593586630896e7,2.2514498407382037e7,3.396359358663091e7
