instance,it_bb,it_box,p_true_pb,runtime_bb,runtime_box,runtime_pb,zeta_box,θ_bb,θ_box,θ_pb
40,41161,81,1,3600.036,213.798,11.122,0.6666666666666661,8.46638529676934e6,8.466385296769341e6,8.466385296769343e6
