instance,it_bb,it_box,p_true_pb,runtime_bb,runtime_box,runtime_pb,zeta_box,θ_bb,θ_box,θ_pb
40,224,15,1,3.718,5.134,14.867,0.0,8.466385296769341e6,8.466385296769341e6,8.466385296769343e6
