instance,it_bb,it_box,p_true_pb,runtime_bb,runtime_box,runtime_pb,zeta_box,θ_bb,θ_box,θ_pb
30,23347,44,1,3600.171,3600.181,11.21,6.0,1.1494471558983833e7,7.833511314583716e6,1.1494471558983834e7
