instance,it_bb,it_box,p_true_pb,runtime_bb,runtime_box,runtime_pb,zeta_box,θ_bb,θ_box,θ_pb
4,47217,103,1,3600.012,100.905,10.455,0.0,2.1410255874369096e7,2.032195955555547e7,2.1893968685007796e7
