instance,it_bb,it_box,p_true_pb,runtime_bb,runtime_box,runtime_pb,zeta_box,θ_bb,θ_box,θ_pb
33,23666,47,1,3600.221,3600.027,9.665,8.764705882352944,3.289156959048009e7,1.966246095286293e7,3.2891569590480093e7
