instance,it_bb,it_box,p_true_pb,runtime_bb,runtime_box,runtime_pb,zeta_box,θ_bb,θ_box,θ_pb
20,25162,53,1,3600.125,3600.097,9.048,7.0,2.1399146097376898e7,1.5159121057534296e7,2.1399146097376898e7
