instance,it_bb,it_box,p_true_pb,runtime_bb,runtime_box,runtime_pb,zeta_box,θ_bb,θ_box,θ_pb
48,30112,111,1,3600.191,3600.039,12.653,4.0,1.936640757719183e7,1.8183296224706948e7,1.9366407577191833e7
