instance,it_bb,it_box,p_true_pb,runtime_bb,runtime_box,runtime_pb,zeta_box,θ_bb,θ_box,θ_pb
38,27916,91,1,3600.225,3600.077,9.207,5.000000000000011,8.56420454881605e6,7.323358063548837e6,8.564204548816053e6
