instance,it_bb,it_box,p_true_pb,runtime_bb,runtime_box,runtime_pb,zeta_box,θ_bb,θ_box,θ_pb
8,6,5,1,0.32,2.292,10.272,1.0000000002000036,4.978236638401981e6,4.978236638401981e6,4.978236638401981e6
