instance,it_bb,it_box,p_true_pb,runtime_bb,runtime_box,runtime_pb,zeta_box,θ_bb,θ_box,θ_pb
42,21521,68,1,3600.178,3600.089,11.489,5.0,7.418789393295052e6,5.59751799353563e6,7.418789393295054e6
