instance,it_bb,it_box,p_true_pb,runtime_bb,runtime_box,runtime_pb,zeta_box,θ_bb,θ_box,θ_pb
50,26627,93,1,3600.134,3600.051,9.45,5.0,3.3974602807557434e7,2.776520422270327e7,3.397460280755744e7
