instance,it_bb,it_box,p_true_pb,runtime_bb,runtime_box,runtime_pb,zeta_box,θ_bb,θ_box,θ_pb
43,19088,32,1,3600.234,3600.067,14.263,11.842105263157894,2.6877416261703193e7,1.3750672151814388e7,2.68774162617032e7
