instance,it_bb,it_box,p_true_pb,runtime_bb,runtime_box,runtime_pb,zeta_box,θ_bb,θ_box,θ_pb
1,30909,137,1,3600.002,3600.041,10.382,3.0,1.627158146872032e7,1.5669045162760261e7,1.6271581468720328e7
