instance,it_bb,it_box,p_true_pb,runtime_bb,runtime_box,runtime_pb,zeta_box,θ_bb,θ_box,θ_pb
36,60656,80,1,3600.087,56.707,11.483,4.615312311218034e-7,3.1900020303291664e7,3.1361312947059095e7,3.396359358663091e7
