instance,it_bb,it_box,p_true_pb,runtime_bb,runtime_box,runtime_pb,zeta_box,θ_bb,θ_box,θ_pb
20,72370,77,1,1940.164,40.518,9.063,0.6666666666666714,2.0507800932184197e7,2.0507800932184197e7,2.1399146097376898e7
