instance,it_bb,it_box,p_true_pb,runtime_bb,runtime_box,runtime_pb,zeta_box,θ_bb,θ_box,θ_pb
4,20300,40,1,3600.252,3600.082,11.186,8.999999999999993,2.18939686850078e7,1.3428685417975442e7,2.1893968685007796e7
