instance,it_bb,it_box,p_true_pb,runtime_bb,runtime_box,runtime_pb,zeta_box,θ_bb,θ_box,θ_pb
25,24066,68,1,3600.106,3600.054,9.206,5.0,6.607029885460505e6,4.665677872138162e6,6.607029885460507e6
