instance,it_bb,it_box,p_true_pb,runtime_bb,runtime_box,runtime_pb,zeta_box,θ_bb,θ_box,θ_pb
10,23736,112,1,3600.024,3600.046,13.188,5.0,6.76516164963224e6,5.6386899833168285e6,6.765161649632242e6
