instance,it_bb,it_box,p_true_pb,runtime_bb,runtime_box,runtime_pb,zeta_box,θ_bb,θ_box,θ_pb
16,33883,122,1,3600.011,336.254,9.625,2.0,2.1083050143812306e7,2.0835054981099017e7,2.1578974288795087e7
