instance,it_bb,it_box,p_true_pb,runtime_bb,runtime_box,runtime_pb,zeta_box,θ_bb,θ_box,θ_pb
19,32098,114,1,3600.11,3600.033,9.292,3.0,1.8820969840513617e7,1.715693808816151e7,1.8820969840513628e7
