instance,it_bb,it_box,p_true_pb,runtime_bb,runtime_box,runtime_pb,zeta_box,θ_bb,θ_box,θ_pb
7,6,4,1,0.272,1.983,9.147,3.000000000400007,1.2974658412684292e7,1.2974658412684292e7,1.2974658412684295e7
