instance,it_bb,it_box,p_true_pb,runtime_bb,runtime_box,runtime_pb,zeta_box,θ_bb,θ_box,θ_pb
18,23930,84,1,3600.234,3600.111,13.039,5.750000000000001,2.0801082599465296e7,1.6928895913713798e7,2.08010825994653e7
