instance,it_bb,it_box,p_true_pb,runtime_bb,runtime_box,runtime_pb,zeta_box,θ_bb,θ_box,θ_pb
33,20954,35,1,3600.096,3600.026,8.991,10.473684210526308,1.0e20,1.613546631839432e7,3.2891569590480093e7
