instance,it_bb,it_box,p_true_pb,runtime_bb,runtime_box,runtime_pb,zeta_box,θ_bb,θ_box,θ_pb
32,61474,48,1,3600.115,58.038,10.054,1.0,7.504971613338969e6,7.504971613338971e6,7.504971613338971e6
