instance,it_bb,it_box,p_true_pb,runtime_bb,runtime_box,runtime_pb,zeta_box,θ_bb,θ_box,θ_pb
18,44547,95,1,3600.133,217.623,11.028,0.0,2.046918480894375e7,1.9473478951184668e7,2.08010825994653e7
