instance,it_bb,it_box,p_true_pb,runtime_bb,runtime_box,runtime_pb,zeta_box,θ_bb,θ_box,θ_pb
2,64916,76,1,3600.03,3600.046,13.903,6.833333333333336,3.546983895197615e7,3.820116486657433e7,4.978474331946269e7
