instance,it_bb,it_box,p_true_pb,runtime_bb,runtime_box,runtime_pb,zeta_box,θ_bb,θ_box,θ_pb
45,32401,75,1,3600.107,3600.055,9.052,3.142857142857145,2.3502487222573683e7,1.94424783908554e7,2.3625517400079418e7
