instance,it_bb,it_box,p_true_pb,runtime_bb,runtime_box,runtime_pb,zeta_box,θ_bb,θ_box,θ_pb
47,30240,143,1,3600.023,3600.054,9.528,1.0,1.020624433307072e7,9.683035114020208e6,1.020624433307105e7
