instance,it_bb,it_box,p_true_pb,runtime_bb,runtime_box,runtime_pb,zeta_box,θ_bb,θ_box,θ_pb
12,24217,27,1,3600.064,37.116,10.039,1.0,693796.1921042914,693796.1921042914,693796.1921042914
