instance,it_bb,it_box,p_true_pb,runtime_bb,runtime_box,runtime_pb,zeta_box,θ_bb,θ_box,θ_pb
9,21629,50,1,3600.123,3600.036,11.03,8.0,1.5527467148691501e7,9.566061500875112e6,1.5527467148691501e7
