instance,it_bb,it_box,p_true_pb,runtime_bb,runtime_box,runtime_pb,zeta_box,θ_bb,θ_box,θ_pb
2,63640,77,1,3600.002,3600.058,7.529,0.0,3.546983895197615e7,3.8201269950051576e7,4.978474331946269e7
