instance,it_bb,it_box,p_true_pb,runtime_bb,runtime_box,runtime_pb,zeta_box,θ_bb,θ_box,θ_pb
5,28936,95,1,3600.149,3600.036,12.031,3.0,1.955528546464839e7,1.6146495438736264e7,1.9956344063858036e7
