instance,it_bb,it_box,p_true_pb,runtime_bb,runtime_box,runtime_pb,zeta_box,θ_bb,θ_box,θ_pb
44,23275,44,1,3600.22,3600.038,10.79,10.0,1.6620555563775769e7,1.1081681927344231e7,1.6620555563775811e7
