instance,it_bb,it_box,p_true_pb,runtime_bb,runtime_box,runtime_pb,zeta_box,θ_bb,θ_box,θ_pb
17,2156,18,1,43.284,5.57,10.472,2.0,8.534996644337302e6,8.534996644337302e6,8.534996644337304e6
