instance,it_bb,it_box,p_true_pb,runtime_bb,runtime_box,runtime_pb,zeta_box,θ_bb,θ_box,θ_pb
36,27634,110,1,3600.209,3600.051,11.11,0.0,3.3963593586630896e7,2.8108441040341366e7,3.396359358663091e7
