instance,it_bb,it_box,p_true_pb,runtime_bb,runtime_box,runtime_pb,zeta_box,θ_bb,θ_box,θ_pb
29,61179,81,1,3600.008,248.549,11.413,0.0,5.903194564968862e6,6.144028257791931e6,6.144028257791931e6
