instance,it_bb,it_box,p_true_pb,runtime_bb,runtime_box,runtime_pb,zeta_box,θ_bb,θ_box,θ_pb
14,26821,84,1,3600.053,3600.045,9.173,5.0,1.055914118164329e7,8.565247198336124e6,1.0559141181643292e7
