instance,it_bb,it_box,p_true_pb,runtime_bb,runtime_box,runtime_pb,zeta_box,θ_bb,θ_box,θ_pb
50,24202,87,1,3600.077,3600.05,10.527,0.0,3.3974602807557434e7,2.752178803923892e7,3.397460280755744e7
