instance,it_bb,it_box,p_true_pb,runtime_bb,runtime_box,runtime_pb,zeta_box,θ_bb,θ_box,θ_pb
25,59236,131,1,3600.088,698.675,9.236,0.0,6.348132222280634e6,6.607029885460506e6,6.607029885460507e6
