instance,it_bb,it_box,p_true_pb,runtime_bb,runtime_box,runtime_pb,zeta_box,θ_bb,θ_box,θ_pb
5,24133,41,1,3600.073,3600.091,9.181,8.789473836608781,1.995634406385803e7,1.213606884059981e7,1.9956344063858036e7
