instance,it_bb,it_box,p_true_pb,runtime_bb,runtime_box,runtime_pb,zeta_box,θ_bb,θ_box,θ_pb
45,24436,49,1,3600.031,3600.04,10.365,7.46666666751333,2.3625517400079414e7,1.5382272514245635e7,2.3625517400079418e7
