instance,it_bb,it_box,p_true_pb,runtime_bb,runtime_box,runtime_pb,zeta_box,θ_bb,θ_box,θ_pb
41,51542,111,1,3600.092,444.525,9.627,0.04999999999999716,3.9814196243140206e7,3.76094425231362e7,4.201897051825039e7
