instance,it_bb,it_box,p_true_pb,runtime_bb,runtime_box,runtime_pb,zeta_box,θ_bb,θ_box,θ_pb
43,23670,44,1,3600.1,3600.085,10.132,11.0,2.6877416261703193e7,1.758934466103567e7,2.68774162617032e7
