instance,it_bb,it_box,p_true_pb,runtime_bb,runtime_box,runtime_pb,zeta_box,θ_bb,θ_box,θ_pb
36,28918,101,1,3600.211,3600.047,9.326,3.9999999999999716,3.3963593586630896e7,2.7848698198599808e7,3.396359358663091e7
