instance,it_bb,it_box,p_true_pb,runtime_bb,runtime_box,runtime_pb,zeta_box,θ_bb,θ_box,θ_pb
18,26930,83,1,3600.002,3600.052,10.15,4.625,2.0801082599465296e7,1.681835357529267e7,2.08010825994653e7
