instance,it_bb,it_box,p_true_pb,runtime_bb,runtime_box,runtime_pb,zeta_box,θ_bb,θ_box,θ_pb
7,31229,130,1,3600.161,3600.06,8.983,0.0,1.2974658412684288e7,1.2273726547611382e7,1.2974658412684295e7
