instance,it_bb,it_box,p_true_pb,runtime_bb,runtime_box,runtime_pb,zeta_box,θ_bb,θ_box,θ_pb
3,31277,116,1,3600.188,3600.056,9.39,2.0,1.6428857180385571e7,1.4848050780461188e7,1.6550482717593173e7
