instance,it_bb,it_box,p_true_pb,runtime_bb,runtime_box,runtime_pb,zeta_box,θ_bb,θ_box,θ_pb
3,27541,114,1,3600.069,3600.07,10.807,3.9999999999999964,1.655048271759317e7,1.484800315649479e7,1.6550482717593173e7
