instance,it_bb,it_box,p_true_pb,runtime_bb,runtime_box,runtime_pb,zeta_box,θ_bb,θ_box,θ_pb
50,27948,94,1,3600.078,3600.068,9.752,6.6499999999999915,3.3974602807557434e7,2.7765221428695485e7,3.397460280755744e7
