instance,it_bb,it_box,p_true_pb,runtime_bb,runtime_box,runtime_pb,zeta_box,θ_bb,θ_box,θ_pb
47,31566,145,1,3600.042,3600.038,12.434,1.0,1.020624433307072e7,9.683038661845952e6,1.020624433307105e7
