instance,it_bb,it_box,p_true_pb,runtime_bb,runtime_box,runtime_pb,zeta_box,θ_bb,θ_box,θ_pb
31,57406,53,1,1613.557,17.105,11.329,0.764705882352942,1.4921770662703661e7,1.4921770538520586e7,1.4921770662703663e7
