instance,it_bb,it_box,p_true_pb,runtime_bb,runtime_box,runtime_pb,zeta_box,θ_bb,θ_box,θ_pb
15,26378,53,1,496.017,14.414,10.592,0.09090909090908639,1.9679734388651885e7,1.9679734388651885e7,2.058587620978145e7
