instance,it_bb,it_box,p_true_pb,runtime_bb,runtime_box,runtime_pb,zeta_box,θ_bb,θ_box,θ_pb
41,28334,81,1,3600.025,3600.063,9.345,9.736842105263158,4.2018970518250376e7,3.1729407376056824e7,4.201897051825039e7
