instance,it_bb,it_box,p_true_pb,runtime_bb,runtime_box,runtime_pb,zeta_box,θ_bb,θ_box,θ_pb
47,1188,31,1,13.957,7.397,8.833,0.0,1.0206244333071046e7,1.0206244333071047e7,1.020624433307105e7
