instance,it_bb,it_box,p_true_pb,runtime_bb,runtime_box,runtime_pb,zeta_box,θ_bb,θ_box,θ_pb
9,33433,134,1,3600.168,3600.046,9.144,3.0,1.5527467148691501e7,1.4782286731295733e7,1.5527467148691501e7
