instance,it_bb,it_box,p_true_pb,runtime_bb,runtime_box,runtime_pb,zeta_box,θ_bb,θ_box,θ_pb
8,38993,112,1,3600.001,577.345,9.211,1.0,4.847346121586351e6,4.9782366384019805e6,4.978236638401981e6
