instance,it_bb,it_box,p_true_pb,runtime_bb,runtime_box,runtime_pb,zeta_box,θ_bb,θ_box,θ_pb
7,31230,128,1,3600.03,3600.045,9.893,1.25,1.2974658412684288e7,1.2273722298113298e7,1.2974658412684295e7
