instance,it_bb,it_box,p_true_pb,runtime_bb,runtime_box,runtime_pb,zeta_box,θ_bb,θ_box,θ_pb
30,7020,38,1,81.989,7.383,8.963,0.0,1.1494471558983833e7,1.1494471558983836e7,1.1494471558983834e7
