instance,it_bb,it_box,p_true_pb,runtime_bb,runtime_box,runtime_pb,zeta_box,θ_bb,θ_box,θ_pb
34,23727,41,1,3600.236,3600.06,9.378,10.357142857142854,3.0130993061391655e7,1.7935108186170507e7,3.0130993061391655e7
