instance,it_bb,it_box,p_true_pb,runtime_bb,runtime_box,runtime_pb,zeta_box,θ_bb,θ_box,θ_pb
50,76202,69,1,2621.024,42.36,9.657,0.44999999999999574,3.1539570159049798e7,3.1539570159049794e7,3.397460280755744e7
