instance,it_bb,it_box,p_true_pb,runtime_bb,runtime_box,runtime_pb,zeta_box,θ_bb,θ_box,θ_pb
33,80289,88,1,3600.047,83.298,8.796,0.0,2.898589645591016e7,2.822996100403096e7,3.2891569590480093e7
