instance,it_bb,it_box,p_true_pb,runtime_bb,runtime_box,runtime_pb,zeta_box,θ_bb,θ_box,θ_pb
49,22728,38,1,3600.002,3600.093,10.075,8.0,1.7991311292421874e7,1.126178387844069e7,1.799131129242188e7
