instance,it_bb,it_box,p_true_pb,runtime_bb,runtime_box,runtime_pb,zeta_box,θ_bb,θ_box,θ_pb
13,28780,89,1,3600.082,3600.077,10.48,4.111111111111114,2.1399146097376894e7,1.8088124799936924e7,2.1399146097376898e7
