instance,it_bb,it_box,p_true_pb,runtime_bb,runtime_box,runtime_pb,zeta_box,θ_bb,θ_box,θ_pb
34,26704,62,1,3600.146,3600.1,10.814,0.0,3.0130993061391655e7,2.366279403996912e7,3.0130993061391655e7
