instance,it_bb,it_box,p_true_pb,runtime_bb,runtime_box,runtime_pb,zeta_box,θ_bb,θ_box,θ_pb
49,8,6,1,0.282,1.944,9.169,3.000000000400007,1.7991311292421885e7,1.7991311292421885e7,1.799131129242188e7
