instance,it_bb,it_box,p_true_pb,runtime_bb,runtime_box,runtime_pb,zeta_box,θ_bb,θ_box,θ_pb
32,25121,102,1,3600.014,3600.067,8.994,6.0,7.504971613338969e6,6.106476496951053e6,7.504971613338971e6
