instance,it_bb,it_box,p_true_pb,runtime_bb,runtime_box,runtime_pb,zeta_box,θ_bb,θ_box,θ_pb
15,30027,106,1,3600.206,3600.128,10.177,0.0,2.0338138453119997e7,1.799690139965956e7,2.058587620978145e7
