instance,it_bb,it_box,p_true_pb,runtime_bb,runtime_box,runtime_pb,zeta_box,θ_bb,θ_box,θ_pb
15,20039,35,1,3600.149,3600.067,11.388,10.0,2.058587620978145e7,1.2172067758819643e7,2.058587620978145e7
