instance,it_bb,it_box,p_true_pb,runtime_bb,runtime_box,runtime_pb,zeta_box,θ_bb,θ_box,θ_pb
33,23111,66,1,3600.258,3600.058,10.009,3.0,3.289156959048008e7,2.4198336171692025e7,3.2891569590480093e7
