instance,it_bb,it_box,p_true_pb,runtime_bb,runtime_box,runtime_pb,zeta_box,θ_bb,θ_box,θ_pb
18,24744,85,1,3600.201,3600.05,10.68,0.0,2.0801082599465296e7,1.6928909669311702e7,2.08010825994653e7
