instance,it_bb,it_box,p_true_pb,runtime_bb,runtime_box,runtime_pb,zeta_box,θ_bb,θ_box,θ_pb
31,32291,133,1,3600.159,3600.027,9.327,3.0,1.4921770662703661e7,1.4398320792903978e7,1.4921770662703663e7
