instance,it_bb,it_box,p_true_pb,runtime_bb,runtime_box,runtime_pb,zeta_box,θ_bb,θ_box,θ_pb
30,36392,131,1,3600.151,3600.04,10.05,0.19999999999999574,1.1494471558983833e7,1.098951543322667e7,1.1494471558983834e7
