instance,it_bb,it_box,p_true_pb,runtime_bb,runtime_box,runtime_pb,zeta_box,θ_bb,θ_box,θ_pb
12,13,6,1,0.344,2.988,8.904,0.9999998385135882,693796.1921042913,693796.1921042915,693796.1921042914
