instance,it_bb,it_box,p_true_pb,runtime_bb,runtime_box,runtime_pb,zeta_box,θ_bb,θ_box,θ_pb
28,28014,128,1,3600.008,3600.074,9.716,1.0,2.1309662209026497e6,1.9980241929099888e6,2.1309662209026497e6
