instance,it_bb,it_box,p_true_pb,runtime_bb,runtime_box,runtime_pb,zeta_box,θ_bb,θ_box,θ_pb
24,8,5,1,0.422,2.644,11.523,0.0,1.5687173304656576e7,1.5687173304656576e7,1.5687173304656578e7
