instance,it_bb,it_box,p_true_pb,runtime_bb,runtime_box,runtime_pb,zeta_box,θ_bb,θ_box,θ_pb
1,25052,50,1,3600.239,3600.06,10.419,5.0,1.627158146872032e7,1.2656687947581016e7,1.6271581468720328e7
