instance,it_bb,it_box,p_true_pb,runtime_bb,runtime_box,runtime_pb,zeta_box,θ_bb,θ_box,θ_pb
22,29756,162,1,3600.349,2584.156,14.474,0.0,1.0106798284811784e7,1.0106798284812491e7,1.0106798284812493e7
