instance,it_bb,it_box,p_true_pb,runtime_bb,runtime_box,runtime_pb,zeta_box,θ_bb,θ_box,θ_pb
15,7,6,1,0.305,2.27,9.928,1.0000000002000036,2.058587620978145e7,2.058587620978145e7,2.058587620978145e7
