instance,it_bb,it_box,p_true_pb,runtime_bb,runtime_box,runtime_pb,zeta_box,θ_bb,θ_box,θ_pb
1,28440,135,1,3600.318,3600.085,12.617,2.5499999999999936,1.627158146872032e7,1.6277560486944757e7,1.6271581468720328e7
