instance,it_bb,it_box,p_true_pb,runtime_bb,runtime_box,runtime_pb,zeta_box,θ_bb,θ_box,θ_pb
25,26128,119,1,3600.207,3600.064,9.192,2.0,6.607029885460505e6,5.442221620706466e6,6.607029885460507e6
