instance,it_bb,it_box,p_true_pb,runtime_bb,runtime_box,runtime_pb,zeta_box,θ_bb,θ_box,θ_pb
18,10,6,1,0.353,2.237,9.953,1.9166666666666643,2.08010825994653e7,2.08010825994653e7,2.08010825994653e7
