instance,it_bb,it_box,p_true_pb,runtime_bb,runtime_box,runtime_pb,zeta_box,θ_bb,θ_box,θ_pb
4,24271,62,1,3600.1,3600.042,12.515,0.0,2.1893968685007792e7,1.693569110581238e7,2.1893968685007796e7
