instance,it_bb,it_box,p_true_pb,runtime_bb,runtime_box,runtime_pb,zeta_box,θ_bb,θ_box,θ_pb
22,24518,81,1,3600.257,3600.056,9.557,3.9000018906964375,1.0106798284812178e7,8.8169314586034e6,1.0106798284812493e7
