instance,it_bb,it_box,p_true_pb,runtime_bb,runtime_box,runtime_pb,zeta_box,θ_bb,θ_box,θ_pb
35,265,26,1,3.294,18.682,8.911,1.0,3.4798027635820154e6,3.4798026566203143e6,3.479802763582017e6
