instance,it_bb,it_box,p_true_pb,runtime_bb,runtime_box,runtime_pb,zeta_box,θ_bb,θ_box,θ_pb
39,25793,57,1,3600.064,3600.075,9.119,9.60000000106001,3.213556520941154e7,2.4479922369628277e7,3.213556520941154e7
