instance,it_bb,it_box,p_true_pb,runtime_bb,runtime_box,runtime_pb,zeta_box,θ_bb,θ_box,θ_pb
38,44267,107,1,3600.091,602.373,9.692,9.323433403096715e-7,8.56420454881605e6,8.564204432495957e6,8.564204548816053e6
