instance,it_bb,it_box,p_true_pb,runtime_bb,runtime_box,runtime_pb,zeta_box,θ_bb,θ_box,θ_pb
23,28033,131,1,3600.162,3600.069,9.225,4.0,5.159528039088591e6,4.4722957495921e6,5.159528039088594e6
