instance,it_bb,it_box,p_true_pb,runtime_bb,runtime_box,runtime_pb,zeta_box,θ_bb,θ_box,θ_pb
44,29604,116,1,3600.224,3600.059,14.451,3.999999999999999,1.6620555563775573e7,1.561342884425551e7,1.6620555563775811e7
