instance,it_bb,it_box,p_true_pb,runtime_bb,runtime_box,runtime_pb,zeta_box,θ_bb,θ_box,θ_pb
3,25434,70,1,483.622,26.173,10.009,0.0,1.6185608240379918e7,1.6185608240379922e7,1.6550482717593173e7
