instance,it_bb,it_box,p_true_pb,runtime_bb,runtime_box,runtime_pb,zeta_box,θ_bb,θ_box,θ_pb
21,39758,108,1,3600.149,742.213,10.297,0.0,8.532568949786875e6,8.532568949786877e6,8.532568949786875e6
