instance,it_bb,it_box,p_true_pb,runtime_bb,runtime_box,runtime_pb,zeta_box,θ_bb,θ_box,θ_pb
33,25074,67,1,3600.08,3600.268,11.719,5.599999999999998,3.289156959048008e7,2.4198143869697753e7,3.2891569590480093e7
