instance,it_bb,it_box,p_true_pb,runtime_bb,runtime_box,runtime_pb,zeta_box,θ_bb,θ_box,θ_pb
44,28389,118,1,3600.078,3600.119,10.539,0.0,1.6620555563775573e7,1.5613447980778547e7,1.6620555563775811e7
