instance,it_bb,it_box,p_true_pb,runtime_bb,runtime_box,runtime_pb,zeta_box,θ_bb,θ_box,θ_pb
4,45644,103,1,3600.091,113.606,9.521,0.055555555555557135,2.1410255874369096e7,2.032195955555547e7,2.1893968685007796e7
