instance,it_bb,it_box,p_true_pb,runtime_bb,runtime_box,runtime_pb,zeta_box,θ_bb,θ_box,θ_pb
38,88,13,1,1.492,4.528,12.637,0.9999988238153321,8.56420454881605e6,8.564204548816051e6,8.564204548816053e6
