instance,it_bb,it_box,p_true_pb,runtime_bb,runtime_box,runtime_pb,zeta_box,θ_bb,θ_box,θ_pb
41,26914,80,1,3600.105,3600.083,9.006,8.555555555555557,4.2018970518250376e7,3.1607749790010728e7,4.201897051825039e7
