instance,it_bb,it_box,p_true_pb,runtime_bb,runtime_box,runtime_pb,zeta_box,θ_bb,θ_box,θ_pb
39,24521,56,1,3600.137,3600.047,9.54,0.0,3.213556520941154e7,2.4479800380807403e7,3.213556520941154e7
