instance,it_bb,it_box,p_true_pb,runtime_bb,runtime_box,runtime_pb,zeta_box,θ_bb,θ_box,θ_pb
33,55218,88,1,3600.044,134.962,10.103,0.6842105263157876,2.9499945772994816e7,2.822996100403096e7,3.2891569590480093e7
