instance,it_bb,it_box,p_true_pb,runtime_bb,runtime_box,runtime_pb,zeta_box,θ_bb,θ_box,θ_pb
42,85355,75,1,3600.002,515.306,10.111,9.54982937173554e-7,7.158574263846204e6,7.418789268610813e6,7.418789393295054e6
