instance,it_bb,it_box,p_true_pb,runtime_bb,runtime_box,runtime_pb,θ_bb,θ_box,θ_pb
5,13,12,1,0.404,2.234,9.712,2.7094191393037483e7,2.7094191393037483e7,2.7094191393037483e7
