instance,it_bb,it_box,p_true_pb,runtime_bb,runtime_box,runtime_pb,θ_bb,θ_box,θ_pb
31,12,12,1,0.461,2.717,11.528,3.450798132336682e7,3.450798132336682e7,3.450798132336682e7
