instance,it_bb,it_box,p_true_pb,runtime_bb,runtime_box,runtime_pb,θ_bb,θ_box,θ_pb
13,15,14,1,0.564,2.565,9.543,4.036034564058739e7,4.036034564058739e7,4.03603456405874e7
