instance,it_bb,it_box,p_true_pb,runtime_bb,runtime_box,runtime_pb,θ_bb,θ_box,θ_pb
42,14,14,1,0.762,3.392,13.078,3.811252523461838e7,3.811252523461838e7,3.811252523461838e7
