instance,it_bb,it_box,p_true_pb,runtime_bb,runtime_box,runtime_pb,θ_bb,θ_box,θ_pb
45,17,16,1,0.735,2.914,11.513,4.3397653119536266e7,4.3397653119536266e7,4.339765311953627e7
