instance,it_bb,it_box,p_true_pb,runtime_bb,runtime_box,runtime_pb,θ_bb,θ_box,θ_pb
15,17,17,1,0.656,2.86,11.395,3.3910277063147716e7,3.3910277063147716e7,3.3910277063147716e7
