instance,it_bb,it_box,p_true_pb,runtime_bb,runtime_box,runtime_pb,θ_bb,θ_box,θ_pb
25,15,15,1,0.467,2.12,9.059,3.770389639974573e7,3.770389639974573e7,3.770389639974575e7
