instance,it_bb,it_box,p_true_pb,runtime_bb,runtime_box,runtime_pb,θ_bb,θ_box,θ_pb
48,17,16,1,0.82,3.425,12.586,3.962384034422545e7,3.962384034422545e7,3.962384034422545e7
