instance,it_bb,it_box,p_true_pb,runtime_bb,runtime_box,runtime_pb,θ_bb,θ_box,θ_pb
4,15,13,1,0.526,2.589,11.348,4.799302692307892e7,4.799302692307892e7,4.79930269230789e7
