instance,it_bb,it_box,p_true_pb,runtime_bb,runtime_box,runtime_pb,θ_bb,θ_box,θ_pb
14,13,12,1,0.545,2.863,11.007,3.055185812124058e7,3.055185812124058e7,3.0551858121240586e7
