instance,it_bb,it_box,p_true_pb,runtime_bb,runtime_box,runtime_pb,θ_bb,θ_box,θ_pb
22,11,9,1,0.546,3.211,13.951,2.1130770105375618e7,2.1130770105375618e7,2.113077010537562e7
