instance,it_bb,it_box,p_true_pb,runtime_bb,runtime_box,runtime_pb,θ_bb,θ_box,θ_pb
27,9,7,1,0.296,2.027,9.3,1.8720692667751163e7,1.8720692667751163e7,1.8720692667751163e7
