instance,it_bb,it_box,p_true_pb,runtime_bb,runtime_box,runtime_pb,θ_bb,θ_box,θ_pb
44,13,14,1,0.6,2.589,10.038,3.2544947841689713e7,3.2544947841689713e7,3.2544947841689713e7
