instance,it_bb,it_box,p_true_pb,runtime_bb,runtime_box,runtime_pb,θ_bb,θ_box,θ_pb
40,15,15,1,0.568,2.794,10.686,3.760383354774744e7,3.760383354774744e7,3.760383354774745e7
