instance,it_bb,it_box,p_true_pb,runtime_bb,runtime_box,runtime_pb,θ_bb,θ_box,θ_pb
46,15,15,1,0.421,2.116,9.434,3.524354695576886e7,3.524354695576886e7,3.524354695576886e7
