instance,it_bb,it_box,p_true_pb,runtime_bb,runtime_box,runtime_pb,θ_bb,θ_box,θ_pb
35,13,12,1,0.537,2.754,11.619,3.677002956409578e7,3.677002956409578e7,3.677002956409578e7
