instance,it_bb,it_box,p_true_pb,runtime_bb,runtime_box,runtime_pb,θ_bb,θ_box,θ_pb
29,12,14,1,0.452,2.347,10.052,3.184168313194398e7,3.184168313194398e7,3.184168313194398e7
