instance,it_bb,it_box,p_true_pb,runtime_bb,runtime_box,runtime_pb,θ_bb,θ_box,θ_pb
41,14,15,1,0.435,2.114,9.019,3.8174757191795506e7,3.8174757191795506e7,3.817475719179552e7
