instance,it_bb,it_box,p_true_pb,runtime_bb,runtime_box,runtime_pb,θ_bb,θ_box,θ_pb
43,11,11,1,0.664,3.416,13.219,2.922119043987259e7,2.922119043987259e7,2.9221190439872585e7
