instance,it_bb,it_box,p_true_pb,runtime_bb,runtime_box,runtime_pb,θ_bb,θ_box,θ_pb
23,21,20,1,0.783,2.757,10.059,5.262133725016698e7,5.262133725016698e7,5.262133725016698e7
