instance,it_bb,it_box,p_true_pb,runtime_bb,runtime_box,runtime_pb,θ_bb,θ_box,θ_pb
3,20,19,1,0.926,3.23,11.548,5.642977984874406e7,5.642977984874406e7,5.6429779848744035e7
