instance,it_bb,it_box,p_true_pb,runtime_bb,runtime_box,runtime_pb,θ_bb,θ_box,θ_pb
39,16,15,1,1.112,3.908,13.943,4.30585735562183e7,4.30585735562183e7,4.305857355621829e7
