instance,it_bb,it_box,p_true_pb,runtime_bb,runtime_box,runtime_pb,θ_bb,θ_box,θ_pb
34,18,17,1,0.636,2.434,9.397,4.953512873899474e7,4.953512873899474e7,4.953512873899473e7
