instance,it_bb,it_box,p_true_pb,runtime_bb,runtime_box,runtime_pb,θ_bb,θ_box,θ_pb
26,16,15,1,0.462,2.13,9.076,3.0884256044282235e7,3.0884256044282235e7,3.0884256044282243e7
