instance,it_bb,it_box,p_true_pb,runtime_bb,runtime_box,runtime_pb,θ_bb,θ_box,θ_pb
19,15,14,1,0.55,2.683,11.032,3.443342893209008e7,3.443342893209008e7,3.4433428932090074e7
