instance,it_bb,it_box,p_true_pb,runtime_bb,runtime_box,runtime_pb,θ_bb,θ_box,θ_pb
10,17,16,1,0.58,2.391,9.724,3.8526586430462845e7,3.8526586430462845e7,3.852658643046284e7
