instance,it_bb,it_box,p_true_pb,runtime_bb,runtime_box,runtime_pb,θ_bb,θ_box,θ_pb
12,15,13,1,0.754,2.973,11.737,3.8600054148320496e7,3.8600054148320496e7,3.8600054148320496e7
