instance,it_bb,it_box,p_true_pb,runtime_bb,runtime_box,runtime_pb,θ_bb,θ_box,θ_pb
20,12,11,1,0.474,2.976,13.175,2.906844539823932e7,2.906844539823932e7,2.9068445398239322e7
