instance,it_bb,it_box,p_true_pb,runtime_bb,runtime_box,runtime_pb,θ_bb,θ_box,θ_pb
33,11,10,1,0.658,2.461,10.153,2.7773682517592624e7,2.7773682517592624e7,2.7773682517592624e7
