instance,it_bb,it_box,p_true_pb,runtime_bb,runtime_box,runtime_pb,θ_bb,θ_box,θ_pb
1,12,10,1,0.448,2.374,9.494,2.206761687806326e7,2.206761687806326e7,2.2067616878063265e7
