instance,it_bb,it_box,p_true_pb,runtime_bb,runtime_box,runtime_pb,θ_bb,θ_box,θ_pb
16,13,13,1,0.41,2.187,9.684,3.3466745317785352e7,3.3466745317785352e7,3.3466745317785364e7
