instance,it_bb,it_box,p_true_pb,runtime_bb,runtime_box,runtime_pb,θ_bb,θ_box,θ_pb
11,18,16,1,0.596,2.224,9.307,3.474976555172504e7,3.474976555172504e7,3.474976555172504e7
