instance,it_bb,it_box,p_true_pb,runtime_bb,runtime_box,runtime_pb,θ_bb,θ_box,θ_pb
8,13,10,1,0.4,2.163,9.79,2.8744790977478057e7,2.8744790977478057e7,2.874479097747806e7
