instance,it_bb,it_box,p_true_pb,runtime_bb,runtime_box,runtime_pb,θ_bb,θ_box,θ_pb
7,12,10,1,0.594,2.916,11.973,3.306540775207837e7,3.306540775207837e7,3.306540775207836e7
