instance,it_bb,it_box,p_true_pb,runtime_bb,runtime_box,runtime_pb,θ_bb,θ_box,θ_pb
21,14,15,1,0.365,2.126,9.252,2.336240895667709e7,2.336240895667709e7,2.3362408956677094e7
