instance,it_bb,it_box,p_true_pb,runtime_bb,runtime_box,runtime_pb,θ_bb,θ_box,θ_pb
17,11,11,1,0.445,2.243,10.152,2.3540440075627048e7,2.3540440075627048e7,2.3540440075627048e7
