instance,it_bb,it_box,p_true_pb,runtime_bb,runtime_box,runtime_pb,θ_bb,θ_box,θ_pb
24,17,16,1,0.8,3.036,11.632,4.3428194966687836e7,4.3428194966687836e7,4.3428194966687836e7
