instance,it_bb,it_box,p_true_pb,runtime_bb,runtime_box,runtime_pb,θ_bb,θ_box,θ_pb
30,14,12,1,0.535,2.305,9.76,3.069576412546298e7,3.069576412546298e7,3.0695764125462983e7
