instance,it_bb,it_box,p_true_pb,runtime_bb,runtime_box,runtime_pb,θ_bb,θ_box,θ_pb
47,16,15,1,0.54,2.28,9.283,4.215085106340996e7,4.215085106340996e7,4.215085106340996e7
