instance,it_bb,it_box,p_true_pb,runtime_bb,runtime_box,runtime_pb,θ_bb,θ_box,θ_pb
38,15,14,1,0.579,2.588,10.015,4.8043708495608225e7,4.8043708495608225e7,4.804370849560823e7
