instance,it_bb,it_box,p_true_pb,runtime_bb,runtime_box,runtime_pb,θ_bb,θ_box,θ_pb
1,50083,143,1,3600.104,1211.172,9.271,8.671142468633875e6,8.671142468633877e6,8.671142468633877e6
22,87589,46,1,3600.074,48.805,11.339,4.386968176323082e6,4.51221486954984e6,4.512214869549839e6
24,48308,101,1,3600.001,368.583,11.973,8.125997562037651e6,8.249054964436609e6,8.249054980134759e6
31,507,49,1,7.783,61.859,15.769,2.535611279043439e6,2.5356112790434384e6,2.5356112790434393e6
33,90441,108,1,3600.091,395.358,11.866,5.5760588224950135e6,5.9475773984384835e6,5.947577398438484e6
44,45149,62,1,3600.18,42.866,9.891,3.156339397000934e6,3.156339397000715e6,3.1563393970010453e6
50,141,34,1,1.618,13.341,11.196,2.8699971655278495e6,2.8699970406662547e6,2.86999716552785e6
6,47532,136,1,3600.002,859.518,10.585,8.115997927719775e6,8.24474800714946e6,8.244748131719329e6
8,66781,71,1,3600.046,124.224,9.826,4.212809395017527e6,4.3366033114446085e6,4.336603311444607e6
