instance,it_bb,it_box,p_true_pb,runtime_bb,runtime_box,runtime_pb,θ_bb,θ_box,θ_pb
24,3,4,1,0.344,2.42,11.745,8.249054980134761e6,8.249054980134761e6,8.249054980134759e6
