instance,it_bb,it_box,p_true_pb,runtime_bb,runtime_box,runtime_pb,θ_bb,θ_box,θ_pb
10,7,5,1,0.333,2.293,10.293,2.8850271662396558e7,2.8850271662396558e7,2.8850271662396558e7
