instance,it_bb,it_box,p_true_pb,runtime_bb,runtime_box,runtime_pb,θ_bb,θ_box,θ_pb
45,5,4,1,0.401,2.834,13.171,9.99982857381092e6,9.99982857381092e6,9.99982857381092e6
