instance,it_bb,it_box,p_true_pb,runtime_bb,runtime_box,runtime_pb,θ_bb,θ_box,θ_pb
33,4,5,1,0.313,2.2,10.376,5.9475773984384835e6,5.9475773984384835e6,5.947577398438484e6
