instance,it_bb,it_box,p_true_pb,runtime_bb,runtime_box,runtime_pb,θ_bb,θ_box,θ_pb
2,6,6,1,0.463,3.098,14.068,1.4791269529160067e7,1.4791269529160067e7,1.479126952916007e7
