instance,it_bb,it_box,p_true_pb,runtime_bb,runtime_box,runtime_pb,θ_bb,θ_box,θ_pb
22,3,4,1,0.329,2.265,10.36,4.512214869549839e6,4.512214869549839e6,4.512214869549839e6
