instance,it_bb,it_box,p_true_pb,runtime_bb,runtime_box,runtime_pb,θ_bb,θ_box,θ_pb
32,6192,54,1,84.05,18.63,11.073,1.5376966901769593e7,1.5376966901769597e7,1.5977487509242812e7
