instance,it_bb,it_box,p_true_pb,runtime_bb,runtime_box,runtime_pb,θ_bb,θ_box,θ_pb
23,6,6,1,0.327,2.229,10.185,9.417203806293663e6,9.417203806293663e6,9.417203806293665e6
