instance,it_bb,it_box,p_true_pb,runtime_bb,runtime_box,runtime_pb,θ_bb,θ_box,θ_pb
4,732,29,1,8.512,6.69,13.128,7.804823790194644e6,7.804823790194645e6,7.8048237901946455e6
