instance,it_bb,it_box,p_true_pb,runtime_bb,runtime_box,runtime_pb,θ_bb,θ_box,θ_pb
44,3,4,1,0.518,3.702,18.534,3.156339397001045e6,3.156339397001045e6,3.1563393970010453e6
