instance,it_bb,it_box,p_true_pb,runtime_bb,runtime_box,runtime_pb,θ_bb,θ_box,θ_pb
32,6,5,1,0.338,2.133,10.118,1.5977487509242814e7,1.5977487509242814e7,1.5977487509242812e7
