instance,it_bb,it_box,p_true_pb,runtime_bb,runtime_box,runtime_pb,θ_bb,θ_box,θ_pb
42,39930,65,1,1038.715,32.012,9.637,1.6118771175659195e7,1.6118771175659195e7,1.7080702566143986e7
