instance,it_bb,it_box,p_true_pb,runtime_bb,runtime_box,runtime_pb,θ_bb,θ_box,θ_pb
30,43616,146,1,3600.02,283.599,9.583,3.0080285744814254e7,2.753569297848751e7,3.0542938962678354e7
