instance,it_bb,it_box,p_true_pb,runtime_bb,runtime_box,runtime_pb,θ_bb,θ_box,θ_pb
9,72772,92,1,3600.003,100.62,20.191,2.6397426006621156e7,2.6281150471791163e7,2.976941651669084e7
