instance,it_bb,it_box,p_true_pb,runtime_bb,runtime_box,runtime_pb,θ_bb,θ_box,θ_pb
8,146,8,1,1.861,3.285,12.808,4.336603311444607e6,4.336603311444608e6,4.336603311444607e6
