instance,it_bb,it_box,p_true_pb,runtime_bb,runtime_box,runtime_pb,θ_bb,θ_box,θ_pb
21,6,6,1,0.354,2.2,9.666,2.0788654503854606e7,2.0788654503854606e7,2.0788654503854606e7
