instance,it_bb,it_box,p_true_pb,runtime_bb,runtime_box,runtime_pb,θ_bb,θ_box,θ_pb
27,26998,41,1,369.657,8.11,10.214,8.57858194133078e6,8.578581941330783e6,8.578581941330781e6
