instance,it_bb,it_box,p_true_pb,runtime_bb,runtime_box,runtime_pb,θ_bb,θ_box,θ_pb
12,11,9,1,0.416,2.619,11.152,2.982144446543923e7,2.982144446543923e7,2.982144446543923e7
