instance,it_bb,it_box,p_true_pb,runtime_bb,runtime_box,runtime_pb,θ_bb,θ_box,θ_pb
11,4878,28,1,83.814,7.684,11.478,5.56147728620182e6,5.561477286201822e6,5.561477286201822e6
