instance,it_bb,it_box,p_true_pb,runtime_bb,runtime_box,runtime_pb,θ_bb,θ_box,θ_pb
46,3548,36,1,40.848,8.296,10.071,1.2368994896631068e7,1.236899447828651e7,1.3149984724835485e7
