instance,it_bb,it_box,p_true_pb,runtime_bb,runtime_box,runtime_pb,θ_bb,θ_box,θ_pb
6,4,3,1,0.322,2.251,10.111,8.244748131719329e6,8.244748131719329e6,8.244748131719329e6
