instance,it_bb,it_box,p_true_pb,runtime_bb,runtime_box,runtime_pb,θ_bb,θ_box,θ_pb
11,7,8,1,0.328,2.185,10.213,5.561477286201821e6,5.561477286201821e6,5.561477286201822e6
