instance,it_bb,it_box,p_true_pb,runtime_bb,runtime_box,runtime_pb,θ_bb,θ_box,θ_pb
5,7872,39,1,121.394,11.423,13.906,1.1651399750630822e7,1.1651399750630822e7,1.202712874934464e7
