instance,it_bb,it_box,p_true_pb,runtime_bb,runtime_box,runtime_pb,θ_bb,θ_box,θ_pb
14,5,7,1,0.45,2.924,12.822,7.67597112943309e6,7.67597112943309e6,7.675971129433091e6
