instance,it_bb,it_box,p_true_pb,runtime_bb,runtime_box,runtime_pb,θ_bb,θ_box,θ_pb
39,40773,108,1,3600.086,300.956,9.51,2.916314706358386e7,2.4610485621722605e7,2.9409229306655336e7
