instance,it_bb,it_box,p_true_pb,runtime_bb,runtime_box,runtime_pb,θ_bb,θ_box,θ_pb
13,47199,135,1,3600.088,444.21,9.961,2.4163564322106145e7,2.329627065605827e7,2.5030870473978877e7
