instance,it_bb,it_box,p_true_pb,runtime_bb,runtime_box,runtime_pb,θ_bb,θ_box,θ_pb
27,6,5,1,0.362,2.432,10.706,8.578581941330781e6,8.578581941330781e6,8.578581941330781e6
