instance,it_bb,it_box,p_true_pb,runtime_bb,runtime_box,runtime_pb,θ_bb,θ_box,θ_pb
48,64,22,1,0.784,4.543,9.918,7.804046922105567e6,7.8040469221055675e6,7.804046922105567e6
