instance,it_bb,it_box,p_true_pb,runtime_bb,runtime_box,runtime_pb,θ_bb,θ_box,θ_pb
15,9,7,1,0.365,2.185,10.164,1.3961954691147912e7,1.3961954691147912e7,1.3961954691147912e7
