instance,it_bb,it_box,p_true_pb,runtime_bb,runtime_box,runtime_pb,θ_bb,θ_box,θ_pb
41,48230,70,1,1149.437,33.414,9.176,3.1121407665384404e7,3.1121407665384397e7,3.5947978873698905e7
