instance,it_bb,it_box,p_true_pb,runtime_bb,runtime_box,runtime_pb,θ_bb,θ_box,θ_pb
39,11,10,1,0.406,2.264,9.657,2.941111782038463e7,2.941111782038463e7,2.9409229306655336e7
