instance,it_bb,it_box,p_true_pb,runtime_bb,runtime_box,runtime_pb,θ_bb,θ_box,θ_pb
40,58842,130,1,3600.014,321.833,9.234,3.6730876779549606e7,3.4317543018352255e7,3.7989469827869765e7
