instance,it_bb,it_box,p_true_pb,runtime_bb,runtime_box,runtime_pb,θ_bb,θ_box,θ_pb
35,7,5,1,0.303,2.123,10.121,1.7273053783157647e7,1.7273053783157647e7,1.727305378315765e7
