instance,it_bb,it_box,p_true_pb,runtime_bb,runtime_box,runtime_pb,θ_bb,θ_box,θ_pb
13,9,7,1,0.48,2.337,10.137,2.503087047397887e7,2.503087047397887e7,2.5030870473978877e7
