instance,it_bb,it_box,p_true_pb,runtime_bb,runtime_box,runtime_pb,θ_bb,θ_box,θ_pb
7,57121,93,1,3600.034,110.317,13.668,2.958867258264364e7,2.83078883528891e7,3.1125647913578667e7
