instance,it_bb,it_box,p_true_pb,runtime_bb,runtime_box,runtime_pb,θ_bb,θ_box,θ_pb
6,230,15,1,2.192,3.25,10.09,8.244748131719329e6,8.244748131719332e6,8.244748131719329e6
