instance,it_bb,it_box,p_true_pb,runtime_bb,runtime_box,runtime_pb,θ_bb,θ_box,θ_pb
8,66781,71,1,3600.046,124.224,9.826,4.212809395017527e6,4.3366033114446085e6,4.336603311444607e6
