instance,it_bb,it_box,p_true_pb,runtime_bb,runtime_box,runtime_pb,θ_bb,θ_box,θ_pb
1,544,17,1,5.657,5.384,10.388,8.671142468633875e6,8.671142468633875e6,8.671142468633877e6
