instance,it_bb,it_box,p_true_pb,runtime_bb,runtime_box,runtime_pb,θ_bb,θ_box,θ_pb
47,34486,112,1,3600.001,391.992,12.339,3.304369664997624e7,2.8638431724936444e7,3.408704589710038e7
