instance,it_bb,it_box,p_true_pb,runtime_bb,runtime_box,runtime_pb,θ_bb,θ_box,θ_pb
36,294,20,1,2.953,3.797,10.238,8.267684597371435e6,8.267684597371437e6,8.267684597371437e6
