instance,it_bb,it_box,p_true_pb,runtime_bb,runtime_box,runtime_pb,θ_bb,θ_box,θ_pb
46,5,5,1,0.432,3.545,15.557,1.3149984724835481e7,1.3149984724835481e7,1.3149984724835485e7
