instance,it_bb,it_box,p_true_pb,runtime_bb,runtime_box,runtime_pb,θ_bb,θ_box,θ_pb
10,43872,70,1,1102.503,32.066,10.559,2.518713354484554e7,2.5187133544845544e7,2.8850271662396558e7
