instance,it_bb,it_box,p_true_pb,runtime_bb,runtime_box,runtime_pb,θ_bb,θ_box,θ_pb
34,8,6,1,0.373,2.43,10.759,1.592567173979282e7,1.592567173979282e7,1.5925671739792824e7
