instance,it_bb,it_box,p_true_pb,runtime_bb,runtime_box,runtime_pb,θ_bb,θ_box,θ_pb
7,10,7,1,0.418,2.22,9.576,3.1125647913578667e7,3.1125647913578667e7,3.1125647913578667e7
