instance,it_bb,it_box,p_true_pb,runtime_bb,runtime_box,runtime_pb,θ_bb,θ_box,θ_pb
29,40950,69,1,1074.872,45.894,10.695,1.3466242056517914e7,1.3466242056518182e7,1.4089349317035193e7
