instance,it_bb,it_box,p_true_pb,runtime_bb,runtime_box,runtime_pb,θ_bb,θ_box,θ_pb
6,47532,136,1,3600.002,859.518,10.585,8.115997927719775e6,8.24474800714946e6,8.244748131719329e6
