instance,it_bb,it_box,p_true_pb,runtime_bb,runtime_box,runtime_pb,θ_bb,θ_box,θ_pb
18,7,5,1,0.345,2.264,10.482,1.6550617739058536e7,1.6550617739058536e7,1.6550617739058534e7
