instance,it_bb,it_box,p_true_pb,runtime_bb,runtime_box,runtime_pb,θ_bb,θ_box,θ_pb
9,8,6,1,0.525,2.353,9.902,2.976941651669083e7,2.976941651669083e7,2.976941651669084e7
