instance,it_bb,it_box,p_true_pb,runtime_bb,runtime_box,runtime_pb,θ_bb,θ_box,θ_pb
28,6,6,1,0.331,2.25,10.171,1.7880366194016173e7,1.7880366194016173e7,1.7880366194016173e7
