instance,it_bb,it_box,p_true_pb,runtime_bb,runtime_box,runtime_pb,θ_bb,θ_box,θ_pb
40,9,7,1,0.52,3.044,13.9,3.7989469827869765e7,3.7989469827869765e7,3.7989469827869765e7
