instance,it_bb,it_box,p_true_pb,runtime_bb,runtime_box,runtime_pb,θ_bb,θ_box,θ_pb
5,7,8,1,0.412,2.549,11.215,1.2027128749344636e7,1.2027128749344636e7,1.202712874934464e7
