instance,it_bb,it_box,p_true_pb,runtime_bb,runtime_box,runtime_pb,θ_bb,θ_box,θ_pb
43,7,4,1,0.333,2.155,9.721,1.0549601307779916e7,1.0549601307779916e7,1.0549601307779916e7
