instance,it_bb,it_box,p_true_pb,runtime_bb,runtime_box,runtime_pb,θ_bb,θ_box,θ_pb
43,184,28,1,2.303,7.243,12.498,1.0549601307779914e7,1.0549601307779917e7,1.0549601307779916e7
