instance,it_bb,it_box,p_true_pb,runtime_bb,runtime_box,runtime_pb,θ_bb,θ_box,θ_pb
30,8,8,1,0.37,2.273,10.196,3.0542938962678343e7,3.0542938962678343e7,3.0542938962678354e7
