instance,it_bb,it_box,p_true_pb,runtime_bb,runtime_box,runtime_pb,θ_bb,θ_box,θ_pb
37,1984,13,1,20.29,3.306,11.334,1.2974471850335596e7,1.29744718503356e7,1.2974471850335602e7
