instance,it_bb,it_box,p_true_pb,runtime_bb,runtime_box,runtime_pb,θ_bb,θ_box,θ_pb
37,5,3,1,0.252,1.944,8.844,1.2974471850335602e7,1.2974471850335602e7,1.2974471850335602e7
