instance,it_bb,it_box,p_true_pb,runtime_bb,runtime_box,runtime_pb,θ_bb,θ_box,θ_pb
36,6,5,1,0.359,2.617,11.711,8.267684597371435e6,8.267684597371435e6,8.267684597371437e6
