instance,it_bb,it_box,p_true_pb,runtime_bb,runtime_box,runtime_pb,θ_bb,θ_box,θ_pb
45,520,28,1,6.166,4.966,10.355,9.999828573810916e6,9.999828573810918e6,9.99982857381092e6
