instance,it_bb,it_box,p_true_pb,runtime_bb,runtime_box,runtime_pb,θ_bb,θ_box,θ_pb
24,48308,101,1,3600.001,368.583,11.973,8.125997562037651e6,8.249054964436609e6,8.249054980134759e6
