instance,it_bb,it_box,p_true_pb,runtime_bb,runtime_box,runtime_pb,θ_bb,θ_box,θ_pb
50,141,34,1,1.618,13.341,11.196,2.8699971655278495e6,2.8699970406662547e6,2.86999716552785e6
