instance,it_bb,it_box,p_true_pb,runtime_bb,runtime_box,runtime_pb,θ_bb,θ_box,θ_pb
29,7,7,1,0.334,2.205,10.354,1.4089349317035194e7,1.4089349317035194e7,1.4089349317035193e7
