instance,it_bb,it_box,p_true_pb,runtime_bb,runtime_box,runtime_pb,θ_bb,θ_box,θ_pb
14,2432,28,1,57.518,7.882,7.483,7.377070054165552e6,7.377070054165553e6,7.675971129433091e6
