instance,it_bb,it_box,p_true_pb,runtime_bb,runtime_box,runtime_pb,θ_bb,θ_box,θ_pb
8,5,4,1,0.331,2.292,10.515,4.3366033114446085e6,4.3366033114446085e6,4.336603311444607e6
