instance,it_bb,it_box,p_true_pb,runtime_bb,runtime_box,runtime_pb,θ_bb,θ_box,θ_pb
20,12,9,1,0.486,2.455,10.811,2.4584966723867588e7,2.4584966723867588e7,2.4584966723867588e7
