instance,it_bb,it_box,p_true_pb,runtime_bb,runtime_box,runtime_pb,θ_bb,θ_box,θ_pb
19,77017,107,1,3600.058,87.07,8.949,2.2666541867224306e7,2.1320080452920906e7,2.502270398225791e7
