instance,it_bb,it_box,p_true_pb,runtime_bb,runtime_box,runtime_pb,θ_bb,θ_box,θ_pb
3,8,5,1,0.377,2.127,9.632,2.004886969363716e7,2.004886969363716e7,2.004886969363716e7
