instance,it_bb,it_box,p_true_pb,runtime_bb,runtime_box,runtime_pb,θ_bb,θ_box,θ_pb
26,6948,46,1,115.411,13.942,10.478,2.070009197980429e7,2.07000914442609e7,2.2001855314270437e7
