instance,it_bb,it_box,p_true_pb,runtime_bb,runtime_box,runtime_pb,θ_bb,θ_box,θ_pb
16,4502,42,1,63.353,11.031,13.481,1.5886539949926326e7,1.5886539949926328e7,1.5886539949926328e7
