instance,it_bb,it_box,p_true_pb,runtime_bb,runtime_box,runtime_pb,θ_bb,θ_box,θ_pb
20,53269,98,1,3600.012,91.928,9.146,2.3560699599887736e7,2.2280345614040244e7,2.4584966723867588e7
