instance,it_bb,it_box,p_true_pb,runtime_bb,runtime_box,runtime_pb,θ_bb,θ_box,θ_pb
26,6,6,1,0.346,2.124,9.702,2.2001855314270437e7,2.2001855314270437e7,2.2001855314270437e7
