instance,it_bb,it_box,p_true_pb,runtime_bb,runtime_box,runtime_pb,θ_bb,θ_box,θ_pb
4,6,4,1,0.353,2.316,10.531,7.804823790194644e6,7.804823790194644e6,7.8048237901946455e6
