instance,it_bb,it_box,p_true_pb,runtime_bb,runtime_box,runtime_pb,θ_bb,θ_box,θ_pb
25,3662,45,1,62.07,15.047,14.866,1.4513341063696362e7,1.4513341063696366e7,1.5270185313937979e7
