instance,it_bb,it_box,p_true_pb,runtime_bb,runtime_box,runtime_pb,θ_bb,θ_box,θ_pb
1,4,8,1,0.447,2.993,13.52,8.671142468633875e6,8.671142468633875e6,8.671142468633877e6
