instance,it_bb,it_box,p_true_pb,runtime_bb,runtime_box,runtime_pb,θ_bb,θ_box,θ_pb
50,4,3,1,0.373,3.063,13.879,2.86999716552785e6,2.86999716552785e6,2.86999716552785e6
