instance,it_bb,it_box,p_true_pb,runtime_bb,runtime_box,runtime_pb,θ_bb,θ_box,θ_pb
47,11,10,1,0.583,3.136,12.729,3.408704589710038e7,3.408704589710038e7,3.408704589710038e7
