instance,it_bb,it_box,p_true_pb,runtime_bb,runtime_box,runtime_pb,θ_bb,θ_box,θ_pb
31,4,5,1,0.306,2.176,10.118,2.535611279043439e6,2.535611279043439e6,2.5356112790434393e6
