instance,it_bb,it_box,p_true_pb,runtime_bb,runtime_box,runtime_pb,θ_bb,θ_box,θ_pb
21,67628,72,1,3600.033,68.672,10.051,1.900075494476588e7,1.90005158067732e7,2.0788654503854606e7
