instance,it_bb,it_box,p_true_pb,runtime_bb,runtime_box,runtime_pb,θ_bb,θ_box,θ_pb
15,92070,79,1,3600.001,50.654,11.238,1.2857148335426725e7,1.2857148335426662e7,1.3961954691147912e7
