instance,it_bb,it_box,p_true_pb,runtime_bb,runtime_box,runtime_pb,θ_bb,θ_box,θ_pb
1,50083,143,1,3600.104,1211.172,9.271,8.671142468633875e6,8.671142468633877e6,8.671142468633877e6
