instance,it_bb,it_box,p_true_pb,runtime_bb,runtime_box,runtime_pb,θ_bb,θ_box,θ_pb
41,5,4,1,0.402,2.973,13.478,3.5947978873698905e7,3.5947978873698905e7,3.5947978873698905e7
