instance,it_bb,it_box,p_true_pb,runtime_bb,runtime_box,runtime_pb,θ_bb,θ_box,θ_pb
49,9,7,1,0.513,4.518,18.405,2.4146642088017184e7,2.4146642088017184e7,2.4146642088017188e7
