instance,it_bb,it_box,p_true_pb,runtime_bb,runtime_box,runtime_pb,θ_bb,θ_box,θ_pb
38,10,7,1,0.346,2.127,9.602,3.567759017834161e7,3.567759017834161e7,3.567759017834161e7
