instance,it_bb,it_box,p_true_pb,runtime_bb,runtime_box,runtime_pb,θ_bb,θ_box,θ_pb
2,4674,27,1,92.371,9.926,18.379,1.4668040914308848e7,1.4668040914308848e7,1.479126952916007e7
