instance,it_bb,it_box,p_true_pb,runtime_bb,runtime_box,runtime_pb,θ_bb,θ_box,θ_pb
49,83582,67,1,2781.093,47.308,9.852,2.1657465517341647e7,2.1657465508473445e7,2.4146642088017188e7
