instance,it_bb,it_box,p_true_pb,runtime_bb,runtime_box,runtime_pb,θ_bb,θ_box,θ_pb
28,6556,51,1,75.434,11.26,10.279,1.7767220270536795e7,1.77672202705368e7,1.7880366194016173e7
