instance,it_bb,it_box,p_true_pb,runtime_bb,runtime_box,runtime_pb,θ_bb,θ_box,θ_pb
16,5,6,1,0.417,2.712,12.453,1.5886539949926328e7,1.5886539949926328e7,1.5886539949926328e7
