instance,it_bb,it_box,p_true_pb,runtime_bb,runtime_box,runtime_pb,θ_bb,θ_box,θ_pb
24,36,14,1,0.783,4.352,14.374,8.24905498013476e6,8.249054980134761e6,8.249054980134759e6
