instance,it_bb,it_box,p_true_pb,runtime_bb,runtime_box,runtime_pb,θ_bb,θ_box,θ_pb
12,48706,121,1,3600.098,163.215,8.829,2.910887979371196e7,2.5271237755543515e7,2.982144446543923e7
