instance,it_bb,it_box,p_true_pb,runtime_bb,runtime_box,runtime_pb,θ_bb,θ_box,θ_pb
33,154,12,1,2.225,4.256,13.887,5.947577398438483e6,5.9475773984384835e6,5.947577398438484e6
