instance,it_bb,it_box,p_true_pb,runtime_bb,runtime_box,runtime_pb,θ_bb,θ_box,θ_pb
17,7,6,1,0.351,2.453,9.598,1.4490715939422533e7,1.4490715939422533e7,1.4490715939422533e7
