instance,it_bb,it_box,p_true_pb,runtime_bb,runtime_box,runtime_pb,θ_bb,θ_box,θ_pb
22,48,15,1,0.783,4.453,13.448,4.512214869549839e6,4.512214869549839e6,4.512214869549839e6
