instance,it_bb,it_box,p_true_pb,runtime_bb,runtime_box,runtime_pb,θ_bb,θ_box,θ_pb
50,16,9,1,0.475,2.982,11.657,2.8699971655278495e6,2.86999716552785e6,2.86999716552785e6
