instance,it_bb,it_box,p_true_pb,runtime_bb,runtime_box,runtime_pb,θ_bb,θ_box,θ_pb
44,45149,62,1,3600.18,42.866,9.891,3.156339397000934e6,3.156339397000715e6,3.1563393970010453e6
