instance,it_bb,it_box,p_true_pb,runtime_bb,runtime_box,runtime_pb,θ_bb,θ_box,θ_pb
18,13626,55,1,140.352,17.941,8.849,1.6550617739058532e7,1.6550617739058536e7,1.6550617739058534e7
