instance,it_bb,it_box,p_true_pb,runtime_bb,runtime_box,runtime_pb,θ_bb,θ_box,θ_pb
33,90441,108,1,3600.091,395.358,11.866,5.5760588224950135e6,5.9475773984384835e6,5.947577398438484e6
