instance,it_bb,it_box,p_true_pb,runtime_bb,runtime_box,runtime_pb,zeta_box,θ_bb,θ_box,θ_pb
13,35897,112,1,3600.005,102.226,13.35,0.49999999999998934,1.9142042408787206e7,1.6703682703407412e7,1.9385874796476662e7
