instance,it_bb,it_box,p_true_pb,runtime_bb,runtime_box,runtime_pb,zeta_box,θ_bb,θ_box,θ_pb
10,26314,45,1,3600.181,3600.062,10.692,9.636363636363637,1.0e20,1.2935728712786803e7,2.599684386280309e7
