instance,it_bb,it_box,p_true_pb,runtime_bb,runtime_box,runtime_pb,zeta_box,θ_bb,θ_box,θ_pb
4,21949,33,1,3600.218,3600.036,10.275,12.899999999999999,1.0e20,1.048165569894963e7,3.025155404959948e7
