instance,it_bb,it_box,p_true_pb,runtime_bb,runtime_box,runtime_pb,zeta_box,θ_bb,θ_box,θ_pb
6,29763,72,1,3600.075,3600.034,9.504,9.0,2.7509778545525827e7,1.79415366272749e7,2.7509778545525823e7
