instance,it_bb,it_box,p_true_pb,runtime_bb,runtime_box,runtime_pb,zeta_box,θ_bb,θ_box,θ_pb
1,27013,70,1,3600.01,3600.067,12.077,0.0,2.4409793810916636e7,1.5523468786485791e7,2.4409793810916632e7
