instance,it_bb,it_box,p_true_pb,runtime_bb,runtime_box,runtime_pb,zeta_box,θ_bb,θ_box,θ_pb
35,14,12,1,0.394,2.298,9.502,0.9999999999999433,3.191136101062399e7,3.191136101062399e7,3.191136101062399e7
