instance,it_bb,it_box,p_true_pb,runtime_bb,runtime_box,runtime_pb,zeta_box,θ_bb,θ_box,θ_pb
31,41447,153,1,3600.071,909.311,9.302,1.500000000250001,2.7538454688155912e7,2.2930710692896232e7,2.764816119344063e7
