instance,it_bb,it_box,p_true_pb,runtime_bb,runtime_box,runtime_pb,zeta_box,θ_bb,θ_box,θ_pb
6,21833,34,1,3600.027,3600.071,11.568,12.272727272727272,1.0e20,1.0645693661642242e7,2.7509778545525823e7
