instance,it_bb,it_box,p_true_pb,runtime_bb,runtime_box,runtime_pb,zeta_box,θ_bb,θ_box,θ_pb
7,27196,44,1,3600.193,3600.036,9.887,10.0,1.7845034406448156e7,8.482704273862166e6,1.7845034406448152e7
