instance,it_bb,it_box,p_true_pb,runtime_bb,runtime_box,runtime_pb,zeta_box,θ_bb,θ_box,θ_pb
33,30337,73,1,3600.151,3600.048,10.278,7.000000000800014,1.0e20,1.7582493073218066e7,2.878150150650062e7
