instance,it_bb,it_box,p_true_pb,runtime_bb,runtime_box,runtime_pb,zeta_box,θ_bb,θ_box,θ_pb
44,31856,84,1,3600.124,3600.036,10.173,7.0,1.9924065573182486e7,1.457333863849762e7,1.9924065573182486e7
