instance,it_bb,it_box,p_true_pb,runtime_bb,runtime_box,runtime_pb,zeta_box,θ_bb,θ_box,θ_pb
35,41468,158,1,3600.003,3600.029,9.928,0.5000000001500098,3.1662057982162647e7,2.729925494278308e7,3.191136101062399e7
