instance,it_bb,it_box,p_true_pb,runtime_bb,runtime_box,runtime_pb,zeta_box,θ_bb,θ_box,θ_pb
37,44024,159,1,3600.122,639.562,9.682,0.24999999999999645,2.355177492115112e7,2.0058664988727003e7,2.3777136852275256e7
