instance,it_bb,it_box,p_true_pb,runtime_bb,runtime_box,runtime_pb,zeta_box,θ_bb,θ_box,θ_pb
40,26162,84,1,3600.128,3600.057,10.178,0.0,1.281992487516427e7,1.020858881865986e7,1.2938621968641749e7
