instance,it_bb,it_box,p_true_pb,runtime_bb,runtime_box,runtime_pb,zeta_box,θ_bb,θ_box,θ_pb
7,22948,34,1,3600.256,3600.057,10.173,10.000000000000018,1.0e20,6.720476027231847e6,1.7845034406448152e7
