instance,it_bb,it_box,p_true_pb,runtime_bb,runtime_box,runtime_pb,zeta_box,θ_bb,θ_box,θ_pb
42,29680,81,1,3600.086,3600.174,10.167,7.0,2.448559323216926e7,1.6163189934433859e7,2.4485593232169252e7
