instance,it_bb,it_box,p_true_pb,runtime_bb,runtime_box,runtime_pb,zeta_box,θ_bb,θ_box,θ_pb
6,32938,75,1,3600.065,3600.044,9.014,8.333333333333332,2.7509778545525827e7,1.83003100880675e7,2.7509778545525823e7
