instance,it_bb,it_box,p_true_pb,runtime_bb,runtime_box,runtime_pb,zeta_box,θ_bb,θ_box,θ_pb
15,42463,119,1,3600.169,178.496,11.729,0.25,2.2196949639270708e7,1.968204917439221e7,2.2634320738637585e7
