instance,it_bb,it_box,p_true_pb,runtime_bb,runtime_box,runtime_pb,zeta_box,θ_bb,θ_box,θ_pb
44,68953,69,1,3600.079,30.424,9.965,0.5000000001500009,1.8330216144911423e7,1.730559865530852e7,1.9924065573182486e7
