instance,it_bb,it_box,p_true_pb,runtime_bb,runtime_box,runtime_pb,zeta_box,θ_bb,θ_box,θ_pb
34,28481,81,1,3600.064,3600.057,10.924,4.777777777777779,1.504793380503527e7,1.01866264835329e7,1.5047933805035273e7
