instance,it_bb,it_box,p_true_pb,runtime_bb,runtime_box,runtime_pb,zeta_box,θ_bb,θ_box,θ_pb
31,22103,30,1,3600.189,3600.05,8.871,11.88888888888889,1.0e20,9.765165381144928e6,2.764816119344063e7
