instance,it_bb,it_box,p_true_pb,runtime_bb,runtime_box,runtime_pb,zeta_box,θ_bb,θ_box,θ_pb
5,42835,133,1,3600.118,710.172,8.893,0.3750000000000033,2.3720793941027787e7,2.093024050207767e7,2.395334501068777e7
