instance,it_bb,it_box,p_true_pb,runtime_bb,runtime_box,runtime_pb,zeta_box,θ_bb,θ_box,θ_pb
25,34928,157,1,3600.102,3600.048,10.436,1.7777777777777786,3.705442237288461e7,3.0020875167910185e7,3.705442237288461e7
