instance,it_bb,it_box,p_true_pb,runtime_bb,runtime_box,runtime_pb,zeta_box,θ_bb,θ_box,θ_pb
25,18642,32,1,3600.017,3600.045,10.505,13.42857142857143,1.0e20,1.2687719713352384e7,3.705442237288461e7
