instance,it_bb,it_box,p_true_pb,runtime_bb,runtime_box,runtime_pb,zeta_box,θ_bb,θ_box,θ_pb
40,34244,80,1,3600.035,3600.046,8.231,5.0,1.281992487516427e7,1.008989163582332e7,1.2938621968641749e7
