instance,it_bb,it_box,p_true_pb,runtime_bb,runtime_box,runtime_pb,zeta_box,θ_bb,θ_box,θ_pb
39,29438,74,1,3600.075,3600.061,9.109,7.0,2.073595127362171e7,1.3747945946361208e7,2.0735951273621704e7
