instance,it_bb,it_box,p_true_pb,runtime_bb,runtime_box,runtime_pb,zeta_box,θ_bb,θ_box,θ_pb
46,33946,91,1,3600.012,3600.049,8.183,6.0,1.770216165497046e7,1.1696622333000088e7,1.7702161654970456e7
