instance,it_bb,it_box,p_true_pb,runtime_bb,runtime_box,runtime_pb,zeta_box,θ_bb,θ_box,θ_pb
46,43117,119,1,3600.012,257.159,10.47,1.5999216493867152e-6,1.749143908854721e7,1.5384218823937148e7,1.7702161654970456e7
