instance,it_bb,it_box,p_true_pb,runtime_bb,runtime_box,runtime_pb,zeta_box,θ_bb,θ_box,θ_pb
29,24350,45,1,3600.177,3600.061,10.354,12.625,1.0e20,1.3849238215201719e7,3.0215748647092707e7
