instance,it_bb,it_box,p_true_pb,runtime_bb,runtime_box,runtime_pb,zeta_box,θ_bb,θ_box,θ_pb
29,13,13,1,0.476,2.427,9.419,1.0000000002000036,3.0215748647092704e7,3.0215748647092704e7,3.0215748647092707e7
