instance,it_bb,it_box,p_true_pb,runtime_bb,runtime_box,runtime_pb,zeta_box,θ_bb,θ_box,θ_pb
15,34355,74,1,3600.1,3600.042,7.573,7.0,2.263432073863759e7,1.530830935588448e7,2.2634320738637585e7
