instance,it_bb,it_box,p_true_pb,runtime_bb,runtime_box,runtime_pb,zeta_box,θ_bb,θ_box,θ_pb
49,15,14,1,0.403,2.292,9.418,0.42857142857142705,2.6387892003404636e7,2.6387892003404636e7,2.6387892003404636e7
