instance,it_bb,it_box,p_true_pb,runtime_bb,runtime_box,runtime_pb,zeta_box,θ_bb,θ_box,θ_pb
41,31427,71,1,3600.085,3600.035,9.45,8.285714285714288,2.7252823941388316e7,1.7763417993905045e7,2.725282394138832e7
