instance,it_bb,it_box,p_true_pb,runtime_bb,runtime_box,runtime_pb,zeta_box,θ_bb,θ_box,θ_pb
27,22083,48,1,3600.087,3600.042,10.18,10.000000001100005,1.0e20,1.237210402679585e7,2.6289003736442175e7
