instance,it_bb,it_box,p_true_pb,runtime_bb,runtime_box,runtime_pb,zeta_box,θ_bb,θ_box,θ_pb
2,32949,80,1,3600.163,3600.061,8.776,0.0,1.6534007545271218e7,1.1209856797036124e7,1.653400754527122e7
