instance,it_bb,it_box,p_true_pb,runtime_bb,runtime_box,runtime_pb,zeta_box,θ_bb,θ_box,θ_pb
27,28671,65,1,3600.162,3600.055,8.956,11.222222222222221,1.0e20,1.5795963988722067e7,2.6289003736442175e7
