instance,it_bb,it_box,p_true_pb,runtime_bb,runtime_box,runtime_pb,zeta_box,θ_bb,θ_box,θ_pb
10,13,14,1,0.39,2.32,9.561,0.7142857142857224,2.5996843862803094e7,2.5996843862803094e7,2.599684386280309e7
