instance,it_bb,it_box,p_true_pb,runtime_bb,runtime_box,runtime_pb,zeta_box,θ_bb,θ_box,θ_pb
42,11,11,1,0.336,2.506,10.352,3.0,2.448559323216926e7,2.448559323216926e7,2.4485593232169252e7
