instance,it_bb,it_box,p_true_pb,runtime_bb,runtime_box,runtime_pb,zeta_box,θ_bb,θ_box,θ_pb
14,13,12,1,0.427,2.777,12.321,0.800000000180006,2.061748370612701e7,2.061748370612701e7,2.0617483706127003e7
