instance,it_bb,it_box,p_true_pb,runtime_bb,runtime_box,runtime_pb,zeta_box,θ_bb,θ_box,θ_pb
20,31220,72,1,3600.074,3600.038,9.125,7.4999999999999964,3.1348776007204417e7,2.101569965608402e7,3.1348776007204413e7
