instance,it_bb,it_box,p_true_pb,runtime_bb,runtime_box,runtime_pb,zeta_box,θ_bb,θ_box,θ_pb
18,31074,71,1,3600.127,3600.06,9.135,6.555555555555562,3.2835757780675065e7,2.0669832794771954e7,3.2835757780675057e7
