instance,it_bb,it_box,p_true_pb,runtime_bb,runtime_box,runtime_pb,zeta_box,θ_bb,θ_box,θ_pb
25,15,14,1,0.545,2.894,12.362,0.6666666666666643,3.705442237288461e7,3.705442237288461e7,3.705442237288461e7
