instance,it_bb,it_box,p_true_pb,runtime_bb,runtime_box,runtime_pb,zeta_box,θ_bb,θ_box,θ_pb
10,20976,30,1,3600.151,3600.071,10.588,11.384615385853834,1.0e20,9.511845090056097e6,2.599684386280309e7
