instance,it_bb,it_box,p_true_pb,runtime_bb,runtime_box,runtime_pb,zeta_box,θ_bb,θ_box,θ_pb
48,42436,164,1,3600.012,2102.396,9.307,0.2727272727272734,2.8440799224649448e7,2.434355234412101e7,2.8681813747033477e7
