instance,it_bb,it_box,p_true_pb,runtime_bb,runtime_box,runtime_pb,zeta_box,θ_bb,θ_box,θ_pb
26,40881,180,1,3600.012,3600.029,11.024,0.33333333346666194,3.3305546309746377e7,2.7671246338797364e7,3.330554630974638e7
