instance,it_bb,it_box,p_true_pb,runtime_bb,runtime_box,runtime_pb,zeta_box,θ_bb,θ_box,θ_pb
23,39954,212,1,3600.069,3600.019,10.359,0.5555555555555607,3.0011319913532354e7,2.4640142658355184e7,3.0011319913532346e7
