instance,it_bb,it_box,p_true_pb,runtime_bb,runtime_box,runtime_pb,zeta_box,θ_bb,θ_box,θ_pb
26,26221,69,1,3600.044,3600.047,12.165,0.0,3.330554630974638e7,1.9657926212554835e7,3.330554630974638e7
