instance,it_bb,it_box,p_true_pb,runtime_bb,runtime_box,runtime_pb,zeta_box,θ_bb,θ_box,θ_pb
26,25027,43,1,3600.063,3600.031,9.992,13.444444444444445,3.330554630974638e7,1.4524639125439564e7,3.330554630974638e7
