instance,it_bb,it_box,p_true_pb,runtime_bb,runtime_box,runtime_pb,zeta_box,θ_bb,θ_box,θ_pb
12,9,8,1,0.285,2.18,9.563,2.6666666666666643,1.4475224046683045e7,1.4475224046683045e7,1.4475224046683045e7
