instance,it_bb,it_box,p_true_pb,runtime_bb,runtime_box,runtime_pb,zeta_box,θ_bb,θ_box,θ_pb
25,30516,69,1,3600.161,3600.051,9.12,8.250000000000012,1.0e20,2.1982431624325827e7,3.705442237288461e7
