instance,it_bb,it_box,p_true_pb,runtime_bb,runtime_box,runtime_pb,zeta_box,θ_bb,θ_box,θ_pb
8,38996,119,1,3600.008,367.205,10.034,0.3749999999999929,1.877706988530137e7,1.6753338176387794e7,1.8889502087094273e7
