instance,it_bb,it_box,p_true_pb,runtime_bb,runtime_box,runtime_pb,zeta_box,θ_bb,θ_box,θ_pb
41,29660,67,1,3600.183,3600.031,9.635,0.0,2.7252823941388316e7,1.764185019893801e7,2.725282394138832e7
