instance,it_bb,it_box,p_true_pb,runtime_bb,runtime_box,runtime_pb,zeta_box,θ_bb,θ_box,θ_pb
44,34867,88,1,3600.037,3600.035,8.248,7.5,1.9924065573182486e7,1.4345677665521864e7,1.9924065573182486e7
