instance,it_bb,it_box,p_true_pb,runtime_bb,runtime_box,runtime_pb,zeta_box,θ_bb,θ_box,θ_pb
34,33428,84,1,3600.006,3600.036,8.216,5.0,1.504793380503527e7,1.007109617363401e7,1.5047933805035273e7
