instance,it_bb,it_box,p_true_pb,runtime_bb,runtime_box,runtime_pb,zeta_box,θ_bb,θ_box,θ_pb
40,39094,73,1,869.815,25.964,10.263,2.9999929828070435,1.1751669662661405e7,1.1751669662661407e7,1.2938621968641749e7
