instance,it_bb,it_box,p_true_pb,runtime_bb,runtime_box,runtime_pb,zeta_box,θ_bb,θ_box,θ_pb
47,30737,80,1,3600.041,3600.057,9.499,7.857142857142858,2.502309563549241e7,1.5750955878614673e7,2.5023095635492407e7
