instance,it_bb,it_box,p_true_pb,runtime_bb,runtime_box,runtime_pb,zeta_box,θ_bb,θ_box,θ_pb
36,28865,83,1,3600.201,3600.041,10.442,4.899999999999999,1.6498215224322101e7,1.1652956738837188e7,1.64982152243221e7
