instance,it_bb,it_box,p_true_pb,runtime_bb,runtime_box,runtime_pb,zeta_box,θ_bb,θ_box,θ_pb
18,23270,42,1,3600.215,3600.055,10.196,10.272727272727272,1.0e20,1.5175802830861757e7,3.2835757780675057e7
