instance,it_bb,it_box,p_true_pb,runtime_bb,runtime_box,runtime_pb,zeta_box,θ_bb,θ_box,θ_pb
14,29220,95,1,3600.208,3600.048,9.713,3.8333333333333357,2.0617483706127007e7,1.3222705064714843e7,2.0617483706127003e7
