instance,it_bb,it_box,p_true_pb,runtime_bb,runtime_box,runtime_pb,zeta_box,θ_bb,θ_box,θ_pb
24,21004,34,1,3600.168,3600.026,10.243,8.777777777777779,1.0e20,8.237460665349769e6,1.7319269569752034e7
