instance,it_bb,it_box,p_true_pb,runtime_bb,runtime_box,runtime_pb,zeta_box,θ_bb,θ_box,θ_pb
30,30442,76,1,3600.213,3600.025,9.429,6.111111111111114,1.8856032006306e7,1.282681771255263e7,1.8856032006306e7
