instance,it_bb,it_box,p_true_pb,runtime_bb,runtime_box,runtime_pb,zeta_box,θ_bb,θ_box,θ_pb
48,24305,55,1,3600.172,3600.068,10.489,11.416666666666666,1.0e20,1.3738956746708028e7,2.8681813747033477e7
