instance,it_bb,it_box,p_true_pb,runtime_bb,runtime_box,runtime_pb,zeta_box,θ_bb,θ_box,θ_pb
34,43136,112,1,3600.103,324.982,9.372,1.666666666933338,1.4816442984482922e7,1.3080261830340307e7,1.5047933805035273e7
