instance,it_bb,it_box,p_true_pb,runtime_bb,runtime_box,runtime_pb,zeta_box,θ_bb,θ_box,θ_pb
43,24038,48,1,3600.037,3600.04,9.924,12.000000000000002,1.0e20,1.3352151453300986e7,2.953875795763614e7
