instance,it_bb,it_box,p_true_pb,runtime_bb,runtime_box,runtime_pb,zeta_box,θ_bb,θ_box,θ_pb
31,24773,50,1,3600.018,3600.028,10.079,7.999999999999992,1.0e20,1.3604992876518764e7,2.764816119344063e7
