instance,it_bb,it_box,p_true_pb,runtime_bb,runtime_box,runtime_pb,zeta_box,θ_bb,θ_box,θ_pb
22,40475,177,1,3600.122,3600.025,10.329,0.44444444444444287,2.8066699103712533e7,2.403988923521805e7,2.8066699103712533e7
