instance,it_bb,it_box,p_true_pb,runtime_bb,runtime_box,runtime_pb,zeta_box,θ_bb,θ_box,θ_pb
35,21612,33,1,3600.154,3600.033,8.913,12.923076923076922,1.0e20,1.2465762067219164e7,3.191136101062399e7
