instance,it_bb,it_box,p_true_pb,runtime_bb,runtime_box,runtime_pb,zeta_box,θ_bb,θ_box,θ_pb
23,25511,46,1,3600.078,3600.069,10.364,11.81818181946364,1.0e20,1.3080600848035263e7,3.0011319913532346e7
