instance,it_bb,it_box,p_true_pb,runtime_bb,runtime_box,runtime_pb,zeta_box,θ_bb,θ_box,θ_pb
8,33346,80,1,3600.164,3600.037,9.105,7.0,1.8889502087094277e7,1.3155538620635638e7,1.8889502087094273e7
