instance,it_bb,it_box,p_true_pb,runtime_bb,runtime_box,runtime_pb,zeta_box,θ_bb,θ_box,θ_pb
8,12,11,1,0.838,3.512,12.766,2.0,1.8889502087094277e7,1.8889502087094277e7,1.8889502087094273e7
