instance,it_bb,it_box,p_true_pb,runtime_bb,runtime_box,runtime_pb,zeta_box,θ_bb,θ_box,θ_pb
9,33788,240,1,3600.004,3600.045,10.602,0.4444444445888891,3.333718698515119e7,2.6556921503623202e7,3.3337186985151194e7
