instance,it_bb,it_box,p_true_pb,runtime_bb,runtime_box,runtime_pb,zeta_box,θ_bb,θ_box,θ_pb
47,40317,138,1,3600.092,467.141,10.394,0.33333333333333215,2.4769064141381934e7,2.1085607719458524e7,2.5023095635492407e7
