instance,it_bb,it_box,p_true_pb,runtime_bb,runtime_box,runtime_pb,zeta_box,θ_bb,θ_box,θ_pb
20,20827,29,1,3600.066,3600.026,12.187,14.000000000000002,1.0e20,1.1263088024567729e7,3.1348776007204413e7
