instance,it_bb,it_box,p_true_pb,runtime_bb,runtime_box,runtime_pb,zeta_box,θ_bb,θ_box,θ_pb
44,21285,35,1,3600.171,3600.044,10.553,11.3,1.9924065573182486e7,8.311818811947597e6,1.9924065573182486e7
