instance,it_bb,it_box,p_true_pb,runtime_bb,runtime_box,runtime_pb,zeta_box,θ_bb,θ_box,θ_pb
32,21305,57,1,3600.11,3600.071,14.553,9.666666666666666,1.0e20,1.0544784013340905e7,2.340764645869537e7
