instance,it_bb,it_box,p_true_pb,runtime_bb,runtime_box,runtime_pb,zeta_box,θ_bb,θ_box,θ_pb
50,26698,76,1,3600.001,3600.053,12.527,0.0,2.511804342779971e7,1.7243382645712417e7,2.5118043427799705e7
