instance,it_bb,it_box,p_true_pb,runtime_bb,runtime_box,runtime_pb,zeta_box,θ_bb,θ_box,θ_pb
2,32613,76,1,3600.042,3600.053,8.974,5.818181818181818,1.6534007545271218e7,1.1116451513333324e7,1.653400754527122e7
