instance,it_bb,it_box,p_true_pb,runtime_bb,runtime_box,runtime_pb,zeta_box,θ_bb,θ_box,θ_pb
1,12,11,1,0.663,2.573,9.39,1.3999999999999986,2.4409793810916636e7,2.4409793810916636e7,2.4409793810916632e7
