instance,it_bb,it_box,p_true_pb,runtime_bb,runtime_box,runtime_pb,zeta_box,θ_bb,θ_box,θ_pb
12,26828,69,1,3600.226,3600.097,11.385,0.0,1.4475224046683043e7,9.970123422331752e6,1.4475224046683045e7
