instance,it_bb,it_box,p_true_pb,runtime_bb,runtime_box,runtime_pb,zeta_box,θ_bb,θ_box,θ_pb
11,11,10,1,0.433,2.924,12.965,1.599999999999996,2.83558401839947e7,2.83558401839947e7,2.8355840183994703e7
