instance,it_bb,it_box,p_true_pb,runtime_bb,runtime_box,runtime_pb,zeta_box,θ_bb,θ_box,θ_pb
7,27352,64,1,3600.035,3600.042,11.769,0.0,1.7845034406448156e7,1.189719998971501e7,1.7845034406448152e7
