instance,it_bb,it_box,p_true_pb,runtime_bb,runtime_box,runtime_pb,zeta_box,θ_bb,θ_box,θ_pb
38,37622,116,1,3600.128,381.349,11.064,0.4285714285714285,2.4855914574774586e7,2.115858555389669e7,2.5188591276747555e7
