instance,it_bb,it_box,p_true_pb,runtime_bb,runtime_box,runtime_pb,zeta_box,θ_bb,θ_box,θ_pb
16,12,11,1,0.434,2.311,10.12,1.9999999999999998,2.573963546615307e7,2.573963546615307e7,2.5739635466153074e7
