instance,it_bb,it_box,p_true_pb,runtime_bb,runtime_box,runtime_pb,zeta_box,θ_bb,θ_box,θ_pb
33,23373,40,1,3600.108,3600.062,9.019,10.428571428571429,1.0e20,1.0477896006845767e7,2.878150150650062e7
