instance,it_bb,it_box,p_true_pb,runtime_bb,runtime_box,runtime_pb,zeta_box,θ_bb,θ_box,θ_pb
39,27908,72,1,3600.039,3600.055,11.717,0.0,2.073595127362171e7,1.3747872317125065e7,2.0735951273621704e7
