instance,it_bb,it_box,p_true_pb,runtime_bb,runtime_box,runtime_pb,zeta_box,θ_bb,θ_box,θ_pb
13,10,9,1,0.355,2.432,10.73,1.0000000002000036,1.9385874796476662e7,1.9385874796476662e7,1.9385874796476662e7
