instance,it_bb,it_box,p_true_pb,runtime_bb,runtime_box,runtime_pb,zeta_box,θ_bb,θ_box,θ_pb
19,43747,180,1,3600.027,1591.567,10.256,0.25,1.8462061407198034e7,1.747664604961068e7,1.98795816813451e7
