instance,it_bb,it_box,p_true_pb,runtime_bb,runtime_box,runtime_pb,zeta_box,θ_bb,θ_box,θ_pb
13,26736,86,1,3600.02,3600.056,11.338,0.0,1.9385874796476655e7,1.3289985403155195e7,1.9385874796476662e7
