instance,it_bb,it_box,p_true_pb,runtime_bb,runtime_box,runtime_pb,zeta_box,θ_bb,θ_box,θ_pb
33,13,13,1,0.453,2.626,10.406,1.4285714285714306,2.8781501506500624e7,2.8781501506500624e7,2.878150150650062e7
