instance,it_bb,it_box,p_true_pb,runtime_bb,runtime_box,runtime_pb,zeta_box,θ_bb,θ_box,θ_pb
30,21707,32,1,3600.117,3600.068,9.945,8.5,1.8856032006306004e7,7.565564801964275e6,1.8856032006306e7
