instance,it_bb,it_box,p_true_pb,runtime_bb,runtime_box,runtime_pb,zeta_box,θ_bb,θ_box,θ_pb
46,26847,91,1,3600.028,3600.056,9.047,6.0,1.770216165497046e7,1.1696622351608604e7,1.7702161654970456e7
