instance,it_bb,it_box,p_true_pb,runtime_bb,runtime_box,runtime_pb,zeta_box,θ_bb,θ_box,θ_pb
10,32052,69,1,3600.09,3600.045,9.555,7.000000000800004,1.0e20,1.7120092137061894e7,2.599684386280309e7
