instance,it_bb,it_box,p_true_pb,runtime_bb,runtime_box,runtime_pb,zeta_box,θ_bb,θ_box,θ_pb
20,35474,227,1,3600.137,3600.043,12.748,0.4999999999999969,3.1002737309317064e7,2.6124122838003296e7,3.1348776007204413e7
