instance,it_bb,it_box,p_true_pb,runtime_bb,runtime_box,runtime_pb,zeta_box,θ_bb,θ_box,θ_pb
31,12,11,1,0.387,2.299,9.457,0.25000000000000444,2.7648161193440635e7,2.7648161193440635e7,2.764816119344063e7
