instance,it_bb,it_box,p_true_pb,runtime_bb,runtime_box,runtime_pb,zeta_box,θ_bb,θ_box,θ_pb
14,39939,107,1,3600.137,105.897,9.307,1.6000000000000014,2.028135349704668e7,1.6695944382471826e7,2.0617483706127003e7
