instance,it_bb,it_box,p_true_pb,runtime_bb,runtime_box,runtime_pb,zeta_box,θ_bb,θ_box,θ_pb
19,30756,72,1,3600.101,3600.048,9.629,0.0,1.9879581681345098e7,1.321689607152961e7,1.98795816813451e7
