instance,it_bb,it_box,p_true_pb,runtime_bb,runtime_box,runtime_pb,zeta_box,θ_bb,θ_box,θ_pb
35,25800,42,1,3600.042,3600.051,9.328,12.333333333333332,1.0e20,1.5083658088084433e7,3.191136101062399e7
