instance,it_bb,it_box,p_true_pb,runtime_bb,runtime_box,runtime_pb,zeta_box,θ_bb,θ_box,θ_pb
50,42713,158,1,3600.048,898.287,9.92,0.571428571428573,2.4982271560316052e7,2.280993289822279e7,2.5118043427799705e7
