instance,it_bb,it_box,p_true_pb,runtime_bb,runtime_box,runtime_pb,zeta_box,θ_bb,θ_box,θ_pb
5,25925,73,1,3600.135,3600.061,10.377,0.0,2.3953345010687765e7,1.569778765326115e7,2.395334501068777e7
