instance,it_bb,it_box,p_true_pb,runtime_bb,runtime_box,runtime_pb,zeta_box,θ_bb,θ_box,θ_pb
3,15,14,1,0.658,2.292,9.4,0.6666666666666643,2.974612391858894e7,2.974612391858894e7,2.9746123918588936e7
