instance,it_bb,it_box,p_true_pb,runtime_bb,runtime_box,runtime_pb,zeta_box,θ_bb,θ_box,θ_pb
47,24552,56,1,3600.255,3600.072,10.557,11.0,2.5023095635492414e7,1.1305473835382156e7,2.5023095635492407e7
