instance,it_bb,it_box,p_true_pb,runtime_bb,runtime_box,runtime_pb,zeta_box,θ_bb,θ_box,θ_pb
21,23676,49,1,3600.097,3600.047,10.553,11.500000001250001,1.0e20,1.4262284651077392e7,3.0900317830647126e7
