instance,it_bb,it_box,p_true_pb,runtime_bb,runtime_box,runtime_pb,zeta_box,θ_bb,θ_box,θ_pb
7,29002,64,1,3600.018,3600.04,9.728,8.0,1.7845034406448156e7,1.167690063101537e7,1.7845034406448152e7
