instance,it_bb,it_box,p_true_pb,runtime_bb,runtime_box,runtime_pb,zeta_box,θ_bb,θ_box,θ_pb
19,32678,71,1,3600.133,3600.041,7.639,6.0,1.9879581681345098e7,1.3107676879718175e7,1.98795816813451e7
