instance,it_bb,it_box,p_true_pb,runtime_bb,runtime_box,runtime_pb,zeta_box,θ_bb,θ_box,θ_pb
5,32688,76,1,3600.1,3600.039,9.031,9.428571428571429,2.3953345010687765e7,1.5697787765680602e7,2.395334501068777e7
