instance,it_bb,it_box,p_true_pb,runtime_bb,runtime_box,runtime_pb,zeta_box,θ_bb,θ_box,θ_pb
40,33642,93,1,3600.054,3600.094,9.693,5.0,1.281992487516427e7,1.0208589812042633e7,1.2938621968641749e7
