instance,it_bb,it_box,p_true_pb,runtime_bb,runtime_box,runtime_pb,zeta_box,θ_bb,θ_box,θ_pb
47,22185,37,1,3600.258,3600.057,10.653,11.714285714285715,1.0e20,9.146224956883172e6,2.5023095635492407e7
