instance,it_bb,it_box,p_true_pb,runtime_bb,runtime_box,runtime_pb,zeta_box,θ_bb,θ_box,θ_pb
41,33611,70,1,3600.111,3600.029,8.283,9.0,2.7252823941388316e7,1.7763397636985786e7,2.725282394138832e7
