instance,it_bb,it_box,p_true_pb,runtime_bb,runtime_box,runtime_pb,zeta_box,θ_bb,θ_box,θ_pb
23,14,13,1,0.404,2.335,9.687,0.8571428571428577,3.0011319913532354e7,3.0011319913532354e7,3.0011319913532346e7
