instance,it_bb,it_box,p_true_pb,runtime_bb,runtime_box,runtime_pb,zeta_box,θ_bb,θ_box,θ_pb
24,42237,128,1,3600.131,478.023,10.246,4.99990503399772e-6,1.7213666539492477e7,1.5524018013113e7,1.7319269569752034e7
