instance,it_bb,it_box,p_true_pb,runtime_bb,runtime_box,runtime_pb,zeta_box,θ_bb,θ_box,θ_pb
34,28065,50,1,3600.012,3600.028,9.488,6.777777777777779,1.0e20,7.2935473149646465e6,1.5047933805035273e7
