instance,it_bb,it_box,p_true_pb,runtime_bb,runtime_box,runtime_pb,zeta_box,θ_bb,θ_box,θ_pb
14,26788,88,1,3600.102,3600.04,12.149,0.0,2.0617483706127007e7,1.3110507544429354e7,2.0617483706127003e7
