instance,it_bb,it_box,p_true_pb,runtime_bb,runtime_box,runtime_pb,zeta_box,θ_bb,θ_box,θ_pb
50,34017,78,1,3600.181,3600.066,7.464,10.0,2.511804342779971e7,1.7379068516776215e7,2.5118043427799705e7
