instance,it_bb,it_box,p_true_pb,runtime_bb,runtime_box,runtime_pb,zeta_box,θ_bb,θ_box,θ_pb
48,13,12,1,0.493,2.31,9.164,1.8333333333333357,2.8681813747033477e7,2.8681813747033477e7,2.8681813747033477e7
