instance,it_bb,it_box,p_true_pb,runtime_bb,runtime_box,runtime_pb,zeta_box,θ_bb,θ_box,θ_pb
40,21442,37,1,3600.061,3600.107,14.318,8.5,1.2938621968641743e7,6.054280005246791e6,1.2938621968641749e7
