instance,it_bb,it_box,p_true_pb,runtime_bb,runtime_box,runtime_pb,zeta_box,θ_bb,θ_box,θ_pb
5,20886,34,1,3600.099,3600.047,11.258,12.333333333333332,1.0e20,9.186835571283462e6,2.395334501068777e7
