instance,it_bb,it_box,p_true_pb,runtime_bb,runtime_box,runtime_pb,zeta_box,θ_bb,θ_box,θ_pb
11,25525,52,1,3600.091,3600.069,9.643,10.375,2.83558401839947e7,1.3663265939402562e7,2.8355840183994703e7
