instance,it_bb,it_box,p_true_pb,runtime_bb,runtime_box,runtime_pb,zeta_box,θ_bb,θ_box,θ_pb
15,32611,73,1,3600.086,3600.044,9.191,10.125,2.263432073863759e7,1.519897340857238e7,2.2634320738637585e7
