instance,it_bb,it_box,p_true_pb,runtime_bb,runtime_box,runtime_pb,zeta_box,θ_bb,θ_box,θ_pb
29,27588,61,1,3600.001,3600.067,11.118,10.0,2.0144077371208884e7,1.850740806768214e7,3.0215748647092707e7
