instance,it_bb,it_box,p_true_pb,runtime_bb,runtime_box,runtime_pb,zeta_box,θ_bb,θ_box,θ_pb
3,39358,145,1,3600.138,1708.621,9.508,1.0,2.974612391858894e7,2.526560609137298e7,2.9746123918588936e7
