instance,it_bb,it_box,p_true_pb,runtime_bb,runtime_box,runtime_pb,zeta_box,θ_bb,θ_box,θ_pb
49,38575,181,1,3600.13,3600.022,10.386,3.4,2.6387892003404636e7,2.190100398818311e7,2.6387892003404636e7
