instance,it_bb,it_box,p_true_pb,runtime_bb,runtime_box,runtime_pb,zeta_box,θ_bb,θ_box,θ_pb
46,24407,53,1,3600.013,3600.046,9.929,10.0,1.770216165497046e7,9.062750072471479e6,1.7702161654970456e7
