instance,it_bb,it_box,p_true_pb,runtime_bb,runtime_box,runtime_pb,zeta_box,θ_bb,θ_box,θ_pb
28,34411,149,1,3600.002,3600.063,12.347,2.8749999999999947,2.5745027317760058e7,2.1505936584660087e7,2.5745027317760058e7
