instance,it_bb,it_box,p_true_pb,runtime_bb,runtime_box,runtime_pb,zeta_box,θ_bb,θ_box,θ_pb
36,11,10,1,0.37,2.371,9.944,1.3333333333333357,1.6498215224322101e7,1.6498215224322101e7,1.64982152243221e7
