instance,it_bb,it_box,p_true_pb,runtime_bb,runtime_box,runtime_pb,zeta_box,θ_bb,θ_box,θ_pb
34,28365,72,1,3600.133,3600.047,12.681,0.0,1.504793380503527e7,9.839584055974415e6,1.5047933805035273e7
