instance,it_bb,it_box,p_true_pb,runtime_bb,runtime_box,runtime_pb,zeta_box,θ_bb,θ_box,θ_pb
18,12,11,1,0.587,2.334,9.435,1.625,3.2835757780675065e7,3.2835757780675065e7,3.2835757780675057e7
