instance,it_bb,it_box,p_true_pb,runtime_bb,runtime_box,runtime_pb,zeta_box,θ_bb,θ_box,θ_pb
29,35194,129,1,3600.005,3600.041,11.379,3.25,3.0215748647092704e7,2.606124441228758e7,3.0215748647092707e7
