instance,it_bb,it_box,p_true_pb,runtime_bb,runtime_box,runtime_pb,zeta_box,θ_bb,θ_box,θ_pb
42,30433,79,1,3600.059,3600.027,9.526,0.0,2.448559323216926e7,1.5921949243790202e7,2.4485593232169252e7
