instance,it_bb,it_box,p_true_pb,runtime_bb,runtime_box,runtime_pb,zeta_box,θ_bb,θ_box,θ_pb
31,31893,83,1,3600.162,3600.042,8.944,7.0,2.7648161193440635e7,1.7554948042382307e7,2.764816119344063e7
