instance,it_bb,it_box,p_true_pb,runtime_bb,runtime_box,runtime_pb,zeta_box,θ_bb,θ_box,θ_pb
26,30908,72,1,3600.162,3600.047,7.647,8.857142857142858,3.330554630974638e7,1.9532891636405002e7,3.330554630974638e7
