instance,it_bb,it_box,p_true_pb,runtime_bb,runtime_box,runtime_pb,zeta_box,θ_bb,θ_box,θ_pb
26,11,10,1,0.457,2.278,9.561,4.800000000000001,3.330554630974638e7,3.330554630974638e7,3.330554630974638e7
