instance,it_bb,it_box,p_true_pb,runtime_bb,runtime_box,runtime_pb,zeta_box,θ_bb,θ_box,θ_pb
28,15,14,1,0.441,2.394,9.936,1.8000000000000007,2.5745027317760058e7,2.5745027317760058e7,2.5745027317760058e7
