instance,it_bb,it_box,p_true_pb,runtime_bb,runtime_box,runtime_pb,zeta_box,θ_bb,θ_box,θ_pb
16,32015,66,1,3600.178,3600.031,9.439,7.499999999999993,2.573963546615307e7,1.6766566891210012e7,2.5739635466153074e7
