instance,it_bb,it_box,p_true_pb,runtime_bb,runtime_box,runtime_pb,zeta_box,θ_bb,θ_box,θ_pb
24,29365,66,1,3600.113,3600.046,9.849,7.25,1.731926956975203e7,1.1722345929404957e7,1.7319269569752034e7
