instance,it_bb,it_box,p_true_pb,runtime_bb,runtime_box,runtime_pb,zeta_box,θ_bb,θ_box,θ_pb
1,38291,162,1,3600.001,1974.85,10.159,0.28571428571428825,2.2838625621208005e7,2.0810306294104554e7,2.4409793810916632e7
