instance,it_bb,it_box,p_true_pb,runtime_bb,runtime_box,runtime_pb,zeta_box,θ_bb,θ_box,θ_pb
16,37934,130,1,3600.133,840.246,11.018,1.0,2.5621567689007908e7,2.2197662355488475e7,2.5739635466153074e7
