instance,it_bb,it_box,p_true_pb,runtime_bb,runtime_box,runtime_pb,zeta_box,θ_bb,θ_box,θ_pb
45,25461,48,1,3600.003,3600.042,9.848,10.555555555555555,1.9779804941836607e7,9.062687085206997e6,1.9779804941836603e7
