instance,it_bb,it_box,p_true_pb,runtime_bb,runtime_box,runtime_pb,zeta_box,θ_bb,θ_box,θ_pb
17,22004,37,1,3600.105,3600.037,10.01,12.909090909090907,1.0e20,8.105279105307264e6,2.1996133670677073e7
