instance,it_bb,it_box,p_true_pb,runtime_bb,runtime_box,runtime_pb,zeta_box,θ_bb,θ_box,θ_pb
37,12,11,1,0.536,3.258,12.831,0.25,2.3777136852275252e7,2.3777136852275252e7,2.3777136852275256e7
