instance,it_bb,it_box,p_true_pb,runtime_bb,runtime_box,runtime_pb,zeta_box,θ_bb,θ_box,θ_pb
49,29142,67,1,3600.115,3600.038,9.831,7.888888888888886,1.0e20,1.5598136849259235e7,2.6387892003404636e7
