instance,it_bb,it_box,p_true_pb,runtime_bb,runtime_box,runtime_pb,zeta_box,θ_bb,θ_box,θ_pb
2,21715,33,1,3600.167,3600.041,10.157,9.099999999999957,1.0e20,6.3527879147093715e6,1.653400754527122e7
