instance,it_bb,it_box,p_true_pb,runtime_bb,runtime_box,runtime_pb,zeta_box,θ_bb,θ_box,θ_pb
34,12,10,1,0.402,2.355,9.78,0.12499999999999734,1.5047933805035273e7,1.5047933805035273e7,1.5047933805035273e7
