instance,it_bb,it_box,p_true_pb,runtime_bb,runtime_box,runtime_pb,zeta_box,θ_bb,θ_box,θ_pb
32,41999,143,1,3600.125,830.195,10.033,0.12500000000000056,2.330220927360396e7,1.97174186123263e7,2.340764645869537e7
