instance,it_bb,it_box,p_true_pb,runtime_bb,runtime_box,runtime_pb,zeta_box,θ_bb,θ_box,θ_pb
43,33440,83,1,3600.093,3600.03,8.247,8.0,2.9538757957636148e7,1.8078457695257638e7,2.953875795763614e7
