instance,it_bb,it_box,p_true_pb,runtime_bb,runtime_box,runtime_pb,zeta_box,θ_bb,θ_box,θ_pb
49,25495,48,1,3600.2,3600.053,9.567,10.181818181818182,1.0e20,1.1752284846723283e7,2.6387892003404636e7
