instance,it_bb,it_box,p_true_pb,runtime_bb,runtime_box,runtime_pb,zeta_box,θ_bb,θ_box,θ_pb
9,20479,28,1,3600.21,3600.032,9.914,14.666666666666666,1.0e20,1.0284389117113357e7,3.3337186985151194e7
