instance,it_bb,it_box,p_true_pb,runtime_bb,runtime_box,runtime_pb,zeta_box,θ_bb,θ_box,θ_pb
41,43637,195,1,3600.044,2389.575,9.462,0.6666666666666696,2.700950522036587e7,2.360305242904586e7,2.725282394138832e7
