instance,it_bb,it_box,p_true_pb,runtime_bb,runtime_box,runtime_pb,zeta_box,θ_bb,θ_box,θ_pb
1,19093,34,1,3600.189,3600.044,11.0,11.444444444444445,1.0e20,9.224372870607954e6,2.4409793810916632e7
