instance,it_bb,it_box,p_true_pb,runtime_bb,runtime_box,runtime_pb,zeta_box,θ_bb,θ_box,θ_pb
30,26464,74,1,3600.038,3600.069,12.112,0.0,1.8856032006306e7,1.2717381116956366e7,1.8856032006306e7
