instance,it_bb,it_box,p_true_pb,runtime_bb,runtime_box,runtime_pb,zeta_box,θ_bb,θ_box,θ_pb
15,31542,73,1,3600.199,3600.048,8.957,0.0,2.263432073863759e7,1.5198986790927328e7,2.2634320738637585e7
