instance,it_bb,it_box,p_true_pb,runtime_bb,runtime_box,runtime_pb,zeta_box,θ_bb,θ_box,θ_pb
45,40649,140,1,3600.001,334.942,10.145,4.999905044655861e-6,1.8124324577053946e7,1.6033125260105228e7,1.9779804941836603e7
