instance,it_bb,it_box,p_true_pb,runtime_bb,runtime_box,runtime_pb,zeta_box,θ_bb,θ_box,θ_pb
22,30026,72,1,3600.118,3600.048,9.044,9.125000000000004,1.0e20,1.7450567239298366e7,2.8066699103712533e7
