instance,it_bb,it_box,p_true_pb,runtime_bb,runtime_box,runtime_pb,zeta_box,θ_bb,θ_box,θ_pb
18,33117,72,1,3600.164,3600.051,7.677,9.0,3.2835757780675065e7,2.0146613291326214e7,3.2835757780675057e7
