instance,it_bb,it_box,p_true_pb,runtime_bb,runtime_box,runtime_pb,zeta_box,θ_bb,θ_box,θ_pb
7,38926,129,1,3600.097,727.05,9.396,2.571428571428573,1.76247442145064e7,1.5752272594869971e7,1.7845034406448152e7
