instance,it_bb,it_box,p_true_pb,runtime_bb,runtime_box,runtime_pb,zeta_box,θ_bb,θ_box,θ_pb
30,25656,48,1,3600.046,3600.031,10.182,8.222222222222221,1.8856032006306004e7,9.100157974519921e6,1.8856032006306e7
