instance,it_bb,it_box,p_true_pb,runtime_bb,runtime_box,runtime_pb,zeta_box,θ_bb,θ_box,θ_pb
31,28093,82,1,3600.104,3600.05,10.092,0.0,2.7648161193440635e7,1.7555046267779052e7,2.764816119344063e7
