instance,it_bb,it_box,p_true_pb,runtime_bb,runtime_box,runtime_pb,zeta_box,θ_bb,θ_box,θ_pb
44,25388,51,1,3600.103,3600.077,10.518,10.166666666666666,1.9924065573182486e7,1.1385941923172707e7,1.9924065573182486e7
