instance,it_bb,it_box,p_true_pb,runtime_bb,runtime_box,runtime_pb,zeta_box,θ_bb,θ_box,θ_pb
24,27986,66,1,3600.074,3600.063,11.443,0.0,1.731926956975203e7,1.1722346101841372e7,1.7319269569752034e7
