instance,it_bb,it_box,p_true_pb,runtime_bb,runtime_box,runtime_pb,zeta_box,θ_bb,θ_box,θ_pb
20,32164,63,1,3600.138,3600.028,7.648,9.142857142857144,3.1348776007204417e7,1.985461055064978e7,3.1348776007204413e7
