instance,it_bb,it_box,p_true_pb,runtime_bb,runtime_box,runtime_pb,zeta_box,θ_bb,θ_box,θ_pb
4,39730,164,1,3600.101,3600.029,8.965,1.8333333333333357,3.025155404959948e7,2.5606788072359614e7,3.025155404959948e7
