instance,it_bb,it_box,p_true_pb,runtime_bb,runtime_box,runtime_pb,zeta_box,θ_bb,θ_box,θ_pb
21,31031,80,1,3600.042,3600.033,19.771,8.857142857142858,1.0e20,1.914114300581515e7,3.0900317830647126e7
