instance,it_bb,it_box,p_true_pb,runtime_bb,runtime_box,runtime_pb,zeta_box,θ_bb,θ_box,θ_pb
8,26785,79,1,3600.213,3600.048,11.602,0.0,1.8889502087094277e7,1.3155538577505613e7,1.8889502087094273e7
