instance,it_bb,it_box,p_true_pb,runtime_bb,runtime_box,runtime_pb,zeta_box,θ_bb,θ_box,θ_pb
39,32504,74,1,3600.16,3600.047,8.332,7.0,2.073595127362171e7,1.3748054927211128e7,2.0735951273621704e7
