instance,it_bb,it_box,p_true_pb,runtime_bb,runtime_box,runtime_pb,zeta_box,θ_bb,θ_box,θ_pb
26,22228,32,1,3600.194,3600.056,11.439,13.999999999999998,1.0e20,1.1269499980444217e7,3.330554630974638e7
