instance,it_bb,it_box,p_true_pb,runtime_bb,runtime_box,runtime_pb,zeta_box,θ_bb,θ_box,θ_pb
5,30688,75,1,3600.089,3600.038,9.679,8.625,2.3953345010687765e7,1.5814124161776394e7,2.395334501068777e7
