instance,it_bb,it_box,p_true_pb,runtime_bb,runtime_box,runtime_pb,zeta_box,θ_bb,θ_box,θ_pb
14,29334,85,1,3600.181,3600.033,9.148,3.7142857142857135,2.0617483706127007e7,1.2998485286855955e7,2.0617483706127003e7
