instance,it_bb,it_box,p_true_pb,runtime_bb,runtime_box,runtime_pb,zeta_box,θ_bb,θ_box,θ_pb
16,30473,66,1,3600.175,3600.035,8.989,0.0,2.573963546615307e7,1.688461854404305e7,2.5739635466153074e7
