instance,it_bb,it_box,p_true_pb,runtime_bb,runtime_box,runtime_pb,zeta_box,θ_bb,θ_box,θ_pb
42,21125,35,1,3600.254,3600.121,10.246,11.555555555555555,1.0e20,9.047092464202587e6,2.4485593232169252e7
