instance,it_bb,it_box,p_true_pb,runtime_bb,runtime_box,runtime_pb,zeta_box,θ_bb,θ_box,θ_pb
36,27051,76,1,3600.127,3600.033,12.224,0.0,1.6498215224322101e7,1.1422268881982425e7,1.64982152243221e7
