instance,it_bb,it_box,p_true_pb,runtime_bb,runtime_box,runtime_pb,zeta_box,θ_bb,θ_box,θ_pb
16,25481,50,1,3600.009,3600.051,9.418,10.999999999999998,1.0e20,1.3224602675383214e7,2.5739635466153074e7
