instance,it_bb,it_box,p_true_pb,runtime_bb,runtime_box,runtime_pb,zeta_box,θ_bb,θ_box,θ_pb
41,24774,51,1,3600.269,3600.058,9.393,9.399999999999999,2.7252823941388316e7,1.3505387967348026e7,2.725282394138832e7
