instance,it_bb,it_box,p_true_pb,runtime_bb,runtime_box,runtime_pb,zeta_box,θ_bb,θ_box,θ_pb
1,32573,71,1,3600.063,3600.04,9.529,9.0,2.4409793810916636e7,1.5523510434810072e7,2.4409793810916632e7
