instance,it_bb,it_box,p_true_pb,runtime_bb,runtime_box,runtime_pb,zeta_box,θ_bb,θ_box,θ_pb
19,27237,44,1,3600.033,3600.038,9.617,10.8,1.9879581681345098e7,9.940175896074837e6,1.98795816813451e7
