instance,it_bb,it_box,p_true_pb,runtime_bb,runtime_box,runtime_pb,zeta_box,θ_bb,θ_box,θ_pb
40,25199,57,1,3600.033,3600.065,10.649,6.0,1.2938621968641743e7,7.953343983285375e6,1.2938621968641749e7
