instance,it_bb,it_box,p_true_pb,runtime_bb,runtime_box,runtime_pb,zeta_box,θ_bb,θ_box,θ_pb
10,39142,188,1,3600.002,2356.991,9.684,0.22222222222222143,2.5870036679251157e7,2.2699763582342826e7,2.599684386280309e7
