instance,it_bb,it_box,p_true_pb,runtime_bb,runtime_box,runtime_pb,zeta_box,θ_bb,θ_box,θ_pb
46,26473,85,1,3600.05,3600.061,10.24,0.0,1.770216165497046e7,1.1591335607836893e7,1.7702161654970456e7
