instance,it_bb,it_box,p_true_pb,runtime_bb,runtime_box,runtime_pb,zeta_box,θ_bb,θ_box,θ_pb
12,22857,55,1,3600.215,3600.06,11.555,8.0,1.4475224046683043e7,7.190453585453077e6,1.4475224046683045e7
