instance,it_bb,it_box,p_true_pb,runtime_bb,runtime_box,runtime_pb,zeta_box,θ_bb,θ_box,θ_pb
23,30233,64,1,3600.138,3600.031,9.52,9.909090909090908,1.0e20,1.740078027960133e7,3.0011319913532346e7
