instance,it_bb,it_box,p_true_pb,runtime_bb,runtime_box,runtime_pb,zeta_box,θ_bb,θ_box,θ_pb
20,28903,70,1,3600.08,3600.094,9.806,0.0,3.1348776007204417e7,1.950633038987275e7,3.1348776007204413e7
