instance,it_bb,it_box,p_true_pb,runtime_bb,runtime_box,runtime_pb,zeta_box,θ_bb,θ_box,θ_pb
12,31452,74,1,3600.099,3600.042,9.321,7.5,1.4475224046683043e7,1.0065998412248464e7,1.4475224046683045e7
