instance,it_bb,it_box,p_true_pb,runtime_bb,runtime_box,runtime_pb,zeta_box,θ_bb,θ_box,θ_pb
38,25108,33,1,3600.096,3600.025,8.991,13.444444444444438,1.0e20,8.508675432525104e6,2.5188591276747555e7
