instance,it_bb,it_box,p_true_pb,runtime_bb,runtime_box,runtime_pb,zeta_box,θ_bb,θ_box,θ_pb
21,42270,163,1,3600.003,848.791,9.743,0.125,3.0650128164713398e7,2.5771219469336435e7,3.0900317830647126e7
