instance,it_bb,it_box,p_true_pb,runtime_bb,runtime_box,runtime_pb,zeta_box,θ_bb,θ_box,θ_pb
45,22686,38,1,3600.011,3600.044,12.605,10.166666666666666,1.0e20,7.145948857565209e6,1.9779804941836603e7
