instance,it_bb,it_box,p_true_pb,runtime_bb,runtime_box,runtime_pb,zeta_box,θ_bb,θ_box,θ_pb
30,58113,103,1,3600.123,148.952,9.647,0.2857142857142858,1.7432586118979014e7,1.6225102132668165e7,1.8856032006306e7
