instance,it_bb,it_box,p_true_pb,runtime_bb,runtime_box,runtime_pb,zeta_box,θ_bb,θ_box,θ_pb
5,24745,50,1,3600.051,3600.058,10.192,10.454545454545455,1.0e20,1.2442135961575259e7,2.395334501068777e7
