instance,it_bb,it_box,p_true_pb,runtime_bb,runtime_box,runtime_pb,zeta_box,θ_bb,θ_box,θ_pb
50,29411,77,1,3600.009,3600.054,10.215,7.125,2.511804342779971e7,1.7379068890137084e7,2.5118043427799705e7
