instance,it_bb,it_box,p_true_pb,runtime_bb,runtime_box,runtime_pb,zeta_box,θ_bb,θ_box,θ_pb
43,13,13,1,0.397,2.592,10.566,2.000000000000007,2.9538757957636148e7,2.9538757957636148e7,2.953875795763614e7
