instance,it_bb,it_box,p_true_pb,runtime_bb,runtime_box,runtime_pb,zeta_box,θ_bb,θ_box,θ_pb
13,30895,90,1,3600.171,3600.037,9.01,4.666666666666671,1.9385874796476655e7,1.3290122024693582e7,1.9385874796476662e7
