instance,it_bb,it_box,p_true_pb,runtime_bb,runtime_box,runtime_pb,zeta_box,θ_bb,θ_box,θ_pb
33,22455,53,1,3600.149,3600.094,10.656,10.100000000000001,1.0e20,1.276594620489679e7,2.878150150650062e7
