instance,it_bb,it_box,p_true_pb,runtime_bb,runtime_box,runtime_pb,zeta_box,θ_bb,θ_box,θ_pb
48,29048,77,1,3600.077,3600.045,11.094,6.777777777777779,1.0e20,1.8438754714571036e7,2.8681813747033477e7
