instance,it_bb,it_box,p_true_pb,runtime_bb,runtime_box,runtime_pb,zeta_box,θ_bb,θ_box,θ_pb
12,21709,36,1,3600.266,3600.104,10.319,10.0,1.4475224046683043e7,5.5607972635343075e6,1.4475224046683045e7
