instance,it_bb,it_box,p_true_pb,runtime_bb,runtime_box,runtime_pb,zeta_box,θ_bb,θ_box,θ_pb
39,23611,46,1,3600.137,3600.06,10.774,9.444444445488891,2.073595127362171e7,1.0998572962524962e7,2.0735951273621704e7
