instance,it_bb,it_box,p_true_pb,runtime_bb,runtime_box,runtime_pb,zeta_box,θ_bb,θ_box,θ_pb
44,31119,83,1,3600.168,3600.046,9.476,0.0,1.9924065573182486e7,1.4345626669541998e7,1.9924065573182486e7
