instance,it_bb,it_box,p_true_pb,runtime_bb,runtime_box,runtime_pb,zeta_box,θ_bb,θ_box,θ_pb
26,30607,73,1,3600.065,3600.039,8.974,8.777777777777779,3.330554630974638e7,1.97831340397862e7,3.330554630974638e7
