instance,it_bb,it_box,p_true_pb,runtime_bb,runtime_box,runtime_pb,zeta_box,θ_bb,θ_box,θ_pb
13,33074,95,1,3600.056,3600.034,9.065,4.0,1.9385874796476655e7,1.3411946203094495e7,1.9385874796476662e7
