instance,it_bb,it_box,p_true_pb,runtime_bb,runtime_box,runtime_pb,zeta_box,θ_bb,θ_box,θ_pb
21,13,12,1,0.487,2.903,13.231,1.1428571428571423,3.0900317830647126e7,3.0900317830647126e7,3.0900317830647126e7
