instance,it_bb,it_box,p_true_pb,runtime_bb,runtime_box,runtime_pb,zeta_box,θ_bb,θ_box,θ_pb
4,24473,45,1,3600.07,3600.048,10.048,11.888888888888879,1.0e20,1.7865572156583484e7,3.025155404959948e7
