instance,it_bb,it_box,p_true_pb,runtime_bb,runtime_box,runtime_pb,zeta_box,θ_bb,θ_box,θ_pb
8,24505,71,1,3600.211,3600.085,12.956,6.333333333333332,1.8889502087094277e7,1.3043043046101023e7,1.8889502087094273e7
