instance,it_bb,it_box,p_true_pb,runtime_bb,runtime_box,runtime_pb,zeta_box,θ_bb,θ_box,θ_pb
36,25833,49,1,3600.194,3600.047,9.862,7.0,1.6498215224322101e7,8.88417903672457e6,1.64982152243221e7
