instance,it_bb,it_box,p_true_pb,runtime_bb,runtime_box,runtime_pb,zeta_box,θ_bb,θ_box,θ_pb
17,36896,190,1,3600.124,3554.576,9.719,0.44444444444444464,2.1907083123233497e7,1.8879406688910022e7,2.1996133670677073e7
