instance,it_bb,it_box,p_true_pb,runtime_bb,runtime_box,runtime_pb,zeta_box,θ_bb,θ_box,θ_pb
37,26514,51,1,3600.178,3600.028,9.654,11.333333333333334,1.0e20,1.0706321829762446e7,2.3777136852275256e7
