instance,it_bb,it_box,p_true_pb,runtime_bb,runtime_box,runtime_pb,zeta_box,θ_bb,θ_box,θ_pb
37,33757,80,1,3600.205,3600.036,8.15,8.166666666666668,2.3777136852275252e7,1.4875497843701605e7,2.3777136852275256e7
