instance,it_bb,it_box,p_true_pb,runtime_bb,runtime_box,runtime_pb,zeta_box,θ_bb,θ_box,θ_pb
43,28772,83,1,3600.11,3600.034,10.047,8.0,2.9538757957636148e7,1.8078457695257638e7,2.953875795763614e7
