instance,it_bb,it_box,p_true_pb,runtime_bb,runtime_box,runtime_pb,zeta_box,θ_bb,θ_box,θ_pb
43,43530,166,1,3600.045,893.322,9.864,0.25,2.942060551373421e7,2.4458202869852923e7,2.953875795763614e7
