instance,it_bb,it_box,p_true_pb,runtime_bb,runtime_box,runtime_pb,zeta_box,θ_bb,θ_box,θ_pb
7,29096,60,1,3600.075,3600.058,8.926,7.57142857142857,1.7845034406448156e7,1.1566752647178901e7,1.7845034406448152e7
