instance,it_bb,it_box,p_true_pb,runtime_bb,runtime_box,runtime_pb,zeta_box,θ_bb,θ_box,θ_pb
14,24696,58,1,3600.185,3600.103,10.874,6.333333333333267,1.0e20,9.749340574947607e6,2.0617483706127003e7
