instance,it_bb,it_box,p_true_pb,runtime_bb,runtime_box,runtime_pb,zeta_box,θ_bb,θ_box,θ_pb
15,25548,50,1,3600.116,3600.053,9.991,10.500000000000007,2.2634320738637585e7,1.1371941632189877e7,2.2634320738637585e7
