instance,it_bb,it_box,p_true_pb,runtime_bb,runtime_box,runtime_pb,zeta_box,θ_bb,θ_box,θ_pb
50,23655,31,1,3600.226,3600.025,10.128,12.285714285714286,2.511804342779971e7,9.640322897634884e6,2.5118043427799705e7
