instance,it_bb,it_box,p_true_pb,runtime_bb,runtime_box,runtime_pb,zeta_box,θ_bb,θ_box,θ_pb
16,33520,68,1,3600.183,3600.04,7.649,10.88888888888889,2.573963546615307e7,1.700264731261397e7,2.5739635466153074e7
