instance,it_bb,it_box,p_true_pb,runtime_bb,runtime_box,runtime_pb,zeta_box,θ_bb,θ_box,θ_pb
27,37503,192,1,3600.078,3600.032,10.293,0.6666666666666643,2.628900373644217e7,2.253362692180784e7,2.6289003736442175e7
