instance,it_bb,it_box,p_true_pb,runtime_bb,runtime_box,runtime_pb,zeta_box,θ_bb,θ_box,θ_pb
36,47283,82,1,3600.128,101.389,8.974,1.3333330850104428,1.6267485945729202e7,1.4306287039236275e7,1.64982152243221e7
