instance,it_bb,it_box,p_true_pb,runtime_bb,runtime_box,runtime_pb,zeta_box,θ_bb,θ_box,θ_pb
42,36581,129,1,3600.087,427.179,9.895,5.601883401595842e-6,2.4244364832091767e7,2.086715675155685e7,2.4485593232169252e7
