instance,it_bb,it_box,p_true_pb,runtime_bb,runtime_box,runtime_pb,zeta_box,θ_bb,θ_box,θ_pb
41,21232,34,1,3600.028,3600.055,10.256,12.0,2.7252823941388324e7,1.0707184703504948e7,2.725282394138832e7
