instance,it_bb,it_box,p_true_pb,runtime_bb,runtime_box,runtime_pb,zeta_box,θ_bb,θ_box,θ_pb
36,25165,34,1,3600.001,3600.062,9.052,7.625000623563409,1.3498747243935864e7,7.153739383027654e6,1.64982152243221e7
