instance,it_bb,it_box,p_true_pb,runtime_bb,runtime_box,runtime_pb,zeta_box,θ_bb,θ_box,θ_pb
45,33085,79,1,3600.054,3600.031,8.222,5.666666666666675,1.9779804941836603e7,1.1850801014178261e7,1.9779804941836603e7
