instance,it_bb,it_box,p_true_pb,runtime_bb,runtime_box,runtime_pb,zeta_box,θ_bb,θ_box,θ_pb
2,30192,77,1,3600.127,3600.067,10.015,6.100000000000001,1.6534007545271218e7,1.1209772764220312e7,1.653400754527122e7
