instance,it_bb,it_box,p_true_pb,runtime_bb,runtime_box,runtime_pb,zeta_box,θ_bb,θ_box,θ_pb
11,29952,72,1,3600.049,3600.038,9.169,6.0,2.8355840183994696e7,1.8818181840644382e7,2.8355840183994703e7
