instance,it_bb,it_box,p_true_pb,runtime_bb,runtime_box,runtime_pb,zeta_box,θ_bb,θ_box,θ_pb
25,24055,42,1,3600.144,3600.028,10.245,12.166666666666668,1.0e20,1.5576326980971454e7,3.705442237288461e7
