instance,it_bb,it_box,p_true_pb,runtime_bb,runtime_box,runtime_pb,zeta_box,θ_bb,θ_box,θ_pb
12,40289,153,1,3600.119,230.264,9.747,0.2857142858428574,1.4379369990952471e7,1.2941563813857393e7,1.4475224046683045e7
