instance,it_bb,it_box,p_true_pb,runtime_bb,runtime_box,runtime_pb,zeta_box,θ_bb,θ_box,θ_pb
47,32497,73,1,3600.12,3600.055,8.241,8.5,2.502309563549241e7,1.5496924384504199e7,2.5023095635492407e7
