instance,it_bb,it_box,p_true_pb,runtime_bb,runtime_box,runtime_pb,zeta_box,θ_bb,θ_box,θ_pb
27,20648,32,1,3600.204,3600.073,10.166,13.600000000000001,1.0e20,9.058413032525018e6,2.6289003736442175e7
