instance,it_bb,it_box,p_true_pb,runtime_bb,runtime_box,runtime_pb,zeta_box,θ_bb,θ_box,θ_pb
6,25512,45,1,3600.14,3600.078,9.631,10.28571428571428,1.0e20,1.3516309015997099e7,2.7509778545525823e7
