instance,it_bb,it_box,p_true_pb,runtime_bb,runtime_box,runtime_pb,zeta_box,θ_bb,θ_box,θ_pb
1,26358,70,1,3600.267,3600.06,12.518,7.1111111111110965,2.4409793810916636e7,1.5523468786485791e7,2.4409793810916632e7
