instance,it_bb,it_box,p_true_pb,runtime_bb,runtime_box,runtime_pb,zeta_box,θ_bb,θ_box,θ_pb
13,21463,36,1,3600.111,3600.03,10.331,7.999999999999998,1.938587479647666e7,7.560370608542504e6,1.9385874796476662e7
