instance,it_bb,it_box,p_true_pb,runtime_bb,runtime_box,runtime_pb,zeta_box,θ_bb,θ_box,θ_pb
30,33845,78,1,3600.108,3600.034,8.403,6.0,1.8856032006306e7,1.2826861839167157e7,1.8856032006306e7
