instance,it_bb,it_box,p_true_pb,runtime_bb,runtime_box,runtime_pb,zeta_box,θ_bb,θ_box,θ_pb
18,26979,70,1,3600.285,3600.077,13.389,0.0,3.2835757780675065e7,2.0146571777584266e7,3.2835757780675057e7
