instance,it_bb,it_box,p_true_pb,runtime_bb,runtime_box,runtime_pb,zeta_box,θ_bb,θ_box,θ_pb
24,22238,29,1,3600.22,3600.057,11.09,11.000000000000002,1.0e20,6.336637483718494e6,1.7319269569752034e7
