instance,it_bb,it_box,p_true_pb,runtime_bb,runtime_box,runtime_pb,zeta_box,θ_bb,θ_box,θ_pb
28,23516,42,1,3600.014,3600.055,10.048,11.222222222222221,1.0e20,1.1580305593686782e7,2.5745027317760058e7
