instance,it_bb,it_box,p_true_pb,runtime_bb,runtime_box,runtime_pb,zeta_box,θ_bb,θ_box,θ_pb
7,10,9,1,0.416,2.891,12.949,1.0,1.7845034406448156e7,1.7845034406448156e7,1.7845034406448152e7
