instance,it_bb,it_box,p_true_pb,runtime_bb,runtime_box,runtime_pb,zeta_box,θ_bb,θ_box,θ_pb
27,14,13,1,0.417,2.379,9.685,0.5000000001500098,2.6289003736442175e7,2.6289003736442175e7,2.6289003736442175e7
