instance,it_bb,it_box,p_true_pb,runtime_bb,runtime_box,runtime_pb,zeta_box,θ_bb,θ_box,θ_pb
18,32283,205,1,3600.115,3389.795,15.097,0.12499999999999645,3.283575778067506e7,2.7472282021373946e7,3.2835757780675057e7
