instance,it_bb,it_box,p_true_pb,runtime_bb,runtime_box,runtime_pb,zeta_box,θ_bb,θ_box,θ_pb
12,33726,74,1,3600.058,3600.04,8.961,7.5,1.4475224046683043e7,1.0065997096140984e7,1.4475224046683045e7
