instance,it_bb,it_box,p_true_pb,runtime_bb,runtime_box,runtime_pb,zeta_box,θ_bb,θ_box,θ_pb
13,26282,67,1,3600.062,3600.04,10.284,6.571428571428572,1.9385874796476655e7,9.754380384828418e6,1.9385874796476662e7
