instance,it_bb,it_box,p_true_pb,runtime_bb,runtime_box,runtime_pb,zeta_box,θ_bb,θ_box,θ_pb
42,34143,83,1,3600.053,3600.03,8.316,11.0,2.448559323216926e7,1.6525055020894725e7,2.4485593232169252e7
