instance,it_bb,it_box,p_true_pb,runtime_bb,runtime_box,runtime_pb,zeta_box,θ_bb,θ_box,θ_pb
11,26735,68,1,3600.001,3600.057,11.44,0.0,2.8355840183994696e7,1.856046128905284e7,2.8355840183994703e7
