instance,it_bb,it_box,p_true_pb,runtime_bb,runtime_box,runtime_pb,zeta_box,θ_bb,θ_box,θ_pb
45,29433,69,1,3600.194,3600.03,9.288,0.0,1.9779804941836603e7,1.1415195690044332e7,1.9779804941836603e7
