instance,it_bb,it_box,p_true_pb,runtime_bb,runtime_box,runtime_pb,zeta_box,θ_bb,θ_box,θ_pb
39,10,9,1,0.564,2.327,9.168,1.0000000000000493,2.073595127362171e7,2.073595127362171e7,2.0735951273621704e7
