instance,it_bb,it_box,p_true_pb,runtime_bb,runtime_box,runtime_pb,zeta_box,θ_bb,θ_box,θ_pb
39,40797,119,1,3600.043,190.467,11.036,0.571428571428573,2.0392271189822838e7,1.7757390547364816e7,2.0735951273621704e7
