instance,it_bb,it_box,p_true_pb,runtime_bb,runtime_box,runtime_pb,zeta_box,θ_bb,θ_box,θ_pb
37,31188,79,1,3600.016,3600.034,10.28,8.142857142857142,2.3777136852275252e7,1.4875368195852041e7,2.3777136852275256e7
