instance,it_bb,it_box,p_true_pb,runtime_bb,runtime_box,runtime_pb,zeta_box,θ_bb,θ_box,θ_pb
15,23343,38,1,3600.213,3600.043,9.088,10.857145963399566,2.263432073863759e7,8.966893901121687e6,2.2634320738637585e7
