instance,it_bb,it_box,p_true_pb,runtime_bb,runtime_box,runtime_pb,zeta_box,θ_bb,θ_box,θ_pb
42,24694,52,1,3600.077,3600.045,9.328,10.333333333333334,1.0e20,1.170047576063148e7,2.4485593232169252e7
