instance,it_bb,it_box,p_true_pb,runtime_bb,runtime_box,runtime_pb,zeta_box,θ_bb,θ_box,θ_pb
39,23609,40,1,3600.066,3600.048,9.124,10.0,2.073595127362171e7,8.478280788008401e6,2.0735951273621704e7
