instance,it_bb,it_box,p_true_pb,runtime_bb,runtime_box,runtime_pb,zeta_box,θ_bb,θ_box,θ_pb
4,25245,71,1,3600.127,3600.056,10.372,11.250000000000014,1.0e20,1.798463125347241e7,3.025155404959948e7
