instance,it_bb,it_box,p_true_pb,runtime_bb,runtime_box,runtime_pb,zeta_box,θ_bb,θ_box,θ_pb
17,32029,67,1,3600.145,3600.032,9.233,10.333333333333334,1.0e20,1.353642536247338e7,2.1996133670677073e7
