instance,it_bb,it_box,p_true_pb,runtime_bb,runtime_box,runtime_pb,zeta_box,θ_bb,θ_box,θ_pb
49,21747,31,1,3600.236,3600.052,10.122,12.363636363636363,1.0e20,8.227026670528842e6,2.6387892003404636e7
