instance,it_bb,it_box,p_true_pb,runtime_bb,runtime_box,runtime_pb,zeta_box,θ_bb,θ_box,θ_pb
11,39178,134,1,3600.055,499.051,11.064,0.125,2.822695263610895e7,2.46181189817463e7,2.8355840183994703e7
