instance,it_bb,it_box,p_true_pb,runtime_bb,runtime_box,runtime_pb,zeta_box,θ_bb,θ_box,θ_pb
33,41321,201,1,3600.076,3600.048,9.701,0.6666666666666643,2.866108486252798e7,2.396476485969979e7,2.878150150650062e7
