instance,it_bb,it_box,p_true_pb,runtime_bb,runtime_box,runtime_pb,zeta_box,θ_bb,θ_box,θ_pb
50,27095,53,1,3600.108,3600.027,9.286,11.857142857142852,2.511804342779971e7,1.303437916684367e7,2.5118043427799705e7
