instance,it_bb,it_box,p_true_pb,runtime_bb,runtime_box,runtime_pb,zeta_box,θ_bb,θ_box,θ_pb
37,27850,79,1,3600.118,3600.044,11.079,0.0,2.3777136852275252e7,1.4875368195852041e7,2.3777136852275256e7
