instance,it_bb,it_box,p_true_pb,runtime_bb,runtime_box,runtime_pb,zeta_box,θ_bb,θ_box,θ_pb
11,31060,65,1,3600.112,3600.023,9.177,9.714285714285715,2.8355840183994696e7,1.843151276451374e7,2.8355840183994703e7
