instance,it_bb,it_box,p_true_pb,runtime_bb,runtime_box,runtime_pb,zeta_box,θ_bb,θ_box,θ_pb
46,8,6,1,0.416,2.891,13.027,2.0,1.7151552839715354e7,1.7151552839715354e7,1.7151552839715358e7
