instance,it_bb,it_box,p_true_pb,runtime_bb,runtime_box,runtime_pb,zeta_box,θ_bb,θ_box,θ_pb
20,34524,56,1,764.263,18.629,9.981,2.0,2.0229636410773214e7,2.0229636410773214e7,2.0488904611677222e7
