instance,it_bb,it_box,p_true_pb,runtime_bb,runtime_box,runtime_pb,zeta_box,θ_bb,θ_box,θ_pb
25,24680,50,1,3600.088,3600.048,9.774,10.470588605079854,3.4531024717598476e7,2.0771583055450667e7,3.47858277608064e7
