instance,it_bb,it_box,p_true_pb,runtime_bb,runtime_box,runtime_pb,zeta_box,θ_bb,θ_box,θ_pb
32,4,4,1,0.256,2.014,9.285,1.0000000002000036,6.208836794696644e6,6.208836794696644e6,6.208836794696645e6
