instance,it_bb,it_box,p_true_pb,runtime_bb,runtime_box,runtime_pb,zeta_box,θ_bb,θ_box,θ_pb
26,28545,114,1,3600.007,3600.044,9.671,4.3,2.1617654205078702e7,1.9710587549131013e7,2.1617654205078714e7
