instance,it_bb,it_box,p_true_pb,runtime_bb,runtime_box,runtime_pb,zeta_box,θ_bb,θ_box,θ_pb
30,20248,30,1,462.67,9.264,12.725,1.0,1.1924184685926683e7,1.1924184685926687e7,1.1924184685926687e7
