instance,it_bb,it_box,p_true_pb,runtime_bb,runtime_box,runtime_pb,zeta_box,θ_bb,θ_box,θ_pb
46,13836,54,1,321.157,32.387,11.114,1.0,1.7151552839715354e7,1.7151552839715358e7,1.7151552839715358e7
