instance,it_bb,it_box,p_true_pb,runtime_bb,runtime_box,runtime_pb,zeta_box,θ_bb,θ_box,θ_pb
27,22813,48,1,3600.003,3600.093,8.995,9.000000000000027,2.8599440150214348e7,1.8092610980940253e7,2.859944015021435e7
