instance,it_bb,it_box,p_true_pb,runtime_bb,runtime_box,runtime_pb,zeta_box,θ_bb,θ_box,θ_pb
32,73698,87,1,3600.043,331.823,9.446,0.9999972952751364,5.955499075436365e6,6.208836794696643e6,6.208836794696645e6
