instance,it_bb,it_box,p_true_pb,runtime_bb,runtime_box,runtime_pb,zeta_box,θ_bb,θ_box,θ_pb
32,21358,57,1,3600.293,3600.073,10.684,4.0,6.208836794696311e6,4.308838693674e6,6.208836794696645e6
