instance,it_bb,it_box,p_true_pb,runtime_bb,runtime_box,runtime_pb,zeta_box,θ_bb,θ_box,θ_pb
2,36630,148,1,3600.169,3600.079,9.593,2.0,1.149665164379248e7,1.1229382129986979e7,1.1496651643792486e7
