instance,it_bb,it_box,p_true_pb,runtime_bb,runtime_box,runtime_pb,zeta_box,θ_bb,θ_box,θ_pb
49,30464,73,1,3600.159,3600.046,9.97,4.999999999999997,2.098056307141355e7,1.7332267135654707e7,2.111085068664574e7
