instance,it_bb,it_box,p_true_pb,runtime_bb,runtime_box,runtime_pb,zeta_box,θ_bb,θ_box,θ_pb
39,7,5,1,0.375,2.548,11.315,1.0,2.5235703452142544e7,2.5235703452142544e7,2.5231684680199694e7
