instance,it_bb,it_box,p_true_pb,runtime_bb,runtime_box,runtime_pb,zeta_box,θ_bb,θ_box,θ_pb
27,18251,34,1,3600.107,3600.067,9.229,9.0,2.8599440150214348e7,1.4767661110672705e7,2.859944015021435e7
