instance,it_bb,it_box,p_true_pb,runtime_bb,runtime_box,runtime_pb,zeta_box,θ_bb,θ_box,θ_pb
42,22839,53,1,3600.154,3600.092,9.289,9.92857142857143,4.290750012038994e7,2.6208165332378075e7,4.2907500120389946e7
