instance,it_bb,it_box,p_true_pb,runtime_bb,runtime_box,runtime_pb,zeta_box,θ_bb,θ_box,θ_pb
14,25010,46,1,3600.057,3600.041,9.147,12.0,2.5926874240042426e7,1.6621159449403774e7,2.592687424004243e7
