instance,it_bb,it_box,p_true_pb,runtime_bb,runtime_box,runtime_pb,zeta_box,θ_bb,θ_box,θ_pb
21,23866,78,1,3600.06,3600.066,10.992,6.999999999999999,1.6664305036788182e7,1.3490585399960423e7,1.6664305036788184e7
