instance,it_bb,it_box,p_true_pb,runtime_bb,runtime_box,runtime_pb,zeta_box,θ_bb,θ_box,θ_pb
11,20862,46,1,3600.147,3600.142,9.232,8.631578947368418,2.000962441116492e7,1.3805494569700029e7,2.000962441116493e7
