instance,it_bb,it_box,p_true_pb,runtime_bb,runtime_box,runtime_pb,zeta_box,θ_bb,θ_box,θ_pb
10,31603,109,1,3600.058,3600.07,11.61,2.058823529411768,1.8764820726708204e7,1.6758857594088117e7,1.923681913453678e7
