instance,it_bb,it_box,p_true_pb,runtime_bb,runtime_box,runtime_pb,zeta_box,θ_bb,θ_box,θ_pb
9,26315,151,1,3600.246,3600.026,11.842,2.0,1.6394997648095224e7,1.545454562911712e7,1.6394997648095228e7
