instance,it_bb,it_box,p_true_pb,runtime_bb,runtime_box,runtime_pb,zeta_box,θ_bb,θ_box,θ_pb
12,25199,91,1,3600.046,3600.039,12.306,6.526315789473681,3.8193614069320634e7,3.0259977934172414e7,3.819361406932064e7
