instance,it_bb,it_box,p_true_pb,runtime_bb,runtime_box,runtime_pb,zeta_box,θ_bb,θ_box,θ_pb
19,44334,120,1,3600.02,193.584,10.427,0.12500000000000122,2.4419195497282248e7,2.4293984882719394e7,2.4794816191644862e7
