instance,it_bb,it_box,p_true_pb,runtime_bb,runtime_box,runtime_pb,zeta_box,θ_bb,θ_box,θ_pb
25,20103,36,1,3600.292,3600.046,9.849,13.0,3.47858277608064e7,1.6440113751310784e7,3.47858277608064e7
