instance,it_bb,it_box,p_true_pb,runtime_bb,runtime_box,runtime_pb,zeta_box,θ_bb,θ_box,θ_pb
27,7,7,1,0.389,2.592,11.219,2.1111111111111143,2.8601199051827163e7,2.8601199051827163e7,2.859944015021435e7
