instance,it_bb,it_box,p_true_pb,runtime_bb,runtime_box,runtime_pb,zeta_box,θ_bb,θ_box,θ_pb
6,27297,133,1,3600.002,3600.033,9.101,2.0,6.352019168100724e6,5.729623206390503e6,6.352019168100728e6
