instance,it_bb,it_box,p_true_pb,runtime_bb,runtime_box,runtime_pb,zeta_box,θ_bb,θ_box,θ_pb
44,39485,95,1,3600.001,727.495,9.426,0.7368421052631398,1.2628192332799513e7,1.2237784062759155e7,1.314874510022069e7
