instance,it_bb,it_box,p_true_pb,runtime_bb,runtime_box,runtime_pb,zeta_box,θ_bb,θ_box,θ_pb
47,20789,43,1,3600.001,3600.084,9.562,6.0,1.501279932111288e7,1.25520121702906e7,1.919622210499171e7
