instance,it_bb,it_box,p_true_pb,runtime_bb,runtime_box,runtime_pb,zeta_box,θ_bb,θ_box,θ_pb
27,63516,100,1,3600.047,160.238,9.235,0.5,2.7136398797415327e7,2.6338426464643434e7,2.859944015021435e7
