instance,it_bb,it_box,p_true_pb,runtime_bb,runtime_box,runtime_pb,zeta_box,θ_bb,θ_box,θ_pb
20,29819,81,1,3600.082,3600.049,10.384,3.0,2.0488904611677215e7,1.8415093936494276e7,2.0488904611677222e7
