instance,it_bb,it_box,p_true_pb,runtime_bb,runtime_box,runtime_pb,zeta_box,θ_bb,θ_box,θ_pb
14,21682,33,1,3600.098,3600.065,9.22,10.941176470588236,2.592687424004243e7,1.6621040612120159e7,2.592687424004243e7
