instance,it_bb,it_box,p_true_pb,runtime_bb,runtime_box,runtime_pb,zeta_box,θ_bb,θ_box,θ_pb
38,30183,122,1,3600.302,1085.647,10.228,1.0,1.6967352511957604e6,1.6967352511960731e6,1.6967352511960736e6
