instance,it_bb,it_box,p_true_pb,runtime_bb,runtime_box,runtime_pb,zeta_box,θ_bb,θ_box,θ_pb
4,21865,37,1,3600.14,3600.03,9.193,7.0,1.8942754857355084e7,1.1051568495132782e7,1.8942754857355088e7
