instance,it_bb,it_box,p_true_pb,runtime_bb,runtime_box,runtime_pb,zeta_box,θ_bb,θ_box,θ_pb
44,2134,46,1,28.744,10.138,9.965,1.0,1.3148745100220688e7,1.3148745100220691e7,1.314874510022069e7
