instance,it_bb,it_box,p_true_pb,runtime_bb,runtime_box,runtime_pb,zeta_box,θ_bb,θ_box,θ_pb
41,26725,109,1,3600.001,737.751,9.088,1.0,3.4441673367617577e6,3.973072141801375e6,3.9730721418013754e6
