instance,it_bb,it_box,p_true_pb,runtime_bb,runtime_box,runtime_pb,zeta_box,θ_bb,θ_box,θ_pb
48,20357,86,1,3600.018,3600.168,13.805,2.0,7.269176522967723e6,5.867125929019842e6,7.269176522967725e6
