instance,it_bb,it_box,p_true_pb,runtime_bb,runtime_box,runtime_pb,zeta_box,θ_bb,θ_box,θ_pb
6,24,21,1,0.579,5.5,11.818,1.0000000002000036,6.352019168100725e6,6.352019168100726e6,6.352019168100728e6
