instance,it_bb,it_box,p_true_pb,runtime_bb,runtime_box,runtime_pb,zeta_box,θ_bb,θ_box,θ_pb
18,20090,40,1,3600.199,3600.115,10.145,9.0,1.4983842791215867e7,1.0189732424439436e7,1.4983842791215867e7
