instance,it_bb,it_box,p_true_pb,runtime_bb,runtime_box,runtime_pb,zeta_box,θ_bb,θ_box,θ_pb
15,22791,71,1,3600.234,3600.048,9.18,8.0,1.0461057645312283e7,6.930859688802833e6,1.0461057645312289e7
