instance,it_bb,it_box,p_true_pb,runtime_bb,runtime_box,runtime_pb,zeta_box,θ_bb,θ_box,θ_pb
12,75463,119,1,3600.022,140.682,8.961,0.40000000000000213,3.551503089434959e7,3.5235395257550515e7,3.819361406932064e7
