instance,it_bb,it_box,p_true_pb,runtime_bb,runtime_box,runtime_pb,zeta_box,θ_bb,θ_box,θ_pb
27,44033,100,1,3600.032,268.419,10.098,0.5,2.726940255676069e7,2.6338426464643434e7,2.859944015021435e7
