instance,it_bb,it_box,p_true_pb,runtime_bb,runtime_box,runtime_pb,zeta_box,θ_bb,θ_box,θ_pb
17,30,13,1,0.512,3.344,9.268,1.0,2.4878980918229343e6,2.4878980918230903e6,2.4878980918230903e6
