instance,it_bb,it_box,p_true_pb,runtime_bb,runtime_box,runtime_pb,zeta_box,θ_bb,θ_box,θ_pb
50,25427,70,1,3600.001,3600.042,9.238,9.8,4.5712935056977116e7,3.633646287597136e7,5.52196369355555e7
