instance,it_bb,it_box,p_true_pb,runtime_bb,runtime_box,runtime_pb,zeta_box,θ_bb,θ_box,θ_pb
25,74903,92,1,3600.103,143.976,9.571,0.29411764705882604,3.2620088110265613e7,3.236521536982164e7,3.47858277608064e7
