instance,it_bb,it_box,p_true_pb,runtime_bb,runtime_box,runtime_pb,zeta_box,θ_bb,θ_box,θ_pb
33,13654,43,1,247.373,13.945,9.873,0.40000000000000213,1.773611664483003e7,1.7736116644830033e7,1.813912291190012e7
