instance,it_bb,it_box,p_true_pb,runtime_bb,runtime_box,runtime_pb,zeta_box,θ_bb,θ_box,θ_pb
31,22305,47,1,3600.143,3600.049,9.437,9.0,2.7939232580776557e7,1.8908256736817602e7,2.7939232580776565e7
