instance,it_bb,it_box,p_true_pb,runtime_bb,runtime_box,runtime_pb,zeta_box,θ_bb,θ_box,θ_pb
16,17048,42,1,271.368,10.548,9.381,1.0,1.1546135180329314e7,1.154613518032932e7,1.154613518032932e7
