instance,it_bb,it_box,p_true_pb,runtime_bb,runtime_box,runtime_pb,zeta_box,θ_bb,θ_box,θ_pb
27,25263,84,1,3600.041,3600.037,10.028,5.210526315789473,2.8466436390868984e7,2.2348408959014468e7,2.859944015021435e7
