instance,it_bb,it_box,p_true_pb,runtime_bb,runtime_box,runtime_pb,zeta_box,θ_bb,θ_box,θ_pb
21,16770,54,1,297.195,14.637,9.905,1.0,1.6664305036788182e7,1.6664305036788184e7,1.6664305036788184e7
