instance,it_bb,it_box,p_true_pb,runtime_bb,runtime_box,runtime_pb,zeta_box,θ_bb,θ_box,θ_pb
10,31860,109,1,3600.028,3600.064,10.702,2.058823529411768,1.8764820726708204e7,1.6758856219402947e7,1.923681913453678e7
