instance,it_bb,it_box,p_true_pb,runtime_bb,runtime_box,runtime_pb,zeta_box,θ_bb,θ_box,θ_pb
26,24528,54,1,3600.211,3600.033,9.14,8.0,2.1617654205078702e7,1.615088985048905e7,2.1617654205078714e7
