instance,it_bb,it_box,p_true_pb,runtime_bb,runtime_box,runtime_pb,zeta_box,θ_bb,θ_box,θ_pb
15,26946,99,1,3600.195,3600.092,8.928,4.0,1.0461057645312283e7,8.831907660130907e6,1.0461057645312289e7
