instance,it_bb,it_box,p_true_pb,runtime_bb,runtime_box,runtime_pb,zeta_box,θ_bb,θ_box,θ_pb
33,31687,31,1,3600.096,3600.209,12.288,7.0,1.331212752178231e7,1.0481602245628057e7,1.813912291190012e7
