instance,it_bb,it_box,p_true_pb,runtime_bb,runtime_box,runtime_pb,zeta_box,θ_bb,θ_box,θ_pb
18,25608,57,1,3600.052,3600.04,8.92,5.0,1.4983842791215865e7,1.1748066089345431e7,1.4983842791215867e7
