instance,it_bb,it_box,p_true_pb,runtime_bb,runtime_box,runtime_pb,zeta_box,θ_bb,θ_box,θ_pb
32,72773,87,1,3600.118,284.882,9.78,0.9999972952751364,5.955499075436365e6,6.208836794696643e6,6.208836794696645e6
