instance,it_bb,it_box,p_true_pb,runtime_bb,runtime_box,runtime_pb,zeta_box,θ_bb,θ_box,θ_pb
31,19726,53,1,488.073,23.329,9.526,0.4736842105263157,2.6012577448169798e7,2.60125774481698e7,2.7939232580776565e7
