instance,it_bb,it_box,p_true_pb,runtime_bb,runtime_box,runtime_pb,zeta_box,θ_bb,θ_box,θ_pb
28,26941,68,1,3600.058,3600.047,10.291,9.722222222222229,3.0608392961137827e7,2.4339585163336717e7,3.0608392961137842e7
