instance,it_bb,it_box,p_true_pb,runtime_bb,runtime_box,runtime_pb,zeta_box,θ_bb,θ_box,θ_pb
46,30868,112,1,3600.223,3600.091,9.962,4.0,1.7151552839715354e7,1.6150231541076683e7,1.7151552839715358e7
