instance,it_bb,it_box,p_true_pb,runtime_bb,runtime_box,runtime_pb,zeta_box,θ_bb,θ_box,θ_pb
18,74877,67,1,3600.002,34.39,12.358,1.0,1.4983842791215865e7,1.4983842791215163e7,1.4983842791215867e7
