instance,it_bb,it_box,p_true_pb,runtime_bb,runtime_box,runtime_pb,zeta_box,θ_bb,θ_box,θ_pb
39,27887,105,1,3600.271,3600.042,9.468,3.9999999999999893,2.5231684680199686e7,2.2658080697231516e7,2.5231684680199694e7
