instance,it_bb,it_box,p_true_pb,runtime_bb,runtime_box,runtime_pb,zeta_box,θ_bb,θ_box,θ_pb
19,50604,120,1,3600.047,103.963,9.428,0.12500000000000122,2.441919270995076e7,2.4293984882719394e7,2.4794816191644862e7
