instance,it_bb,it_box,p_true_pb,runtime_bb,runtime_box,runtime_pb,zeta_box,θ_bb,θ_box,θ_pb
28,20412,37,1,3600.12,3600.075,10.705,12.94736842105263,3.060839296113783e7,1.8931283582070056e7,3.0608392961137842e7
