instance,it_bb,it_box,p_true_pb,runtime_bb,runtime_box,runtime_pb,zeta_box,θ_bb,θ_box,θ_pb
6,24104,70,1,3600.279,3600.041,8.986,4.0,6.352019168100724e6,4.484998450627122e6,6.352019168100728e6
