instance,it_bb,it_box,p_true_pb,runtime_bb,runtime_box,runtime_pb,zeta_box,θ_bb,θ_box,θ_pb
14,27610,83,1,3600.114,3600.038,9.794,5.000000000600011,2.5926874240042422e7,2.1273985265904766e7,2.592687424004243e7
