instance,it_bb,it_box,p_true_pb,runtime_bb,runtime_box,runtime_pb,zeta_box,θ_bb,θ_box,θ_pb
1,22917,57,1,3600.223,3600.096,11.121,4.0,1.5121628342268646e7,1.1642750353585199e7,1.512162834226865e7
