instance,it_bb,it_box,p_true_pb,runtime_bb,runtime_box,runtime_pb,zeta_box,θ_bb,θ_box,θ_pb
17,22454,105,1,3600.002,3600.06,9.331,2.0,1.5722127288681644e6,2.0954601772059873e6,2.4878980918230903e6
