instance,it_bb,it_box,p_true_pb,runtime_bb,runtime_box,runtime_pb,zeta_box,θ_bb,θ_box,θ_pb
42,28902,87,1,3600.032,3600.054,9.056,6.0,4.290750012038994e7,3.3539301387697462e7,4.2907500120389946e7
