instance,it_bb,it_box,p_true_pb,runtime_bb,runtime_box,runtime_pb,zeta_box,θ_bb,θ_box,θ_pb
36,22747,45,1,3600.002,3600.045,9.998,9.749999999999998,2.798870937036992e7,2.1937630655067164e7,3.1770472407742865e7
