instance,it_bb,it_box,p_true_pb,runtime_bb,runtime_box,runtime_pb,zeta_box,θ_bb,θ_box,θ_pb
7,36309,90,1,3600.002,92.281,12.232,2.0,2.5328564882060647e7,2.3738105463339247e7,2.569560611552195e7
