instance,it_bb,it_box,p_true_pb,runtime_bb,runtime_box,runtime_pb,zeta_box,θ_bb,θ_box,θ_pb
40,9,5,1,0.376,2.378,10.552,5.0,2.0221736797535844e7,2.0221736797535844e7,2.0221736797535844e7
