instance,it_bb,it_box,p_true_pb,runtime_bb,runtime_box,runtime_pb,zeta_box,θ_bb,θ_box,θ_pb
36,46432,83,1,1685.907,66.673,12.944,0.4375,3.038377417092275e7,3.0383774170922752e7,3.1770472407742865e7
