instance,it_bb,it_box,p_true_pb,runtime_bb,runtime_box,runtime_pb,zeta_box,θ_bb,θ_box,θ_pb
32,26157,117,1,3600.203,3600.108,9.3,2.0,6.208836794696311e6,5.322184900275169e6,6.208836794696645e6
