instance,it_bb,it_box,p_true_pb,runtime_bb,runtime_box,runtime_pb,zeta_box,θ_bb,θ_box,θ_pb
21,28217,129,1,3600.102,3600.058,9.796,0.9999999999999964,1.6664305036788182e7,1.5870829085541604e7,1.6664305036788184e7
