instance,it_bb,it_box,p_true_pb,runtime_bb,runtime_box,runtime_pb,zeta_box,θ_bb,θ_box,θ_pb
40,20657,37,1,3600.296,3600.06,11.36,10.0,2.022173679753584e7,1.2400373264056744e7,2.0221736797535844e7
