instance,it_bb,it_box,p_true_pb,runtime_bb,runtime_box,runtime_pb,zeta_box,θ_bb,θ_box,θ_pb
46,30029,110,1,3600.251,3600.062,9.454,3.0,1.7151552839715354e7,1.6150222541799359e7,1.7151552839715358e7
