instance,it_bb,it_box,p_true_pb,runtime_bb,runtime_box,runtime_pb,zeta_box,θ_bb,θ_box,θ_pb
16,27952,129,1,3600.287,3600.034,13.331,2.875000041537543,1.1546135180329315e7,1.0899225487488955e7,1.154613518032932e7
