instance,it_bb,it_box,p_true_pb,runtime_bb,runtime_box,runtime_pb,zeta_box,θ_bb,θ_box,θ_pb
46,24161,47,1,3600.153,3600.041,9.141,8.0,1.7151552839715354e7,1.2895988472978238e7,1.7151552839715358e7
