instance,it_bb,it_box,p_true_pb,runtime_bb,runtime_box,runtime_pb,zeta_box,θ_bb,θ_box,θ_pb
4,30588,104,1,3600.04,3600.036,9.624,3.0,1.894275485735508e7,1.7101342356039863e7,1.8942754857355088e7
