instance,it_bb,it_box,p_true_pb,runtime_bb,runtime_box,runtime_pb,zeta_box,θ_bb,θ_box,θ_pb
16,20033,51,1,3600.251,3600.104,9.762,7.0,1.1546135180329317e7,7.772722877180327e6,1.154613518032932e7
