instance,it_bb,it_box,p_true_pb,runtime_bb,runtime_box,runtime_pb,zeta_box,θ_bb,θ_box,θ_pb
11,6031,40,1,160.575,26.62,9.612,0.10526315789475182,1.937651699531829e7,1.9376516995318297e7,2.000962441116493e7
