instance,it_bb,it_box,p_true_pb,runtime_bb,runtime_box,runtime_pb,zeta_box,θ_bb,θ_box,θ_pb
5,5,3,1,0.27,2.056,9.473,1.0000000002000036,1.4294934247666918e7,1.4294934247666918e7,1.4294934247666921e7
