instance,it_bb,it_box,p_true_pb,runtime_bb,runtime_box,runtime_pb,zeta_box,θ_bb,θ_box,θ_pb
29,2,1,1,0.318,2.648,11.652,34.0,4021.7778397597895,4021.7778397597895,4021.7778397597904
