instance,it_bb,it_box,p_true_pb,runtime_bb,runtime_box,runtime_pb,zeta_box,θ_bb,θ_box,θ_pb
31,31977,71,1,3600.005,3600.059,11.931,5.5,2.7337172202457108e7,2.300222515668657e7,2.7939232580776565e7
