instance,it_bb,it_box,p_true_pb,runtime_bb,runtime_box,runtime_pb,zeta_box,θ_bb,θ_box,θ_pb
5,34546,162,1,3600.084,3585.926,9.853,0.41176470588235503,1.4294934247666188e7,1.3651140143771412e7,1.4294934247666921e7
