instance,it_bb,it_box,p_true_pb,runtime_bb,runtime_box,runtime_pb,zeta_box,θ_bb,θ_box,θ_pb
7,20664,32,1,3600.126,3600.038,9.003,9.0,2.5695606115521945e7,1.2604790086385373e7,2.569560611552195e7
