instance,it_bb,it_box,p_true_pb,runtime_bb,runtime_box,runtime_pb,zeta_box,θ_bb,θ_box,θ_pb
50,20880,36,1,3600.202,3600.054,9.151,13.736842105263158,1.0e20,2.709053067348697e7,5.52196369355555e7
