instance,it_bb,it_box,p_true_pb,runtime_bb,runtime_box,runtime_pb,zeta_box,θ_bb,θ_box,θ_pb
30,27329,129,1,3600.113,3600.086,11.299,1.9999999999999964,1.1924184685926683e7,1.1328156163119258e7,1.1924184685926687e7
