instance,it_bb,it_box,p_true_pb,runtime_bb,runtime_box,runtime_pb,zeta_box,θ_bb,θ_box,θ_pb
47,27541,55,1,3600.08,3600.09,9.329,5.625,1.919622210499171e7,1.5135868091660865e7,1.919622210499171e7
