instance,it_bb,it_box,p_true_pb,runtime_bb,runtime_box,runtime_pb,zeta_box,θ_bb,θ_box,θ_pb
20,19468,30,1,3600.013,3600.062,10.94,9.000000000000039,2.048890461167722e7,1.2452545208885921e7,2.0488904611677222e7
