instance,it_bb,it_box,p_true_pb,runtime_bb,runtime_box,runtime_pb,zeta_box,θ_bb,θ_box,θ_pb
34,22684,47,1,3600.039,3600.087,9.046,7.315789473684212,2.325846212088154e7,1.5106163924954413e7,2.3258462120881546e7
