instance,it_bb,it_box,p_true_pb,runtime_bb,runtime_box,runtime_pb,zeta_box,θ_bb,θ_box,θ_pb
19,9,7,1,0.453,2.743,12.132,2.0,2.4794816191644862e7,2.4794816191644862e7,2.4794816191644862e7
