instance,it_bb,it_box,p_true_pb,runtime_bb,runtime_box,runtime_pb,zeta_box,θ_bb,θ_box,θ_pb
12,24805,85,1,3600.143,3600.054,9.548,5.578947368421055,3.8193614069320634e7,2.9991083907012757e7,3.819361406932064e7
