instance,it_bb,it_box,p_true_pb,runtime_bb,runtime_box,runtime_pb,zeta_box,θ_bb,θ_box,θ_pb
25,28315,75,1,3600.088,3600.044,10.304,5.222222222222221,3.4531024717598476e7,2.7269314289623346e7,3.47858277608064e7
