instance,it_bb,it_box,p_true_pb,runtime_bb,runtime_box,runtime_pb,zeta_box,θ_bb,θ_box,θ_pb
33,36422,101,1,3600.085,3600.062,10.43,3.0,1.7074811728086032e7,1.6392727011466052e7,1.813912291190012e7
