instance,it_bb,it_box,p_true_pb,runtime_bb,runtime_box,runtime_pb,zeta_box,θ_bb,θ_box,θ_pb
2,35049,148,1,3600.069,3600.098,9.253,2.0,1.149665164379248e7,1.1229382129986979e7,1.1496651643792486e7
