instance,it_bb,it_box,p_true_pb,runtime_bb,runtime_box,runtime_pb,zeta_box,θ_bb,θ_box,θ_pb
31,19627,33,1,3600.265,3600.095,10.599,13.315789473684212,2.793923258077656e7,1.5656919353631316e7,2.7939232580776565e7
