instance,it_bb,it_box,p_true_pb,runtime_bb,runtime_box,runtime_pb,zeta_box,θ_bb,θ_box,θ_pb
14,57208,73,1,1651.982,39.819,9.713,0.2142857142857153,2.4198611776329163e7,2.419861177632917e7,2.592687424004243e7
