instance,it_bb,it_box,p_true_pb,runtime_bb,runtime_box,runtime_pb,zeta_box,θ_bb,θ_box,θ_pb
30,22021,46,1,3600.234,3600.114,9.671,9.000000000000002,1.1924184685926683e7,7.513840205151705e6,1.1924184685926687e7
