instance,it_bb,it_box,p_true_pb,runtime_bb,runtime_box,runtime_pb,zeta_box,θ_bb,θ_box,θ_pb
19,27833,56,1,3600.151,3600.09,9.099,4.9999999999999964,2.479481619164486e7,2.0538157970209558e7,2.4794816191644862e7
