instance,it_bb,it_box,p_true_pb,runtime_bb,runtime_box,runtime_pb,zeta_box,θ_bb,θ_box,θ_pb
50,30737,149,1,3600.075,3600.024,9.939,1.6315789473684212,5.522137921640895e7,4.688494734992566e7,5.52196369355555e7
