instance,it_bb,it_box,p_true_pb,runtime_bb,runtime_box,runtime_pb,zeta_box,θ_bb,θ_box,θ_pb
3,22274,45,1,3600.138,3600.096,9.107,9.166666666666668,1.4320327160976432e7,9.753927219349353e6,1.4320327160976436e7
