instance,it_bb,it_box,p_true_pb,runtime_bb,runtime_box,runtime_pb,zeta_box,θ_bb,θ_box,θ_pb
47,8,8,1,0.476,3.229,12.811,1.0000000002000036,1.9196222104991715e7,1.9196222104991715e7,1.919622210499171e7
