instance,it_bb,it_box,p_true_pb,runtime_bb,runtime_box,runtime_pb,zeta_box,θ_bb,θ_box,θ_pb
23,17407,31,1,3600.174,3600.086,12.595,8.25,1.8097867524064444e7,1.1459202396241069e7,1.8097867524064455e7
