instance,it_bb,it_box,p_true_pb,runtime_bb,runtime_box,runtime_pb,zeta_box,θ_bb,θ_box,θ_pb
30,26354,128,1,3600.205,3600.066,9.2,1.9999999999999147,1.1924184685926683e7,1.13281560926599e7,1.1924184685926687e7
