instance,it_bb,it_box,p_true_pb,runtime_bb,runtime_box,runtime_pb,zeta_box,θ_bb,θ_box,θ_pb
19,22620,35,1,3600.083,3600.106,8.888,8.0,2.4794816191644862e7,1.565525635918444e7,2.4794816191644862e7
