instance,it_bb,it_box,p_true_pb,runtime_bb,runtime_box,runtime_pb,zeta_box,θ_bb,θ_box,θ_pb
5,3918,36,1,71.954,10.307,11.279,0.9999996894038077,1.4294934247666188e7,1.429493424766692e7,1.4294934247666921e7
