instance,it_bb,it_box,p_true_pb,runtime_bb,runtime_box,runtime_pb,zeta_box,θ_bb,θ_box,θ_pb
14,24653,83,1,3600.162,3600.071,10.0,5.000000000600011,2.5926874240042422e7,2.1273985265904766e7,2.592687424004243e7
