instance,it_bb,it_box,p_true_pb,runtime_bb,runtime_box,runtime_pb,zeta_box,θ_bb,θ_box,θ_pb
11,34620,110,1,3600.214,3600.043,10.415,6.578947368421055,1.9629759961656947e7,1.8236923615229264e7,2.000962441116493e7
