instance,it_bb,it_box,p_true_pb,runtime_bb,runtime_box,runtime_pb,zeta_box,θ_bb,θ_box,θ_pb
39,27224,55,1,578.941,17.556,9.338,3.5625,2.458817865847184e7,2.4588178658471845e7,2.5231684680199694e7
