instance,it_bb,it_box,p_true_pb,runtime_bb,runtime_box,runtime_pb,zeta_box,θ_bb,θ_box,θ_pb
26,20838,31,1,3600.002,3600.065,9.223,9.999999999999993,2.1617654205078702e7,1.297234210574425e7,2.1617654205078714e7
