instance,it_bb,it_box,p_true_pb,runtime_bb,runtime_box,runtime_pb,zeta_box,θ_bb,θ_box,θ_pb
6,90810,72,1,3600.006,369.761,9.524,0.9999999999999969,6.227539975758681e6,6.352019066664651e6,6.352019168100728e6
