instance,it_bb,it_box,p_true_pb,runtime_bb,runtime_box,runtime_pb,zeta_box,θ_bb,θ_box,θ_pb
37,36177,148,1,3600.112,1817.565,9.19,1.1333333333333329,2.5604730151087094e7,2.4629410308603957e7,2.6336229152589098e7
