instance,it_bb,it_box,p_true_pb,runtime_bb,runtime_box,runtime_pb,zeta_box,θ_bb,θ_box,θ_pb
8,28891,180,1,3600.176,3600.048,14.398,0.421052631578938,3.1360315496454302e7,2.9568564473642133e7,3.1488303777167812e7
