instance,it_bb,it_box,p_true_pb,runtime_bb,runtime_box,runtime_pb,zeta_box,θ_bb,θ_box,θ_pb
40,22637,58,1,3600.246,3600.064,11.269,7.3500000000000005,2.0221736797535837e7,1.504723157073788e7,2.0221736797535844e7
