instance,it_bb,it_box,p_true_pb,runtime_bb,runtime_box,runtime_pb,zeta_box,θ_bb,θ_box,θ_pb
36,24234,96,1,3600.295,3600.171,11.948,3.1052631578947363,3.126621850344464e7,2.6601923535177182e7,3.1770472407742865e7
