instance,it_bb,it_box,p_true_pb,runtime_bb,runtime_box,runtime_pb,zeta_box,θ_bb,θ_box,θ_pb
32,378,28,1,5.012,6.026,9.606,1.0000903051593113,6.208836794696471e6,6.208836794696643e6,6.208836794696645e6
