instance,it_bb,it_box,p_true_pb,runtime_bb,runtime_box,runtime_pb,zeta_box,θ_bb,θ_box,θ_pb
44,19331,51,1,3600.227,3600.092,10.238,5.000000000000028,1.3148745100220688e7,9.24508918875365e6,1.314874510022069e7
