instance,it_bb,it_box,p_true_pb,runtime_bb,runtime_box,runtime_pb,zeta_box,θ_bb,θ_box,θ_pb
8,13,10,1,0.523,2.643,10.498,2.0,3.1492106589743566e7,3.1492106589743566e7,3.1488303777167812e7
