instance,it_bb,it_box,p_true_pb,runtime_bb,runtime_box,runtime_pb,zeta_box,θ_bb,θ_box,θ_pb
18,28004,137,1,3600.326,3600.059,12.015,1.0,1.4983842791215865e7,1.4144873679570707e7,1.4983842791215867e7
