instance,it_bb,it_box,p_true_pb,runtime_bb,runtime_box,runtime_pb,zeta_box,θ_bb,θ_box,θ_pb
42,46346,96,1,3600.002,334.921,12.453,0.10526315789473983,4.1414013172621116e7,3.937746740077863e7,4.2907500120389946e7
