instance,it_bb,it_box,p_true_pb,runtime_bb,runtime_box,runtime_pb,zeta_box,θ_bb,θ_box,θ_pb
10,98941,53,1,3600.004,33.13,14.656,1.0797229163162539e-6,1.8292803972384326e7,1.8174827746437363e7,1.923681913453678e7
