instance,it_bb,it_box,p_true_pb,runtime_bb,runtime_box,runtime_pb,zeta_box,θ_bb,θ_box,θ_pb
18,31955,144,1,3600.112,3600.045,9.321,0.9411764705882355,1.4983842791215865e7,1.4144873679570708e7,1.4983842791215867e7
