instance,it_bb,it_box,p_true_pb,runtime_bb,runtime_box,runtime_pb,zeta_box,θ_bb,θ_box,θ_pb
19,19372,38,1,3600.128,3600.062,10.152,10.999999999999996,2.4794816191644862e7,1.4402728271896755e7,2.4794816191644862e7
