instance,it_bb,it_box,p_true_pb,runtime_bb,runtime_box,runtime_pb,zeta_box,θ_bb,θ_box,θ_pb
47,40825,141,1,3600.121,709.545,9.261,1.158058271763518e-6,1.8827102273997992e7,1.8334929493193995e7,1.919622210499171e7
