instance,it_bb,it_box,p_true_pb,runtime_bb,runtime_box,runtime_pb,zeta_box,θ_bb,θ_box,θ_pb
8,27536,50,1,3600.093,3600.052,9.145,7.526315789473685,3.1488303777167812e7,2.3297430809383906e7,3.1488303777167812e7
