instance,it_bb,it_box,p_true_pb,runtime_bb,runtime_box,runtime_pb,zeta_box,θ_bb,θ_box,θ_pb
7,27878,59,1,3600.062,3600.023,9.139,6.3125,2.569560611552194e7,1.9455889539882053e7,2.569560611552195e7
