instance,it_bb,it_box,p_true_pb,runtime_bb,runtime_box,runtime_pb,zeta_box,θ_bb,θ_box,θ_pb
42,8,6,1,0.379,2.444,10.576,4.0,4.2907500120389946e7,4.2907500120389946e7,4.2907500120389946e7
