instance,it_bb,it_box,p_true_pb,runtime_bb,runtime_box,runtime_pb,zeta_box,θ_bb,θ_box,θ_pb
38,96,26,1,1.811,17.793,13.388,1.0,1.696735251195917e6,1.6967352511960731e6,1.6967352511960736e6
