instance,it_bb,it_box,p_true_pb,runtime_bb,runtime_box,runtime_pb,zeta_box,θ_bb,θ_box,θ_pb
16,33533,133,1,3600.034,3600.034,9.212,2.7894736842105274,1.1546135180329315e7,1.0899235354218781e7,1.154613518032932e7
