instance,it_bb,it_box,p_true_pb,runtime_bb,runtime_box,runtime_pb,zeta_box,θ_bb,θ_box,θ_pb
1,4394,37,1,57.505,9.436,8.922,0.22222222222222143,1.4881686682692826e7,1.4881686682692826e7,1.512162834226865e7
