instance,it_bb,it_box,p_true_pb,runtime_bb,runtime_box,runtime_pb,zeta_box,θ_bb,θ_box,θ_pb
8,22452,43,1,3600.22,3600.056,9.094,10.666666666666664,1.0e20,1.9713933081119515e7,3.1488303777167812e7
