instance,it_bb,it_box,p_true_pb,runtime_bb,runtime_box,runtime_pb,zeta_box,θ_bb,θ_box,θ_pb
21,7,4,1,0.359,2.543,11.283,1.0,1.6664305036788186e7,1.6664305036788186e7,1.6664305036788184e7
