instance,it_bb,it_box,p_true_pb,runtime_bb,runtime_box,runtime_pb,zeta_box,θ_bb,θ_box,θ_pb
7,21546,42,1,3600.207,3600.066,9.037,8.0,2.5695606115521945e7,1.5908112715570217e7,2.569560611552195e7
