instance,it_bb,it_box,p_true_pb,runtime_bb,runtime_box,runtime_pb,zeta_box,θ_bb,θ_box,θ_pb
44,6,6,1,0.28,2.021,9.139,1.0000000002000036,1.3148745100220691e7,1.3148745100220691e7,1.314874510022069e7
