instance,it_bb,it_box,p_true_pb,runtime_bb,runtime_box,runtime_pb,zeta_box,θ_bb,θ_box,θ_pb
37,18192,35,1,3600.183,3600.059,11.966,10.538461538461537,2.633700436871729e7,1.2681662797288505e7,2.6336229152589098e7
