instance,it_bb,it_box,p_true_pb,runtime_bb,runtime_box,runtime_pb,zeta_box,θ_bb,θ_box,θ_pb
1,19791,34,1,3600.154,3600.093,12.812,6.0,1.5121628342268646e7,1.0442962323320096e7,1.512162834226865e7
