instance,it_bb,it_box,p_true_pb,runtime_bb,runtime_box,runtime_pb,zeta_box,θ_bb,θ_box,θ_pb
37,35587,148,1,3600.042,1559.987,11.428,1.1333333333333329,2.5604730151087094e7,2.4629410308603957e7,2.6336229152589098e7
