instance,it_bb,it_box,p_true_pb,runtime_bb,runtime_box,runtime_pb,zeta_box,θ_bb,θ_box,θ_pb
6,92585,72,1,3600.002,301.875,9.694,0.9999999999999969,6.10307737712887e6,6.352019066664651e6,6.352019168100728e6
