instance,it_bb,it_box,p_true_pb,runtime_bb,runtime_box,runtime_pb,zeta_box,θ_bb,θ_box,θ_pb
3,31564,133,1,3600.045,3600.031,9.531,2.999999999999999,1.4320327160976432e7,1.3826590389001733e7,1.4320327160976436e7
