instance,it_bb,it_box,p_true_pb,runtime_bb,runtime_box,runtime_pb,zeta_box,θ_bb,θ_box,θ_pb
48,19772,66,1,3600.248,3600.057,12.279,4.0,7.269176522967723e6,5.229994408644812e6,7.269176522967725e6
