instance,it_bb,it_box,p_true_pb,runtime_bb,runtime_box,runtime_pb,zeta_box,θ_bb,θ_box,θ_pb
15,35159,132,1,3600.099,2086.091,10.229,1.0,1.0461057645312283e7,1.046105752000293e7,1.0461057645312289e7
