instance,it_bb,it_box,p_true_pb,runtime_bb,runtime_box,runtime_pb,zeta_box,θ_bb,θ_box,θ_pb
1,30060,130,1,3600.19,3600.052,9.888,1.0,1.5121628342268646e7,1.4281832998499451e7,1.512162834226865e7
