instance,it_bb,it_box,p_true_pb,runtime_bb,runtime_box,runtime_pb,zeta_box,θ_bb,θ_box,θ_pb
9,26016,70,1,3600.137,3600.1,9.843,5.999999999999997,1.6394997648095224e7,1.3036493912425863e7,1.6394997648095228e7
