instance,it_bb,it_box,p_true_pb,runtime_bb,runtime_box,runtime_pb,zeta_box,θ_bb,θ_box,θ_pb
10,81619,53,1,3600.001,34.713,12.067,1.0797229163162539e-6,1.817482777761108e7,1.8174827746437363e7,1.923681913453678e7
