instance,it_bb,it_box,p_true_pb,runtime_bb,runtime_box,runtime_pb,zeta_box,θ_bb,θ_box,θ_pb
26,79346,64,1,3016.799,33.722,11.367,0.9999992537626383,2.123622924522421e7,2.1236229245224215e7,2.1617654205078714e7
