instance,it_bb,it_box,p_true_pb,runtime_bb,runtime_box,runtime_pb,zeta_box,θ_bb,θ_box,θ_pb
34,40016,74,1,1796.845,82.945,9.613,0.29411764705882604,2.1120265298925668e7,2.1120265298925772e7,2.3258462120881546e7
