instance,it_bb,it_box,p_true_pb,runtime_bb,runtime_box,runtime_pb,zeta_box,θ_bb,θ_box,θ_pb
2,20532,60,1,3600.136,3600.176,11.36,4.0,1.1496651643792482e7,7.7550085465779705e6,1.1496651643792486e7
