instance,it_bb,it_box,p_true_pb,runtime_bb,runtime_box,runtime_pb,zeta_box,θ_bb,θ_box,θ_pb
20,24768,42,1,3600.098,3600.054,9.415,7.0,2.048890461167722e7,1.4785256747364204e7,2.0488904611677222e7
