instance,it_bb,it_box,p_true_pb,runtime_bb,runtime_box,runtime_pb,zeta_box,θ_bb,θ_box,θ_pb
31,8,5,1,0.401,2.511,11.115,1.0,2.7940424179467134e7,2.7940424179467134e7,2.7939232580776565e7
