instance,it_bb,it_box,p_true_pb,runtime_bb,runtime_box,runtime_pb,zeta_box,θ_bb,θ_box,θ_pb
5,21109,46,1,3600.06,3600.038,9.438,8.0,1.4294934247666232e7,9.917075471523328e6,1.4294934247666921e7
