instance,it_bb,it_box,p_true_pb,runtime_bb,runtime_box,runtime_pb,zeta_box,θ_bb,θ_box,θ_pb
44,25602,85,1,3600.032,3600.041,9.792,3.0,1.3148745100220688e7,1.1587120366260871e7,1.314874510022069e7
