instance,it_bb,it_box,p_true_pb,runtime_bb,runtime_box,runtime_pb,zeta_box,θ_bb,θ_box,θ_pb
17,4,3,1,0.298,2.379,10.541,2.0,2.4878980918230917e6,2.4878980918230917e6,2.4878980918230903e6
