instance,it_bb,it_box,p_true_pb,runtime_bb,runtime_box,runtime_pb,zeta_box,θ_bb,θ_box,θ_pb
4,28355,105,1,3600.199,3600.037,9.787,7.0,1.894275485735508e7,1.7101342356039863e7,1.8942754857355088e7
