instance,it_bb,it_box,p_true_pb,runtime_bb,runtime_box,runtime_pb,zeta_box,θ_bb,θ_box,θ_pb
34,19752,32,1,3600.136,3600.094,10.566,7.611111111111114,2.325846212088154e7,1.1900711061663235e7,2.3258462120881546e7
