instance,it_bb,it_box,p_true_pb,runtime_bb,runtime_box,runtime_pb,zeta_box,θ_bb,θ_box,θ_pb
25,26293,72,1,3600.145,3600.178,9.717,5.0,3.4531024717598476e7,2.7141778733976115e7,3.47858277608064e7
