instance,it_bb,it_box,p_true_pb,runtime_bb,runtime_box,runtime_pb,zeta_box,θ_bb,θ_box,θ_pb
4,11670,43,1,301.041,21.642,10.173,1.0,1.8285176435783293e7,1.8285176435783293e7,1.8942754857355088e7
