instance,it_bb,it_box,p_true_pb,runtime_bb,runtime_box,runtime_pb,zeta_box,θ_bb,θ_box,θ_pb
3,25306,68,1,3600.259,3600.091,9.088,6.0,1.4320327160976432e7,1.1111340894022943e7,1.4320327160976436e7
