instance,it_bb,it_box,p_true_pb,runtime_bb,runtime_box,runtime_pb,zeta_box,θ_bb,θ_box,θ_pb
33,35411,38,1,3600.196,3600.086,9.799,6.0,1.3849344818640009e7,1.316855763209076e7,1.813912291190012e7
