instance,it_bb,it_box,p_true_pb,runtime_bb,runtime_box,runtime_pb,zeta_box,θ_bb,θ_box,θ_pb
28,28758,67,1,3600.173,3600.042,9.444,10.444444444444443,3.0608392961137827e7,2.4339540673836756e7,3.0608392961137842e7
