instance,it_bb,it_box,p_true_pb,runtime_bb,runtime_box,runtime_pb,zeta_box,θ_bb,θ_box,θ_pb
34,29710,86,1,3600.001,3600.061,9.054,4.888888888888886,2.3124824549221974e7,1.8447489793675978e7,2.3258462120881546e7
