instance,it_bb,it_box,p_true_pb,runtime_bb,runtime_box,runtime_pb,zeta_box,θ_bb,θ_box,θ_pb
28,19860,29,1,3600.003,3600.041,10.089,13.555555555555554,3.0608392961137835e7,1.561288856454771e7,3.0608392961137842e7
