instance,it_bb,it_box,p_true_pb,runtime_bb,runtime_box,runtime_pb,zeta_box,θ_bb,θ_box,θ_pb
21,34523,138,1,3600.001,3600.033,9.28,1.0,1.6664305036788182e7,1.587083890577472e7,1.6664305036788184e7
