instance,it_bb,it_box,p_true_pb,runtime_bb,runtime_box,runtime_pb,zeta_box,θ_bb,θ_box,θ_pb
23,23151,52,1,3600.059,3600.027,8.985,6.999999999999973,1.809786752406444e7,1.3672476318784714e7,1.8097867524064455e7
