instance,it_bb,it_box,p_true_pb,runtime_bb,runtime_box,runtime_pb,zeta_box,θ_bb,θ_box,θ_pb
38,26372,173,1,3600.221,3221.126,9.761,1.0,1.696735251195753e6,1.6967352511960731e6,1.6967352511960736e6
