instance,it_bb,it_box,p_true_pb,runtime_bb,runtime_box,runtime_pb,zeta_box,θ_bb,θ_box,θ_pb
8,32890,183,1,3600.113,3600.061,8.985,0.1578947368421062,3.1360315496454302e7,2.956856617136975e7,3.1488303777167812e7
