instance,it_bb,it_box,p_true_pb,runtime_bb,runtime_box,runtime_pb,zeta_box,θ_bb,θ_box,θ_pb
9,2762,43,1,39.706,11.83,9.634,1.0,1.6126297071244337e7,1.6126297071244337e7,1.6394997648095228e7
