instance,it_bb,it_box,p_true_pb,runtime_bb,runtime_box,runtime_pb,zeta_box,θ_bb,θ_box,θ_pb
26,27776,110,1,3600.095,3600.055,10.943,4.0,2.1617654205078702e7,1.9710562477256272e7,2.1617654205078714e7
