instance,it_bb,it_box,p_true_pb,runtime_bb,runtime_box,runtime_pb,zeta_box,θ_bb,θ_box,θ_pb
13,36643,158,1,3600.188,1630.826,10.601,0.9999928603322417,9.205423769717235e6,9.205423651247853e6,9.205423769717239e6
