instance,it_bb,it_box,p_true_pb,runtime_bb,runtime_box,runtime_pb,zeta_box,θ_bb,θ_box,θ_pb
41,232,22,1,3.038,10.19,9.145,1.0,3.9730721418013745e6,3.97307201585252e6,3.9730721418013754e6
