instance,it_bb,it_box,p_true_pb,runtime_bb,runtime_box,runtime_pb,zeta_box,θ_bb,θ_box,θ_pb
5,25864,61,1,3600.002,3600.032,9.094,6.0,1.4294934247666722e7,1.1462200177833222e7,1.4294934247666921e7
