instance,it_bb,it_box,p_true_pb,runtime_bb,runtime_box,runtime_pb,zeta_box,θ_bb,θ_box,θ_pb
42,18469,37,1,3600.289,3600.088,11.187,13.200000000000001,4.2907500120389946e7,2.118424884669055e7,4.2907500120389946e7
