instance,it_bb,it_box,p_true_pb,runtime_bb,runtime_box,runtime_pb,zeta_box,θ_bb,θ_box,θ_pb
36,19783,39,1,3600.205,3600.11,10.853,11.157894736842106,3.1770472407742858e7,1.841052225515134e7,3.1770472407742865e7
