instance,it_bb,it_box,p_true_pb,runtime_bb,runtime_box,runtime_pb,zeta_box,θ_bb,θ_box,θ_pb
4,25341,51,1,3600.224,3600.053,9.089,5.0,1.8942754857355084e7,1.341918376021802e7,1.8942754857355088e7
