instance,it_bb,it_box,p_true_pb,runtime_bb,runtime_box,runtime_pb,zeta_box,θ_bb,θ_box,θ_pb
19,27365,60,1,3600.089,3600.034,10.145,6.0625,2.479481619164486e7,2.053784002079597e7,2.4794816191644862e7
