instance,it_bb,it_box,p_true_pb,runtime_bb,runtime_box,runtime_pb,zeta_box,θ_bb,θ_box,θ_pb
11,35079,112,1,3600.068,3600.048,10.993,2.0,1.9629759961656947e7,1.8236923646794356e7,2.000962441116493e7
