instance,it_bb,it_box,p_true_pb,runtime_bb,runtime_box,runtime_pb,zeta_box,θ_bb,θ_box,θ_pb
23,30937,110,1,3600.134,3600.049,16.953,5.0,1.809786752406444e7,1.653575850599428e7,1.8097867524064455e7
