instance,it_bb,it_box,p_true_pb,runtime_bb,runtime_box,runtime_pb,zeta_box,θ_bb,θ_box,θ_pb
2,3260,16,1,44.781,3.529,8.995,3.0,1.1496651643792482e7,1.1496651643792484e7,1.1496651643792486e7
