instance,it_bb,it_box,p_true_pb,runtime_bb,runtime_box,runtime_pb,zeta_box,θ_bb,θ_box,θ_pb
48,388,19,1,6.437,6.483,10.991,1.0,7.269176522967723e6,7.269176522967726e6,7.269176522967725e6
