instance,it_bb,it_box,p_true_pb,runtime_bb,runtime_box,runtime_pb,zeta_box,θ_bb,θ_box,θ_pb
9,23025,47,1,3600.273,3600.035,9.189,8.0,1.6394997648095224e7,1.0349402014448324e7,1.6394997648095228e7
