instance,it_bb,it_box,p_true_pb,runtime_bb,runtime_box,runtime_pb,zeta_box,θ_bb,θ_box,θ_pb
41,8,15,1,0.432,5.218,13.352,1.0,3.973072141801375e6,3.9730721418013754e6,3.9730721418013754e6
