instance,it_bb,it_box,p_true_pb,runtime_bb,runtime_box,runtime_pb,zeta_box,θ_bb,θ_box,θ_pb
37,27091,72,1,3600.149,3600.035,12.866,5.857143547505462,2.6336229152589094e7,1.999660462635786e7,2.6336229152589098e7
