instance,it_bb,it_box,p_true_pb,runtime_bb,runtime_box,runtime_pb,zeta_box,θ_bb,θ_box,θ_pb
47,27059,56,1,3600.154,3600.031,10.174,4.200000000519996,1.919622210499171e7,1.513583399989829e7,1.919622210499171e7
