instance,it_bb,it_box,p_true_pb,runtime_bb,runtime_box,runtime_pb,zeta_box,θ_bb,θ_box,θ_pb
33,44803,101,1,3600.112,3600.036,9.211,3.0,1.7074811728086032e7,1.6392726321187004e7,1.813912291190012e7
