instance,it_bb,it_box,p_true_pb,runtime_bb,runtime_box,runtime_pb,zeta_box,θ_bb,θ_box,θ_pb
46,19464,40,1,3600.258,3600.093,12.397,7.0,1.7151552839715354e7,1.1143474310042897e7,1.7151552839715358e7
