instance,it_bb,it_box,p_true_pb,runtime_bb,runtime_box,runtime_pb,zeta_box,θ_bb,θ_box,θ_pb
12,20417,38,1,3600.152,3600.082,9.63,9.650000000000006,3.8193614069320634e7,2.0578578370309066e7,3.819361406932064e7
