instance,it_bb,it_box,p_true_pb,runtime_bb,runtime_box,runtime_pb,zeta_box,θ_bb,θ_box,θ_pb
13,21205,54,1,3600.057,3600.046,9.637,4.0,9.205423769717235e6,6.299520511625159e6,9.205423769717239e6
