instance,it_bb,it_box,p_true_pb,runtime_bb,runtime_box,runtime_pb,zeta_box,θ_bb,θ_box,θ_pb
9,32546,162,1,3600.187,3600.049,9.221,2.0,1.6394997648095224e7,1.5454596687330876e7,1.6394997648095228e7
