instance,it_bb,it_box,p_true_pb,runtime_bb,runtime_box,runtime_pb,zeta_box,θ_bb,θ_box,θ_pb
7,33938,90,1,3600.001,142.28,12.295,2.0,2.459449935415584e7,2.3738105463339247e7,2.569560611552195e7
