instance,it_bb,it_box,p_true_pb,runtime_bb,runtime_box,runtime_pb,zeta_box,θ_bb,θ_box,θ_pb
41,20646,140,1,3600.245,3600.31,11.03,1.0,3.973072141801374e6,3.4442012110237647e6,3.9730721418013754e6
