instance,it_bb,it_box,p_true_pb,runtime_bb,runtime_box,runtime_pb,zeta_box,θ_bb,θ_box,θ_pb
10,21637,43,1,3600.023,3600.085,9.131,7.235294117647058,1.923681913453678e7,1.1802800008262616e7,1.923681913453678e7
