instance,it_bb,it_box,p_true_pb,runtime_bb,runtime_box,runtime_pb,zeta_box,θ_bb,θ_box,θ_pb
13,37084,158,1,3600.25,1791.004,9.245,0.9999928603322417,9.205423769717235e6,9.205423651247853e6,9.205423769717239e6
