instance,it_bb,it_box,p_true_pb,runtime_bb,runtime_box,runtime_pb,zeta_box,θ_bb,θ_box,θ_pb
49,22349,44,1,3600.035,3600.093,9.907,6.941176470588242,2.111085068664573e7,1.3944906071200853e7,2.111085068664574e7
