instance,it_bb,it_box,p_true_pb,runtime_bb,runtime_box,runtime_pb,zeta_box,θ_bb,θ_box,θ_pb
31,28036,72,1,3600.028,3600.043,9.583,7.250000000000001,2.7337172202457115e7,2.300233196745038e7,2.7939232580776565e7
