instance,it_bb,it_box,p_true_pb,runtime_bb,runtime_box,runtime_pb,zeta_box,θ_bb,θ_box,θ_pb
20,31743,80,1,3600.199,3600.135,11.049,3.8888888888888857,2.0488904611677215e7,1.8415094731789354e7,2.0488904611677222e7
