instance,it_bb,it_box,p_true_pb,runtime_bb,runtime_box,runtime_pb,zeta_box,θ_bb,θ_box,θ_pb
7,23520,57,1,3600.254,3600.038,10.382,6.0,2.569560611552194e7,1.933393532531286e7,2.569560611552195e7
