instance,it_bb,it_box,p_true_pb,runtime_bb,runtime_box,runtime_pb,zeta_box,θ_bb,θ_box,θ_pb
39,20053,35,1,3600.329,3600.098,11.84,11.0,2.523168468019969e7,1.4679763158029728e7,2.5231684680199694e7
