instance,it_bb,it_box,p_true_pb,runtime_bb,runtime_box,runtime_pb,zeta_box,θ_bb,θ_box,θ_pb
30,25716,80,1,3600.184,3600.073,9.159,6.0,1.1924184685926683e7,9.54027291385325e6,1.1924184685926687e7
