instance,it_bb,it_box,p_true_pb,runtime_bb,runtime_box,runtime_pb,zeta_box,θ_bb,θ_box,θ_pb
1,4394,37,1,64.638,10.487,11.852,0.22222222222222143,1.4881686682692826e7,1.4881686682692826e7,1.512162834226865e7
