instance,it_bb,it_box,p_true_pb,runtime_bb,runtime_box,runtime_pb,zeta_box,θ_bb,θ_box,θ_pb
13,27812,93,1,3600.148,3600.07,8.975,4.999999999999998,9.205423769717235e6,7.631459719663107e6,9.205423769717239e6
