instance,it_bb,it_box,p_true_pb,runtime_bb,runtime_box,runtime_pb,zeta_box,θ_bb,θ_box,θ_pb
37,11,9,1,0.429,2.155,9.457,0.7692307692307736,2.633700476898545e7,2.633700476898545e7,2.6336229152589098e7
