instance,it_bb,it_box,p_true_pb,runtime_bb,runtime_box,runtime_pb,zeta_box,θ_bb,θ_box,θ_pb
48,43066,126,1,3600.212,578.371,9.743,0.0588235294117645,7.269176522967723e6,7.269176522967724e6,7.269176522967725e6
