instance,it_bb,it_box,p_true_pb,runtime_bb,runtime_box,runtime_pb,zeta_box,θ_bb,θ_box,θ_pb
2,24084,94,1,3600.179,3600.057,9.461,4.0,1.1496651643792482e7,9.492079793252243e6,1.1496651643792486e7
