instance,it_bb,it_box,p_true_pb,runtime_bb,runtime_box,runtime_pb,zeta_box,θ_bb,θ_box,θ_pb
17,1451,22,1,21.331,10.703,9.243,1.0,2.4878980918227807e6,2.4878980918230903e6,2.4878980918230903e6
