instance,it_bb,it_box,p_true_pb,runtime_bb,runtime_box,runtime_pb,zeta_box,θ_bb,θ_box,θ_pb
12,23645,58,1,3600.228,3600.058,8.947,11.399999999999999,3.8193614069320634e7,2.3940173871136714e7,3.819361406932064e7
