instance,it_bb,it_box,p_true_pb,runtime_bb,runtime_box,runtime_pb,zeta_box,θ_bb,θ_box,θ_pb
23,36468,69,1,756.387,23.569,9.187,0.529411764705884,1.7967692887095347e7,1.7967692887095354e7,1.8097867524064455e7
