instance,it_bb,it_box,p_true_pb,runtime_bb,runtime_box,runtime_pb,zeta_box,θ_bb,θ_box,θ_pb
12,68873,119,1,3600.113,201.538,9.444,0.40000000000000213,3.577325821945667e7,3.5235395257550515e7,3.819361406932064e7
