instance,it_bb,it_box,p_true_pb,runtime_bb,runtime_box,runtime_pb,zeta_box,θ_bb,θ_box,θ_pb
39,31364,104,1,3600.105,3600.05,9.336,4.0,2.5231684680199686e7,2.407946274778258e7,2.5231684680199694e7
