instance,it_bb,it_box,p_true_pb,runtime_bb,runtime_box,runtime_pb,zeta_box,θ_bb,θ_box,θ_pb
36,29175,99,1,3600.023,3600.052,9.107,6.5,3.126621850344464e7,2.660187662886651e7,3.1770472407742865e7
