instance,it_bb,it_box,p_true_pb,runtime_bb,runtime_box,runtime_pb,zeta_box,θ_bb,θ_box,θ_pb
25,73694,92,1,3600.016,149.703,9.392,0.29411764705882604,3.3002199394068766e7,3.236521536982164e7,3.47858277608064e7
