instance,it_bb,it_box,p_true_pb,runtime_bb,runtime_box,runtime_pb,zeta_box,θ_bb,θ_box,θ_pb
49,17654,29,1,3600.37,3600.147,13.714,8.0,2.1110850686645735e7,1.1599569329984972e7,2.111085068664574e7
