instance,it_bb,it_box,p_true_pb,runtime_bb,runtime_box,runtime_pb,zeta_box,θ_bb,θ_box,θ_pb
16,24423,47,1,3600.072,3600.162,8.924,6.15789473684211,1.1546135180329314e7,9.17455892595268e6,1.154613518032932e7
