instance,it_bb,it_box,p_true_pb,runtime_bb,runtime_box,runtime_pb,zeta_box,θ_bb,θ_box,θ_pb
49,37194,66,1,1233.593,35.241,10.403,0.41176470588235503,1.9677675429939695e7,1.9677675429939695e7,2.111085068664574e7
