instance,it_bb,it_box,p_true_pb,runtime_bb,runtime_box,runtime_pb,zeta_box,θ_bb,θ_box,θ_pb
49,31712,74,1,3600.068,3600.093,9.318,5.0,2.098056307141355e7,1.746248192211607e7,2.111085068664574e7
