instance,it_bb,it_box,p_true_pb,runtime_bb,runtime_box,runtime_pb,zeta_box,θ_bb,θ_box,θ_pb
50,31672,150,1,3600.08,3600.037,9.138,1.6666666666666643,5.522137921640895e7,4.688500385500442e7,5.52196369355555e7
