instance,it_bb,it_box,p_true_pb,runtime_bb,runtime_box,runtime_pb,zeta_box,θ_bb,θ_box,θ_pb
40,32766,97,1,3600.158,3600.056,9.46,4.0,2.0221736797535837e7,1.805561336141175e7,2.0221736797535844e7
