instance,it_bb,it_box,p_true_pb,runtime_bb,runtime_box,runtime_pb,zeta_box,θ_bb,θ_box,θ_pb
21,19613,60,1,3600.246,3600.065,10.215,9.85,1.6664305036788182e7,1.177141643441767e7,1.6664305036788184e7
