instance,it_bb,it_box,p_true_pb,runtime_bb,runtime_box,runtime_pb,zeta_box,θ_bb,θ_box,θ_pb
15,872,23,1,13.625,6.71,10.065,1.0,1.0461057645312283e7,1.0461057645312287e7,1.0461057645312289e7
