instance,it_bb,it_box,p_true_pb,runtime_bb,runtime_box,runtime_pb,zeta_box,θ_bb,θ_box,θ_pb
47,19008,32,1,3600.078,3600.142,9.344,7.785714285714285,1.919622210499171e7,1.2921289450614292e7,1.919622210499171e7
