instance,it_bb,it_box,p_true_pb,runtime_bb,runtime_box,runtime_pb,zeta_box,θ_bb,θ_box,θ_pb
11,23372,76,1,3600.239,3600.097,9.772,8.7,2.000962441116492e7,1.5831122988767385e7,2.000962441116493e7
