instance,it_bb,it_box,p_true_pb,runtime_bb,runtime_box,runtime_pb,zeta_box,θ_bb,θ_box,θ_pb
34,27558,81,1,3600.22,3600.041,9.182,3.7333333333333343,2.3124824549221974e7,1.8447291031384762e7,2.3258462120881546e7
