instance,it_bb,it_box,p_true_pb,runtime_bb,runtime_box,runtime_pb,zeta_box,θ_bb,θ_box,θ_pb
8,23960,50,1,3600.002,3600.069,10.474,7.526315789473685,2.636900436321773e7,2.3169266772300094e7,3.1488303777167812e7
