instance,it_bb,it_box,p_true_pb,runtime_bb,runtime_box,runtime_pb,zeta_box,θ_bb,θ_box,θ_pb
10,23626,54,1,3600.074,3600.086,9.251,7.0,1.900081689627694e7,1.5106928691722633e7,1.923681913453678e7
