instance,it_bb,it_box,p_true_pb,runtime_bb,runtime_box,runtime_pb,zeta_box,θ_bb,θ_box,θ_pb
28,40181,98,1,3600.133,100.624,9.36,4.025957508702049e-6,3.0362555616537794e7,2.937922027899898e7,3.0608392961137842e7
