instance,it_bb,it_box,p_true_pb,runtime_bb,runtime_box,runtime_pb,zeta_box,θ_bb,θ_box,θ_pb
18,7,5,1,0.284,1.976,9.078,3.000000000400007,1.4983842791215869e7,1.4983842791215869e7,1.4983842791215867e7
