instance,it_bb,it_box,p_true_pb,runtime_bb,runtime_box,runtime_pb,zeta_box,θ_bb,θ_box,θ_pb
40,67212,64,1,2783.699,42.165,12.623,1.0,1.998105540964119e7,1.99810554096412e7,2.0221736797535844e7
