instance,it_bb,it_box,p_true_pb,runtime_bb,runtime_box,runtime_pb,zeta_box,θ_bb,θ_box,θ_pb
27,26331,81,1,3600.18,3600.06,10.024,6.0,2.8466436390868984e7,2.2348329156371567e7,2.859944015021435e7
