instance,it_bb,it_box,p_true_pb,runtime_bb,runtime_box,runtime_pb,zeta_box,θ_bb,θ_box,θ_pb
37,26346,71,1,3600.233,3600.053,9.155,5.000000000000002,2.6336229152589094e7,1.987471651611413e7,2.6336229152589098e7
