instance,it_bb,it_box,p_true_pb,runtime_bb,runtime_box,runtime_pb,zeta_box,θ_bb,θ_box,θ_pb
3,7102,23,1,94.316,5.891,9.114,1.0,1.4320327160976432e7,1.4320327160976436e7,1.4320327160976436e7
