instance,it_bb,it_box,p_true_pb,runtime_bb,runtime_box,runtime_pb,zeta_box,θ_bb,θ_box,θ_pb
26,8,6,1,0.421,2.887,12.373,1.0,2.1617654205078706e7,2.1617654205078706e7,2.1617654205078714e7
