instance,it_bb,it_box,p_true_pb,runtime_bb,runtime_box,runtime_pb,zeta_box,θ_bb,θ_box,θ_pb
17,28164,107,1,3600.003,1023.766,8.96,1.0,2.487898091822766e6,2.4878979828155525e6,2.4878980918230903e6
