instance,it_bb,it_box,p_true_pb,runtime_bb,runtime_box,runtime_pb,zeta_box,θ_bb,θ_box,θ_pb
42,27448,87,1,3600.159,3600.056,9.118,6.0,4.290750012038994e7,3.3539301387697462e7,4.2907500120389946e7
