it_bb,it_box,p_true_pb,runtime_bb,runtime_box,runtime_pb,zeta_box,θ_bb,θ_box,θ_pb
40125,53,1,7200.215,7200.053,4.537,7450.342899999989,3.56134372e10,1.61262272e10,2.40980272e10
