it_bb,it_box,p_true_pb,runtime_bb,runtime_box,runtime_pb,zeta_box,θ_bb,θ_box,θ_pb
42222,84,1,7200.26,7200.046,4.351,5481.709999999992,3.56134372e10,1.89324572e10,3.56134372e10
