instance,it_bb,it_box,p_true_pb,runtime_bb,runtime_box,runtime_pb,zeta_box,θ_bb,θ_box,θ_pb
32,23557,34,1,3600.076,3600.122,9.742,12.100000000000001,1.821316763919606e7,8.280007506227408e6,1.8213167639196064e7
