instance,it_bb,it_box,p_true_pb,runtime_bb,runtime_box,runtime_pb,zeta_box,θ_bb,θ_box,θ_pb
49,29075,74,1,3600.1,3600.044,9.461,8.875000000000002,1.0e20,1.721287575210809e7,2.588383326781628e7
