instance,it_bb,it_box,p_true_pb,runtime_bb,runtime_box,runtime_pb,zeta_box,θ_bb,θ_box,θ_pb
5,29783,80,1,3600.1,3600.072,9.271,7.666666666666667,2.5414154168637775e7,1.6822115707289785e7,2.541415416863778e7
