instance,it_bb,it_box,p_true_pb,runtime_bb,runtime_box,runtime_pb,zeta_box,θ_bb,θ_box,θ_pb
48,8,8,1,0.279,1.925,8.887,4.199999999999999,2.134083837716128e7,2.134083837716128e7,2.134083837716128e7
