instance,it_bb,it_box,p_true_pb,runtime_bb,runtime_box,runtime_pb,zeta_box,θ_bb,θ_box,θ_pb
24,10,9,1,0.341,2.378,10.251,2.0,2.6036994374744084e7,2.6036994374744084e7,2.6036994374744084e7
