instance,it_bb,it_box,p_true_pb,runtime_bb,runtime_box,runtime_pb,zeta_box,θ_bb,θ_box,θ_pb
12,14,13,1,0.417,2.38,9.901,1.125,3.0441740968387887e7,3.0441740968387887e7,3.0441740968387894e7
