instance,it_bb,it_box,p_true_pb,runtime_bb,runtime_box,runtime_pb,zeta_box,θ_bb,θ_box,θ_pb
7,28168,68,1,3600.011,3600.045,9.746,10.454545454545455,1.0e20,1.695838780723032e7,2.7626037794951245e7
