instance,it_bb,it_box,p_true_pb,runtime_bb,runtime_box,runtime_pb,zeta_box,θ_bb,θ_box,θ_pb
33,23976,50,1,3600.143,3600.065,9.307,7.428571428571427,2.0804711184822645e7,9.861826573678479e6,2.080471118482265e7
