instance,it_bb,it_box,p_true_pb,runtime_bb,runtime_box,runtime_pb,zeta_box,θ_bb,θ_box,θ_pb
22,29411,68,1,3600.002,3600.049,9.066,9.777777777777779,1.0e20,1.6588813213294625e7,2.7482679812963687e7
