instance,it_bb,it_box,p_true_pb,runtime_bb,runtime_box,runtime_pb,zeta_box,θ_bb,θ_box,θ_pb
35,30656,73,1,3600.14,3600.036,10.616,6.142857142857146,2.034280451239603e7,1.2854164953322751e7,2.0342804512396026e7
