instance,it_bb,it_box,p_true_pb,runtime_bb,runtime_box,runtime_pb,zeta_box,θ_bb,θ_box,θ_pb
48,30230,80,1,3600.162,3600.041,9.221,8.0,2.122639617249833e7,1.4846598497547975e7,2.134083837716128e7
