instance,it_bb,it_box,p_true_pb,runtime_bb,runtime_box,runtime_pb,zeta_box,θ_bb,θ_box,θ_pb
38,16,15,1,0.541,2.732,10.848,0.400000000140011,4.286844652230331e7,4.286844652230331e7,4.286844652230331e7
