instance,it_bb,it_box,p_true_pb,runtime_bb,runtime_box,runtime_pb,zeta_box,θ_bb,θ_box,θ_pb
28,34907,183,1,3600.038,736.264,11.825,0.1666666666666622,3.095666355688695e7,2.700126311335938e7,3.1216015895240836e7
