instance,it_bb,it_box,p_true_pb,runtime_bb,runtime_box,runtime_pb,zeta_box,θ_bb,θ_box,θ_pb
8,25863,50,1,3600.118,3600.035,8.992,13.714285714285715,2.22539708650775e7,1.2493797339845438e7,2.2253970865077503e7
