instance,it_bb,it_box,p_true_pb,runtime_bb,runtime_box,runtime_pb,zeta_box,θ_bb,θ_box,θ_pb
17,19064,31,1,3600.175,3600.033,8.816,12.899999999999999,1.0e20,8.3772628295700075e6,2.4583874393952508e7
