instance,it_bb,it_box,p_true_pb,runtime_bb,runtime_box,runtime_pb,zeta_box,θ_bb,θ_box,θ_pb
18,32134,167,1,3600.011,3566.279,13.082,0.375,2.6445532054547872e7,2.2536298213124853e7,2.6445532054547872e7
