instance,it_bb,it_box,p_true_pb,runtime_bb,runtime_box,runtime_pb,zeta_box,θ_bb,θ_box,θ_pb
10,25856,44,1,3600.001,3600.026,8.997,12.79999999999997,1.4566547544045435e7,1.5298230015700258e7,3.3287936925909467e7
