instance,it_bb,it_box,p_true_pb,runtime_bb,runtime_box,runtime_pb,zeta_box,θ_bb,θ_box,θ_pb
43,22490,35,1,3600.115,3600.059,9.803,10.111111111111112,1.0e20,9.736829115248658e6,2.871521491316098e7
