instance,it_bb,it_box,p_true_pb,runtime_bb,runtime_box,runtime_pb,zeta_box,θ_bb,θ_box,θ_pb
8,27814,77,1,3600.229,3600.053,11.937,0.0,2.22539708650775e7,1.6398033973031186e7,2.2253970865077503e7
