instance,it_bb,it_box,p_true_pb,runtime_bb,runtime_box,runtime_pb,zeta_box,θ_bb,θ_box,θ_pb
15,32159,72,1,3600.144,3600.033,8.868,0.0,2.4953311306733854e7,1.6472113635567576e7,2.4953311306733858e7
