instance,it_bb,it_box,p_true_pb,runtime_bb,runtime_box,runtime_pb,zeta_box,θ_bb,θ_box,θ_pb
33,27427,76,1,3600.168,3600.046,10.945,0.0,2.080471118482265e7,1.3589612634725265e7,2.080471118482265e7
