instance,it_bb,it_box,p_true_pb,runtime_bb,runtime_box,runtime_pb,zeta_box,θ_bb,θ_box,θ_pb
5,13,11,1,0.412,2.504,10.663,2.0,2.5414154168637775e7,2.5414154168637775e7,2.541415416863778e7
