instance,it_bb,it_box,p_true_pb,runtime_bb,runtime_box,runtime_pb,zeta_box,θ_bb,θ_box,θ_pb
50,28592,63,1,3600.143,3600.057,9.506,8.833333333333332,2.6581637507969927e7,1.6317618971024936e7,2.6581637507969927e7
