instance,it_bb,it_box,p_true_pb,runtime_bb,runtime_box,runtime_pb,zeta_box,θ_bb,θ_box,θ_pb
42,22555,39,1,3600.226,3600.057,9.188,10.0,1.6022796195484828e7,8.570931157037629e6,1.602279619548483e7
