instance,it_bb,it_box,p_true_pb,runtime_bb,runtime_box,runtime_pb,zeta_box,θ_bb,θ_box,θ_pb
3,12,12,1,0.516,2.564,10.752,1.0,2.5073526950598136e7,2.5073526950598136e7,2.5073526950598143e7
