instance,it_bb,it_box,p_true_pb,runtime_bb,runtime_box,runtime_pb,zeta_box,θ_bb,θ_box,θ_pb
23,23660,48,1,3600.172,3600.038,8.792,11.600000000000001,1.0e20,1.4720725051958665e7,3.379328639377668e7
