instance,it_bb,it_box,p_true_pb,runtime_bb,runtime_box,runtime_pb,zeta_box,θ_bb,θ_box,θ_pb
15,10,10,1,0.373,2.393,10.103,1.5,2.4953311306733854e7,2.4953311306733854e7,2.4953311306733858e7
