instance,it_bb,it_box,p_true_pb,runtime_bb,runtime_box,runtime_pb,zeta_box,θ_bb,θ_box,θ_pb
29,21304,35,1,3600.206,3600.029,11.433,12.000000000000012,1.0e20,9.682680015261132e6,2.7836254361370802e7
