instance,it_bb,it_box,p_true_pb,runtime_bb,runtime_box,runtime_pb,zeta_box,θ_bb,θ_box,θ_pb
36,27510,77,1,3600.209,3600.038,11.33,5.0,1.9126304783202097e7,1.3813613092420695e7,1.9126304783202093e7
