instance,it_bb,it_box,p_true_pb,runtime_bb,runtime_box,runtime_pb,zeta_box,θ_bb,θ_box,θ_pb
7,23742,51,1,3600.024,3600.043,9.838,10.916666666666666,1.0e20,1.3027889339779973e7,2.7626037794951245e7
