instance,it_bb,it_box,p_true_pb,runtime_bb,runtime_box,runtime_pb,zeta_box,θ_bb,θ_box,θ_pb
49,19929,32,1,3600.079,3600.081,10.025,13.142857142857144,1.0e20,8.412644254239652e6,2.588383326781628e7
