instance,it_bb,it_box,p_true_pb,runtime_bb,runtime_box,runtime_pb,zeta_box,θ_bb,θ_box,θ_pb
31,20171,46,1,3600.099,3600.064,9.076,10.272727272727273,1.0e20,1.3667383176689541e7,2.9316757006741874e7
