instance,it_bb,it_box,p_true_pb,runtime_bb,runtime_box,runtime_pb,zeta_box,θ_bb,θ_box,θ_pb
48,22440,28,1,3600.03,3600.023,9.789,10.625,2.134083837716128e7,8.700998635944856e6,2.134083837716128e7
