instance,it_bb,it_box,p_true_pb,runtime_bb,runtime_box,runtime_pb,zeta_box,θ_bb,θ_box,θ_pb
44,25024,67,1,3600.172,3600.033,11.933,6.857142857142854,1.0e20,1.9599598188099865e7,3.418232365531821e7
