instance,it_bb,it_box,p_true_pb,runtime_bb,runtime_box,runtime_pb,zeta_box,θ_bb,θ_box,θ_pb
41,36930,150,1,3600.066,698.737,10.261,0.25,2.573538373657023e7,2.081566782424681e7,2.586153444009582e7
