instance,it_bb,it_box,p_true_pb,runtime_bb,runtime_box,runtime_pb,zeta_box,θ_bb,θ_box,θ_pb
24,31999,70,1,3600.099,3600.035,10.119,7.272727272727273,2.6036994374744084e7,1.72747412522493e7,2.6036994374744084e7
