instance,it_bb,it_box,p_true_pb,runtime_bb,runtime_box,runtime_pb,zeta_box,θ_bb,θ_box,θ_pb
12,27310,71,1,3600.215,3600.047,11.16,8.111111111111116,1.0e20,1.8190995843630854e7,3.0441740968387894e7
