instance,it_bb,it_box,p_true_pb,runtime_bb,runtime_box,runtime_pb,zeta_box,θ_bb,θ_box,θ_pb
19,29886,74,1,3600.084,3600.055,8.812,8.333333333333332,2.275903793307741e7,1.487678794211397e7,2.2759037933077414e7
