instance,it_bb,it_box,p_true_pb,runtime_bb,runtime_box,runtime_pb,zeta_box,θ_bb,θ_box,θ_pb
20,13,12,1,0.38,2.347,9.958,1.0000000002000036,2.246365348923435e7,2.246365348923435e7,2.246365348923435e7
