instance,it_bb,it_box,p_true_pb,runtime_bb,runtime_box,runtime_pb,zeta_box,θ_bb,θ_box,θ_pb
8,107970,93,1,3600.001,80.545,9.508,0.9999999999999964,2.030498628744638e7,2.0301895046877813e7,2.2253970865077503e7
