instance,it_bb,it_box,p_true_pb,runtime_bb,runtime_box,runtime_pb,zeta_box,θ_bb,θ_box,θ_pb
6,39462,164,1,3600.075,3600.031,9.136,0.75,3.1656117300856058e7,2.6777028793499693e7,3.1656117300856058e7
