instance,it_bb,it_box,p_true_pb,runtime_bb,runtime_box,runtime_pb,zeta_box,θ_bb,θ_box,θ_pb
33,45188,137,1,3600.111,327.556,9.108,1.6533579696442757e-6,2.056420338869121e7,1.7918626831896856e7,2.080471118482265e7
