instance,it_bb,it_box,p_true_pb,runtime_bb,runtime_box,runtime_pb,zeta_box,θ_bb,θ_box,θ_pb
46,29212,67,1,3600.042,3600.053,9.264,8.333333333333334,1.7596310631380502e7,1.1626267810965098e7,1.7596310631380502e7
