instance,it_bb,it_box,p_true_pb,runtime_bb,runtime_box,runtime_pb,zeta_box,θ_bb,θ_box,θ_pb
17,15,15,1,0.417,2.023,8.525,1.0,2.4583874393952504e7,2.4583874393952504e7,2.4583874393952508e7
