instance,it_bb,it_box,p_true_pb,runtime_bb,runtime_box,runtime_pb,zeta_box,θ_bb,θ_box,θ_pb
40,11,13,1,0.309,2.049,8.943,1.0000000000000049,2.7158420178254943e7,2.7158420178254943e7,2.7158420178254947e7
