instance,it_bb,it_box,p_true_pb,runtime_bb,runtime_box,runtime_pb,zeta_box,θ_bb,θ_box,θ_pb
29,13,12,1,0.371,2.144,9.144,2.6666666666666994,2.78362543613708e7,2.78362543613708e7,2.7836254361370802e7
