instance,it_bb,it_box,p_true_pb,runtime_bb,runtime_box,runtime_pb,zeta_box,θ_bb,θ_box,θ_pb
30,24271,31,1,3600.111,3600.046,8.959,12.777777777777779,1.0e20,1.1528125360472474e7,3.3188233158423387e7
