instance,it_bb,it_box,p_true_pb,runtime_bb,runtime_box,runtime_pb,zeta_box,θ_bb,θ_box,θ_pb
10,14,13,1,0.6,3.695,14.558,1.0000000002000058,3.3287936925909467e7,3.3287936925909467e7,3.3287936925909467e7
