instance,it_bb,it_box,p_true_pb,runtime_bb,runtime_box,runtime_pb,zeta_box,θ_bb,θ_box,θ_pb
24,26720,68,1,3600.053,3600.036,18.962,9.166666666666664,2.6036994374744084e7,1.7149528487788726e7,2.6036994374744084e7
