instance,it_bb,it_box,p_true_pb,runtime_bb,runtime_box,runtime_pb,zeta_box,θ_bb,θ_box,θ_pb
45,30799,84,1,3600.147,3600.058,9.212,0.0,2.0555783704867896e7,1.4565596753541252e7,2.05557837048679e7
