instance,it_bb,it_box,p_true_pb,runtime_bb,runtime_box,runtime_pb,zeta_box,θ_bb,θ_box,θ_pb
28,22066,32,1,3600.101,3600.031,11.666,13.833333333333336,1.0e20,9.483785084355272e6,3.1216015895240836e7
