instance,it_bb,it_box,p_true_pb,runtime_bb,runtime_box,runtime_pb,zeta_box,θ_bb,θ_box,θ_pb
3,26021,64,1,3600.126,3600.04,13.268,8.800000000980003,1.0e20,1.5498131923911396e7,2.5073526950598143e7
