instance,it_bb,it_box,p_true_pb,runtime_bb,runtime_box,runtime_pb,zeta_box,θ_bb,θ_box,θ_pb
17,34917,149,1,3600.055,3600.023,10.274,0.4444444445888891,2.4583874393952504e7,2.0304553821901258e7,2.4583874393952508e7
