instance,it_bb,it_box,p_true_pb,runtime_bb,runtime_box,runtime_pb,zeta_box,θ_bb,θ_box,θ_pb
12,23415,37,1,3600.036,3600.026,9.042,11.99999999999997,1.0e20,1.0518866926689534e7,3.0441740968387894e7
