instance,it_bb,it_box,p_true_pb,runtime_bb,runtime_box,runtime_pb,zeta_box,θ_bb,θ_box,θ_pb
8,33464,81,1,3600.099,3600.024,10.571,10.75,2.22539708650775e7,1.678815857411836e7,2.2253970865077503e7
