instance,it_bb,it_box,p_true_pb,runtime_bb,runtime_box,runtime_pb,zeta_box,θ_bb,θ_box,θ_pb
31,39124,207,1,3600.036,3600.028,10.274,0.7500000000000031,2.9096339221615534e7,2.402695344442315e7,2.9316757006741874e7
