instance,it_bb,it_box,p_true_pb,runtime_bb,runtime_box,runtime_pb,zeta_box,θ_bb,θ_box,θ_pb
33,30419,79,1,3600.077,3600.05,8.921,8.2,2.080471118482265e7,1.3709752452191925e7,2.080471118482265e7
