instance,it_bb,it_box,p_true_pb,runtime_bb,runtime_box,runtime_pb,zeta_box,θ_bb,θ_box,θ_pb
37,20964,41,1,3600.054,3600.046,9.689,12.399999999999999,1.0e20,1.53974586544329e7,3.713298633774028e7
