instance,it_bb,it_box,p_true_pb,runtime_bb,runtime_box,runtime_pb,zeta_box,θ_bb,θ_box,θ_pb
18,30557,74,1,3600.073,3600.04,8.763,7.333333333333335,2.6445532054547876e7,1.6442464245573688e7,2.6445532054547872e7
