instance,it_bb,it_box,p_true_pb,runtime_bb,runtime_box,runtime_pb,zeta_box,θ_bb,θ_box,θ_pb
14,32214,76,1,3600.045,3600.029,11.856,7.125,1.6633135277606886e7,1.0593955860373355e7,1.6633135277606886e7
