instance,it_bb,it_box,p_true_pb,runtime_bb,runtime_box,runtime_pb,zeta_box,θ_bb,θ_box,θ_pb
34,14,13,1,0.438,2.479,10.126,1.8000000000000007,3.159450131934908e7,3.159450131934908e7,3.159450131934908e7
