instance,it_bb,it_box,p_true_pb,runtime_bb,runtime_box,runtime_pb,zeta_box,θ_bb,θ_box,θ_pb
19,25521,49,1,3600.002,3600.03,8.811,9.833333333333336,2.275903793307741e7,1.1435244482678387e7,2.2759037933077414e7
