instance,it_bb,it_box,p_true_pb,runtime_bb,runtime_box,runtime_pb,zeta_box,θ_bb,θ_box,θ_pb
14,28488,73,1,3600.174,3600.049,9.567,7.222222222222221,1.6633135277606886e7,1.049486209070295e7,1.6633135277606886e7
