instance,it_bb,it_box,p_true_pb,runtime_bb,runtime_box,runtime_pb,zeta_box,θ_bb,θ_box,θ_pb
35,24435,33,1,3600.141,3600.03,9.049,10.888889777630084,1.0e20,7.377573201834202e6,2.0342804512396026e7
