instance,it_bb,it_box,p_true_pb,runtime_bb,runtime_box,runtime_pb,zeta_box,θ_bb,θ_box,θ_pb
20,20696,36,1,3600.226,3600.036,9.592,9.166666667683337,1.0e20,7.823430709883104e6,2.246365348923435e7
