instance,it_bb,it_box,p_true_pb,runtime_bb,runtime_box,runtime_pb,zeta_box,θ_bb,θ_box,θ_pb
47,23076,44,1,3600.063,3600.048,9.341,9.777777777777771,1.0e20,1.2519909750822427e7,2.7795420496962033e7
