instance,it_bb,it_box,p_true_pb,runtime_bb,runtime_box,runtime_pb,zeta_box,θ_bb,θ_box,θ_pb
46,47707,164,1,3600.002,442.81,8.942,6.148535447891845e-6,1.7386835095816087e7,1.5292088234340845e7,1.7596310631380502e7
