instance,it_bb,it_box,p_true_pb,runtime_bb,runtime_box,runtime_pb,zeta_box,θ_bb,θ_box,θ_pb
41,13,12,1,0.366,2.454,10.345,0.1999999999999993,2.586153444009582e7,2.586153444009582e7,2.586153444009582e7
