instance,it_bb,it_box,p_true_pb,runtime_bb,runtime_box,runtime_pb,zeta_box,θ_bb,θ_box,θ_pb
15,24635,44,1,3600.107,3600.058,9.023,11.818181818181818,2.4953311306733858e7,1.2907525239321921e7,2.4953311306733858e7
