instance,it_bb,it_box,p_true_pb,runtime_bb,runtime_box,runtime_pb,zeta_box,θ_bb,θ_box,θ_pb
35,42148,134,1,3600.051,1086.257,8.97,0.28571428571428825,2.0007488243777875e7,1.7436768744622234e7,2.0342804512396026e7
