instance,it_bb,it_box,p_true_pb,runtime_bb,runtime_box,runtime_pb,zeta_box,θ_bb,θ_box,θ_pb
43,39255,168,1,3600.124,1794.474,9.277,0.2000000001199993,2.8715214913160976e7,2.3539194434887297e7,2.871521491316098e7
