instance,it_bb,it_box,p_true_pb,runtime_bb,runtime_box,runtime_pb,zeta_box,θ_bb,θ_box,θ_pb
12,42086,176,1,3600.059,1761.527,8.91,4.999838420616243e-6,3.0317995261391647e7,2.5120702462073002e7,3.0441740968387894e7
