instance,it_bb,it_box,p_true_pb,runtime_bb,runtime_box,runtime_pb,zeta_box,θ_bb,θ_box,θ_pb
35,26405,71,1,3600.249,3600.059,12.405,7.222222222222221,2.034280451239603e7,1.2854195724517228e7,2.0342804512396026e7
