instance,it_bb,it_box,p_true_pb,runtime_bb,runtime_box,runtime_pb,zeta_box,θ_bb,θ_box,θ_pb
37,38254,164,1,3600.009,3600.034,9.331,1.75,2.9774519289261602e7,2.9774564774729513e7,3.713298633774028e7
