instance,it_bb,it_box,p_true_pb,runtime_bb,runtime_box,runtime_pb,zeta_box,θ_bb,θ_box,θ_pb
26,16,15,1,0.523,2.601,10.594,0.6666666666666643,3.1259846498918116e7,3.1259846498918116e7,3.1259846498918112e7
