instance,it_bb,it_box,p_true_pb,runtime_bb,runtime_box,runtime_pb,zeta_box,θ_bb,θ_box,θ_pb
41,25659,73,1,3600.337,3600.06,11.947,0.0,2.586153444009582e7,1.5769489687695153e7,2.586153444009582e7
