instance,it_bb,it_box,p_true_pb,runtime_bb,runtime_box,runtime_pb,zeta_box,θ_bb,θ_box,θ_pb
27,23396,39,1,3600.193,3600.064,10.209,10.916666666666668,2.535971710658814e7,1.2679992090065828e7,2.535971710658814e7
