instance,it_bb,it_box,p_true_pb,runtime_bb,runtime_box,runtime_pb,zeta_box,θ_bb,θ_box,θ_pb
29,27904,69,1,3600.002,3600.056,11.764,7.1,2.024474118248502e7,1.7164087160404697e7,2.7836254361370802e7
