instance,it_bb,it_box,p_true_pb,runtime_bb,runtime_box,runtime_pb,zeta_box,θ_bb,θ_box,θ_pb
18,30120,67,1,3600.124,3600.033,15.569,9.499999999999996,2.6445532054547876e7,1.5982522052064773e7,2.6445532054547872e7
