instance,it_bb,it_box,p_true_pb,runtime_bb,runtime_box,runtime_pb,zeta_box,θ_bb,θ_box,θ_pb
42,25475,55,1,3600.328,3600.046,10.011,7.714285714285715,1.6022796195484828e7,1.0433865398192547e7,1.602279619548483e7
