instance,it_bb,it_box,p_true_pb,runtime_bb,runtime_box,runtime_pb,zeta_box,θ_bb,θ_box,θ_pb
10,37184,152,1,3600.094,3600.026,9.616,0.44444444444442865,3.3165558129257943e7,2.814795365745421e7,3.3287936925909467e7
