instance,it_bb,it_box,p_true_pb,runtime_bb,runtime_box,runtime_pb,zeta_box,θ_bb,θ_box,θ_pb
45,32005,82,1,3600.096,3600.027,9.79,3.1666666666666643,2.0555783704867896e7,1.4565518980383977e7,2.05557837048679e7
