instance,it_bb,it_box,p_true_pb,runtime_bb,runtime_box,runtime_pb,zeta_box,θ_bb,θ_box,θ_pb
47,29926,66,1,3600.135,3600.042,15.39,8.428571428571408,1.0e20,1.64247216952335e7,2.7795420496962033e7
