instance,it_bb,it_box,p_true_pb,runtime_bb,runtime_box,runtime_pb,zeta_box,θ_bb,θ_box,θ_pb
27,24117,27,1,3600.13,3600.031,8.848,11.8,2.535971710658814e7,9.928812622049242e6,2.535971710658814e7
