instance,it_bb,it_box,p_true_pb,runtime_bb,runtime_box,runtime_pb,zeta_box,θ_bb,θ_box,θ_pb
48,27444,78,1,3600.003,3600.053,11.214,0.0,2.122639617249833e7,1.484628681450509e7,2.134083837716128e7
