instance,it_bb,it_box,p_true_pb,runtime_bb,runtime_box,runtime_pb,zeta_box,θ_bb,θ_box,θ_pb
23,27550,72,1,3600.161,3600.038,11.322,9.200000000000003,3.379328639377667e7,1.95848755754974e7,3.379328639377668e7
