instance,it_bb,it_box,p_true_pb,runtime_bb,runtime_box,runtime_pb,zeta_box,θ_bb,θ_box,θ_pb
16,22263,36,1,3600.069,3600.026,8.821,13.88888888888889,1.0e20,1.1036423851655507e7,2.9530095693805426e7
