instance,it_bb,it_box,p_true_pb,runtime_bb,runtime_box,runtime_pb,zeta_box,θ_bb,θ_box,θ_pb
23,26616,74,1,3600.195,3600.044,11.059,8.285714285714285,3.379328639377667e7,1.971292470781648e7,3.379328639377668e7
