instance,it_bb,it_box,p_true_pb,runtime_bb,runtime_box,runtime_pb,zeta_box,θ_bb,θ_box,θ_pb
27,35821,163,1,3600.182,1586.799,12.139,0.42857142857142705,2.5240096874185756e7,2.1890730366919044e7,2.535971710658814e7
