instance,it_bb,it_box,p_true_pb,runtime_bb,runtime_box,runtime_pb,zeta_box,θ_bb,θ_box,θ_pb
13,29308,72,1,3600.024,3600.037,9.64,6.5,2.803705211478801e7,1.8609975102266956e7,2.803705211478801e7
