instance,it_bb,it_box,p_true_pb,runtime_bb,runtime_box,runtime_pb,zeta_box,θ_bb,θ_box,θ_pb
14,24754,49,1,3600.159,3600.051,8.81,9.222222222222221,1.0e20,7.920872946761793e6,1.6633135277606886e7
