instance,it_bb,it_box,p_true_pb,runtime_bb,runtime_box,runtime_pb,zeta_box,θ_bb,θ_box,θ_pb
44,23228,45,1,3600.001,3600.067,9.006,13.214285714285714,1.540505909168707e7,1.5283588379924033e7,3.418232365531821e7
