instance,it_bb,it_box,p_true_pb,runtime_bb,runtime_box,runtime_pb,zeta_box,θ_bb,θ_box,θ_pb
22,20338,37,1,3600.057,3600.027,12.334,12.000000000000004,1.0e20,1.002778633973829e7,2.7482679812963687e7
