instance,it_bb,it_box,p_true_pb,runtime_bb,runtime_box,runtime_pb,zeta_box,θ_bb,θ_box,θ_pb
28,32795,69,1,3600.1,3600.034,9.371,0.0,3.121601589524084e7,1.8440053671683464e7,3.1216015895240836e7
