instance,it_bb,it_box,p_true_pb,runtime_bb,runtime_box,runtime_pb,zeta_box,θ_bb,θ_box,θ_pb
16,32929,165,1,3600.13,3600.065,12.404,0.37500000000000844,2.953009569380542e7,2.482998658593833e7,2.9530095693805426e7
