instance,it_bb,it_box,p_true_pb,runtime_bb,runtime_box,runtime_pb,zeta_box,θ_bb,θ_box,θ_pb
50,12,12,1,0.387,2.354,10.089,1.0000000002000036,2.6581637507969927e7,2.6581637507969927e7,2.6581637507969927e7
