instance,it_bb,it_box,p_true_pb,runtime_bb,runtime_box,runtime_pb,zeta_box,θ_bb,θ_box,θ_pb
14,26205,74,1,3600.109,3600.054,10.473,0.0,1.6633135277606886e7,1.0494901300740132e7,1.6633135277606886e7
