instance,it_bb,it_box,p_true_pb,runtime_bb,runtime_box,runtime_pb,zeta_box,θ_bb,θ_box,θ_pb
48,48019,129,1,3600.222,199.381,9.532,0.16666666666666075,2.0760967701924123e7,1.878943430606216e7,2.134083837716128e7
