instance,it_bb,it_box,p_true_pb,runtime_bb,runtime_box,runtime_pb,zeta_box,θ_bb,θ_box,θ_pb
5,30048,80,1,3600.028,3600.061,9.004,7.666666666666667,2.5414154168637775e7,1.6822115194662653e7,2.541415416863778e7
