instance,it_bb,it_box,p_true_pb,runtime_bb,runtime_box,runtime_pb,zeta_box,θ_bb,θ_box,θ_pb
49,12,11,1,0.364,2.199,9.452,1.8000000000000234,2.5883833267816275e7,2.5883833267816275e7,2.588383326781628e7
