instance,it_bb,it_box,p_true_pb,runtime_bb,runtime_box,runtime_pb,zeta_box,θ_bb,θ_box,θ_pb
50,31690,63,1,3600.181,3600.048,8.706,0.0,2.6581637507969927e7,1.6317618971024936e7,2.6581637507969927e7
