instance,it_bb,it_box,p_true_pb,runtime_bb,runtime_box,runtime_pb,zeta_box,θ_bb,θ_box,θ_pb
29,25263,46,1,3600.119,3600.042,9.432,9.999999999999986,1.0e20,1.35333587961774e7,2.7836254361370802e7
