instance,it_bb,it_box,p_true_pb,runtime_bb,runtime_box,runtime_pb,zeta_box,θ_bb,θ_box,θ_pb
19,35272,154,1,3600.139,689.793,11.656,1.0,2.264802036230862e7,1.9761556162556086e7,2.2759037933077414e7
