instance,it_bb,it_box,p_true_pb,runtime_bb,runtime_box,runtime_pb,zeta_box,θ_bb,θ_box,θ_pb
46,19672,49,1,3600.003,3600.056,9.219,10.0,1.7596310631380502e7,8.90312384034981e6,1.7596310631380502e7
