instance,it_bb,it_box,p_true_pb,runtime_bb,runtime_box,runtime_pb,zeta_box,θ_bb,θ_box,θ_pb
3,40723,154,1,3600.134,1905.985,9.431,0.28571428571428736,2.4947534887356047e7,2.179774754400336e7,2.5073526950598143e7
