instance,it_bb,it_box,p_true_pb,runtime_bb,runtime_box,runtime_pb,zeta_box,θ_bb,θ_box,θ_pb
19,29193,79,1,3600.048,3600.05,8.969,6.5,2.275903793307741e7,1.4987789468959607e7,2.2759037933077414e7
