instance,it_bb,it_box,p_true_pb,runtime_bb,runtime_box,runtime_pb,zeta_box,θ_bb,θ_box,θ_pb
24,28997,68,1,3600.168,3600.053,10.548,0.0,2.6036994374744084e7,1.7149528487788726e7,2.6036994374744084e7
