instance,it_bb,it_box,p_true_pb,runtime_bb,runtime_box,runtime_pb,zeta_box,θ_bb,θ_box,θ_pb
49,43758,118,1,3600.132,410.513,9.102,0.1666666666666643,2.5754415340155542e7,2.2519023208403453e7,2.588383326781628e7
