instance,it_bb,it_box,p_true_pb,runtime_bb,runtime_box,runtime_pb,zeta_box,θ_bb,θ_box,θ_pb
17,19966,43,1,3600.218,3600.045,11.451,11.583333333333332,1.0e20,1.0835512561285472e7,2.4583874393952508e7
