instance,it_bb,it_box,p_true_pb,runtime_bb,runtime_box,runtime_pb,zeta_box,θ_bb,θ_box,θ_pb
5,40969,160,1,3600.031,867.112,9.294,0.16666666678333542,2.5051105458127048e7,2.2146797710969154e7,2.541415416863778e7
