instance,it_bb,it_box,p_true_pb,runtime_bb,runtime_box,runtime_pb,zeta_box,θ_bb,θ_box,θ_pb
31,28920,82,1,3600.178,3600.038,10.573,6.000000000700002,2.9316757006741874e7,1.8185658857861865e7,2.9316757006741874e7
