instance,it_bb,it_box,p_true_pb,runtime_bb,runtime_box,runtime_pb,zeta_box,θ_bb,θ_box,θ_pb
16,29687,70,1,3600.176,3600.043,9.25,9.000000000999997,1.0e20,1.7984208879446227e7,2.9530095693805426e7
