instance,it_bb,it_box,p_true_pb,runtime_bb,runtime_box,runtime_pb,zeta_box,θ_bb,θ_box,θ_pb
14,38886,172,1,3600.108,1163.968,9.413,0.33333333333334636,1.6534130227230655e7,1.4752039320458503e7,1.6633135277606886e7
