instance,it_bb,it_box,p_true_pb,runtime_bb,runtime_box,runtime_pb,zeta_box,θ_bb,θ_box,θ_pb
28,30735,68,1,3600.058,3600.06,12.842,9.000000001000004,3.121601589524084e7,1.844002939554951e7,3.1216015895240836e7
