instance,it_bb,it_box,p_true_pb,runtime_bb,runtime_box,runtime_pb,zeta_box,θ_bb,θ_box,θ_pb
39,38154,145,1,3600.103,1203.976,9.123,0.125,3.076018442444355e7,2.5097331433238506e7,3.0760184424443565e7
