instance,it_bb,it_box,p_true_pb,runtime_bb,runtime_box,runtime_pb,zeta_box,θ_bb,θ_box,θ_pb
34,26349,42,1,3600.139,3600.031,8.886,11.399999999999999,1.0e20,1.3720636147174975e7,3.159450131934908e7
