instance,it_bb,it_box,p_true_pb,runtime_bb,runtime_box,runtime_pb,zeta_box,θ_bb,θ_box,θ_pb
26,32810,172,1,3600.124,3600.028,12.175,1.4285714285714306,3.1259846498918105e7,2.903616077949201e7,3.1259846498918112e7
