instance,it_bb,it_box,p_true_pb,runtime_bb,runtime_box,runtime_pb,zeta_box,θ_bb,θ_box,θ_pb
50,23199,32,1,3600.054,3600.051,9.12,11.625,2.6581637507969927e7,9.475076293182038e6,2.6581637507969927e7
