instance,it_bb,it_box,p_true_pb,runtime_bb,runtime_box,runtime_pb,zeta_box,θ_bb,θ_box,θ_pb
45,27820,48,1,3600.065,3600.045,8.72,8.666666666666668,2.05557837048679e7,1.1041841783474803e7,2.05557837048679e7
