instance,it_bb,it_box,p_true_pb,runtime_bb,runtime_box,runtime_pb,zeta_box,θ_bb,θ_box,θ_pb
43,31953,80,1,3600.016,3600.043,19.169,7.0,2.871521491316098e7,1.7623896680033874e7,2.871521491316098e7
