instance,it_bb,it_box,p_true_pb,runtime_bb,runtime_box,runtime_pb,zeta_box,θ_bb,θ_box,θ_pb
15,24381,33,1,3600.04,3600.045,8.98,12.583333333333332,2.4953311306733858e7,9.342791500508385e6,2.4953311306733858e7
