instance,it_bb,it_box,p_true_pb,runtime_bb,runtime_box,runtime_pb,zeta_box,θ_bb,θ_box,θ_pb
30,14,13,1,0.486,2.418,10.114,0.5999999999999979,3.318823315842339e7,3.318823315842339e7,3.3188233158423387e7
