instance,it_bb,it_box,p_true_pb,runtime_bb,runtime_box,runtime_pb,zeta_box,θ_bb,θ_box,θ_pb
11,25908,79,1,3600.21,3600.051,12.044,9.142857142857144,1.0e20,1.6955528741645813e7,2.9098826130792823e7
