instance,it_bb,it_box,p_true_pb,runtime_bb,runtime_box,runtime_pb,zeta_box,θ_bb,θ_box,θ_pb
32,23704,38,1,3600.218,3600.063,10.525,9.333333333333334,1.821316763919606e7,1.0999900093915047e7,1.8213167639196064e7
