instance,it_bb,it_box,p_true_pb,runtime_bb,runtime_box,runtime_pb,zeta_box,θ_bb,θ_box,θ_pb
8,24939,38,1,3600.023,3600.043,9.05,14.0,2.22539708650775e7,9.89126812055862e6,2.2253970865077503e7
