instance,it_bb,it_box,p_true_pb,runtime_bb,runtime_box,runtime_pb,zeta_box,θ_bb,θ_box,θ_pb
23,40347,154,1,3600.01,2190.393,9.264,0.125,3.3665282487586275e7,2.8033123764879435e7,3.379328639377668e7
