instance,it_bb,it_box,p_true_pb,runtime_bb,runtime_box,runtime_pb,zeta_box,θ_bb,θ_box,θ_pb
4,31384,76,1,3600.105,3600.04,8.885,5.857142857142822,1.0e20,1.5817399792850666e7,2.583875041514038e7
