instance,it_bb,it_box,p_true_pb,runtime_bb,runtime_box,runtime_pb,zeta_box,θ_bb,θ_box,θ_pb
25,28620,76,1,3600.131,3600.038,16.022,9.222222222222221,1.0e20,2.0580787044652745e7,3.497370958451249e7
