instance,it_bb,it_box,p_true_pb,runtime_bb,runtime_box,runtime_pb,zeta_box,θ_bb,θ_box,θ_pb
22,40159,162,1,3600.108,3600.026,9.4,0.8571428571428577,2.748267981296368e7,2.352126712890868e7,2.7482679812963687e7
