instance,it_bb,it_box,p_true_pb,runtime_bb,runtime_box,runtime_pb,zeta_box,θ_bb,θ_box,θ_pb
48,25154,38,1,3600.081,3600.037,9.36,8.500000000000002,2.1340838377161283e7,1.0903295886063443e7,2.134083837716128e7
