instance,it_bb,it_box,p_true_pb,runtime_bb,runtime_box,runtime_pb,zeta_box,θ_bb,θ_box,θ_pb
22,25088,45,1,3600.127,3600.038,9.03,12.333333333333334,1.0e20,1.2256003492235484e7,2.7482679812963687e7
