instance,it_bb,it_box,p_true_pb,runtime_bb,runtime_box,runtime_pb,zeta_box,θ_bb,θ_box,θ_pb
42,28839,86,1,3600.167,3600.08,12.412,0.0,1.6022796195484828e7,1.3166170352601588e7,1.602279619548483e7
