instance,it_bb,it_box,p_true_pb,runtime_bb,runtime_box,runtime_pb,zeta_box,θ_bb,θ_box,θ_pb
21,19140,35,1,3600.216,3600.051,12.108,12.600000000000001,1.0e20,9.730897325043608e6,2.5910723728203204e7
