instance,it_bb,it_box,p_true_pb,runtime_bb,runtime_box,runtime_pb,zeta_box,θ_bb,θ_box,θ_pb
29,33781,98,1,3600.002,273.69,12.389,0.33333333346666905,2.7396164448876236e7,2.266521844330945e7,2.7836254361370802e7
