instance,it_bb,it_box,p_true_pb,runtime_bb,runtime_box,runtime_pb,zeta_box,θ_bb,θ_box,θ_pb
18,21854,45,1,3600.221,3600.047,10.126,10.625,1.0e20,1.2073456616226312e7,2.6445532054547872e7
