instance,it_bb,it_box,p_true_pb,runtime_bb,runtime_box,runtime_pb,zeta_box,θ_bb,θ_box,θ_pb
42,26739,87,1,3600.158,3600.063,15.769,8.0,1.6022796195484828e7,1.3166162862345975e7,1.602279619548483e7
