instance,it_bb,it_box,p_true_pb,runtime_bb,runtime_box,runtime_pb,zeta_box,θ_bb,θ_box,θ_pb
32,31182,83,1,3600.186,3600.034,15.549,7.25,1.8213167639196057e7,1.431074757991939e7,1.8213167639196064e7
