instance,it_bb,it_box,p_true_pb,runtime_bb,runtime_box,runtime_pb,zeta_box,θ_bb,θ_box,θ_pb
32,32577,88,1,3600.025,3600.032,8.815,6.0,1.8213167639196057e7,1.4429119231255729e7,1.8213167639196064e7
