instance,it_bb,it_box,p_true_pb,runtime_bb,runtime_box,runtime_pb,zeta_box,θ_bb,θ_box,θ_pb
7,40613,186,1,3600.112,3600.019,9.857,1.3750000000000009,2.762603779495125e7,2.3808033956787545e7,2.7626037794951245e7
