instance,it_bb,it_box,p_true_pb,runtime_bb,runtime_box,runtime_pb,zeta_box,θ_bb,θ_box,θ_pb
39,14,12,1,0.405,2.393,9.896,0.6666666666666679,3.0760184424443558e7,3.0760184424443558e7,3.0760184424443565e7
