instance,it_bb,it_box,p_true_pb,runtime_bb,runtime_box,runtime_pb,zeta_box,θ_bb,θ_box,θ_pb
21,41059,194,1,3600.05,3600.019,8.983,1.0,2.5910723728203204e7,2.2516348551609743e7,2.5910723728203204e7
