instance,it_bb,it_box,p_true_pb,runtime_bb,runtime_box,runtime_pb,zeta_box,θ_bb,θ_box,θ_pb
11,15,14,1,0.429,2.229,9.853,1.5714285714285714,2.909882613079282e7,2.909882613079282e7,2.9098826130792823e7
