instance,it_bb,it_box,p_true_pb,runtime_bb,runtime_box,runtime_pb,zeta_box,θ_bb,θ_box,θ_pb
38,39270,174,1,3600.069,3600.025,9.291,1.0,4.2868446522303306e7,3.41985430667421e7,4.286844652230331e7
