instance,it_bb,it_box,p_true_pb,runtime_bb,runtime_box,runtime_pb,zeta_box,θ_bb,θ_box,θ_pb
18,13,12,1,0.442,2.618,10.695,3.3999999999999986,2.6445532054547876e7,2.6445532054547876e7,2.6445532054547872e7
