instance,it_bb,it_box,p_true_pb,runtime_bb,runtime_box,runtime_pb,zeta_box,θ_bb,θ_box,θ_pb
21,26774,64,1,3600.191,3600.056,9.201,10.222222222222221,1.0e20,1.6406498923745504e7,2.5910723728203204e7
