instance,it_bb,it_box,p_true_pb,runtime_bb,runtime_box,runtime_pb,zeta_box,θ_bb,θ_box,θ_pb
2,27333,74,1,3600.034,3600.045,10.454,7.428571428571431,1.0e20,2.0351718162558723e7,3.444086816692805e7
