instance,it_bb,it_box,p_true_pb,runtime_bb,runtime_box,runtime_pb,zeta_box,θ_bb,θ_box,θ_pb
31,21320,33,1,3600.176,3600.038,8.916,11.857142858428572,1.0e20,1.0251149908201966e7,2.9316757006741874e7
