instance,it_bb,it_box,p_true_pb,runtime_bb,runtime_box,runtime_pb,zeta_box,θ_bb,θ_box,θ_pb
2,18587,34,1,3600.15,3600.051,12.291,14.399999999999999,1.0e20,1.1320298430122064e7,3.444086816692805e7
