instance,it_bb,it_box,p_true_pb,runtime_bb,runtime_box,runtime_pb,zeta_box,θ_bb,θ_box,θ_pb
27,32062,69,1,3600.099,3600.023,9.474,0.0,2.5359717106588136e7,1.6747067997522827e7,2.535971710658814e7
