instance,it_bb,it_box,p_true_pb,runtime_bb,runtime_box,runtime_pb,zeta_box,θ_bb,θ_box,θ_pb
41,24223,49,1,3600.004,3600.051,9.127,8.374999999999998,1.0e20,1.1985217868184827e7,2.586153444009582e7
