instance,it_bb,it_box,p_true_pb,runtime_bb,runtime_box,runtime_pb,zeta_box,θ_bb,θ_box,θ_pb
9,22237,38,1,3600.183,3600.024,8.899,11.11111111111111,1.0e20,1.1339563194235738e7,3.2106452312887195e7
