instance,it_bb,it_box,p_true_pb,runtime_bb,runtime_box,runtime_pb,zeta_box,θ_bb,θ_box,θ_pb
45,43344,69,1,3600.048,63.019,9.503,0.11111355550249336,2.0085958205347065e7,1.738446158310228e7,2.05557837048679e7
