instance,it_bb,it_box,p_true_pb,runtime_bb,runtime_box,runtime_pb,zeta_box,θ_bb,θ_box,θ_pb
33,28084,74,1,3600.065,3600.035,10.861,7.0,2.080471118482265e7,1.346925670865567e7,2.080471118482265e7
