instance,it_bb,it_box,p_true_pb,runtime_bb,runtime_box,runtime_pb,zeta_box,θ_bb,θ_box,θ_pb
23,26783,73,1,3600.196,3600.036,11.356,0.0,3.379328639377667e7,1.958487722191406e7,3.379328639377668e7
