instance,it_bb,it_box,p_true_pb,runtime_bb,runtime_box,runtime_pb,zeta_box,θ_bb,θ_box,θ_pb
47,17558,27,1,3600.141,3600.049,9.475,11.500000000000002,1.0e20,9.18899807723826e6,2.7795420496962033e7
