instance,it_bb,it_box,p_true_pb,runtime_bb,runtime_box,runtime_pb,zeta_box,θ_bb,θ_box,θ_pb
36,46414,122,1,3600.28,148.788,17.604,0.42857142857141994,1.774817941713865e7,1.7001216549739778e7,1.9126304783202093e7
