instance,it_bb,it_box,p_true_pb,runtime_bb,runtime_box,runtime_pb,zeta_box,θ_bb,θ_box,θ_pb
13,24894,33,1,3600.047,3600.032,8.8,11.555555555555555,2.803705211478801e7,1.0529828374301184e7,2.803705211478801e7
