instance,it_bb,it_box,p_true_pb,runtime_bb,runtime_box,runtime_pb,zeta_box,θ_bb,θ_box,θ_pb
44,18655,36,1,3600.171,3600.121,9.815,11.727272728545476,1.0e20,1.2366860549048197e7,3.418232365531821e7
