instance,it_bb,it_box,p_true_pb,runtime_bb,runtime_box,runtime_pb,zeta_box,θ_bb,θ_box,θ_pb
27,11,10,1,0.314,1.949,8.845,1.6666666666666643,2.535971710658814e7,2.535971710658814e7,2.535971710658814e7
