instance,it_bb,it_box,p_true_pb,runtime_bb,runtime_box,runtime_pb,zeta_box,θ_bb,θ_box,θ_pb
50,40485,126,1,3600.102,957.242,9.59,0.3333333333333357,2.645004723477316e7,2.2633929312066894e7,2.6581637507969927e7
