instance,it_bb,it_box,p_true_pb,runtime_bb,runtime_box,runtime_pb,zeta_box,θ_bb,θ_box,θ_pb
1,34034,170,1,3600.084,1970.186,12.437,1.0,2.325048642366963e7,1.9627195699677337e7,2.3351134324790318e7
