instance,it_bb,it_box,p_true_pb,runtime_bb,runtime_box,runtime_pb,zeta_box,θ_bb,θ_box,θ_pb
47,37961,188,1,3600.053,3600.02,10.086,0.25,2.7795420496962033e7,2.3316019644169327e7,2.7795420496962033e7
