instance,it_bb,it_box,p_true_pb,runtime_bb,runtime_box,runtime_pb,zeta_box,θ_bb,θ_box,θ_pb
19,20501,31,1,3600.267,3600.043,9.652,11.600000000000001,1.0e20,8.548817829699084e6,2.2759037933077414e7
