instance,it_bb,it_box,p_true_pb,runtime_bb,runtime_box,runtime_pb,zeta_box,θ_bb,θ_box,θ_pb
12,24239,46,1,3600.07,3600.037,9.248,11.416666666666666,1.0e20,1.3612396977443004e7,3.0441740968387894e7
