instance,it_bb,it_box,p_true_pb,runtime_bb,runtime_box,runtime_pb,zeta_box,θ_bb,θ_box,θ_pb
45,24557,36,1,3600.134,3600.027,9.132,10.0,2.05557837048679e7,8.575463727472488e6,2.05557837048679e7
