instance,it_bb,it_box,p_true_pb,runtime_bb,runtime_box,runtime_pb,zeta_box,θ_bb,θ_box,θ_pb
37,19749,33,1,3600.151,3600.029,9.066,15.11111111111111,1.0e20,1.211482864978636e7,3.713298633774028e7
