instance,it_bb,it_box,p_true_pb,runtime_bb,runtime_box,runtime_pb,zeta_box,θ_bb,θ_box,θ_pb
7,17716,38,1,3600.271,3600.047,10.591,11.666666666666666,1.0e20,9.88360558985802e6,2.7626037794951245e7
