instance,it_bb,it_box,p_true_pb,runtime_bb,runtime_box,runtime_pb,zeta_box,θ_bb,θ_box,θ_pb
36,26256,49,1,3600.016,3600.051,8.896,10.727272728445456,1.9126304783202097e7,1.0732422149159785e7,1.9126304783202093e7
