instance,it_bb,it_box,p_true_pb,runtime_bb,runtime_box,runtime_pb,zeta_box,θ_bb,θ_box,θ_pb
30,34781,163,1,3600.064,2460.927,12.014,0.1999999999999993,3.318823315842339e7,2.7361532956704956e7,3.3188233158423387e7
