instance,it_bb,it_box,p_true_pb,runtime_bb,runtime_box,runtime_pb,zeta_box,θ_bb,θ_box,θ_pb
13,23391,48,1,3600.227,3600.039,10.927,10.0,2.803705211478801e7,1.3712980066627406e7,2.803705211478801e7
