instance,it_bb,it_box,p_true_pb,runtime_bb,runtime_box,runtime_pb,zeta_box,θ_bb,θ_box,θ_pb
42,27350,75,1,799.841,66.808,9.141,0.9999982360167223,1.5277619187489113e7,1.5277619187489115e7,1.602279619548483e7
