instance,it_bb,it_box,p_true_pb,runtime_bb,runtime_box,runtime_pb,zeta_box,θ_bb,θ_box,θ_pb
43,12,11,1,0.343,2.174,9.362,1.142857142857146,2.871521491316098e7,2.871521491316098e7,2.871521491316098e7
