instance,it_bb,it_box,p_true_pb,runtime_bb,runtime_box,runtime_pb,zeta_box,θ_bb,θ_box,θ_pb
9,27486,75,1,3600.106,3600.052,10.216,8.777777777777779,1.0e20,1.936609522646346e7,3.2106452312887195e7
