instance,it_bb,it_box,p_true_pb,runtime_bb,runtime_box,runtime_pb,zeta_box,θ_bb,θ_box,θ_pb
50,24814,43,1,3600.144,3600.032,9.167,10.571428572585717,2.6581637507969927e7,1.2106783449838601e7,2.6581637507969927e7
