instance,it_bb,it_box,p_true_pb,runtime_bb,runtime_box,runtime_pb,zeta_box,θ_bb,θ_box,θ_pb
44,32723,172,1,3600.001,3600.029,10.538,1.4444444444444466,2.8582575311579015e7,2.7765935077598214e7,3.418232365531821e7
