instance,it_bb,it_box,p_true_pb,runtime_bb,runtime_box,runtime_pb,zeta_box,θ_bb,θ_box,θ_pb
48,30277,77,1,3600.063,3600.063,9.744,8.0,2.122639617249833e7,1.4730471058664178e7,2.134083837716128e7
