instance,it_bb,it_box,p_true_pb,runtime_bb,runtime_box,runtime_pb,zeta_box,θ_bb,θ_box,θ_pb
46,21696,36,1,3600.181,3600.039,9.464,9.666666666666668,1.7596310631380506e7,6.599074752328863e6,1.7596310631380502e7
