instance,it_bb,it_box,p_true_pb,runtime_bb,runtime_box,runtime_pb,zeta_box,θ_bb,θ_box,θ_pb
26,26576,67,1,3600.19,3600.055,9.689,8.70000000097,1.0e20,1.7915861226164483e7,3.1259846498918112e7
