instance,it_bb,it_box,p_true_pb,runtime_bb,runtime_box,runtime_pb,zeta_box,θ_bb,θ_box,θ_pb
32,76650,108,1,3600.068,94.563,9.66,0.5,1.726713552908623e7,1.7030653709372398e7,1.8213167639196064e7
