instance,it_bb,it_box,p_true_pb,runtime_bb,runtime_box,runtime_pb,zeta_box,θ_bb,θ_box,θ_pb
28,26019,47,1,3600.178,3600.039,10.392,12.166666666666668,1.0e20,1.2908128858796775e7,3.1216015895240836e7
