instance,it_bb,it_box,p_true_pb,runtime_bb,runtime_box,runtime_pb,zeta_box,θ_bb,θ_box,θ_pb
39,25659,55,1,3600.158,3600.046,9.008,9.749999999999996,1.0e20,1.3385936623370461e7,3.0760184424443565e7
