instance,it_bb,it_box,p_true_pb,runtime_bb,runtime_box,runtime_pb,zeta_box,θ_bb,θ_box,θ_pb
9,13,12,1,0.461,2.39,10.263,0.6000000000000014,3.210645231288719e7,3.210645231288719e7,3.2106452312887195e7
