instance,it_bb,it_box,p_true_pb,runtime_bb,runtime_box,runtime_pb,zeta_box,θ_bb,θ_box,θ_pb
43,25162,78,1,3600.032,3600.068,12.932,0.0,2.871521491316098e7,1.7500577381550968e7,2.871521491316098e7
