instance,it_bb,it_box,p_true_pb,runtime_bb,runtime_box,runtime_pb,zeta_box,θ_bb,θ_box,θ_pb
45,28341,83,1,3600.145,3600.075,10.554,6.5,2.0555783704867896e7,1.4565574154638562e7,2.05557837048679e7
