instance,it_bb,it_box,p_true_pb,runtime_bb,runtime_box,runtime_pb,zeta_box,θ_bb,θ_box,θ_pb
20,41964,121,1,3600.137,321.727,9.087,0.4285714285714306,2.246365348923435e7,1.8552100089368768e7,2.246365348923435e7
