instance,it_bb,it_box,p_true_pb,runtime_bb,runtime_box,runtime_pb,zeta_box,θ_bb,θ_box,θ_pb
40,20273,37,1,3600.231,3600.032,9.987,11.833333333333332,1.0e20,9.298319979484182e6,2.7158420178254947e7
