instance,it_bb,it_box,p_true_pb,runtime_bb,runtime_box,runtime_pb,zeta_box,θ_bb,θ_box,θ_pb
39,22680,33,1,3600.055,3600.055,11.072,11.857142857142858,1.0e20,1.0554541546757268e7,3.0760184424443565e7
