instance,it_bb,it_box,p_true_pb,runtime_bb,runtime_box,runtime_pb,zeta_box,θ_bb,θ_box,θ_pb
13,30140,73,1,3600.043,3600.035,9.8,9.000000000000009,2.803705211478801e7,1.8609975102267113e7,2.803705211478801e7
