instance,it_bb,it_box,p_true_pb,runtime_bb,runtime_box,runtime_pb,zeta_box,θ_bb,θ_box,θ_pb
38,18707,31,1,3600.176,3600.026,10.151,15.777777777777779,1.0e20,1.3246764681969358e7,4.286844652230331e7
