instance,it_bb,it_box,p_true_pb,runtime_bb,runtime_box,runtime_pb,zeta_box,θ_bb,θ_box,θ_pb
14,12,10,1,0.306,1.987,8.937,3.0,1.6633135277606886e7,1.6633135277606886e7,1.6633135277606886e7
