instance,it_bb,it_box,p_true_pb,runtime_bb,runtime_box,runtime_pb,zeta_box,θ_bb,θ_box,θ_pb
36,28868,78,1,3600.133,3600.038,10.491,7.0,1.9126304783202097e7,1.3813584199546298e7,1.9126304783202093e7
