instance,it_bb,it_box,p_true_pb,runtime_bb,runtime_box,runtime_pb,zeta_box,θ_bb,θ_box,θ_pb
2,39937,171,1,3600.066,3600.025,9.524,0.571428571585713,3.444086816692806e7,2.8299464562783927e7,3.444086816692805e7
