instance,it_bb,it_box,p_true_pb,runtime_bb,runtime_box,runtime_pb,zeta_box,θ_bb,θ_box,θ_pb
9,39251,194,1,3600.083,3068.24,9.141,1.3333333333333308,3.210645231288719e7,2.6373244578782834e7,3.2106452312887195e7
