instance,it_bb,it_box,p_true_pb,runtime_bb,runtime_box,runtime_pb,zeta_box,θ_bb,θ_box,θ_pb
36,28227,80,1,3600.233,3600.028,11.323,0.0,1.9126304783202097e7,1.3813605009238245e7,1.9126304783202093e7
