instance,it_bb,it_box,p_true_pb,runtime_bb,runtime_box,runtime_pb,zeta_box,θ_bb,θ_box,θ_pb
25,33185,194,1,3600.017,3600.033,12.017,0.7499999999999982,3.497370958451249e7,2.8029943071298417e7,3.497370958451249e7
