instance,it_bb,it_box,p_true_pb,runtime_bb,runtime_box,runtime_pb,zeta_box,θ_bb,θ_box,θ_pb
37,16,15,1,0.496,2.471,10.127,0.4285714285714306,3.713298633774029e7,3.713298633774029e7,3.713298633774028e7
