instance,it_bb,it_box,p_true_pb,runtime_bb,runtime_box,runtime_pb,zeta_box,θ_bb,θ_box,θ_pb
31,28671,79,1,3600.159,3600.064,9.491,6.0,2.9316757006741874e7,1.8075683211304996e7,2.9316757006741874e7
