instance,it_bb,it_box,p_true_pb,runtime_bb,runtime_box,runtime_pb,zeta_box,θ_bb,θ_box,θ_pb
47,15,14,1,0.402,2.292,9.512,1.0,2.7795420496962033e7,2.7795420496962033e7,2.7795420496962033e7
