instance,it_bb,it_box,p_true_pb,runtime_bb,runtime_box,runtime_pb,zeta_box,θ_bb,θ_box,θ_pb
46,25942,63,1,3600.18,3600.044,12.755,6.0,1.7596310631380502e7,1.1312088041063517e7,1.7596310631380502e7
