instance,it_bb,it_box,p_true_pb,runtime_bb,runtime_box,runtime_pb,zeta_box,θ_bb,θ_box,θ_pb
39,30299,74,1,3600.116,3600.041,11.567,6.300000000729998,1.0e20,1.853360081749515e7,3.0760184424443565e7
