instance,it_bb,it_box,p_true_pb,runtime_bb,runtime_box,runtime_pb,zeta_box,θ_bb,θ_box,θ_pb
1,16185,35,1,3600.021,3600.032,13.17,10.461538461538433,1.0e20,8.35466496531464e6,2.3351134324790318e7
