instance,it_bb,it_box,p_true_pb,runtime_bb,runtime_box,runtime_pb,zeta_box,θ_bb,θ_box,θ_pb
34,35338,147,1,3600.026,3600.05,11.824,0.44444444444444287,3.159450131934908e7,2.6559616472704764e7,3.159450131934908e7
