instance,it_bb,it_box,p_true_pb,runtime_bb,runtime_box,runtime_pb,zeta_box,θ_bb,θ_box,θ_pb
37,27271,60,1,3600.079,3600.065,8.966,10.222222222222221,1.0e20,2.015195277671443e7,3.713298633774028e7
