instance,it_bb,it_box,p_true_pb,runtime_bb,runtime_box,runtime_pb,zeta_box,θ_bb,θ_box,θ_pb
46,26760,67,1,3600.004,3600.076,9.065,0.0,1.7596310631380502e7,1.1626267810965098e7,1.7596310631380502e7
