instance,it_bb,it_box,p_true_pb,runtime_bb,runtime_box,runtime_pb,zeta_box,θ_bb,θ_box,θ_pb
11,41317,186,1,3600.036,3600.036,9.052,1.2222222222222214,2.9098826130792815e7,2.4287305299555246e7,2.9098826130792823e7
