instance,it_bb,it_box,p_true_pb,runtime_bb,runtime_box,runtime_pb,zeta_box,θ_bb,θ_box,θ_pb
5,28862,76,1,3600.103,3600.04,9.766,0.0,2.5414154168637775e7,1.658002792265378e7,2.541415416863778e7
