instance,it_bb,it_box,p_true_pb,runtime_bb,runtime_box,runtime_pb,zeta_box,θ_bb,θ_box,θ_pb
31,25989,80,1,3600.265,3600.055,9.985,0.0,2.9316757006741874e7,1.8075621065376822e7,2.9316757006741874e7
