instance,it_bb,it_box,p_true_pb,runtime_bb,runtime_box,runtime_pb,zeta_box,θ_bb,θ_box,θ_pb
4,40300,119,1,3600.124,528.949,10.125,1.6250000000000244,2.571801102637267e7,2.125065364196744e7,2.583875041514038e7
