instance,it_bb,it_box,p_true_pb,runtime_bb,runtime_box,runtime_pb,zeta_box,θ_bb,θ_box,θ_pb
19,32204,79,1,3600.063,3600.047,8.911,0.0,2.275903793307741e7,1.4987789468959607e7,2.2759037933077414e7
