instance,it_bb,it_box,p_true_pb,runtime_bb,runtime_box,runtime_pb,zeta_box,θ_bb,θ_box,θ_pb
42,33150,80,1,3600.03,3600.04,9.451,3.3999999999999972,1.6022796195484828e7,1.3166162862345977e7,1.602279619548483e7
