instance,it_bb,it_box,p_true_pb,runtime_bb,runtime_box,runtime_pb,zeta_box,θ_bb,θ_box,θ_pb
41,29655,74,1,3600.177,3600.026,9.193,5.272727272727272,2.586153444009582e7,1.5769489687695153e7,2.586153444009582e7
