instance,it_bb,it_box,p_true_pb,runtime_bb,runtime_box,runtime_pb,zeta_box,θ_bb,θ_box,θ_pb
25,15,15,1,0.441,2.379,9.633,0.5000000001500098,3.497370958451249e7,3.497370958451249e7,3.497370958451249e7
