instance,it_bb,it_box,p_true_pb,runtime_bb,runtime_box,runtime_pb,zeta_box,θ_bb,θ_box,θ_pb
1,23818,69,1,3600.002,3600.065,16.577,8.250000000000002,1.0e20,1.39908981007214e7,2.3351134324790318e7
