instance,it_bb,it_box,p_true_pb,runtime_bb,runtime_box,runtime_pb,zeta_box,θ_bb,θ_box,θ_pb
8,30972,81,1,3600.333,3600.027,9.756,10.75,2.22539708650775e7,1.678815857411836e7,2.2253970865077503e7
