instance,it_bb,it_box,p_true_pb,runtime_bb,runtime_box,runtime_pb,zeta_box,θ_bb,θ_box,θ_pb
7,14,13,1,0.497,2.806,11.32,1.0000000002000036,2.7626037794951253e7,2.7626037794951253e7,2.7626037794951245e7
