instance,it_bb,it_box,p_true_pb,runtime_bb,runtime_box,runtime_pb,zeta_box,θ_bb,θ_box,θ_pb
38,21110,45,1,3600.012,3600.08,10.185,15.166666666666668,1.0e20,1.6979651016259477e7,4.286844652230331e7
