instance,it_bb,it_box,p_true_pb,runtime_bb,runtime_box,runtime_pb,zeta_box,θ_bb,θ_box,θ_pb
38,29479,71,1,3600.145,3600.037,20.136,11.888888888888886,1.0e20,2.4083830354955755e7,4.286844652230331e7
