instance,it_bb,it_box,p_true_pb,runtime_bb,runtime_box,runtime_pb,zeta_box,θ_bb,θ_box,θ_pb
23,12,11,1,0.44,2.331,10.112,2.6666666666666985,3.379328639377667e7,3.379328639377667e7,3.379328639377668e7
