instance,it_bb,it_box,p_true_pb,runtime_bb,runtime_box,runtime_pb,zeta_box,θ_bb,θ_box,θ_pb
6,14,13,1,0.41,2.378,10.089,1.5714285714285416,3.1656117300856065e7,3.1656117300856065e7,3.1656117300856058e7
