instance,it_bb,it_box,p_true_pb,runtime_bb,runtime_box,runtime_pb,zeta_box,θ_bb,θ_box,θ_pb
11,22293,43,1,3600.1,3600.039,9.039,11.899999999999999,1.0e20,1.271676962690099e7,2.9098826130792823e7
