instance,it_bb,it_box,p_true_pb,runtime_bb,runtime_box,runtime_pb,zeta_box,θ_bb,θ_box,θ_pb
18,31719,72,1,3600.166,3600.03,8.835,0.0,2.6445532054547876e7,1.6097517835866962e7,2.6445532054547872e7
