instance,it_bb,it_box,p_true_pb,runtime_bb,runtime_box,runtime_pb,zeta_box,θ_bb,θ_box,θ_pb
40,22651,51,1,3600.116,3600.049,12.147,11.22222222222222,1.0e20,1.247891512358447e7,2.7158420178254947e7
