instance,it_bb,it_box,p_true_pb,runtime_bb,runtime_box,runtime_pb,zeta_box,θ_bb,θ_box,θ_pb
24,36303,90,1,3600.13,247.287,11.483,1.4444444444444429,2.591181849847393e7,2.2031366240232382e7,2.6036994374744084e7
