instance,it_bb,it_box,p_true_pb,runtime_bb,runtime_box,runtime_pb,zeta_box,θ_bb,θ_box,θ_pb
32,29425,84,1,3600.077,3600.037,9.751,0.0,1.8213167639196057e7,1.4310837140992515e7,1.8213167639196064e7
