instance,it_bb,it_box,p_true_pb,runtime_bb,runtime_box,runtime_pb,zeta_box,θ_bb,θ_box,θ_pb
32,7,7,1,0.316,2.401,10.61,3.000000000400007,1.821316763919606e7,1.821316763919606e7,1.8213167639196064e7
