instance,it_bb,it_box,p_true_pb,runtime_bb,runtime_box,runtime_pb,zeta_box,θ_bb,θ_box,θ_pb
40,26874,69,1,3600.219,3600.059,11.519,9.333333333333314,1.0e20,1.700520481366364e7,2.7158420178254947e7
