instance,it_bb,it_box,p_true_pb,runtime_bb,runtime_box,runtime_pb,zeta_box,θ_bb,θ_box,θ_pb
29,30392,70,1,3600.189,3600.044,9.511,7.428571428571431,1.0e20,1.7274113222167213e7,2.7836254361370802e7
