instance,it_bb,it_box,p_true_pb,runtime_bb,runtime_box,runtime_pb,zeta_box,θ_bb,θ_box,θ_pb
32,10,9,1,0.307,2.272,9.804,5.0,1.6119985430271104e7,1.6119985430271104e7,1.6119985430271104e7
