instance,it_bb,it_box,p_true_pb,runtime_bb,runtime_box,runtime_pb,zeta_box,θ_bb,θ_box,θ_pb
11,27946,50,1,3600.207,3600.065,9.795,7.800000000000001,1.6533743785511628e7,8.0962926823471375e6,1.6533743785511628e7
