instance,it_bb,it_box,p_true_pb,runtime_bb,runtime_box,runtime_pb,zeta_box,θ_bb,θ_box,θ_pb
38,29179,48,1,3600.13,3600.06,10.199,10.5,1.6480121008501146e7,7.963726034160116e6,1.6480121008501142e7
