instance,it_bb,it_box,p_true_pb,runtime_bb,runtime_box,runtime_pb,zeta_box,θ_bb,θ_box,θ_pb
45,28565,66,1,3600.105,3600.065,10.337,5.6,1.2521228495292515e7,6.056281575078275e6,1.2521228495292513e7
