instance,it_bb,it_box,p_true_pb,runtime_bb,runtime_box,runtime_pb,zeta_box,θ_bb,θ_box,θ_pb
11,28608,35,1,3600.136,3600.027,9.238,10.75,1.6533743785511628e7,6.1582121650945265e6,1.6533743785511628e7
