instance,it_bb,it_box,p_true_pb,runtime_bb,runtime_box,runtime_pb,zeta_box,θ_bb,θ_box,θ_pb
11,81947,96,1,3600.029,70.884,9.695,3.9999373744803395e-6,1.4710804692343637e7,1.3683195516606178e7,1.6533743785511628e7
