instance,it_bb,it_box,p_true_pb,runtime_bb,runtime_box,runtime_pb,zeta_box,θ_bb,θ_box,θ_pb
17,24834,42,1,3600.109,3600.046,8.932,10.0,1.6215869989027027e7,6.177808943074611e6,1.6215869989027029e7
