instance,it_bb,it_box,p_true_pb,runtime_bb,runtime_box,runtime_pb,zeta_box,θ_bb,θ_box,θ_pb
46,31906,50,1,3600.156,3600.058,9.484,6.0,1.3894680112571077e7,6.133924041309538e6,1.3894680112571081e7
