instance,it_bb,it_box,p_true_pb,runtime_bb,runtime_box,runtime_pb,zeta_box,θ_bb,θ_box,θ_pb
20,32016,89,1,3600.095,3600.06,10.41,6.000000000000001,1.7930342058261074e7,1.1105441985732488e7,1.7930342058261074e7
