instance,it_bb,it_box,p_true_pb,runtime_bb,runtime_box,runtime_pb,zeta_box,θ_bb,θ_box,θ_pb
5,25339,37,1,3600.065,3600.048,9.835,11.333333333333334,1.9338704064695735e7,7.483622410209812e6,1.9338704064695735e7
