instance,it_bb,it_box,p_true_pb,runtime_bb,runtime_box,runtime_pb,zeta_box,θ_bb,θ_box,θ_pb
29,30077,66,1,3600.012,3600.044,10.161,9.28571428674286,1.8705353000077493e7,8.855346886025956e6,1.870535300007749e7
