instance,it_bb,it_box,p_true_pb,runtime_bb,runtime_box,runtime_pb,zeta_box,θ_bb,θ_box,θ_pb
16,29657,46,1,3600.13,3600.103,8.987,7.0,1.5001665085602349e7,5.527412863458519e6,1.5001665085602349e7
