instance,it_bb,it_box,p_true_pb,runtime_bb,runtime_box,runtime_pb,zeta_box,θ_bb,θ_box,θ_pb
38,45776,105,1,3600.05,124.593,12.215,0.6666666666666702,1.603770943541563e7,1.3936254400320424e7,1.6480121008501142e7
