instance,it_bb,it_box,p_true_pb,runtime_bb,runtime_box,runtime_pb,zeta_box,θ_bb,θ_box,θ_pb
13,49339,188,1,3600.132,955.218,10.023,0.24999999999999156,2.9496427627031166e7,2.3673340753363818e7,2.9623017516042884e7
