instance,it_bb,it_box,p_true_pb,runtime_bb,runtime_box,runtime_pb,zeta_box,θ_bb,θ_box,θ_pb
23,28912,56,1,3600.141,3600.088,10.219,8.285714285714286,1.9297646799615644e7,9.180009319850683e6,1.9297646799615644e7
