instance,it_bb,it_box,p_true_pb,runtime_bb,runtime_box,runtime_pb,zeta_box,θ_bb,θ_box,θ_pb
33,26099,36,1,3600.175,3600.038,11.108,11.5,1.9543517547950372e7,6.582880013278065e6,1.9543517547950372e7
