instance,it_bb,it_box,p_true_pb,runtime_bb,runtime_box,runtime_pb,zeta_box,θ_bb,θ_box,θ_pb
47,28398,86,1,3600.241,3600.062,18.793,8.0,2.6095919665028468e7,1.6263092504575122e7,2.6095919665028468e7
