instance,it_bb,it_box,p_true_pb,runtime_bb,runtime_box,runtime_pb,zeta_box,θ_bb,θ_box,θ_pb
17,8,7,1,0.284,2.365,10.178,5.0,1.6215869989027029e7,1.6215869989027029e7,1.6215869989027029e7
