instance,it_bb,it_box,p_true_pb,runtime_bb,runtime_box,runtime_pb,zeta_box,θ_bb,θ_box,θ_pb
19,46686,160,1,3600.031,516.873,10.795,0.5000000001500027,2.2473243557380438e7,1.7759499804632913e7,2.2582865635448687e7
