instance,it_bb,it_box,p_true_pb,runtime_bb,runtime_box,runtime_pb,zeta_box,θ_bb,θ_box,θ_pb
4,26868,34,1,3600.127,3600.054,10.115,7.666666666666666,1.3136868014639717e7,4.968432861895698e6,1.3136868014639717e7
