instance,it_bb,it_box,p_true_pb,runtime_bb,runtime_box,runtime_pb,zeta_box,θ_bb,θ_box,θ_pb
42,11,10,1,0.327,2.231,9.596,1.25,2.3335196093525417e7,2.3335196093525417e7,2.333519609352541e7
