instance,it_bb,it_box,p_true_pb,runtime_bb,runtime_box,runtime_pb,zeta_box,θ_bb,θ_box,θ_pb
3,9,8,1,0.31,2.407,10.315,2.666666666666668,1.2305929476883758e7,1.2305929476883758e7,1.2305929476883752e7
