instance,it_bb,it_box,p_true_pb,runtime_bb,runtime_box,runtime_pb,zeta_box,θ_bb,θ_box,θ_pb
12,47531,157,1,3600.131,470.89,10.382,0.3333333333333333,1.5736324651875157e7,1.2840107183821982e7,1.6025932037764836e7
