instance,it_bb,it_box,p_true_pb,runtime_bb,runtime_box,runtime_pb,zeta_box,θ_bb,θ_box,θ_pb
14,84860,101,1,3600.022,73.088,10.07,1.0,1.3155410548040908e7,1.2251639326738514e7,1.4661695188658902e7
