instance,it_bb,it_box,p_true_pb,runtime_bb,runtime_box,runtime_pb,zeta_box,θ_bb,θ_box,θ_pb
49,35974,86,1,3600.111,3600.117,10.98,9.5,2.2962451329577014e7,1.3881652610893998e7,2.296245132957702e7
