instance,it_bb,it_box,p_true_pb,runtime_bb,runtime_box,runtime_pb,zeta_box,θ_bb,θ_box,θ_pb
25,37847,82,1,3600.082,3600.034,9.013,8.333333333333334,2.151791389371128e7,1.390424174446525e7,2.151791389371128e7
