instance,it_bb,it_box,p_true_pb,runtime_bb,runtime_box,runtime_pb,zeta_box,θ_bb,θ_box,θ_pb
24,29556,61,1,3600.162,3600.095,9.761,5.666666666666668,1.8057440588077635e7,8.450719878792353e6,1.805744058807764e7
