instance,it_bb,it_box,p_true_pb,runtime_bb,runtime_box,runtime_pb,zeta_box,θ_bb,θ_box,θ_pb
15,28266,48,1,3600.157,3600.049,11.425,10.5,1.7865683877650615e7,8.529602774832956e6,1.7865683877650615e7
