instance,it_bb,it_box,p_true_pb,runtime_bb,runtime_box,runtime_pb,zeta_box,θ_bb,θ_box,θ_pb
36,36134,92,1,3600.156,3600.027,9.461,5.333333333333333,1.318415277849819e7,8.863423663191788e6,1.3184152778498191e7
