instance,it_bb,it_box,p_true_pb,runtime_bb,runtime_box,runtime_pb,zeta_box,θ_bb,θ_box,θ_pb
41,38903,93,1,3600.089,3600.031,7.331,8.333333333333336,2.9689487666169893e7,1.8188755478238806e7,2.968948766616989e7
