instance,it_bb,it_box,p_true_pb,runtime_bb,runtime_box,runtime_pb,zeta_box,θ_bb,θ_box,θ_pb
22,29439,42,1,3600.082,3600.068,9.003,10.250000001125002,1.6721699744981952e7,6.217829989357683e6,1.6721699744981954e7
