instance,it_bb,it_box,p_true_pb,runtime_bb,runtime_box,runtime_pb,zeta_box,θ_bb,θ_box,θ_pb
2,41460,180,1,3600.003,1004.441,13.306,0.14285714285714413,2.657549122828725e7,2.2297555068107694e7,2.6834748583927847e7
