instance,it_bb,it_box,p_true_pb,runtime_bb,runtime_box,runtime_pb,zeta_box,θ_bb,θ_box,θ_pb
42,51775,115,1,3600.039,286.97,9.4,0.499999590542231,2.2751822285405785e7,1.8318274766088482e7,2.333519609352541e7
