instance,it_bb,it_box,p_true_pb,runtime_bb,runtime_box,runtime_pb,zeta_box,θ_bb,θ_box,θ_pb
43,38533,84,1,3600.043,3600.063,7.412,7.600000000000001,1.6861065872364115e7,1.060456164175565e7,1.686106587236412e7
