instance,it_bb,it_box,p_true_pb,runtime_bb,runtime_box,runtime_pb,zeta_box,θ_bb,θ_box,θ_pb
14,29989,55,1,3600.002,3600.073,10.59,9.200000000000001,1.46616951886589e7,7.230756277935548e6,1.4661695188658902e7
