instance,it_bb,it_box,p_true_pb,runtime_bb,runtime_box,runtime_pb,zeta_box,θ_bb,θ_box,θ_pb
26,29589,54,1,3600.174,3600.063,10.715,7.25,1.4531438658219e7,7.209484022586915e6,1.4531438658218998e7
