instance,it_bb,it_box,p_true_pb,runtime_bb,runtime_box,runtime_pb,zeta_box,θ_bb,θ_box,θ_pb
6,29062,71,1,3600.014,3600.07,12.16,8.000000000900002,2.142883552717452e7,1.29467569546719e7,2.142883552717452e7
