instance,it_bb,it_box,p_true_pb,runtime_bb,runtime_box,runtime_pb,zeta_box,θ_bb,θ_box,θ_pb
47,46583,143,1,3600.001,587.997,12.592,0.3333333333333357,2.559166576073024e7,2.1683698002419025e7,2.6095919665028468e7
