instance,it_bb,it_box,p_true_pb,runtime_bb,runtime_box,runtime_pb,zeta_box,θ_bb,θ_box,θ_pb
21,26486,44,1,3600.1,3600.146,10.845,7.2500000008250005,1.2212813094219891e7,4.310770023810578e6,1.2212813094219891e7
