instance,it_bb,it_box,p_true_pb,runtime_bb,runtime_box,runtime_pb,zeta_box,θ_bb,θ_box,θ_pb
3,29883,58,1,3600.025,3600.071,10.208,5.499999999999998,1.2305929476883754e7,6.322566707752593e6,1.2305929476883752e7
