instance,it_bb,it_box,p_true_pb,runtime_bb,runtime_box,runtime_pb,zeta_box,θ_bb,θ_box,θ_pb
49,34608,86,1,3600.122,3600.076,9.692,9.5,2.2962451329577014e7,1.3881651314113434e7,2.296245132957702e7
