instance,it_bb,it_box,p_true_pb,runtime_bb,runtime_box,runtime_pb,zeta_box,θ_bb,θ_box,θ_pb
21,31003,96,1,3600.064,3600.047,12.677,4.25,1.221281309421989e7,7.902551677472205e6,1.2212813094219891e7
