instance,it_bb,it_box,p_true_pb,runtime_bb,runtime_box,runtime_pb,zeta_box,θ_bb,θ_box,θ_pb
23,35685,90,1,3600.149,3600.051,9.763,3.8000000000000007,1.929764679961564e7,1.210063492753066e7,1.9297646799615644e7
