instance,it_bb,it_box,p_true_pb,runtime_bb,runtime_box,runtime_pb,zeta_box,θ_bb,θ_box,θ_pb
9,45611,155,1,3600.019,341.337,11.34,0.1999999999999993,2.2076789695347432e7,1.8246321838805627e7,2.2278393266744364e7
