instance,it_bb,it_box,p_true_pb,runtime_bb,runtime_box,runtime_pb,zeta_box,θ_bb,θ_box,θ_pb
13,29559,51,1,3600.124,3600.038,9.97,12.142857142857144,2.962301751604289e7,1.3166380947055096e7,2.9623017516042884e7
