instance,it_bb,it_box,p_true_pb,runtime_bb,runtime_box,runtime_pb,zeta_box,θ_bb,θ_box,θ_pb
14,29783,36,1,3600.163,3600.059,8.908,9.999999999999915,1.46616951886589e7,5.423431608960591e6,1.4661695188658902e7
