instance,it_bb,it_box,p_true_pb,runtime_bb,runtime_box,runtime_pb,zeta_box,θ_bb,θ_box,θ_pb
3,97442,81,1,2525.021,33.499,9.803,0.33333333333333215,1.0048057299837336e7,1.0048057299837334e7,1.2305929476883752e7
