instance,it_bb,it_box,p_true_pb,runtime_bb,runtime_box,runtime_pb,zeta_box,θ_bb,θ_box,θ_pb
47,25287,51,1,3600.021,3600.1,10.66,13.0,2.6095919665028468e7,1.1977136351997873e7,2.6095919665028468e7
