instance,it_bb,it_box,p_true_pb,runtime_bb,runtime_box,runtime_pb,zeta_box,θ_bb,θ_box,θ_pb
34,29720,98,1,3600.091,3600.042,13.066,4.0,1.6267712622317923e7,1.0021515611005565e7,1.6267712622317923e7
