instance,it_bb,it_box,p_true_pb,runtime_bb,runtime_box,runtime_pb,zeta_box,θ_bb,θ_box,θ_pb
12,25832,40,1,3600.181,3600.055,10.899,8.4,1.6025932037764832e7,5.309975710866147e6,1.6025932037764836e7
