instance,it_bb,it_box,p_true_pb,runtime_bb,runtime_box,runtime_pb,zeta_box,θ_bb,θ_box,θ_pb
28,10,9,1,0.314,2.337,10.041,4.0,1.2485243400533408e7,1.2485243400533408e7,1.2485243400533406e7
