instance,it_bb,it_box,p_true_pb,runtime_bb,runtime_box,runtime_pb,zeta_box,θ_bb,θ_box,θ_pb
15,58125,111,1,3600.023,81.52,10.156,0.40000000000000036,1.74046415802418e7,1.498416951884551e7,1.7865683877650615e7
