instance,it_bb,it_box,p_true_pb,runtime_bb,runtime_box,runtime_pb,zeta_box,θ_bb,θ_box,θ_pb
49,24874,37,1,3600.244,3600.042,11.098,11.8,2.2962451329577014e7,7.914413124863895e6,2.296245132957702e7
