instance,it_bb,it_box,p_true_pb,runtime_bb,runtime_box,runtime_pb,zeta_box,θ_bb,θ_box,θ_pb
1,10,9,1,0.299,2.338,10.273,0.33333333333333215,1.9806027850977555e7,1.9806027850977555e7,1.9806027850977555e7
