instance,it_bb,it_box,p_true_pb,runtime_bb,runtime_box,runtime_pb,zeta_box,θ_bb,θ_box,θ_pb
9,30140,46,1,3600.17,3600.031,10.193,13.5,2.2278393266744375e7,9.678277375615276e6,2.2278393266744364e7
