instance,it_bb,it_box,p_true_pb,runtime_bb,runtime_box,runtime_pb,zeta_box,θ_bb,θ_box,θ_pb
6,52150,113,1,3600.023,215.685,10.383,3.7999999999999945,2.109401617289523e7,1.7187836468587335e7,2.142883552717452e7
