instance,it_bb,it_box,p_true_pb,runtime_bb,runtime_box,runtime_pb,zeta_box,θ_bb,θ_box,θ_pb
26,32035,86,1,3600.025,3600.029,12.188,6.6,1.4531438658219e7,9.462406361889822e6,1.4531438658218998e7
