instance,it_bb,it_box,p_true_pb,runtime_bb,runtime_box,runtime_pb,zeta_box,θ_bb,θ_box,θ_pb
36,33716,92,1,517.41,34.147,10.686,0.6666666666666666,1.096844855649334e7,1.0968448556493342e7,1.3184152778498191e7
