instance,it_bb,it_box,p_true_pb,runtime_bb,runtime_box,runtime_pb,zeta_box,θ_bb,θ_box,θ_pb
19,27988,37,1,3600.18,3600.062,10.386,13.0,2.2582865635448687e7,7.784016657764985e6,2.2582865635448687e7
