instance,it_bb,it_box,p_true_pb,runtime_bb,runtime_box,runtime_pb,zeta_box,θ_bb,θ_box,θ_pb
12,11,10,1,0.316,2.4,10.172,2.3333333333333357,1.6025932037764832e7,1.6025932037764832e7,1.6025932037764836e7
