instance,it_bb,it_box,p_true_pb,runtime_bb,runtime_box,runtime_pb,zeta_box,θ_bb,θ_box,θ_pb
48,16900,58,1,200.092,16.944,13.133,0.800000000180006,1.0883501552893724e7,1.088058219528819e7,1.3333887245770276e7
