instance,it_bb,it_box,p_true_pb,runtime_bb,runtime_box,runtime_pb,zeta_box,θ_bb,θ_box,θ_pb
46,38736,86,1,3600.155,3600.026,7.376,4.500000000550003,1.3894680112571077e7,8.386977218609959e6,1.3894680112571081e7
