instance,it_bb,it_box,p_true_pb,runtime_bb,runtime_box,runtime_pb,zeta_box,θ_bb,θ_box,θ_pb
9,31257,79,1,3600.146,3600.034,11.384,13.75,2.227839326674437e7,1.290382873989111e7,2.2278393266744364e7
