instance,it_bb,it_box,p_true_pb,runtime_bb,runtime_box,runtime_pb,zeta_box,θ_bb,θ_box,θ_pb
34,30414,64,1,3600.132,3600.095,10.108,6.666666666666667,1.6267712622317923e7,7.678580894992923e6,1.6267712622317923e7
