instance,it_bb,it_box,p_true_pb,runtime_bb,runtime_box,runtime_pb,zeta_box,θ_bb,θ_box,θ_pb
31,25984,45,1,3600.031,3600.072,10.435,9.166666666666668,1.6669282557233779e7,6.623832751124284e6,1.6669282557233777e7
