instance,it_bb,it_box,p_true_pb,runtime_bb,runtime_box,runtime_pb,zeta_box,θ_bb,θ_box,θ_pb
41,28765,56,1,3600.036,3600.047,9.826,11.0,2.9689487666169893e7,1.364135081875746e7,2.968948766616989e7
