instance,it_bb,it_box,p_true_pb,runtime_bb,runtime_box,runtime_pb,zeta_box,θ_bb,θ_box,θ_pb
35,11,10,1,0.313,2.038,8.992,1.8000000000000007,2.1830988882965446e7,2.1830988882965446e7,2.1830988882965446e7
