instance,it_bb,it_box,p_true_pb,runtime_bb,runtime_box,runtime_pb,zeta_box,θ_bb,θ_box,θ_pb
21,31075,63,1,3600.146,3600.054,9.265,7.399999999999999,1.2212813094219891e7,5.644925809270505e6,1.2212813094219891e7
