instance,it_bb,it_box,p_true_pb,runtime_bb,runtime_box,runtime_pb,zeta_box,θ_bb,θ_box,θ_pb
29,24966,48,1,3600.186,3600.169,9.818,10.857142858328572,1.8705353000077493e7,6.863225229572493e6,1.870535300007749e7
