instance,it_bb,it_box,p_true_pb,runtime_bb,runtime_box,runtime_pb,zeta_box,θ_bb,θ_box,θ_pb
5,64551,113,1,3600.033,121.72,9.994,0.5,1.7614152003204867e7,1.60005533072331e7,1.9338704064695735e7
