instance,it_bb,it_box,p_true_pb,runtime_bb,runtime_box,runtime_pb,zeta_box,θ_bb,θ_box,θ_pb
28,33002,85,1,3600.038,3600.065,11.099,5.800000000000002,1.2485243400533406e7,7.794263023389117e6,1.2485243400533406e7
