instance,it_bb,it_box,p_true_pb,runtime_bb,runtime_box,runtime_pb,zeta_box,θ_bb,θ_box,θ_pb
7,31227,86,1,3600.055,3600.05,12.074,7.666666666666666,1.2071960271388065e7,8.335794951948545e6,1.2071960271388063e7
