instance,it_bb,it_box,p_true_pb,runtime_bb,runtime_box,runtime_pb,zeta_box,θ_bb,θ_box,θ_pb
6,28671,35,1,3600.18,3600.303,9.104,10.000000000000016,2.142883552717452e7,7.924459598938905e6,2.142883552717452e7
