instance,it_bb,it_box,p_true_pb,runtime_bb,runtime_box,runtime_pb,zeta_box,θ_bb,θ_box,θ_pb
10,31101,77,1,3600.029,3600.066,12.472,8.2,1.756741265914151e7,1.08114043691674e7,1.756741265914151e7
