instance,it_bb,it_box,p_true_pb,runtime_bb,runtime_box,runtime_pb,zeta_box,θ_bb,θ_box,θ_pb
5,26456,56,1,3600.116,3600.08,9.951,9.0,1.933870406469573e7,9.32436239445301e6,1.9338704064695735e7
