instance,it_bb,it_box,p_true_pb,runtime_bb,runtime_box,runtime_pb,zeta_box,θ_bb,θ_box,θ_pb
24,33694,101,1,3600.117,3600.079,9.805,4.142857142857146,1.8057440588077635e7,1.1112805916385178e7,1.805744058807764e7
