instance,it_bb,it_box,p_true_pb,runtime_bb,runtime_box,runtime_pb,zeta_box,θ_bb,θ_box,θ_pb
24,49404,128,1,3600.003,182.656,10.179,0.3999999999999986,1.759580315061512e7,1.4469332792358639e7,1.805744058807764e7
