instance,it_bb,it_box,p_true_pb,runtime_bb,runtime_box,runtime_pb,zeta_box,θ_bb,θ_box,θ_pb
47,9,8,1,0.319,2.355,10.115,9.75,2.6095919665028468e7,2.6095919665028468e7,2.6095919665028468e7
