instance,it_bb,it_box,p_true_pb,runtime_bb,runtime_box,runtime_pb,zeta_box,θ_bb,θ_box,θ_pb
30,31845,49,1,3600.144,3600.076,9.483,10.000000001100007,2.0950169665150113e7,9.428120906816557e6,2.0950169665150113e7
