instance,it_bb,it_box,p_true_pb,runtime_bb,runtime_box,runtime_pb,zeta_box,θ_bb,θ_box,θ_pb
30,35084,74,1,3600.175,3600.053,9.975,8.75,2.095016966515011e7,1.2453943097135024e7,2.0950169665150113e7
