instance,it_bb,it_box,p_true_pb,runtime_bb,runtime_box,runtime_pb,zeta_box,θ_bb,θ_box,θ_pb
28,25811,39,1,3600.175,3600.029,10.282,9.714285714285714,1.2485243400533408e7,4.768003384004412e6,1.2485243400533406e7
