instance,it_bb,it_box,p_true_pb,runtime_bb,runtime_box,runtime_pb,zeta_box,θ_bb,θ_box,θ_pb
44,39309,91,1,3600.019,3600.04,7.435,5.199999999999999,1.8585292695777483e7,1.1060176060409293e7,1.8585292695777483e7
