instance,it_bb,it_box,p_true_pb,runtime_bb,runtime_box,runtime_pb,zeta_box,θ_bb,θ_box,θ_pb
39,38744,97,1,3600.07,3600.028,8.792,7.6,1.3736888110685756e7,9.594194527206678e6,1.3736888110685756e7
