instance,it_bb,it_box,p_true_pb,runtime_bb,runtime_box,runtime_pb,zeta_box,θ_bb,θ_box,θ_pb
39,32503,62,1,3600.097,3600.087,11.324,7.285714285714286,1.3736888110685756e7,7.413838402265583e6,1.3736888110685756e7
