instance,it_bb,it_box,p_true_pb,runtime_bb,runtime_box,runtime_pb,zeta_box,θ_bb,θ_box,θ_pb
41,50788,134,1,3600.164,191.665,10.164,2.499999999999999,2.9288283229504492e7,2.3136731174756356e7,2.968948766616989e7
