instance,it_bb,it_box,p_true_pb,runtime_bb,runtime_box,runtime_pb,zeta_box,θ_bb,θ_box,θ_pb
42,38747,96,1,3600.129,3600.025,7.364,6.333333333333333,2.3335196093525417e7,1.4467915853815854e7,2.333519609352541e7
