instance,it_bb,it_box,p_true_pb,runtime_bb,runtime_box,runtime_pb,zeta_box,θ_bb,θ_box,θ_pb
44,10,9,1,0.344,2.137,9.473,1.0,1.8585292695777483e7,1.8585292695777483e7,1.8585292695777483e7
