instance,it_bb,it_box,p_true_pb,runtime_bb,runtime_box,runtime_pb,zeta_box,θ_bb,θ_box,θ_pb
14,36140,96,1,3600.044,3600.037,10.034,5.33333333333333,1.46616951886589e7,9.540337979809597e6,1.4661695188658902e7
