instance,it_bb,it_box,p_true_pb,runtime_bb,runtime_box,runtime_pb,zeta_box,θ_bb,θ_box,θ_pb
20,31693,54,1,3600.159,3600.062,9.851,9.4,1.7930342058261074e7,8.098199277507422e6,1.7930342058261074e7
