instance,it_bb,it_box,p_true_pb,runtime_bb,runtime_box,runtime_pb,zeta_box,θ_bb,θ_box,θ_pb
17,32705,65,1,3600.174,3600.04,10.002,8.0,1.6215869989027027e7,8.163409842524612e6,1.6215869989027029e7
