instance,it_bb,it_box,p_true_pb,runtime_bb,runtime_box,runtime_pb,zeta_box,θ_bb,θ_box,θ_pb
50,27727,34,1,3600.181,3600.04,9.723,9.4,1.4444401010831822e7,5.732496018081611e6,1.4444401010831822e7
