instance,it_bb,it_box,p_true_pb,runtime_bb,runtime_box,runtime_pb,zeta_box,θ_bb,θ_box,θ_pb
3,36017,100,1,3600.119,3600.057,9.92,2.625,1.2305929476883754e7,8.241769964335852e6,1.2305929476883752e7
