instance,it_bb,it_box,p_true_pb,runtime_bb,runtime_box,runtime_pb,zeta_box,θ_bb,θ_box,θ_pb
3,24120,44,1,3600.05,3600.149,11.679,7.111111111111111,1.2305929476883754e7,5.080735250871839e6,1.2305929476883752e7
