instance,it_bb,it_box,p_true_pb,runtime_bb,runtime_box,runtime_pb,zeta_box,θ_bb,θ_box,θ_pb
20,23245,37,1,3600.254,3600.084,12.757,9.0,1.7930342058261074e7,6.1313994953483995e6,1.7930342058261074e7
