instance,it_bb,it_box,p_true_pb,runtime_bb,runtime_box,runtime_pb,zeta_box,θ_bb,θ_box,θ_pb
25,47447,129,1,3600.012,323.784,11.448,0.40000000000002345,2.129722406612514e7,1.7655841910953846e7,2.151791389371128e7
