instance,it_bb,it_box,p_true_pb,runtime_bb,runtime_box,runtime_pb,zeta_box,θ_bb,θ_box,θ_pb
39,24461,40,1,3600.019,3600.137,11.062,10.333333333333332,1.3736888110685756e7,5.451558969007473e6,1.3736888110685756e7
