instance,it_bb,it_box,p_true_pb,runtime_bb,runtime_box,runtime_pb,zeta_box,θ_bb,θ_box,θ_pb
46,50971,136,1,3600.088,316.935,9.971,4.169456246927439e-6,1.3644328360030778e7,1.1266092039217452e7,1.3894680112571081e7
