instance,it_bb,it_box,p_true_pb,runtime_bb,runtime_box,runtime_pb,zeta_box,θ_bb,θ_box,θ_pb
49,31463,58,1,3600.022,3600.042,11.355,10.571428571428571,2.2962451329577014e7,1.0249253317440491e7,2.296245132957702e7
