instance,it_bb,it_box,p_true_pb,runtime_bb,runtime_box,runtime_pb,zeta_box,θ_bb,θ_box,θ_pb
13,28566,39,1,3600.172,3600.03,8.973,14.5,2.962301751604289e7,1.012822834741713e7,2.9623017516042884e7
