instance,it_bb,it_box,p_true_pb,runtime_bb,runtime_box,runtime_pb,zeta_box,θ_bb,θ_box,θ_pb
46,11,10,1,0.273,2.036,8.889,2.333333333333334,1.3894680112571077e7,1.3894680112571077e7,1.3894680112571081e7
