instance,it_bb,it_box,p_true_pb,runtime_bb,runtime_box,runtime_pb,zeta_box,θ_bb,θ_box,θ_pb
8,30747,97,1,3600.006,3600.046,12.028,5.666666666666667,1.4865560583478168e7,9.460110748967119e6,1.486556058347817e7
