instance,it_bb,it_box,p_true_pb,runtime_bb,runtime_box,runtime_pb,zeta_box,θ_bb,θ_box,θ_pb
47,36067,85,1,3600.013,3600.052,9.123,9.2,2.6095919665028468e7,1.613783143716192e7,2.6095919665028468e7
