instance,it_bb,it_box,p_true_pb,runtime_bb,runtime_box,runtime_pb,zeta_box,θ_bb,θ_box,θ_pb
42,25103,35,1,3600.196,3600.036,11.12,10.8,2.3335196093525417e7,8.51776546627748e6,2.333519609352541e7
