instance,it_bb,it_box,p_true_pb,runtime_bb,runtime_box,runtime_pb,zeta_box,θ_bb,θ_box,θ_pb
41,32118,97,1,3600.012,3600.059,10.001,4.833333333333336,2.9689487666169893e7,1.8322154198063593e7,2.968948766616989e7
