instance,it_bb,it_box,p_true_pb,runtime_bb,runtime_box,runtime_pb,zeta_box,θ_bb,θ_box,θ_pb
20,56993,105,1,3600.037,83.351,10.091,1.0000000002000036,1.7236284423766643e7,1.4460053837883253e7,1.7930342058261074e7
