instance,it_bb,it_box,p_true_pb,runtime_bb,runtime_box,runtime_pb,zeta_box,θ_bb,θ_box,θ_pb
13,11,10,1,0.29,2.105,9.017,2.500000000000001,2.962301751604289e7,2.962301751604289e7,2.9623017516042884e7
