instance,it_bb,it_box,p_true_pb,runtime_bb,runtime_box,runtime_pb,zeta_box,θ_bb,θ_box,θ_pb
12,25369,54,1,3600.031,3600.039,10.116,7.833333334216668,1.6025932037764832e7,6.758078474250915e6,1.6025932037764836e7
