instance,it_bb,it_box,p_true_pb,runtime_bb,runtime_box,runtime_pb,zeta_box,θ_bb,θ_box,θ_pb
7,100754,103,1,2642.526,103.016,10.245,2.666666666666666,1.0443340439839512e7,1.0443340391960954e7,1.2071960271388063e7
