instance,it_bb,it_box,p_true_pb,runtime_bb,runtime_box,runtime_pb,zeta_box,θ_bb,θ_box,θ_pb
9,29685,77,1,3600.202,3600.036,12.677,13.4,2.227839326674437e7,1.2803028056410022e7,2.2278393266744364e7
