instance,it_bb,it_box,p_true_pb,runtime_bb,runtime_box,runtime_pb,zeta_box,θ_bb,θ_box,θ_pb
45,24190,38,1,3600.002,3600.061,9.758,6.571428572185717,1.2521228495292515e7,4.501505685925262e6,1.2521228495292513e7
