instance,it_bb,it_box,p_true_pb,runtime_bb,runtime_box,runtime_pb,zeta_box,θ_bb,θ_box,θ_pb
5,30551,82,1,3600.165,3600.057,13.185,6.166666666666665,1.933870406469573e7,1.2547454094212975e7,1.9338704064695735e7
