instance,it_bb,it_box,p_true_pb,runtime_bb,runtime_box,runtime_pb,zeta_box,θ_bb,θ_box,θ_pb
18,38129,88,1,3600.024,3600.023,8.8,6.75,2.0990916210985005e7,1.2854220394013312e7,2.099091621098501e7
