instance,it_bb,it_box,p_true_pb,runtime_bb,runtime_box,runtime_pb,zeta_box,θ_bb,θ_box,θ_pb
33,30747,55,1,3600.016,3600.047,9.892,10.428571428571429,1.9543517547950372e7,8.607907824261416e6,1.9543517547950372e7
