instance,it_bb,it_box,p_true_pb,runtime_bb,runtime_box,runtime_pb,zeta_box,θ_bb,θ_box,θ_pb
35,43868,121,1,3600.097,493.413,11.393,1.1428571428571452,2.1489884793280207e7,1.807901628402595e7,2.1830988882965446e7
