instance,it_bb,it_box,p_true_pb,runtime_bb,runtime_box,runtime_pb,zeta_box,θ_bb,θ_box,θ_pb
48,35554,108,1,3600.122,3600.042,9.893,4.833333333333334,1.312055182911378e7,9.173871493838498e6,1.3333887245770276e7
