instance,it_bb,it_box,p_true_pb,runtime_bb,runtime_box,runtime_pb,zeta_box,θ_bb,θ_box,θ_pb
26,38531,85,1,3600.029,3600.027,8.885,5.499999999999999,1.4531438658219e7,9.462407073734574e6,1.4531438658218998e7
