instance,it_bb,it_box,p_true_pb,runtime_bb,runtime_box,runtime_pb,zeta_box,θ_bb,θ_box,θ_pb
5,10,9,1,0.295,2.163,9.355,0.3999999999999986,1.933870406469573e7,1.933870406469573e7,1.9338704064695735e7
