instance,it_bb,it_box,p_true_pb,runtime_bb,runtime_box,runtime_pb,zeta_box,θ_bb,θ_box,θ_pb
31,34724,87,1,3600.042,3600.047,9.219,7.2500000000000036,1.6669282557233779e7,1.0377147172974879e7,1.6669282557233777e7
