instance,it_bb,it_box,p_true_pb,runtime_bb,runtime_box,runtime_pb,zeta_box,θ_bb,θ_box,θ_pb
22,35018,89,1,3600.126,3600.101,12.208,6.333333333333333,1.6721699744981952e7,1.0933668909850357e7,1.6721699744981954e7
