instance,it_bb,it_box,p_true_pb,runtime_bb,runtime_box,runtime_pb,zeta_box,θ_bb,θ_box,θ_pb
41,10,9,1,0.308,2.24,9.533,1.3333333333333357,2.9689487666169893e7,2.9689487666169893e7,2.968948766616989e7
