instance,it_bb,it_box,p_true_pb,runtime_bb,runtime_box,runtime_pb,zeta_box,θ_bb,θ_box,θ_pb
50,35831,98,1,3600.155,3600.033,10.241,5.0,1.444440101083182e7,9.973678256697815e6,1.4444401010831822e7
