instance,it_bb,it_box,p_true_pb,runtime_bb,runtime_box,runtime_pb,zeta_box,θ_bb,θ_box,θ_pb
26,26047,42,1,3600.014,3600.06,10.329,8.750000000975007,1.4531438658219e7,5.407332646403037e6,1.4531438658218998e7
