instance,it_bb,it_box,p_true_pb,runtime_bb,runtime_box,runtime_pb,zeta_box,θ_bb,θ_box,θ_pb
35,32682,74,1,3600.013,3600.102,10.19,10.428571428571429,2.1830988882965446e7,1.3303661823815374e7,2.1830988882965446e7
