instance,it_bb,it_box,p_true_pb,runtime_bb,runtime_box,runtime_pb,zeta_box,θ_bb,θ_box,θ_pb
22,10,9,1,0.302,2.266,9.714,3.0,1.6721699744981952e7,1.6721699744981952e7,1.6721699744981954e7
