instance,it_bb,it_box,p_true_pb,runtime_bb,runtime_box,runtime_pb,zeta_box,θ_bb,θ_box,θ_pb
22,32126,53,1,3600.097,3600.032,9.303,9.142857142857144,1.6721699744981952e7,8.040010629366236e6,1.6721699744981954e7
