instance,it_bb,it_box,p_true_pb,runtime_bb,runtime_box,runtime_pb,zeta_box,θ_bb,θ_box,θ_pb
43,30811,52,1,3600.002,3600.063,9.648,8.75000224902726,1.686106587236412e7,8.165585405706437e6,1.686106587236412e7
