instance,it_bb,it_box,p_true_pb,runtime_bb,runtime_box,runtime_pb,zeta_box,θ_bb,θ_box,θ_pb
9,27740,34,1,3600.069,3600.049,9.304,14.0,2.227839326674437e7,7.662269325893742e6,2.2278393266744364e7
