instance,it_bb,it_box,p_true_pb,runtime_bb,runtime_box,runtime_pb,zeta_box,θ_bb,θ_box,θ_pb
23,11,10,1,0.355,2.457,10.344,1.0,1.9297646799615644e7,1.9297646799615644e7,1.9297646799615644e7
