instance,it_bb,it_box,p_true_pb,runtime_bb,runtime_box,runtime_pb,zeta_box,θ_bb,θ_box,θ_pb
28,38384,87,1,3600.13,3600.046,8.841,5.0,1.2485243400533406e7,7.86986351505806e6,1.2485243400533406e7
