instance,it_bb,it_box,p_true_pb,runtime_bb,runtime_box,runtime_pb,zeta_box,θ_bb,θ_box,θ_pb
48,25085,38,1,3600.067,3600.036,11.642,8.4,1.3120551829113781e7,5.120479606194683e6,1.3333887245770276e7
