instance,it_bb,it_box,p_true_pb,runtime_bb,runtime_box,runtime_pb,zeta_box,θ_bb,θ_box,θ_pb
18,10,9,1,0.278,2.02,8.904,1.0000000000000353,2.0990916210985005e7,2.0990916210985005e7,2.099091621098501e7
