instance,it_bb,it_box,p_true_pb,runtime_bb,runtime_box,runtime_pb,zeta_box,θ_bb,θ_box,θ_pb
42,26169,57,1,3600.082,3600.041,13.186,10.0,2.3335196093525417e7,1.0968089089958444e7,2.333519609352541e7
