instance,it_bb,it_box,p_true_pb,runtime_bb,runtime_box,runtime_pb,zeta_box,θ_bb,θ_box,θ_pb
33,48599,153,1,3600.086,525.146,9.644,0.5714285714285711,1.9241388932786e7,1.6100790046403583e7,1.9543517547950372e7
