instance,it_bb,it_box,p_true_pb,runtime_bb,runtime_box,runtime_pb,zeta_box,θ_bb,θ_box,θ_pb
46,24580,39,1,3600.043,3600.096,11.415,7.2,1.3894680112571077e7,4.75728479782375e6,1.3894680112571081e7
