instance,it_bb,it_box,p_true_pb,runtime_bb,runtime_box,runtime_pb,zeta_box,θ_bb,θ_box,θ_pb
48,27159,69,1,3600.098,3600.039,10.656,6.14285714357143,1.3333887245770276e7,7.040500716782909e6,1.3333887245770276e7
