instance,it_bb,it_box,p_true_pb,runtime_bb,runtime_box,runtime_pb,zeta_box,θ_bb,θ_box,θ_pb
44,27404,48,1,3600.11,3600.078,11.406,8.600000000960002,1.8585292695777483e7,8.095680658324809e6,1.8585292695777483e7
