instance,it_bb,it_box,p_true_pb,runtime_bb,runtime_box,runtime_pb,zeta_box,θ_bb,θ_box,θ_pb
48,8,6,1,0.523,2.898,12.473,2.2500000003250022,1.3333887245770276e7,1.3333887245770276e7,1.3333887245770276e7
