instance,it_bb,it_box,p_true_pb,runtime_bb,runtime_box,runtime_pb,zeta_box,θ_bb,θ_box,θ_pb
12,35754,90,1,3600.06,3600.057,9.23,7.333333333333336,1.6025932037764832e7,9.557742182789952e6,1.6025932037764836e7
