instance,it_bb,it_box,p_true_pb,runtime_bb,runtime_box,runtime_pb,zeta_box,θ_bb,θ_box,θ_pb
15,29412,36,1,3600.001,3600.048,8.968,11.5,1.0145754744064808e7,6.800779236299407e6,1.7865683877650615e7
