instance,it_bb,it_box,p_true_pb,runtime_bb,runtime_box,runtime_pb,zeta_box,θ_bb,θ_box,θ_pb
26,52208,108,1,1090.99,83.593,12.15,0.33333333333331955,1.205325414004251e7,1.2053254140042508e7,1.4531438658218998e7
