instance,it_bb,it_box,p_true_pb,runtime_bb,runtime_box,runtime_pb,zeta_box,θ_bb,θ_box,θ_pb
18,32434,88,1,3600.138,3600.03,10.492,6.75,2.0990916210985005e7,1.2854220394013312e7,2.099091621098501e7
