instance,it_bb,it_box,p_true_pb,runtime_bb,runtime_box,runtime_pb,zeta_box,θ_bb,θ_box,θ_pb
19,10,9,1,0.316,2.375,10.101,4.0,2.2582865635448687e7,2.2582865635448687e7,2.2582865635448687e7
