instance,it_bb,it_box,p_true_pb,runtime_bb,runtime_box,runtime_pb,zeta_box,θ_bb,θ_box,θ_pb
32,29185,55,1,3600.081,3600.052,10.115,8.0,1.6119985430271104e7,7.0183248674946595e6,1.6119985430271104e7
