instance,it_bb,it_box,p_true_pb,runtime_bb,runtime_box,runtime_pb,zeta_box,θ_bb,θ_box,θ_pb
27,38953,87,1,3600.11,3600.028,8.831,10.0,1.9724611256591167e7,1.2297640898632662e7,1.9724611256591167e7
