instance,it_bb,it_box,p_true_pb,runtime_bb,runtime_box,runtime_pb,zeta_box,θ_bb,θ_box,θ_pb
24,22889,35,1,3600.173,3600.078,10.07,8.99999999999999,1.805744058807764e7,6.482991046136278e6,1.805744058807764e7
