instance,it_bb,it_box,p_true_pb,runtime_bb,runtime_box,runtime_pb,zeta_box,θ_bb,θ_box,θ_pb
43,26755,35,1,3600.101,3600.037,10.089,10.571428571428571,1.686106587236412e7,6.045354808667862e6,1.686106587236412e7
