instance,it_bb,it_box,p_true_pb,runtime_bb,runtime_box,runtime_pb,zeta_box,θ_bb,θ_box,θ_pb
18,49473,136,1,3600.037,347.367,9.424,0.1999999999999993,2.075506880268888e7,1.6391969529407207e7,2.099091621098501e7
