instance,it_bb,it_box,p_true_pb,runtime_bb,runtime_box,runtime_pb,zeta_box,θ_bb,θ_box,θ_pb
41,25492,42,1,3600.217,3600.03,9.458,11.2,2.9689487666169893e7,1.0699700484593758e7,2.968948766616989e7
