instance,it_bb,it_box,p_true_pb,runtime_bb,runtime_box,runtime_pb,zeta_box,θ_bb,θ_box,θ_pb
49,49963,116,1,3600.097,244.767,10.43,2.000000000000002,2.2443544786931813e7,1.8551745717092775e7,2.296245132957702e7
