instance,it_bb,it_box,p_true_pb,runtime_bb,runtime_box,runtime_pb,zeta_box,θ_bb,θ_box,θ_pb
30,10,9,1,0.342,2.609,11.543,3.0000000000000284,2.095016966515011e7,2.095016966515011e7,2.0950169665150113e7
