instance,it_bb,it_box,p_true_pb,runtime_bb,runtime_box,runtime_pb,zeta_box,θ_bb,θ_box,θ_pb
35,28999,46,1,3600.178,3600.06,10.11,10.666666666666666,2.183098888296545e7,1.0347348120644879e7,2.1830988882965446e7
