instance,it_bb,it_box,p_true_pb,runtime_bb,runtime_box,runtime_pb,zeta_box,θ_bb,θ_box,θ_pb
19,26691,80,1,3600.071,3600.055,17.502,6.600000000000001,2.258286563544868e7,1.3265012771513715e7,2.2582865635448687e7
