instance,it_bb,it_box,p_true_pb,runtime_bb,runtime_box,runtime_pb,zeta_box,θ_bb,θ_box,θ_pb
36,21882,40,1,3600.177,3600.064,12.906,9.400000001040013,1.3184152778498191e7,5.0966225003477605e6,1.3184152778498191e7
