instance,it_bb,it_box,p_true_pb,runtime_bb,runtime_box,runtime_pb,zeta_box,θ_bb,θ_box,θ_pb
11,30452,82,1,3600.016,3600.107,12.784,6.799999999999999,1.6533743785511628e7,1.0946669327443255e7,1.6533743785511628e7
