instance,it_bb,it_box,p_true_pb,runtime_bb,runtime_box,runtime_pb,zeta_box,θ_bb,θ_box,θ_pb
17,31927,93,1,3600.104,3600.063,10.146,7.333333333333334,1.6215869989027027e7,1.081075961875809e7,1.6215869989027029e7
