instance,it_bb,it_box,p_true_pb,runtime_bb,runtime_box,runtime_pb,zeta_box,θ_bb,θ_box,θ_pb
1,52383,143,1,3600.07,219.88,11.896,0.9999999999999913,1.889988602984799e7,1.6440358229639173e7,1.9806027850977555e7
