instance,it_bb,it_box,p_true_pb,runtime_bb,runtime_box,runtime_pb,zeta_box,θ_bb,θ_box,θ_pb
16,37510,107,1,3600.078,3600.046,9.404,5.0,1.5001665085602347e7,1.0132978941341776e7,1.5001665085602349e7
