instance,it_bb,it_box,p_true_pb,runtime_bb,runtime_box,runtime_pb,zeta_box,θ_bb,θ_box,θ_pb
44,52339,1765,1,3600.129,3600.019,10.123,5.999850060334211e-6,1.812922320702956e7,1.436665427558515e7,1.8585292695777483e7
