instance,it_bb,it_box,p_true_pb,runtime_bb,runtime_box,runtime_pb,zeta_box,θ_bb,θ_box,θ_pb
13,31303,75,1,3600.106,3600.043,10.465,7.500000000000002,2.962301751604289e7,1.7470518232848514e7,2.9623017516042884e7
