instance,it_bb,it_box,p_true_pb,runtime_bb,runtime_box,runtime_pb,zeta_box,θ_bb,θ_box,θ_pb
38,39200,80,1,3600.023,3600.033,8.701,8.0,1.6480121008501146e7,1.0728793818830263e7,1.6480121008501142e7
