instance,it_bb,it_box,p_true_pb,runtime_bb,runtime_box,runtime_pb,zeta_box,θ_bb,θ_box,θ_pb
37,218225,72,1,3600.001,22.227,12.596,7.999607988917745e-6,1.2781460089611124e7,1.278122609689924e7,1.5266401285330895e7
