instance,it_bb,it_box,p_true_pb,runtime_bb,runtime_box,runtime_pb,zeta_box,θ_bb,θ_box,θ_pb
28,30615,50,1,3600.039,3600.036,10.017,8.6,1.2485243400533408e7,5.826989303031908e6,1.2485243400533406e7
