instance,it_bb,it_box,p_true_pb,runtime_bb,runtime_box,runtime_pb,zeta_box,θ_bb,θ_box,θ_pb
31,70032,96,1,3600.076,136.254,9.796,0.3333333333333357,1.4793308737125538e7,1.3799136815909078e7,1.6669282557233777e7
