instance,it_bb,it_box,p_true_pb,runtime_bb,runtime_box,runtime_pb,zeta_box,θ_bb,θ_box,θ_pb
4,37788,102,1,3600.022,3600.026,9.51,3.0000000004,1.3136868014639717e7,8.611055272486107e6,1.3136868014639717e7
