instance,it_bb,it_box,p_true_pb,runtime_bb,runtime_box,runtime_pb,zeta_box,θ_bb,θ_box,θ_pb
8,29064,41,1,3600.178,3600.028,9.413,9.0,1.4865560583478168e7,5.74445258460924e6,1.486556058347817e7
