instance,it_bb,it_box,p_true_pb,runtime_bb,runtime_box,runtime_pb,zeta_box,θ_bb,θ_box,θ_pb
11,36705,85,1,3600.001,3600.05,9.114,6.0,1.6533743785511628e7,1.0946676914004918e7,1.6533743785511628e7
