instance,it_bb,it_box,p_true_pb,runtime_bb,runtime_box,runtime_pb,zeta_box,θ_bb,θ_box,θ_pb
16,47886,76,1,834.45,32.032,15.627,2.0,1.2501449894863758e7,1.2501449894863755e7,1.5001665085602349e7
