instance,it_bb,it_box,p_true_pb,runtime_bb,runtime_box,runtime_pb,zeta_box,θ_bb,θ_box,θ_pb
43,47888,168,1,3600.119,467.692,10.678,0.75,1.6648980983699223e7,1.3997919875388063e7,1.686106587236412e7
