instance,it_bb,it_box,p_true_pb,runtime_bb,runtime_box,runtime_pb,zeta_box,θ_bb,θ_box,θ_pb
13,34814,76,1,3600.107,3600.056,10.108,9.4,2.962301751604289e7,1.7217312847292453e7,2.9623017516042884e7
