instance,it_bb,it_box,p_true_pb,runtime_bb,runtime_box,runtime_pb,zeta_box,θ_bb,θ_box,θ_pb
40,28968,63,1,3600.079,3600.052,9.782,8.75,2.2367064108982664e7,1.0385622162222987e7,2.2367064108982667e7
