instance,it_bb,it_box,p_true_pb,runtime_bb,runtime_box,runtime_pb,zeta_box,θ_bb,θ_box,θ_pb
8,31563,53,1,3600.165,3600.024,9.623,7.500000000850001,1.4865560583478168e7,7.095211955656996e6,1.486556058347817e7
