instance,it_bb,it_box,p_true_pb,runtime_bb,runtime_box,runtime_pb,zeta_box,θ_bb,θ_box,θ_pb
45,36406,108,1,3600.065,3600.036,9.889,2.7142857146571444,1.2521228495292515e7,7.774835435469219e6,1.2521228495292513e7
