instance,it_bb,it_box,p_true_pb,runtime_bb,runtime_box,runtime_pb,zeta_box,θ_bb,θ_box,θ_pb
1,25653,61,1,3600.001,3600.046,11.699,8.857142857142858,1.1264444747152466e7,9.450209278789101e6,1.9806027850977555e7
