instance,it_bb,it_box,p_true_pb,runtime_bb,runtime_box,runtime_pb,zeta_box,θ_bb,θ_box,θ_pb
21,229671,73,1,3600.001,21.947,10.107,9.488080038977387e-6,9.955056472275637e6,9.852436412310189e6,1.2212813094219891e7
