instance,it_bb,it_box,p_true_pb,runtime_bb,runtime_box,runtime_pb,zeta_box,θ_bb,θ_box,θ_pb
4,27088,50,1,3600.137,3600.271,11.615,7.333333333333336,1.3136868014639717e7,6.182571185010119e6,1.3136868014639717e7
