instance,it_bb,it_box,p_true_pb,runtime_bb,runtime_box,runtime_pb,zeta_box,θ_bb,θ_box,θ_pb
31,11,10,1,0.328,2.337,10.093,2.0,1.666928255723378e7,1.666928255723378e7,1.6669282557233777e7
