instance,it_bb,it_box,p_true_pb,runtime_bb,runtime_box,runtime_pb,zeta_box,θ_bb,θ_box,θ_pb
12,29665,85,1,3600.08,3600.058,13.474,5.499999999999999,1.6025932037764832e7,9.36476947010966e6,1.6025932037764836e7
