instance,it_bb,it_box,p_true_pb,runtime_bb,runtime_box,runtime_pb,zeta_box,θ_bb,θ_box,θ_pb
35,26809,40,1,3600.009,3600.056,10.731,11.833333334616668,2.1830988882965446e7,8.186857332797048e6,2.1830988882965446e7
