instance,it_bb,it_box,p_true_pb,runtime_bb,runtime_box,runtime_pb,zeta_box,θ_bb,θ_box,θ_pb
9,10,9,1,0.478,2.903,9.781,0.6666666666666665,2.227839326674437e7,2.227839326674437e7,2.2278393266744364e7
