instance,it_bb,it_box,p_true_pb,runtime_bb,runtime_box,runtime_pb,zeta_box,θ_bb,θ_box,θ_pb
27,30388,48,1,3600.051,3600.039,10.169,10.333333333333332,1.9724611256591167e7,9.010282115973849e6,1.9724611256591167e7
