instance,it_bb,it_box,p_true_pb,runtime_bb,runtime_box,runtime_pb,zeta_box,θ_bb,θ_box,θ_pb
39,74431,119,1,3600.023,65.935,12.019,3.333270029770574e-6,1.2319664296883512e7,1.2101612806381702e7,1.3736888110685756e7
