instance,it_bb,it_box,p_true_pb,runtime_bb,runtime_box,runtime_pb,zeta_box,θ_bb,θ_box,θ_pb
10,28363,39,1,3600.048,3600.052,9.245,11.249999999999996,1.756741265914151e7,6.445186696891999e6,1.756741265914151e7
