instance,it_bb,it_box,p_true_pb,runtime_bb,runtime_box,runtime_pb,zeta_box,θ_bb,θ_box,θ_pb
37,37386,111,1,3600.273,3600.049,10.036,5.0,1.514988702942265e7,1.0887959701582134e7,1.5266401285330895e7
