instance,it_bb,it_box,p_true_pb,runtime_bb,runtime_box,runtime_pb,zeta_box,θ_bb,θ_box,θ_pb
7,34781,88,1,3600.092,3600.037,10.334,6.5,1.2071960271388065e7,8.43153477667084e6,1.2071960271388063e7
