instance,it_bb,it_box,p_true_pb,runtime_bb,runtime_box,runtime_pb,zeta_box,θ_bb,θ_box,θ_pb
5,33641,90,1,3600.183,3600.055,10.602,4.333333333333331,1.933870406469573e7,1.2547641204724407e7,1.9338704064695735e7
