instance,it_bb,it_box,p_true_pb,runtime_bb,runtime_box,runtime_pb,zeta_box,θ_bb,θ_box,θ_pb
20,36455,91,1,3600.07,3600.026,9.619,5.25,1.7930342058261074e7,1.1221164969609957e7,1.7930342058261074e7
