instance,it_bb,it_box,p_true_pb,runtime_bb,runtime_box,runtime_pb,zeta_box,θ_bb,θ_box,θ_pb
20,10,9,1,0.357,2.183,9.189,2.0,1.7930342058261074e7,1.7930342058261074e7,1.7930342058261074e7
