instance,it_bb,it_box,p_true_pb,runtime_bb,runtime_box,runtime_pb,zeta_box,θ_bb,θ_box,θ_pb
17,39135,98,1,3600.01,3600.047,8.734,3.5,1.6215869989027027e7,1.0810789688374585e7,1.6215869989027029e7
