instance,it_bb,it_box,p_true_pb,runtime_bb,runtime_box,runtime_pb,zeta_box,θ_bb,θ_box,θ_pb
2,30257,80,1,3600.058,3600.055,11.613,8.33333333333333,2.6834748583927847e7,1.6723317572206223e7,2.6834748583927847e7
