instance,it_bb,it_box,p_true_pb,runtime_bb,runtime_box,runtime_pb,zeta_box,θ_bb,θ_box,θ_pb
23,25068,32,1,3600.099,3600.054,10.043,8.999999999999998,1.9297646799615644e7,6.8855834515373465e6,1.9297646799615644e7
