instance,it_bb,it_box,p_true_pb,runtime_bb,runtime_box,runtime_pb,zeta_box,θ_bb,θ_box,θ_pb
33,33377,85,1,3600.02,3600.09,9.177,10.333333333333332,1.9543517547950372e7,1.1949415333952658e7,1.9543517547950372e7
