instance,it_bb,it_box,p_true_pb,runtime_bb,runtime_box,runtime_pb,zeta_box,θ_bb,θ_box,θ_pb
36,32977,96,1,3600.146,3600.047,10.377,5.0,1.318415277849819e7,8.863417424417824e6,1.3184152778498191e7
