instance,it_bb,it_box,p_true_pb,runtime_bb,runtime_box,runtime_pb,zeta_box,θ_bb,θ_box,θ_pb
43,34662,82,1,3600.066,3600.059,10.145,6.428571428571428,1.6861065872364115e7,1.0498802537824595e7,1.686106587236412e7
