instance,it_bb,it_box,p_true_pb,runtime_bb,runtime_box,runtime_pb,zeta_box,θ_bb,θ_box,θ_pb
40,11,10,1,0.463,3.086,11.431,0.5,2.2367064108982664e7,2.2367064108982664e7,2.2367064108982667e7
