instance,it_bb,it_box,p_true_pb,runtime_bb,runtime_box,runtime_pb,zeta_box,θ_bb,θ_box,θ_pb
30,34263,78,1,3600.001,3600.051,8.964,7.0,2.095016966515011e7,1.2570322023670325e7,2.0950169665150113e7
