instance,it_bb,it_box,p_true_pb,runtime_bb,runtime_box,runtime_pb,zeta_box,θ_bb,θ_box,θ_pb
29,36532,98,1,3600.157,3600.048,8.978,5.000000000000002,1.8705353000077493e7,1.1843562213702181e7,1.870535300007749e7
