instance,it_bb,it_box,p_true_pb,runtime_bb,runtime_box,runtime_pb,zeta_box,θ_bb,θ_box,θ_pb
2,26946,60,1,3600.076,3600.091,10.612,12.333333333333332,2.6834748583927847e7,1.2445532068896497e7,2.6834748583927847e7
