instance,it_bb,it_box,p_true_pb,runtime_bb,runtime_box,runtime_pb,zeta_box,θ_bb,θ_box,θ_pb
37,27562,36,1,3600.1,3600.047,9.752,9.0,1.5266401285330893e7,6.154147141099278e6,1.5266401285330895e7
