instance,it_bb,it_box,p_true_pb,runtime_bb,runtime_box,runtime_pb,zeta_box,θ_bb,θ_box,θ_pb
37,38119,111,1,3600.045,3600.035,9.607,5.0,1.514988702942265e7,1.1124417202960907e7,1.5266401285330895e7
