instance,it_bb,it_box,p_true_pb,runtime_bb,runtime_box,runtime_pb,zeta_box,θ_bb,θ_box,θ_pb
32,24546,35,1,3600.033,3600.031,11.33,10.333333333333332,1.6119985430271104e7,5.263982428510212e6,1.6119985430271104e7
