instance,it_bb,it_box,p_true_pb,runtime_bb,runtime_box,runtime_pb,zeta_box,θ_bb,θ_box,θ_pb
39,9,8,1,0.345,2.315,10.169,4.399999999999999,1.3736888110685756e7,1.3736888110685756e7,1.3736888110685756e7
