instance,it_bb,it_box,p_true_pb,runtime_bb,runtime_box,runtime_pb,zeta_box,θ_bb,θ_box,θ_pb
34,56587,92,1,3600.023,39.506,9.823,0.6666666666666654,1.5226605519278089e7,1.2884271286207495e7,1.6267712622317923e7
