instance,it_bb,it_box,p_true_pb,runtime_bb,runtime_box,runtime_pb,zeta_box,θ_bb,θ_box,θ_pb
50,64038,106,1,956.691,45.584,9.041,0.2499999999999991,1.249562845931478e7,1.2495628459314782e7,1.4444401010831822e7
