instance,it_bb,it_box,p_true_pb,runtime_bb,runtime_box,runtime_pb,zeta_box,θ_bb,θ_box,θ_pb
18,30204,51,1,3600.085,3600.044,9.859,8.857142857142858,2.099091621098501e7,9.434551710837658e6,2.099091621098501e7
