instance,it_bb,it_box,p_true_pb,runtime_bb,runtime_box,runtime_pb,zeta_box,θ_bb,θ_box,θ_pb
10,29394,56,1,3600.125,3600.045,10.541,9.400000000000002,1.756741265914151e7,8.00441180169963e6,1.756741265914151e7
