instance,it_bb,it_box,p_true_pb,runtime_bb,runtime_box,runtime_pb,zeta_box,θ_bb,θ_box,θ_pb
10,51878,153,1,3600.024,445.803,9.974,4.999905037550434e-6,1.7151669855690982e7,1.4657095568457488e7,1.756741265914151e7
