instance,it_bb,it_box,p_true_pb,runtime_bb,runtime_box,runtime_pb,zeta_box,θ_bb,θ_box,θ_pb
21,9,8,1,0.311,2.407,10.486,2.666666666666668,1.2212813094219891e7,1.2212813094219891e7,1.2212813094219891e7
