instance,it_bb,it_box,p_true_pb,runtime_bb,runtime_box,runtime_pb,zeta_box,θ_bb,θ_box,θ_pb
44,27663,36,1,3600.006,3600.048,9.308,9.0,1.8585292695777483e7,6.613551832206102e6,1.8585292695777483e7
