instance,it_bb,it_box,p_true_pb,runtime_bb,runtime_box,runtime_pb,zeta_box,θ_bb,θ_box,θ_pb
31,33651,91,1,3600.016,3600.041,11.579,7.0,1.6669282557233779e7,1.048747075384698e7,1.6669282557233777e7
