instance,it_bb,it_box,p_true_pb,runtime_bb,runtime_box,runtime_pb,zeta_box,θ_bb,θ_box,θ_pb
34,30569,102,1,3600.063,3600.042,19.617,5.0,1.6267712622317923e7,1.0151208391958887e7,1.6267712622317923e7
