instance,it_bb,it_box,p_true_pb,runtime_bb,runtime_box,runtime_pb,zeta_box,θ_bb,θ_box,θ_pb
22,55672,124,1,3600.049,136.844,9.94,0.16666666666667052,1.6185765980417712e7,1.393491286744522e7,1.6721699744981954e7
