instance,it_bb,it_box,p_true_pb,runtime_bb,runtime_box,runtime_pb,zeta_box,θ_bb,θ_box,θ_pb
19,30619,51,1,3600.013,3600.117,9.686,10.999999999999995,2.2582865635448687e7,9.757082501464235e6,2.2582865635448687e7
