instance,it_bb,it_box,p_true_pb,runtime_bb,runtime_box,runtime_pb,zeta_box,θ_bb,θ_box,θ_pb
17,46072,73,1,626.455,29.361,9.758,1.1416289377545279e-6,1.324082915083849e7,1.3237583903911253e7,1.6215869989027029e7
