instance,it_bb,it_box,p_true_pb,runtime_bb,runtime_box,runtime_pb,zeta_box,θ_bb,θ_box,θ_pb
36,29412,50,1,3600.036,3600.052,10.303,8.2,1.318415277849819e7,6.426079528119996e6,1.3184152778498191e7
