instance,it_bb,it_box,p_true_pb,runtime_bb,runtime_box,runtime_pb,zeta_box,θ_bb,θ_box,θ_pb
29,54557,94,1,3600.051,49.112,10.224,0.1999999999999993,1.804130897526765e7,1.5163769976780131e7,1.870535300007749e7
