instance,it_bb,it_box,p_true_pb,runtime_bb,runtime_box,runtime_pb,zeta_box,θ_bb,θ_box,θ_pb
6,26081,48,1,3600.1,3600.073,11.079,9.200000001020001,2.142883552717452e7,9.710249286813576e6,2.142883552717452e7
