instance,it_bb,it_box,p_true_pb,runtime_bb,runtime_box,runtime_pb,zeta_box,θ_bb,θ_box,θ_pb
40,31717,96,1,3600.17,3600.074,10.048,4.666666666666666,2.2367064108982664e7,1.380906958026142e7,2.2367064108982667e7
