instance,it_bb,it_box,p_true_pb,runtime_bb,runtime_box,runtime_pb,zeta_box,θ_bb,θ_box,θ_pb
1,24809,39,1,3600.225,3600.165,10.779,10.0,1.9806027850977555e7,7.250222100889531e6,1.9806027850977555e7
