instance,it_bb,it_box,p_true_pb,runtime_bb,runtime_box,runtime_pb,zeta_box,θ_bb,θ_box,θ_pb
37,30863,57,1,3600.109,3600.041,10.35,7.0,1.5266401285330893e7,8.40278041696246e6,1.5266401285330895e7
