instance,it_bb,it_box,p_true_pb,runtime_bb,runtime_box,runtime_pb,zeta_box,θ_bb,θ_box,θ_pb
10,34791,82,1,3600.057,3600.047,10.239,9.2,1.756741265914151e7,1.0915022701054327e7,1.756741265914151e7
