instance,it_bb,it_box,p_true_pb,runtime_bb,runtime_box,runtime_pb,zeta_box,θ_bb,θ_box,θ_pb
35,29469,68,1,3600.193,3600.046,19.472,12.399999999999997,2.1830988882965446e7,1.3303386640834311e7,2.1830988882965446e7
