instance,it_bb,it_box,p_true_pb,runtime_bb,runtime_box,runtime_pb,zeta_box,θ_bb,θ_box,θ_pb
50,29075,56,1,3600.022,3600.059,9.801,9.0,1.4444401010831822e7,7.337303537455247e6,1.4444401010831822e7
