instance,it_bb,it_box,p_true_pb,runtime_bb,runtime_box,runtime_pb,zeta_box,θ_bb,θ_box,θ_pb
25,29101,52,1,3600.118,3600.11,9.768,10.25,2.1517913893711284e7,1.037369136003212e7,2.151791389371128e7
