instance,it_bb,it_box,p_true_pb,runtime_bb,runtime_box,runtime_pb,zeta_box,θ_bb,θ_box,θ_pb
38,10,9,1,0.35,2.187,9.349,1.0000000002000036,1.6480121008501146e7,1.6480121008501146e7,1.6480121008501142e7
