instance,it_bb,it_box,p_true_pb,runtime_bb,runtime_box,runtime_pb,zeta_box,θ_bb,θ_box,θ_pb
40,42407,125,1,3600.022,253.763,13.633,0.5714285714285712,2.2138844916100033e7,1.7574461058447395e7,2.2367064108982667e7
