instance,it_bb,it_box,p_true_pb,runtime_bb,runtime_box,runtime_pb,zeta_box,θ_bb,θ_box,θ_pb
6,34546,79,1,3600.116,3600.119,10.354,9.8,2.142883552717452e7,1.305836340609833e7,2.142883552717452e7
