instance,it_bb,it_box,p_true_pb,runtime_bb,runtime_box,runtime_pb,zeta_box,θ_bb,θ_box,θ_pb
47,23962,36,1,3600.171,3600.078,12.779,13.333333333333334,2.609591966502846e7,9.077350394963486e6,2.6095919665028468e7
