instance,it_bb,it_box,p_true_pb,runtime_bb,runtime_box,runtime_pb,zeta_box,θ_bb,θ_box,θ_pb
40,23290,38,1,3600.144,3600.045,11.176,10.333333333333334,2.2367064108982664e7,7.761052496134926e6,2.2367064108982667e7
