instance,it_bb,it_box,p_true_pb,runtime_bb,runtime_box,runtime_pb,zeta_box,θ_bb,θ_box,θ_pb
8,35516,98,1,3600.037,3600.042,9.806,5.249999999999997,1.4865560583478168e7,9.46009098781406e6,1.486556058347817e7
