instance,it_bb,it_box,p_true_pb,runtime_bb,runtime_box,runtime_pb,zeta_box,θ_bb,θ_box,θ_pb
44,36490,92,1,3600.022,3600.047,9.331,5.4999999999999964,1.8585292695777483e7,1.1060249465313341e7,1.8585292695777483e7
