instance,it_bb,it_box,p_true_pb,runtime_bb,runtime_box,runtime_pb,zeta_box,θ_bb,θ_box,θ_pb
16,34161,58,1,3600.005,3600.045,9.749,6.0,1.5001665085602347e7,7.237919260768801e6,1.5001665085602349e7
