instance,it_bb,it_box,p_true_pb,runtime_bb,runtime_box,runtime_pb,zeta_box,θ_bb,θ_box,θ_pb
30,51118,134,1,3600.051,382.758,9.705,0.4999998830281669,2.0717395096092403e7,1.710938927569799e7,2.0950169665150113e7
