instance,it_bb,it_box,p_true_pb,runtime_bb,runtime_box,runtime_pb,zeta_box,θ_bb,θ_box,θ_pb
39,33268,94,1,3600.191,3600.064,10.442,7.199999999999999,1.3736888110685756e7,9.48520720011407e6,1.3736888110685756e7
