instance,it_bb,it_box,p_true_pb,runtime_bb,runtime_box,runtime_pb,zeta_box,θ_bb,θ_box,θ_pb
38,27147,35,1,3600.074,3600.069,9.73,11.999999999999986,1.6480121008501146e7,6.304683188277507e6,1.6480121008501142e7
