instance,it_bb,it_box,p_true_pb,runtime_bb,runtime_box,runtime_pb,zeta_box,θ_bb,θ_box,θ_pb
2,11,10,1,0.296,2.134,9.016,2.0,2.6834748583927847e7,2.6834748583927847e7,2.6834748583927847e7
