instance,it_bb,it_box,p_true_pb,runtime_bb,runtime_box,runtime_pb,zeta_box,θ_bb,θ_box,θ_pb
21,34968,97,1,3600.162,3600.034,9.835,5.5,1.221281309421989e7,7.902572115340215e6,1.2212813094219891e7
