instance,it_bb,it_box,p_true_pb,runtime_bb,runtime_box,runtime_pb,zeta_box,θ_bb,θ_box,θ_pb
32,56990,118,1,3600.057,126.679,10.327,1.666666666666664,1.5352933324313525e7,1.3378611682084253e7,1.6119985430271104e7
