instance,it_bb,it_box,p_true_pb,runtime_bb,runtime_box,runtime_pb,zeta_box,θ_bb,θ_box,θ_pb
33,32699,82,1,3600.365,3600.05,11.121,9.833333333333332,1.9543517547950372e7,1.1949271467549788e7,1.9543517547950372e7
