instance,it_bb,it_box,p_true_pb,runtime_bb,runtime_box,runtime_pb,zeta_box,θ_bb,θ_box,θ_pb
40,38813,98,1,3600.052,3600.058,7.415,3.2000000004200047,2.2367064108982664e7,1.392295517935436e7,2.2367064108982667e7
