instance,it_bb,it_box,p_true_pb,runtime_bb,runtime_box,runtime_pb,zeta_box,θ_bb,θ_box,θ_pb
29,10,9,1,0.3,2.011,8.948,1.6666666666666679,1.8705353000077493e7,1.8705353000077493e7,1.870535300007749e7
