instance,it_bb,it_box,p_true_pb,runtime_bb,runtime_box,runtime_pb,zeta_box,θ_bb,θ_box,θ_pb
45,41468,128,1,3600.046,135.25,12.169,0.33333333346666905,1.2193895706947694e7,9.90250469332883e6,1.2521228495292513e7
