instance,it_bb,it_box,p_true_pb,runtime_bb,runtime_box,runtime_pb,zeta_box,θ_bb,θ_box,θ_pb
8,71138,98,1,3600.032,71.451,10.651,0.7499999999999991,1.3063730402800757e7,1.2162815312462049e7,1.486556058347817e7
