instance,it_bb,it_box,p_true_pb,runtime_bb,runtime_box,runtime_pb,zeta_box,θ_bb,θ_box,θ_pb
25,33706,83,1,3600.067,3600.053,10.083,8.833333333333334,2.151791389371128e7,1.3793947582825694e7,2.151791389371128e7
