instance,it_bb,it_box,p_true_pb,runtime_bb,runtime_box,runtime_pb,zeta_box,θ_bb,θ_box,θ_pb
3,30215,89,1,3600.135,3600.07,11.947,3.4999999999999987,1.2305929476883754e7,8.241764372196019e6,1.2305929476883752e7
