instance,it_bb,it_box,p_true_pb,runtime_bb,runtime_box,runtime_pb,zeta_box,θ_bb,θ_box,θ_pb
24,37349,102,1,3600.029,3600.046,8.88,4.0,1.8057440588077635e7,1.1228513341516502e7,1.805744058807764e7
