instance,it_bb,it_box,p_true_pb,runtime_bb,runtime_box,runtime_pb,zeta_box,θ_bb,θ_box,θ_pb
27,26475,31,1,3600.168,3600.068,10.162,12.333333333333332,1.9724611256591167e7,6.9404666652633045e6,1.9724611256591167e7
