instance,it_bb,it_box,p_true_pb,runtime_bb,runtime_box,runtime_pb,zeta_box,θ_bb,θ_box,θ_pb
7,29298,37,1,3600.068,3600.053,9.181,9.0,1.2071960271388065e7,4.6953525641033705e6,1.2071960271388063e7
