instance,it_bb,it_box,p_true_pb,runtime_bb,runtime_box,runtime_pb,zeta_box,θ_bb,θ_box,θ_pb
32,36868,93,1,3600.01,3600.044,9.041,7.5,1.6119985430271104e7,9.869447355406528e6,1.6119985430271104e7
