instance,it_bb,it_box,p_true_pb,runtime_bb,runtime_box,runtime_pb,zeta_box,θ_bb,θ_box,θ_pb
31,32123,57,1,3600.044,3600.039,9.344,8.5,1.6669282557233779e7,8.169301721269811e6,1.6669282557233777e7
