instance,it_bb,it_box,p_true_pb,runtime_bb,runtime_box,runtime_pb,zeta_box,θ_bb,θ_box,θ_pb
4,29742,88,1,3600.098,3600.06,12.698,4.0,1.3136868014639717e7,8.2799269619607e6,1.3136868014639717e7
