instance,it_bb,it_box,p_true_pb,runtime_bb,runtime_box,runtime_pb,zeta_box,θ_bb,θ_box,θ_pb
27,10,9,1,0.297,2.202,9.618,5.000000000000007,1.9724611256591167e7,1.9724611256591167e7,1.9724611256591167e7
