instance,it_bb,it_box,p_true_pb,runtime_bb,runtime_box,runtime_pb,zeta_box,θ_bb,θ_box,θ_pb
38,35865,77,1,3600.059,3600.054,9.828,7.249999999999999,1.6480121008501146e7,1.0618221968229625e7,1.6480121008501142e7
