instance,it_bb,it_box,p_true_pb,runtime_bb,runtime_box,runtime_pb,zeta_box,θ_bb,θ_box,θ_pb
27,50297,158,1,3600.116,282.765,9.611,1.9998020093225932e-6,1.9481103556507573e7,1.6437271800053682e7,1.9724611256591167e7
