instance,it_bb,it_box,p_true_pb,runtime_bb,runtime_box,runtime_pb,zeta_box,θ_bb,θ_box,θ_pb
30,24488,32,1,3600.044,3600.06,9.942,12.5,2.095016966515011e7,7.100375216239514e6,2.0950169665150113e7
