instance,it_bb,it_box,p_true_pb,runtime_bb,runtime_box,runtime_pb,zeta_box,θ_bb,θ_box,θ_pb
7,31269,54,1,3600.022,3600.04,9.309,9.0,1.2071960271388065e7,6.32393150729493e6,1.2071960271388063e7
