instance,it_bb,it_box,p_true_pb,runtime_bb,runtime_box,runtime_pb,zeta_box,θ_bb,θ_box,θ_pb
32,30534,93,1,3600.12,3600.049,18.94,7.5,1.6119985430271104e7,9.75997003872051e6,1.6119985430271104e7
