instance,it_bb,it_box,p_true_pb,runtime_bb,runtime_box,runtime_pb,zeta_box,θ_bb,θ_box,θ_pb
25,24821,36,1,3600.094,3600.045,10.24,12.285714285714286,2.1517913893711284e7,8.166361829602848e6,2.151791389371128e7
