instance,it_bb,it_box,p_true_pb,runtime_bb,runtime_box,runtime_pb,zeta_box,θ_bb,θ_box,θ_pb
23,42681,93,1,3600.04,88.218,11.684,2.1999999999999993,1.8984733332453504e7,1.5125493790233526e7,1.9297646799615644e7
