instance,it_bb,it_box,p_true_pb,runtime_bb,runtime_box,runtime_pb,zeta_box,θ_bb,θ_box,θ_pb
27,32375,86,1,3600.088,3600.052,10.779,8.0,1.9724611256591167e7,1.2297626404041648e7,1.9724611256591167e7
