instance,it_bb,it_box,p_true_pb,runtime_bb,runtime_box,runtime_pb,zeta_box,θ_bb,θ_box,θ_pb
29,34244,92,1,3600.047,3600.041,10.487,5.875,1.8705353000077493e7,1.1732883688062662e7,1.870535300007749e7
