instance,it_bb,it_box,p_true_pb,runtime_bb,runtime_box,runtime_pb,zeta_box,θ_bb,θ_box,θ_pb
34,9,8,1,0.304,2.23,9.618,1.6666666666666679,1.6267712622317923e7,1.6267712622317923e7,1.6267712622317923e7
