instance,it_bb,it_box,p_true_pb,runtime_bb,runtime_box,runtime_pb,zeta_box,θ_bb,θ_box,θ_pb
1,31206,98,1,3600.016,3600.038,11.263,7.333333333333329,1.9806027850977555e7,1.2686343926576976e7,1.9806027850977555e7
