instance,it_bb,it_box,p_true_pb,runtime_bb,runtime_box,runtime_pb,zeta_box,θ_bb,θ_box,θ_pb
34,21436,42,1,3600.09,3600.049,20.256,6.75,1.6267712622317923e7,5.856922640753448e6,1.6267712622317923e7
