instance,it_bb,it_box,p_true_pb,runtime_bb,runtime_box,runtime_pb,zeta_box,θ_bb,θ_box,θ_pb
42,35717,102,1,3600.131,3600.038,9.981,4.625000000562501,2.3335196093525417e7,1.4584590615439778e7,2.333519609352541e7
