instance,it_bb,it_box,p_true_pb,runtime_bb,runtime_box,runtime_pb,zeta_box,θ_bb,θ_box,θ_pb
18,25874,36,1,3600.037,3600.091,9.541,9.0,2.0990916210985005e7,7.194320711675356e6,2.099091621098501e7
