instance,it_bb,it_box,p_true_pb,runtime_bb,runtime_box,runtime_pb,zeta_box,θ_bb,θ_box,θ_pb
45,36731,99,1,3600.138,3600.031,7.416,3.0,1.2521228495292515e7,7.774791991718034e6,1.2521228495292513e7
