instance,it_bb,it_box,p_true_pb,runtime_bb,runtime_box,runtime_pb,zeta_box,θ_bb,θ_box,θ_pb
46,35001,86,1,3600.065,3600.025,10.807,4.500000000550003,1.3894680112571077e7,8.386953187367585e6,1.3894680112571081e7
