instance,it_bb,it_box,p_true_pb,runtime_bb,runtime_box,runtime_pb,zeta_box,θ_bb,θ_box,θ_pb
15,36468,86,1,3600.1,3600.048,10.045,7.166666666666667,1.7865683877650615e7,1.1641814378945567e7,1.7865683877650615e7
