instance,it_bb,it_box,p_true_pb,runtime_bb,runtime_box,runtime_pb,zeta_box,θ_bb,θ_box,θ_pb
28,54229,136,1,3600.127,293.639,9.631,0.33333333346666905,1.2258252211277083e7,1.0290995237722281e7,1.2485243400533406e7
