instance,it_bb,it_box,p_true_pb,runtime_bb,runtime_box,runtime_pb,zeta_box,θ_bb,θ_box,θ_pb
23,35858,91,1,3600.04,3600.051,8.796,4.28571428571428,1.929764679961564e7,1.2204783163999118e7,1.9297646799615644e7
