instance,it_bb,it_box,p_true_pb,runtime_bb,runtime_box,runtime_pb,zeta_box,θ_bb,θ_box,θ_pb
19,37277,81,1,3600.117,3600.05,8.882,7.5,2.258286563544868e7,1.3265014900910482e7,2.2582865635448687e7
