instance,it_bb,it_box,p_true_pb,runtime_bb,runtime_box,runtime_pb,zeta_box,θ_bb,θ_box,θ_pb
31,38325,92,1,3600.098,3600.036,8.731,0.0,1.6669282557233779e7,1.0487473119641813e7,1.6669282557233777e7
