instance,it_bb,it_box,p_true_pb,runtime_bb,runtime_box,runtime_pb,zeta_box,θ_bb,θ_box,θ_pb
35,30470,74,1,3600.001,3600.107,11.341,0.0,1.8078843896427747e7,1.3417088004062727e7,2.1830988882965446e7
