instance,it_bb,it_box,p_true_pb,runtime_bb,runtime_box,runtime_pb,zeta_box,θ_bb,θ_box,θ_pb
4,32234,100,1,3600.029,3600.088,8.904,0.0,1.3136868014639717e7,8.61105482803999e6,1.3136868014639717e7
