instance,it_bb,it_box,p_true_pb,runtime_bb,runtime_box,runtime_pb,zeta_box,θ_bb,θ_box,θ_pb
27,29870,85,1,3600.082,3600.063,14.238,0.0,1.9724611256591167e7,1.2175940515532563e7,1.9724611256591167e7
