instance,it_bb,it_box,p_true_pb,runtime_bb,runtime_box,runtime_pb,zeta_box,θ_bb,θ_box,θ_pb
30,31840,73,1,3600.132,3600.052,12.001,0.0,2.095016966515011e7,1.2686717672676312e7,2.0950169665150113e7
