instance,it_bb,it_box,p_true_pb,runtime_bb,runtime_box,runtime_pb,zeta_box,θ_bb,θ_box,θ_pb
46,31948,87,1,3600.146,3600.044,9.45,0.0,1.3894680112571077e7,8.386967606113008e6,1.3894680112571081e7
