instance,it_bb,it_box,p_true_pb,runtime_bb,runtime_box,runtime_pb,zeta_box,θ_bb,θ_box,θ_pb
41,34679,98,1,3600.001,3600.029,9.207,0.0,2.9689487666169893e7,1.8322038782117806e7,2.968948766616989e7
