instance,it_bb,it_box,p_true_pb,runtime_bb,runtime_box,runtime_pb,zeta_box,θ_bb,θ_box,θ_pb
3,29196,97,1,3600.03,3600.104,9.619,0.0,1.2305929476883754e7,8.241767479483502e6,1.2305929476883752e7
