instance,it_bb,it_box,p_true_pb,runtime_bb,runtime_box,runtime_pb,zeta_box,θ_bb,θ_box,θ_pb
2,32062,81,1,3600.113,3600.044,9.034,0.0,2.6834748583927847e7,1.6723326477538263e7,2.6834748583927847e7
