instance,it_bb,it_box,p_true_pb,runtime_bb,runtime_box,runtime_pb,zeta_box,θ_bb,θ_box,θ_pb
44,32860,88,1,3600.028,3600.043,9.788,0.0,1.8585292695777483e7,1.1288175834252466e7,1.8585292695777483e7
