instance,it_bb,it_box,p_true_pb,runtime_bb,runtime_box,runtime_pb,θ_bb,θ_box,θ_pb
34,36275,100,1,3600.025,3600.049:1.0:3599.049 => 0.0,10.813,1.6267712622317923e7,1.0021515593445681e7,1.6267712622317923e7
