instance,it_bb,it_box,p_true_pb,runtime_bb,runtime_box,runtime_pb,zeta_box,θ_bb,θ_box,θ_pb
42,37466,102,1,3600.132,3600.026,8.909,0.0,2.3335196093525417e7,1.4584590615439778e7,2.333519609352541e7
