instance,it_bb,it_box,p_true_pb,runtime_bb,runtime_box,runtime_pb,zeta_box,θ_bb,θ_box,θ_pb
8,32483,97,1,3600.121,3600.051,12.396,0.0,1.4865560583478168e7,9.460110748967119e6,1.486556058347817e7
