instance,it_bb,it_box,p_true_pb,runtime_bb,runtime_box,runtime_pb,zeta_box,θ_bb,θ_box,θ_pb
10,32905,80,1,3600.105,3600.034,12.44,0.0,1.756741265914151e7,1.091487794299597e7,1.756741265914151e7
