instance,it_bb,it_box,p_true_pb,runtime_bb,runtime_box,runtime_pb,zeta_box,θ_bb,θ_box,θ_pb
7,32166,88,1,3600.12,3600.05,10.928,0.0,1.2071960271388065e7,8.335777416544943e6,1.2071960271388063e7
