instance,it_bb,it_box,p_true_pb,runtime_bb,runtime_box,runtime_pb,zeta_box,θ_bb,θ_box,θ_pb
37,28744,102,1,3600.052,3600.205,11.095,0.0,1.514988702942265e7,1.076952568767056e7,1.5266401285330895e7
