instance,it_bb,it_box,p_true_pb,runtime_bb,runtime_box,runtime_pb,zeta_box,θ_bb,θ_box,θ_pb
39,39505,97,1,3600.139,3600.028,8.733,0.0,1.3736888110685756e7,9.594194527206678e6,1.3736888110685756e7
