instance,it_bb,it_box,p_true_pb,runtime_bb,runtime_box,runtime_pb,zeta_box,θ_bb,θ_box,θ_pb
20,32254,88,1,3600.154,3600.061,12.131,0.0,1.7930342058261074e7,1.1105502265045049e7,1.7930342058261074e7
