instance,it_bb,it_box,p_true_pb,runtime_bb,runtime_box,runtime_pb,zeta_box,θ_bb,θ_box,θ_pb
19,31787,77,1,3600.163,3600.049,12.889,0.0,2.258286563544868e7,1.3155388329234231e7,2.2582865635448687e7
