instance,it_bb,it_box,p_true_pb,runtime_bb,runtime_box,runtime_pb,zeta_box,θ_bb,θ_box,θ_pb
21,31960,96,1,3600.131,3600.043,11.87,0.0,1.221281309421989e7,7.902551207937139e6,1.2212813094219891e7
