instance,it_bb,it_box,p_true_pb,runtime_bb,runtime_box,runtime_pb,zeta_box,θ_bb,θ_box,θ_pb
36,32565,95,1,3600.055,3600.045,11.447,0.0,1.318415277849819e7,8.75269488879909e6,1.3184152778498191e7
