instance,it_bb,it_box,p_true_pb,runtime_bb,runtime_box,runtime_pb,zeta_box,θ_bb,θ_box,θ_pb
25,31055,81,1,3600.029,3600.065,11.669,0.0,2.151791389371128e7,1.3793814551529024e7,2.151791389371128e7
