instance,it_bb,it_box,p_true_pb,runtime_bb,runtime_box,runtime_pb,zeta_box,θ_bb,θ_box,θ_pb
17,32231,87,1,3600.036,3600.08,12.528,0.0,1.6215869989027027e7,1.0700517412020195e7,1.6215869989027029e7
