instance,it_bb,it_box,p_true_pb,runtime_bb,runtime_box,runtime_pb,zeta_box,θ_bb,θ_box,θ_pb
38,38822,79,1,3600.122,3600.029,8.809,0.0,1.6480121008501146e7,1.0728779860526841e7,1.6480121008501142e7
