instance,it_bb,it_box,p_true_pb,runtime_bb,runtime_box,runtime_pb,θ_bb,θ_box,θ_pb
11,37989,86,1,3600.138,3600.053:1.0:3599.053 => 0.0,8.793,1.6533743785511628e7,1.0946687977171822e7,1.6533743785511628e7
