instance,it_bb,it_box,p_true_pb,runtime_bb,runtime_box,runtime_pb,zeta_box,θ_bb,θ_box,θ_pb
16,30591,97,1,3600.172,3600.046,11.531,0.0,1.5001665085602347e7,1.0132824977321938e7,1.5001665085602349e7
