instance,it_bb,it_box,p_true_pb,runtime_bb,runtime_box,runtime_pb,zeta_box,θ_bb,θ_box,θ_pb
29,32353,94,1,3600.013,3600.056,11.908,0.0,1.8705353000077493e7,1.1843551622641524e7,1.870535300007749e7
