instance,it_bb,it_box,p_true_pb,runtime_bb,runtime_box,runtime_pb,zeta_box,θ_bb,θ_box,θ_pb
12,29828,87,1,3600.09,3600.063,11.454,0.0,1.6025932037764832e7,9.46122342399798e6,1.6025932037764836e7
