instance,it_bb,it_box,p_true_pb,runtime_bb,runtime_box,runtime_pb,zeta_box,θ_bb,θ_box,θ_pb
33,37451,89,1,3600.125,3600.041,8.72,0.0,1.9543517547950372e7,1.2050557555620534e7,1.9543517547950372e7
