instance,it_bb,it_box,p_true_pb,runtime_bb,runtime_box,runtime_pb,zeta_box,θ_bb,θ_box,θ_pb
24,30787,97,1,3600.046,3600.058,12.905,0.0,1.8057440588077635e7,1.1228519415425198e7,1.805744058807764e7
