instance,it_bb,it_box,p_true_pb,runtime_bb,runtime_box,runtime_pb,zeta_box,θ_bb,θ_box,θ_pb
45,30643,107,1,3600.015,3600.049,9.674,0.0,1.2521228495292515e7,7.774830658672718e6,1.2521228495292513e7
