instance,it_bb,it_box,p_true_pb,runtime_bb,runtime_box,runtime_pb,θ_bb,θ_box,θ_pb
43,33284,81,1,3600.084,3600.051:1.0:3599.051 => 0.0,9.59,1.6861065872364115e7,1.0498777283353947e7,1.686106587236412e7
