instance,it_bb,it_box,p_true_pb,runtime_bb,runtime_box,runtime_pb,zeta_box,θ_bb,θ_box,θ_pb
13,30736,76,1,3600.221,3600.096,11.624,0.0,2.962301751604289e7,1.7343843078326173e7,2.9623017516042884e7
