instance,it_bb,it_box,p_true_pb,runtime_bb,runtime_box,runtime_pb,zeta_box,θ_bb,θ_box,θ_pb
15,32125,82,1,3600.194,3600.054,12.343,0.0,1.7865683877650615e7,1.1526392529766906e7,1.7865683877650615e7
