instance,it_bb,it_box,p_true_pb,runtime_bb,runtime_box,runtime_pb,zeta_box,θ_bb,θ_box,θ_pb
5,31213,90,1,3600.149,3600.066,9.22,0.0,1.933870406469573e7,1.2662635977848379e7,1.9338704064695735e7
