instance,it_bb,it_box,p_true_pb,runtime_bb,runtime_box,runtime_pb,zeta_box,θ_bb,θ_box,θ_pb
28,30455,85,1,3600.184,3600.062,12.696,0.0,1.2485243400533406e7,7.794263430270485e6,1.2485243400533406e7
