instance,it_bb,it_box,p_true_pb,runtime_bb,runtime_box,runtime_pb,θ_bb,θ_box,θ_pb
32,35934,85,1,3600.222,3600.037:1.0:3599.037 => 0.0,9.123,1.6119985430271104e7,9.650207711497854e6,1.6119985430271104e7
