instance,it_bb,it_box,p_true_pb,runtime_bb,runtime_box,runtime_pb,zeta_box,θ_bb,θ_box,θ_pb
40,29965,89,1,3600.198,3600.113,11.99,0.0,2.2367064108982664e7,1.3695118481221547e7,2.2367064108982667e7
