instance,it_bb,it_box,p_true_pb,runtime_bb,runtime_box,runtime_pb,θ_bb,θ_box,θ_pb
14,33075,92,1,3600.157,3600.034:1.0:3599.034 => 0.0,9.715,1.46616951886589e7,9.439948347757176e6,1.4661695188658902e7
