instance,it_bb,it_box,p_true_pb,runtime_bb,runtime_box,runtime_pb,zeta_box,θ_bb,θ_box,θ_pb
22,31354,86,1,3600.185,3600.055,11.936,0.0,1.6721699744981952e7,1.0826615792702358e7,1.6721699744981954e7
