instance,it_bb,it_box,p_true_pb,runtime_bb,runtime_box,runtime_pb,θ_bb,θ_box,θ_pb
49,35534,84,1,3600.186,3600.048:1.0:3599.048 => 0.0,9.278,2.2962451329577014e7,1.3881635915488323e7,2.296245132957702e7
