instance,it_bb,it_box,p_true_pb,runtime_bb,runtime_box,runtime_pb,θ_bb,θ_box,θ_pb
48,35254,108,1,3600.075,3600.043:1.0:3599.043 => 0.0,9.691,1.312055182911378e7,9.173871502294753e6,1.3333887245770276e7
