instance,it_bb,it_box,p_true_pb,runtime_bb,runtime_box,runtime_pb,zeta_box,θ_bb,θ_box,θ_pb
18,30629,87,1,3600.005,3600.043,11.622,0.0,2.0990916210985005e7,1.2854199351182804e7,2.099091621098501e7
