instance,it_bb,it_box,p_true_pb,runtime_bb,runtime_box,runtime_pb,θ_bb,θ_box,θ_pb
50,39056,97,1,3600.132,3600.027:1.0:3599.027 => 0.0,8.731,1.444440101083182e7,9.973678256697815e6,1.4444401010831822e7
