instance,it_bb,it_box,p_true_pb,runtime_bb,runtime_box,runtime_pb,zeta_box,θ_bb,θ_box,θ_pb
6,33576,83,1,3600.185,3600.048,9.51,0.0,2.142883552717452e7,1.3058518833269944e7,2.142883552717452e7
