instance,it_bb,it_box,p_true_pb,runtime_bb,runtime_box,runtime_pb,θ_bb,θ_box,θ_pb
11,158,16,1,3.362,7.908,8.764,1.0536551895544804e6,1.0536551895544804e6,1.0536551895544804e6
17,1593,18,1,13.805,5.561,9.588,1.3915446790480085e6,1.3915446790480088e6,1.3915446790480085e6
42,2,1,1,0.316,2.303,10.508,210062.67555445136,210062.67555445136,210062.67555445113
5,22033,33,1,250.291,12.646,9.762,2.0399654948373833e6,2.0399654948373837e6,2.0399654948373837e6
8,13140,24,1,224.057,13.884,8.89,2.8387272944952496e6,2.8387272944952496e6,2.83872729449525e6
