instance,it_bb,it_box,p_true_pb,runtime_bb,runtime_box,runtime_pb,zeta_box,θ_bb,θ_box,θ_pb
29,25328,58,1,3600.217,3600.103,9.965,8.0,2.056433096863645e7,1.5996669300336067e7,2.0564330968636453e7
