instance,it_bb,it_box,p_true_pb,runtime_bb,runtime_box,runtime_pb,zeta_box,θ_bb,θ_box,θ_pb
16,32738,89,1,3600.041,118.188,11.39,1.0,4.688100268070837e6,4.6881002680708375e6,4.6881002680708375e6
