instance,it_bb,it_box,p_true_pb,runtime_bb,runtime_box,runtime_pb,zeta_box,θ_bb,θ_box,θ_pb
35,3804,27,1,38.193,5.508,9.143,1.0,9.02338598318632e6,9.023385983186318e6,9.143626854155052e6
