instance,it_bb,it_box,p_true_pb,runtime_bb,runtime_box,runtime_pb,zeta_box,θ_bb,θ_box,θ_pb
7,22110,41,1,3600.069,3600.051,11.28,6.0,1.2790220732537515e7,8.130920261517845e6,1.2790220732537517e7
