instance,it_bb,it_box,p_true_pb,runtime_bb,runtime_box,runtime_pb,zeta_box,θ_bb,θ_box,θ_pb
28,49018,73,1,3600.014,72.105,9.211,3.0,677959.9155674055,677959.9155680364,677959.9155680363
