instance,it_bb,it_box,p_true_pb,runtime_bb,runtime_box,runtime_pb,zeta_box,θ_bb,θ_box,θ_pb
38,24701,108,1,3600.202,3600.05,13.145,1.0,2.600111469746545e6,2.261714054274978e6,2.6001114697469044e6
