instance,it_bb,it_box,p_true_pb,runtime_bb,runtime_box,runtime_pb,zeta_box,θ_bb,θ_box,θ_pb
49,45178,76,1,3600.2,75.684,8.953,1.0,8.791464245189434e6,8.566270766676115e6,8.791464245189438e6
