instance,it_bb,it_box,p_true_pb,runtime_bb,runtime_box,runtime_pb,zeta_box,θ_bb,θ_box,θ_pb
9,21726,35,1,3600.289,3600.066,9.869,9.0,2.535075380472182e7,1.5339481869744672e7,2.535075380472182e7
