instance,it_bb,it_box,p_true_pb,runtime_bb,runtime_box,runtime_pb,zeta_box,θ_bb,θ_box,θ_pb
33,26003,66,1,3600.242,3600.074,10.998,5.777777777777779,2.308477603859451e7,1.8559356804393843e7,2.319791312358436e7
