instance,it_bb,it_box,p_true_pb,runtime_bb,runtime_box,runtime_pb,zeta_box,θ_bb,θ_box,θ_pb
5,29993,115,1,3600.106,3600.04,9.644,0.0,2.188372560476382e7,2.0321066618341558e7,2.188372560476383e7
