instance,it_bb,it_box,p_true_pb,runtime_bb,runtime_box,runtime_pb,zeta_box,θ_bb,θ_box,θ_pb
30,30087,103,1,3600.195,3600.047,8.809,3.3888888888888857,2.2384081136514794e7,1.9636230392674826e7,2.3169157259002537e7
