instance,it_bb,it_box,p_true_pb,runtime_bb,runtime_box,runtime_pb,zeta_box,θ_bb,θ_box,θ_pb
31,100148,83,1,3600.002,43.363,12.668,1.599921652939429e-6,1.9478283517985992e7,1.9478283517985992e7,1.9977625121348105e7
