instance,it_bb,it_box,p_true_pb,runtime_bb,runtime_box,runtime_pb,zeta_box,θ_bb,θ_box,θ_pb
30,21847,43,1,3600.017,3600.098,10.401,7.375,2.3169157259002537e7,1.3616863506487707e7,2.3169157259002537e7
