instance,it_bb,it_box,p_true_pb,runtime_bb,runtime_box,runtime_pb,zeta_box,θ_bb,θ_box,θ_pb
36,25962,77,1,3600.054,3600.147,10.308,5.526315789473685,1.3260322878196705e7,1.0827887695319833e7,1.3260322878196709e7
