instance,it_bb,it_box,p_true_pb,runtime_bb,runtime_box,runtime_pb,zeta_box,θ_bb,θ_box,θ_pb
20,22454,47,1,3600.167,3600.029,10.404,7.0,1.372704125624327e7,9.496334482116986e6,1.372704125624327e7
