instance,it_bb,it_box,p_true_pb,runtime_bb,runtime_box,runtime_pb,zeta_box,θ_bb,θ_box,θ_pb
46,25723,74,1,3600.257,3600.052,12.371,0.0,2.30437638636046e7,1.8436054207197495e7,2.3286266801514436e7
