instance,it_bb,it_box,p_true_pb,runtime_bb,runtime_box,runtime_pb,zeta_box,θ_bb,θ_box,θ_pb
34,26833,101,1,3600.065,3600.062,13.095,2.444444444444471,1.548479131790913e7,1.451808323891755e7,1.5484791317909135e7
