instance,it_bb,it_box,p_true_pb,runtime_bb,runtime_box,runtime_pb,zeta_box,θ_bb,θ_box,θ_pb
30,26338,100,1,3600.231,3600.118,9.892,0.0,2.2384081136514794e7,1.963598185005612e7,2.3169157259002537e7
