instance,it_bb,it_box,p_true_pb,runtime_bb,runtime_box,runtime_pb,zeta_box,θ_bb,θ_box,θ_pb
28,31539,55,1,3600.14,93.004,10.676,2.0,677959.9155677129,677959.9155680364,677959.9155680363
