instance,it_bb,it_box,p_true_pb,runtime_bb,runtime_box,runtime_pb,zeta_box,θ_bb,θ_box,θ_pb
11,22500,49,1,3600.203,3600.043,9.767,12.199999999999994,3.751431230425426e7,2.3434757854844827e7,3.751431230425426e7
