instance,it_bb,it_box,p_true_pb,runtime_bb,runtime_box,runtime_pb,zeta_box,θ_bb,θ_box,θ_pb
28,44249,73,1,3600.14,101.096,11.348,0.0,677959.9155677147,677959.9155680364,677959.9155680363
