instance,it_bb,it_box,p_true_pb,runtime_bb,runtime_box,runtime_pb,zeta_box,θ_bb,θ_box,θ_pb
44,14,13,1,0.574,2.513,10.774,0.6111111111111143,5.420207656202943e7,5.420207656202943e7,5.4200217020470485e7
