instance,it_bb,it_box,p_true_pb,runtime_bb,runtime_box,runtime_pb,zeta_box,θ_bb,θ_box,θ_pb
5,21547,44,1,3600.102,3600.074,9.979,9.631578947368414,2.188372560476382e7,1.395015687532685e7,2.188372560476383e7
