instance,it_bb,it_box,p_true_pb,runtime_bb,runtime_box,runtime_pb,zeta_box,θ_bb,θ_box,θ_pb
14,90,12,1,1.032,3.075,10.361,1.0,3.704134183701317e6,3.7041341837006994e6,3.7041341837013173e6
