instance,it_bb,it_box,p_true_pb,runtime_bb,runtime_box,runtime_pb,zeta_box,θ_bb,θ_box,θ_pb
32,3878,44,1,66.555,17.759,9.993,0.2352941176470517,1.7636343690796826e7,1.7636343690796826e7,1.7986626297797196e7
