instance,it_bb,it_box,p_true_pb,runtime_bb,runtime_box,runtime_pb,zeta_box,θ_bb,θ_box,θ_pb
3,34714,70,1,3600.001,3600.026,17.436,4.789473684210527,2.0332602377096597e7,1.726637511117298e7,2.0786846298485186e7
