instance,it_bb,it_box,p_true_pb,runtime_bb,runtime_box,runtime_pb,zeta_box,θ_bb,θ_box,θ_pb
29,33684,128,1,3600.089,3600.043,9.238,3.000000000000121,2.056433096863645e7,1.9650718359266378e7,2.0564330968636453e7
