instance,it_bb,it_box,p_true_pb,runtime_bb,runtime_box,runtime_pb,zeta_box,θ_bb,θ_box,θ_pb
33,8,6,1,0.361,2.467,10.984,2.0000000000001905,2.3197913123584364e7,2.3197913123584364e7,2.319791312358436e7
