instance,it_bb,it_box,p_true_pb,runtime_bb,runtime_box,runtime_pb,zeta_box,θ_bb,θ_box,θ_pb
20,5806,49,1,97.935,16.244,9.43,1.0,1.372704125624327e7,1.3727041256243272e7,1.372704125624327e7
