instance,it_bb,it_box,p_true_pb,runtime_bb,runtime_box,runtime_pb,zeta_box,θ_bb,θ_box,θ_pb
20,32782,162,1,3600.239,3600.057,10.136,0.0,1.3727041256243268e7,1.3342422569482647e7,1.372704125624327e7
