instance,it_bb,it_box,p_true_pb,runtime_bb,runtime_box,runtime_pb,zeta_box,θ_bb,θ_box,θ_pb
23,25187,108,1,3600.173,3600.109,14.426,3.0,6.102449477375533e6,4.609361303343133e6,6.102449477375536e6
