instance,it_bb,it_box,p_true_pb,runtime_bb,runtime_box,runtime_pb,zeta_box,θ_bb,θ_box,θ_pb
24,23903,70,1,3600.035,3600.129,9.613,5.0,8.475563949502092e6,5.813457545258762e6,8.475563949502096e6
