instance,it_bb,it_box,p_true_pb,runtime_bb,runtime_box,runtime_pb,zeta_box,θ_bb,θ_box,θ_pb
19,24619,87,1,3600.07,3600.1,9.847,3.0,5.288571161267966e6,3.7484414448743085e6,5.288571161267968e6
