instance,it_bb,it_box,p_true_pb,runtime_bb,runtime_box,runtime_pb,zeta_box,θ_bb,θ_box,θ_pb
47,26965,87,1,3600.182,3600.053,7.678,4.0,6.879289414398801e6,5.064931892850456e6,6.879289414398799e6
