instance,it_bb,it_box,p_true_pb,runtime_bb,runtime_box,runtime_pb,zeta_box,θ_bb,θ_box,θ_pb
36,32163,148,1,3600.186,3600.053,10.58,2.0,1.3260322878196705e7,1.2652288721404497e7,1.3260322878196709e7
