instance,it_bb,it_box,p_true_pb,runtime_bb,runtime_box,runtime_pb,zeta_box,θ_bb,θ_box,θ_pb
2,27029,85,1,3600.169,3600.072,10.517,3.9999999999999982,1.053459441681845e7,8.59995968569716e6,1.0534594416818451e7
