instance,it_bb,it_box,p_true_pb,runtime_bb,runtime_box,runtime_pb,zeta_box,θ_bb,θ_box,θ_pb
30,22566,59,1,3600.032,3600.082,10.375,7.764705882352942,2.3169157259002537e7,1.6495258094593778e7,2.3169157259002537e7
