instance,it_bb,it_box,p_true_pb,runtime_bb,runtime_box,runtime_pb,zeta_box,θ_bb,θ_box,θ_pb
18,32408,123,1,3600.185,3600.083,10.006,4.0,1.9849512261507187e7,1.8406217851583604e7,1.9849512261507194e7
