instance,it_bb,it_box,p_true_pb,runtime_bb,runtime_box,runtime_pb,zeta_box,θ_bb,θ_box,θ_pb
11,57321,103,1,3600.048,74.511,10.189,1.0,3.654327574469536e7,3.557223918513645e7,3.751431230425426e7
