instance,it_bb,it_box,p_true_pb,runtime_bb,runtime_box,runtime_pb,zeta_box,θ_bb,θ_box,θ_pb
12,36119,131,1,3600.205,3600.052,9.497,0.0,9.606329726708308e6,9.492050747997457e6,9.606329726708312e6
