instance,it_bb,it_box,p_true_pb,runtime_bb,runtime_box,runtime_pb,zeta_box,θ_bb,θ_box,θ_pb
50,24603,96,1,3600.048,3600.063,11.921,1.0,2.1970907140695173e6,1.7103170912564977e6,2.197090714069855e6
