instance,it_bb,it_box,p_true_pb,runtime_bb,runtime_box,runtime_pb,zeta_box,θ_bb,θ_box,θ_pb
18,36063,132,1,3600.127,3600.057,8.941,4.0,1.9849512261507187e7,1.8526466234567482e7,1.9849512261507194e7
