instance,it_bb,it_box,p_true_pb,runtime_bb,runtime_box,runtime_pb,zeta_box,θ_bb,θ_box,θ_pb
46,30075,78,1,3600.22,3600.046,8.993,3.9999999999999982,2.30437638636046e7,1.8557286017451588e7,2.3286266801514436e7
