instance,it_bb,it_box,p_true_pb,runtime_bb,runtime_box,runtime_pb,zeta_box,θ_bb,θ_box,θ_pb
7,31551,113,1,3600.109,3600.035,10.153,3.0,1.2670746886027075e7,1.1595602585531406e7,1.2790220732537517e7
