instance,it_bb,it_box,p_true_pb,runtime_bb,runtime_box,runtime_pb,zeta_box,θ_bb,θ_box,θ_pb
5,22702,56,1,3600.215,3600.066,10.788,5.000000000600011,2.188372560476382e7,1.6234035478436114e7,2.188372560476383e7
