instance,it_bb,it_box,p_true_pb,runtime_bb,runtime_box,runtime_pb,zeta_box,θ_bb,θ_box,θ_pb
21,20569,80,1,3600.095,3600.045,22.03,0.0,1.6502212200638073e7,1.4128454914677087e7,1.6502212200638074e7
