instance,it_bb,it_box,p_true_pb,runtime_bb,runtime_box,runtime_pb,zeta_box,θ_bb,θ_box,θ_pb
22,23531,71,1,3600.237,3600.068,10.391,6.0,1.464731297406981e7,1.1719648756351808e7,1.4647312974069811e7
