instance,it_bb,it_box,p_true_pb,runtime_bb,runtime_box,runtime_pb,zeta_box,θ_bb,θ_box,θ_pb
26,29536,187,1,3600.232,3600.087,9.89,2.0,6.720531235998049e6,6.325850941795542e6,6.720531235998049e6
