instance,it_bb,it_box,p_true_pb,runtime_bb,runtime_box,runtime_pb,zeta_box,θ_bb,θ_box,θ_pb
34,30573,98,1,3600.162,3600.068,9.249,0.0,1.548479131790913e7,1.419502115696409e7,1.5484791317909135e7
