instance,it_bb,it_box,p_true_pb,runtime_bb,runtime_box,runtime_pb,zeta_box,θ_bb,θ_box,θ_pb
29,25252,68,1,359.125,21.362,9.773,1.0,2.056433096863645e7,2.056433096863646e7,2.0564330968636453e7
