instance,it_bb,it_box,p_true_pb,runtime_bb,runtime_box,runtime_pb,zeta_box,θ_bb,θ_box,θ_pb
7,17530,52,1,297.171,14.696,10.871,2.0,1.2431877685208907e7,1.2431877685208907e7,1.2790220732537517e7
