instance,it_bb,it_box,p_true_pb,runtime_bb,runtime_box,runtime_pb,zeta_box,θ_bb,θ_box,θ_pb
3,28408,61,1,3600.083,3600.041,11.231,5.150000000000013,2.0332602377096597e7,1.7152817121592477e7,2.0786846298485186e7
