instance,it_bb,it_box,p_true_pb,runtime_bb,runtime_box,runtime_pb,zeta_box,θ_bb,θ_box,θ_pb
5,31779,121,1,3600.014,3600.04,9.003,5.0,2.188372560476382e7,2.0080654549812716e7,2.188372560476383e7
