instance,it_bb,it_box,p_true_pb,runtime_bb,runtime_box,runtime_pb,zeta_box,θ_bb,θ_box,θ_pb
23,27372,156,1,3600.086,3600.059,10.139,1.0,6.102449477375533e6,5.480411883812064e6,6.102449477375536e6
