instance,it_bb,it_box,p_true_pb,runtime_bb,runtime_box,runtime_pb,zeta_box,θ_bb,θ_box,θ_pb
9,56126,60,1,1297.745,16.61,9.189,1.0,2.4843825801944304e7,2.4843825801944308e7,2.535075380472182e7
