instance,it_bb,it_box,p_true_pb,runtime_bb,runtime_box,runtime_pb,zeta_box,θ_bb,θ_box,θ_pb
17,23878,65,1,3600.031,3600.06,9.211,10.0,1.5276362464573402e7,1.2500728010838782e7,1.5276362464573402e7
