instance,it_bb,it_box,p_true_pb,runtime_bb,runtime_box,runtime_pb,zeta_box,θ_bb,θ_box,θ_pb
40,26943,56,1,3600.142,3600.082,9.101,6.9999999999999805,1.940739354789736e7,1.3752251278482951e7,1.9407393547897365e7
