instance,it_bb,it_box,p_true_pb,runtime_bb,runtime_box,runtime_pb,zeta_box,θ_bb,θ_box,θ_pb
25,28951,168,1,3600.002,3600.024,10.011,0.9999999999999966,3.2794903123941096e6,3.0684356093154894e6,3.279490312394111e6
