instance,it_bb,it_box,p_true_pb,runtime_bb,runtime_box,runtime_pb,zeta_box,θ_bb,θ_box,θ_pb
35,25419,70,1,3600.003,3600.036,10.588,4.0,8.78286583362486e6,7.219620749437142e6,9.143626854155052e6
