instance,it_bb,it_box,p_true_pb,runtime_bb,runtime_box,runtime_pb,zeta_box,θ_bb,θ_box,θ_pb
9,28878,107,1,3600.017,3600.071,11.054,3.099999999999998,2.5350753804721817e7,2.2309265563237336e7,2.535075380472182e7
