instance,it_bb,it_box,p_true_pb,runtime_bb,runtime_box,runtime_pb,zeta_box,θ_bb,θ_box,θ_pb
15,75575,87,1,3600.039,47.208,9.073,0.6999999999999957,3.599067302661189e7,3.539290634972199e7,3.7305759715769686e7
