instance,it_bb,it_box,p_true_pb,runtime_bb,runtime_box,runtime_pb,zeta_box,θ_bb,θ_box,θ_pb
47,48135,63,1,3600.087,101.638,10.196,0.0,6.879289414398801e6,6.879289414398802e6,6.879289414398799e6
