instance,it_bb,it_box,p_true_pb,runtime_bb,runtime_box,runtime_pb,zeta_box,θ_bb,θ_box,θ_pb
31,29573,106,1,3600.224,3600.048,8.747,2.882352941176471,1.99776251213481e7,1.7980168431841202e7,1.9977625121348105e7
