instance,it_bb,it_box,p_true_pb,runtime_bb,runtime_box,runtime_pb,zeta_box,θ_bb,θ_box,θ_pb
12,23472,69,1,3600.147,3600.048,11.587,5.0,9.606329726708308e6,7.892413491992873e6,9.606329726708312e6
