instance,it_bb,it_box,p_true_pb,runtime_bb,runtime_box,runtime_pb,zeta_box,θ_bb,θ_box,θ_pb
16,26757,179,1,3600.077,3600.098,9.311,1.0,4.688100268070837e6,4.5680233238815265e6,4.6881002680708375e6
