instance,it_bb,it_box,p_true_pb,runtime_bb,runtime_box,runtime_pb,zeta_box,θ_bb,θ_box,θ_pb
45,22010,59,1,3600.054,3600.146,11.048,9.0,2.3818269432296854e7,1.8088302788822774e7,2.3818269432296854e7
