instance,it_bb,it_box,p_true_pb,runtime_bb,runtime_box,runtime_pb,zeta_box,θ_bb,θ_box,θ_pb
27,54464,54,1,3600.132,3600.058,11.732,4.0,8.260709062021747e6,1.0497606384870077e7,1.3799343546096552e7
