instance,it_bb,it_box,p_true_pb,runtime_bb,runtime_box,runtime_pb,zeta_box,θ_bb,θ_box,θ_pb
17,28294,146,1,3600.028,3600.083,12.092,4.0,1.5276362464573402e7,1.469808397774859e7,1.5276362464573402e7
