instance,it_bb,it_box,p_true_pb,runtime_bb,runtime_box,runtime_pb,zeta_box,θ_bb,θ_box,θ_pb
41,30916,54,1,3600.136,50.141,9.543,1.0,621614.7959742454,621614.7959742454,621614.7959742452
