instance,it_bb,it_box,p_true_pb,runtime_bb,runtime_box,runtime_pb,zeta_box,θ_bb,θ_box,θ_pb
6,30347,202,1,3600.176,3600.039,10.494,2.0,4.133252230421886e6,3.75798095603281e6,4.133252230421887e6
