instance,it_bb,it_box,p_true_pb,runtime_bb,runtime_box,runtime_pb,zeta_box,θ_bb,θ_box,θ_pb
33,85380,84,1,3600.076,37.252,9.059,1.0,2.1953405188696034e7,2.1727134798488673e7,2.319791312358436e7
