instance,it_bb,it_box,p_true_pb,runtime_bb,runtime_box,runtime_pb,zeta_box,θ_bb,θ_box,θ_pb
1,26852,62,1,3600.191,3600.04,10.002,5.0,1.5373110924730452e7,1.3101531988419594e7,1.5373110924730452e7
