instance,it_bb,it_box,p_true_pb,runtime_bb,runtime_box,runtime_pb,zeta_box,θ_bb,θ_box,θ_pb
37,21870,58,1,3600.243,3600.11,10.79,6.0,1.3260322878196705e7,9.735256143178051e6,1.3260322878196709e7
