instance,it_bb,it_box,p_true_pb,runtime_bb,runtime_box,runtime_pb,zeta_box,θ_bb,θ_box,θ_pb
20,37435,173,1,3600.001,3600.034,8.985,1.0,1.3727041256243268e7,1.3470596330381988e7,1.372704125624327e7
