instance,it_bb,it_box,p_true_pb,runtime_bb,runtime_box,runtime_pb,zeta_box,θ_bb,θ_box,θ_pb
4,39991,111,1,3600.037,3600.042,9.008,1.9333333333333336,1.0645837563105598e7,9.569830161739657e6,1.0884915684736887e7
