instance,it_bb,it_box,p_true_pb,runtime_bb,runtime_box,runtime_pb,zeta_box,θ_bb,θ_box,θ_pb
35,22509,53,1,3600.24,3600.09,11.477,5.000000000600011,9.143626854155049e6,6.1373793406019965e6,9.143626854155052e6
