instance,it_bb,it_box,p_true_pb,runtime_bb,runtime_box,runtime_pb,zeta_box,θ_bb,θ_box,θ_pb
15,26998,96,1,3600.183,3600.041,11.619,5.949999999999996,3.730575971576966e7,3.108914256737706e7,3.7305759715769686e7
