instance,it_bb,it_box,p_true_pb,runtime_bb,runtime_box,runtime_pb,zeta_box,θ_bb,θ_box,θ_pb
26,1850,22,1,18.909,4.47,9.525,1.0,6.720531235998049e6,6.720531235998049e6,6.720531235998049e6
