instance,it_bb,it_box,p_true_pb,runtime_bb,runtime_box,runtime_pb,zeta_box,θ_bb,θ_box,θ_pb
45,22148,78,1,3600.045,3600.088,10.539,0.0,2.3818269432296854e7,2.139877909690165e7,2.3818269432296854e7
