instance,it_bb,it_box,p_true_pb,runtime_bb,runtime_box,runtime_pb,zeta_box,θ_bb,θ_box,θ_pb
49,23172,69,1,3600.048,3600.074,10.611,6.0,8.791464245189434e6,6.877123694512065e6,8.791464245189438e6
