instance,it_bb,it_box,p_true_pb,runtime_bb,runtime_box,runtime_pb,zeta_box,θ_bb,θ_box,θ_pb
47,55252,63,1,3600.088,72.233,8.886,0.1764691256117672,6.879289414398801e6,6.879289414398802e6,6.879289414398799e6
