instance,it_bb,it_box,p_true_pb,runtime_bb,runtime_box,runtime_pb,zeta_box,θ_bb,θ_box,θ_pb
34,90291,80,1,3600.026,50.427,9.559,0.34999999999999787,1.5269827986551082e7,1.5269827986551084e7,1.5484791317909135e7
