instance,it_bb,it_box,p_true_pb,runtime_bb,runtime_box,runtime_pb,zeta_box,θ_bb,θ_box,θ_pb
21,18582,60,1,347.999,21.556,10.41,1.6309204688980117e-6,1.5908742926860986e7,1.5908742645986356e7,1.6502212200638074e7
