instance,it_bb,it_box,p_true_pb,runtime_bb,runtime_box,runtime_pb,zeta_box,θ_bb,θ_box,θ_pb
9,23459,55,1,3600.089,3600.058,10.192,8.0,2.535075380472182e7,1.85072850758074e7,2.535075380472182e7
