instance,it_bb,it_box,p_true_pb,runtime_bb,runtime_box,runtime_pb,zeta_box,θ_bb,θ_box,θ_pb
24,43915,114,1,3600.004,910.134,10.278,8.692784376762575e-7,8.475563949502094e6,8.475563844103344e6,8.475563949502096e6
