instance,it_bb,it_box,p_true_pb,runtime_bb,runtime_box,runtime_pb,zeta_box,θ_bb,θ_box,θ_pb
12,21971,65,1,3600.2,3600.154,9.944,10.0,9.60632972670831e6,7.20662661268154e6,9.606329726708312e6
