instance,it_bb,it_box,p_true_pb,runtime_bb,runtime_box,runtime_pb,zeta_box,θ_bb,θ_box,θ_pb
34,25515,50,1,3600.063,3600.034,9.934,8.999999999999998,1.5484791317909133e7,1.1292881812375013e7,1.5484791317909135e7
