instance,it_bb,it_box,p_true_pb,runtime_bb,runtime_box,runtime_pb,zeta_box,θ_bb,θ_box,θ_pb
19,80141,41,1,2484.075,125.547,9.765,1.0,5.288571161267966e6,5.288571161267968e6,5.288571161267968e6
