instance,it_bb,it_box,p_true_pb,runtime_bb,runtime_box,runtime_pb,zeta_box,θ_bb,θ_box,θ_pb
32,29495,121,1,3600.108,3600.061,14.131,0.0,1.7986626297797192e7,1.6585479373399684e7,1.7986626297797196e7
