instance,it_bb,it_box,p_true_pb,runtime_bb,runtime_box,runtime_pb,zeta_box,θ_bb,θ_box,θ_pb
50,31212,96,1,3600.138,493.355,11.76,1.0,2.1970907140692472e6,2.1970907140698545e6,2.197090714069855e6
