instance,it_bb,it_box,p_true_pb,runtime_bb,runtime_box,runtime_pb,zeta_box,θ_bb,θ_box,θ_pb
6,29180,30,1,543.626,20.298,11.103,1.0,4.133252230421886e6,4.1332522304218877e6,4.133252230421887e6
