instance,it_bb,it_box,p_true_pb,runtime_bb,runtime_box,runtime_pb,zeta_box,θ_bb,θ_box,θ_pb
2,32703,142,1,3600.185,3600.064,11.615,1.0,1.053459441681845e7,1.0319635242740123e7,1.0534594416818451e7
