instance,it_bb,it_box,p_true_pb,runtime_bb,runtime_box,runtime_pb,zeta_box,θ_bb,θ_box,θ_pb
14,6639,44,1,87.306,25.961,10.546,0.0,3.7041341837013164e6,3.7041341837013173e6,3.7041341837013173e6
