instance,it_bb,it_box,p_true_pb,runtime_bb,runtime_box,runtime_pb,zeta_box,θ_bb,θ_box,θ_pb
13,22362,54,1,3600.143,3600.111,11.612,8.0,1.9970048339516856e7,1.2744173371847913e7,1.9970048339516863e7
