instance,it_bb,it_box,p_true_pb,runtime_bb,runtime_box,runtime_pb,zeta_box,θ_bb,θ_box,θ_pb
31,25526,68,1,3600.138,3600.075,9.541,6.0,1.99776251213481e7,1.5109135820803089e7,1.9977625121348105e7
