instance,it_bb,it_box,p_true_pb,runtime_bb,runtime_box,runtime_pb,zeta_box,θ_bb,θ_box,θ_pb
2,4,3,1,0.337,2.726,12.393,13.0,1.0534594416818451e7,1.0534594416818451e7,1.0534594416818451e7
