instance,it_bb,it_box,p_true_pb,runtime_bb,runtime_box,runtime_pb,zeta_box,θ_bb,θ_box,θ_pb
26,30505,199,1,3600.204,3600.03,9.182,0.0,6.720531235998049e6,6.457367255296777e6,6.720531235998049e6
