instance,it_bb,it_box,p_true_pb,runtime_bb,runtime_box,runtime_pb,zeta_box,θ_bb,θ_box,θ_pb
33,25998,65,1,3600.137,3600.05,12.17,5.0,2.308477603859451e7,1.85593291388522e7,2.319791312358436e7
