instance,it_bb,it_box,p_true_pb,runtime_bb,runtime_box,runtime_pb,zeta_box,θ_bb,θ_box,θ_pb
4,34913,102,1,3600.055,3600.077,11.001,2.0,1.0645837563105598e7,9.569830011957396e6,1.0884915684736887e7
