instance,it_bb,it_box,p_true_pb,runtime_bb,runtime_box,runtime_pb,zeta_box,θ_bb,θ_box,θ_pb
48,27044,120,1,3600.218,621.676,7.515,1.0,1.065000765989408e6,1.065000765989716e6,1.0650007659897162e6
