instance,it_bb,it_box,p_true_pb,runtime_bb,runtime_box,runtime_pb,zeta_box,θ_bb,θ_box,θ_pb
11,26825,91,1,3600.192,3600.045,10.849,8.312500000000005,3.7514312304254256e7,2.9989536015873365e7,3.751431230425426e7
