instance,it_bb,it_box,p_true_pb,runtime_bb,runtime_box,runtime_pb,zeta_box,θ_bb,θ_box,θ_pb
19,25554,150,1,3600.106,3600.111,10.632,2.0,5.288571161267965e6,4.958524431038488e6,5.288571161267968e6
