instance,it_bb,it_box,p_true_pb,runtime_bb,runtime_box,runtime_pb,zeta_box,θ_bb,θ_box,θ_pb
37,32131,140,1,3600.189,3600.068,8.819,2.0,1.3260322878196705e7,1.265223834599381e7,1.3260322878196709e7
