instance,it_bb,it_box,p_true_pb,runtime_bb,runtime_box,runtime_pb,zeta_box,θ_bb,θ_box,θ_pb
28,24568,128,1,3600.255,1329.466,10.857,1.0,677959.9155678749,677959.9155680365,677959.9155680363
