instance,it_bb,it_box,p_true_pb,runtime_bb,runtime_box,runtime_pb,zeta_box,θ_bb,θ_box,θ_pb
48,31163,95,1,3600.175,191.458,10.244,1.0,1.0650007659894023e6,1.0650007659897152e6,1.0650007659897162e6
