instance,it_bb,it_box,p_true_pb,runtime_bb,runtime_box,runtime_pb,zeta_box,θ_bb,θ_box,θ_pb
43,21970,32,1,3600.16,3600.06,19.431,10.0,3.499350659705647e7,1.8556908173601713e7,3.499350659705648e7
