instance,it_bb,it_box,p_true_pb,runtime_bb,runtime_box,runtime_pb,zeta_box,θ_bb,θ_box,θ_pb
10,27669,61,1,3600.075,3600.031,8.929,10.0,2.5268114827893928e7,1.9359511608858142e7,2.5268114827893924e7
