instance,it_bb,it_box,p_true_pb,runtime_bb,runtime_box,runtime_pb,zeta_box,θ_bb,θ_box,θ_pb
40,18210,40,1,3600.118,3600.125,13.476,10.399999999999999,1.940739354789736e7,1.1312924712744927e7,1.9407393547897365e7
