instance,it_bb,it_box,p_true_pb,runtime_bb,runtime_box,runtime_pb,zeta_box,θ_bb,θ_box,θ_pb
31,22441,57,1,3600.039,3600.113,10.424,8.0,1.9977625121348105e7,1.2362688416280746e7,1.9977625121348105e7
