instance,it_bb,it_box,p_true_pb,runtime_bb,runtime_box,runtime_pb,zeta_box,θ_bb,θ_box,θ_pb
10,10,8,1,0.343,2.17,9.364,0.6923076923076863,2.5268114827893928e7,2.5268114827893928e7,2.5268114827893924e7
