instance,it_bb,it_box,p_true_pb,runtime_bb,runtime_box,runtime_pb,zeta_box,θ_bb,θ_box,θ_pb
13,29497,114,1,3600.011,3600.081,11.115,0.0,1.9970048339516852e7,1.862262000262556e7,1.9970048339516863e7
