instance,it_bb,it_box,p_true_pb,runtime_bb,runtime_box,runtime_pb,zeta_box,θ_bb,θ_box,θ_pb
11,26857,91,1,3600.198,3600.042,9.871,0.0,3.7514312304254256e7,2.9988990611855384e7,3.751431230425426e7
