instance,it_bb,it_box,p_true_pb,runtime_bb,runtime_box,runtime_pb,zeta_box,θ_bb,θ_box,θ_pb
4,22062,59,1,3600.242,3600.051,13.62,4.6250018467865175,1.0884915684736885e7,8.376310329581893e6,1.0884915684736887e7
