instance,it_bb,it_box,p_true_pb,runtime_bb,runtime_box,runtime_pb,zeta_box,θ_bb,θ_box,θ_pb
6,24957,180,1,3600.219,3600.076,10.646,2.0,4.133252230421489e6,3.382725637577575e6,4.133252230421887e6
