instance,it_bb,it_box,p_true_pb,runtime_bb,runtime_box,runtime_pb,zeta_box,θ_bb,θ_box,θ_pb
6,29180,30,1,641.11,28.172,9.71,0.0,4.133252230421886e6,4.1332522304218877e6,4.133252230421887e6
