instance,it_bb,it_box,p_true_pb,runtime_bb,runtime_box,runtime_pb,zeta_box,θ_bb,θ_box,θ_pb
24,44418,114,1,3600.232,689.451,9.637,1.0000000000000036,8.475563949502094e6,8.475563844103344e6,8.475563949502096e6
