instance,it_bb,it_box,p_true_pb,runtime_bb,runtime_box,runtime_pb,zeta_box,θ_bb,θ_box,θ_pb
40,27106,100,1,3600.181,3600.087,12.244,0.0,1.940739354789736e7,1.6524474239757398e7,1.9407393547897365e7
