instance,it_bb,it_box,p_true_pb,runtime_bb,runtime_box,runtime_pb,zeta_box,θ_bb,θ_box,θ_pb
25,32037,53,1,3600.109,24.676,9.175,1.0,3.2794903123941096e6,3.2794903123941114e6,3.279490312394111e6
