instance,it_bb,it_box,p_true_pb,runtime_bb,runtime_box,runtime_pb,zeta_box,θ_bb,θ_box,θ_pb
21,29002,95,1,3600.092,3600.035,9.639,4.285715237391439,1.6502212200638073e7,1.4484361611521035e7,1.6502212200638074e7
