instance,it_bb,it_box,p_true_pb,runtime_bb,runtime_box,runtime_pb,zeta_box,θ_bb,θ_box,θ_pb
38,30641,80,1,3600.256,135.019,13.18,0.0,2.600111469746904e6,2.600111469746904e6,2.6001114697469044e6
