instance,it_bb,it_box,p_true_pb,runtime_bb,runtime_box,runtime_pb,zeta_box,θ_bb,θ_box,θ_pb
12,34183,127,1,3600.124,3600.066,9.316,1.0,9.606329726708308e6,9.49205074799746e6,9.606329726708312e6
