instance,it_bb,it_box,p_true_pb,runtime_bb,runtime_box,runtime_pb,zeta_box,θ_bb,θ_box,θ_pb
17,18122,41,1,3600.247,3600.261,13.258,7.0,1.5276362464573404e7,1.0534914625595693e7,1.5276362464573402e7
