instance,it_bb,it_box,p_true_pb,runtime_bb,runtime_box,runtime_pb,zeta_box,θ_bb,θ_box,θ_pb
44,25393,77,1,3600.198,3600.044,9.381,8.549999999999999,1.0e20,3.541857457706261e7,5.4200217020470485e7
