instance,it_bb,it_box,p_true_pb,runtime_bb,runtime_box,runtime_pb,zeta_box,θ_bb,θ_box,θ_pb
15,26857,94,1,3600.188,3600.038,10.086,0.0,3.730575971576966e7,3.1088986276114568e7,3.7305759715769686e7
