instance,it_bb,it_box,p_true_pb,runtime_bb,runtime_box,runtime_pb,zeta_box,θ_bb,θ_box,θ_pb
45,65197,87,1,3600.09,35.101,10.966,0.13333333333333286,2.381826943229685e7,2.381826943229686e7,2.3818269432296854e7
