instance,it_bb,it_box,p_true_pb,runtime_bb,runtime_box,runtime_pb,zeta_box,θ_bb,θ_box,θ_pb
43,30946,76,1,3600.001,3600.037,9.088,7.88235294117647,2.6152576773301058e7,2.7647047437090356e7,3.499350659705648e7
