instance,it_bb,it_box,p_true_pb,runtime_bb,runtime_box,runtime_pb,zeta_box,θ_bb,θ_box,θ_pb
7,24666,61,1,3600.001,3600.078,10.701,6.0,1.2312348030458692e7,8.609542369634205e6,1.2790220732537517e7
