instance,it_bb,it_box,p_true_pb,runtime_bb,runtime_box,runtime_pb,zeta_box,θ_bb,θ_box,θ_pb
22,30045,102,1,3600.192,3600.049,9.666,2.0,1.464731297406981e7,1.342746258266833e7,1.4647312974069811e7
