instance,it_bb,it_box,p_true_pb,runtime_bb,runtime_box,runtime_pb,zeta_box,θ_bb,θ_box,θ_pb
32,31520,132,1,3600.121,3600.09,9.228,2.555555555555557,1.7986626297797192e7,1.6702204330124866e7,1.7986626297797196e7
