instance,it_bb,it_box,p_true_pb,runtime_bb,runtime_box,runtime_pb,zeta_box,θ_bb,θ_box,θ_pb
10,26101,61,1,3600.103,3600.041,11.787,10.0,2.5268114827893928e7,1.9461775656699136e7,2.5268114827893924e7
