instance,it_bb,it_box,p_true_pb,runtime_bb,runtime_box,runtime_pb,zeta_box,θ_bb,θ_box,θ_pb
34,8,5,1,0.33,2.075,8.989,1.0000000002000036,1.5484791317909135e7,1.5484791317909135e7,1.5484791317909135e7
