instance,it_bb,it_box,p_true_pb,runtime_bb,runtime_box,runtime_pb,zeta_box,θ_bb,θ_box,θ_pb
36,14932,38,1,179.891,7.387,9.07,1.0,1.3260322878196707e7,1.3260322878196707e7,1.3260322878196709e7
