instance,it_bb,it_box,p_true_pb,runtime_bb,runtime_box,runtime_pb,zeta_box,θ_bb,θ_box,θ_pb
33,24606,41,1,3600.068,3600.045,10.526,10.444444444444443,2.3197913123584352e7,1.5278470569000492e7,2.319791312358436e7
