instance,it_bb,it_box,p_true_pb,runtime_bb,runtime_box,runtime_pb,zeta_box,θ_bb,θ_box,θ_pb
40,29164,105,1,3600.126,3600.049,11.238,5.466666666666686,1.940739354789736e7,1.6635243796944154e7,1.9407393547897365e7
