instance,it_bb,it_box,p_true_pb,runtime_bb,runtime_box,runtime_pb,zeta_box,θ_bb,θ_box,θ_pb
13,24985,67,1,3600.093,3600.057,10.217,7.0,1.9970048339516856e7,1.5560389013568643e7,1.9970048339516863e7
