instance,it_bb,it_box,p_true_pb,runtime_bb,runtime_box,runtime_pb,zeta_box,θ_bb,θ_box,θ_pb
29,29139,113,1,3600.013,3600.049,12.241,0.0,2.056433096863645e7,1.953659036345122e7,2.0564330968636453e7
