instance,it_bb,it_box,p_true_pb,runtime_bb,runtime_box,runtime_pb,zeta_box,θ_bb,θ_box,θ_pb
21,25678,59,1,3600.106,3600.059,9.75,7.0833342491926174,1.6502212200638073e7,1.139857778118591e7,1.6502212200638074e7
