instance,it_bb,it_box,p_true_pb,runtime_bb,runtime_box,runtime_pb,zeta_box,θ_bb,θ_box,θ_pb
2,35910,146,1,3600.197,3600.065,11.677,1.0,1.053459441681845e7,1.0319635267047698e7,1.0534594416818451e7
