instance,it_bb,it_box,p_true_pb,runtime_bb,runtime_box,runtime_pb,zeta_box,θ_bb,θ_box,θ_pb
31,28948,108,1,3600.078,3600.042,8.969,0.0,1.99776251213481e7,1.798022089056176e7,1.9977625121348105e7
