instance,it_bb,it_box,p_true_pb,runtime_bb,runtime_box,runtime_pb,zeta_box,θ_bb,θ_box,θ_pb
44,26055,138,1,3600.002,3600.028,11.766,0.8235294117647172,4.504905819520251e7,4.526179023477596e7,5.4200217020470485e7
