instance,it_bb,it_box,p_true_pb,runtime_bb,runtime_box,runtime_pb,zeta_box,θ_bb,θ_box,θ_pb
42,26190,51,1,3600.161,3600.041,9.564,8.529411764705884,2.8377595075478405e7,1.951164228272823e7,2.850424815386029e7
