instance,it_bb,it_box,p_true_pb,runtime_bb,runtime_box,runtime_pb,zeta_box,θ_bb,θ_box,θ_pb
11,27489,92,1,3600.122,3600.043,9.68,7.199999999999989,3.7514312304254256e7,2.9989335449471254e7,3.751431230425426e7
