instance,it_bb,it_box,p_true_pb,runtime_bb,runtime_box,runtime_pb,zeta_box,θ_bb,θ_box,θ_pb
42,29512,79,1,3600.079,3600.046,10.349,5.5,2.8263798009649567e7,2.3944751341692407e7,2.850424815386029e7
