instance,it_bb,it_box,p_true_pb,runtime_bb,runtime_box,runtime_pb,zeta_box,θ_bb,θ_box,θ_pb
7,31215,112,1,3600.195,3600.047,9.631,4.06666666666667,1.2670746886027075e7,1.159548217039959e7,1.2790220732537517e7
