instance,it_bb,it_box,p_true_pb,runtime_bb,runtime_box,runtime_pb,zeta_box,θ_bb,θ_box,θ_pb
46,31107,77,1,3600.216,3600.045,8.908,6.0,2.30437638636046e7,1.855717821510213e7,2.3286266801514436e7
