instance,it_bb,it_box,p_true_pb,runtime_bb,runtime_box,runtime_pb,zeta_box,θ_bb,θ_box,θ_pb
40,31653,106,1,3600.101,3600.042,8.869,4.0,1.940739354789736e7,1.6635253872124534e7,1.9407393547897365e7
