instance,it_bb,it_box,p_true_pb,runtime_bb,runtime_box,runtime_pb,zeta_box,θ_bb,θ_box,θ_pb
38,28995,162,1,3600.038,3600.067,10.151,1.0,2.600111469746545e6,2.487323744524285e6,2.6001114697469044e6
