instance,it_bb,it_box,p_true_pb,runtime_bb,runtime_box,runtime_pb,zeta_box,θ_bb,θ_box,θ_pb
43,27820,71,1,3600.002,3600.027,10.403,7.0,3.461994642404337e7,2.739775413837404e7,3.499350659705648e7
