instance,it_bb,it_box,p_true_pb,runtime_bb,runtime_box,runtime_pb,zeta_box,θ_bb,θ_box,θ_pb
30,53956,48,1,2042.073,23.619,9.59,1.3157894736842124,2.1598990483995497e7,2.159899048399548e7,2.3169157259002537e7
