instance,it_bb,it_box,p_true_pb,runtime_bb,runtime_box,runtime_pb,zeta_box,θ_bb,θ_box,θ_pb
17,30678,148,1,3600.214,3600.075,10.424,0.0,1.5276362464573402e7,1.4813657277035207e7,1.5276362464573402e7
