instance,it_bb,it_box,p_true_pb,runtime_bb,runtime_box,runtime_pb,zeta_box,θ_bb,θ_box,θ_pb
27,66696,38,1,3600.171,3600.044,10.848,8.588235294117647,6.963992252572231e6,8.611195551070662e6,1.3799343546096552e7
