instance,it_bb,it_box,p_true_pb,runtime_bb,runtime_box,runtime_pb,zeta_box,θ_bb,θ_box,θ_pb
48,72341,73,1,3600.037,44.037,9.251,1.8200576619165076e-6,1.065000765989095e6,1.065000699238428e6,1.0650007659897162e6
