instance,it_bb,it_box,p_true_pb,runtime_bb,runtime_box,runtime_pb,zeta_box,θ_bb,θ_box,θ_pb
14,23382,141,1,3600.006,3600.197,10.284,4.0,3.704134183701317e6,2.8954994345579124e6,3.7041341837013173e6
