instance,it_bb,it_box,p_true_pb,runtime_bb,runtime_box,runtime_pb,zeta_box,θ_bb,θ_box,θ_pb
4,25710,67,1,3600.176,3600.214,10.744,5.352941176470585,1.0884915684736885e7,7.657033782056006e6,1.0884915684736887e7
