instance,it_bb,it_box,p_true_pb,runtime_bb,runtime_box,runtime_pb,zeta_box,θ_bb,θ_box,θ_pb
29,6,4,1,0.357,2.572,11.524,4.0,2.0564330968636457e7,2.0564330968636457e7,2.0564330968636453e7
