instance,it_bb,it_box,p_true_pb,runtime_bb,runtime_box,runtime_pb,zeta_box,θ_bb,θ_box,θ_pb
10,43712,123,1,3600.012,153.388,9.804,1.0,2.5064369889306486e7,2.374002778848812e7,2.5268114827893924e7
