instance,it_bb,it_box,p_true_pb,runtime_bb,runtime_box,runtime_pb,zeta_box,θ_bb,θ_box,θ_pb
11,20369,36,1,3600.251,3600.055,10.992,14.0,3.751431230425426e7,2.0037119577074107e7,3.751431230425426e7
