instance,it_bb,it_box,p_true_pb,runtime_bb,runtime_box,runtime_pb,zeta_box,θ_bb,θ_box,θ_pb
27,6,5,1,0.491,3.265,14.391,3.0,1.3799343546096552e7,1.3799343546096552e7,1.3799343546096552e7
