instance,it_bb,it_box,p_true_pb,runtime_bb,runtime_box,runtime_pb,zeta_box,θ_bb,θ_box,θ_pb
17,34320,148,1,3600.001,3600.038,8.924,1.94736842105263,1.5276362464573402e7,1.5276362464573404e7,1.5276362464573402e7
