instance,it_bb,it_box,p_true_pb,runtime_bb,runtime_box,runtime_pb,zeta_box,θ_bb,θ_box,θ_pb
4,37251,108,1,3600.081,3600.036,9.701,0.0,1.0645837563105598e7,9.56983014186802e6,1.0884915684736887e7
