instance,it_bb,it_box,p_true_pb,runtime_bb,runtime_box,runtime_pb,zeta_box,θ_bb,θ_box,θ_pb
14,28359,214,1,3600.103,3600.067,10.873,1.0,3.704134183701317e6,3.588624431025912e6,3.7041341837013173e6
