instance,it_bb,it_box,p_true_pb,runtime_bb,runtime_box,runtime_pb,zeta_box,θ_bb,θ_box,θ_pb
30,31894,106,1,3600.027,3600.049,9.182,2.9999999999999933,2.2384081136514794e7,1.963627056888297e7,2.3169157259002537e7
