instance,it_bb,it_box,p_true_pb,runtime_bb,runtime_box,runtime_pb,zeta_box,θ_bb,θ_box,θ_pb
14,6,4,1,0.306,2.217,10.188,2.0,3.7041341837013178e6,3.7041341837013178e6,3.7041341837013173e6
