instance,it_bb,it_box,p_true_pb,runtime_bb,runtime_box,runtime_pb,zeta_box,θ_bb,θ_box,θ_pb
35,37147,176,1,3600.079,3600.053,8.948,1.0,9.02338598318632e6,8.90312040535754e6,9.143626854155052e6
