instance,it_bb,it_box,p_true_pb,runtime_bb,runtime_box,runtime_pb,zeta_box,θ_bb,θ_box,θ_pb
26,31450,199,1,3600.202,3600.021,9.16,1.0,6.720531235998049e6,6.457367255296777e6,6.720531235998049e6
