instance,it_bb,it_box,p_true_pb,runtime_bb,runtime_box,runtime_pb,zeta_box,θ_bb,θ_box,θ_pb
1,32821,123,1,3600.102,3600.046,10.213,0.0,1.537311092473045e7,1.4036721841379134e7,1.5373110924730452e7
