instance,it_bb,it_box,p_true_pb,runtime_bb,runtime_box,runtime_pb,zeta_box,θ_bb,θ_box,θ_pb
32,27991,52,1,3600.159,3600.035,9.201,9.000000000000108,1.7986626297797192e7,1.3549278473098645e7,1.7986626297797196e7
