instance,it_bb,it_box,p_true_pb,runtime_bb,runtime_box,runtime_pb,zeta_box,θ_bb,θ_box,θ_pb
45,24549,42,1,3600.182,3600.048,7.52,9.449999999999996,2.3818269432296854e7,1.4650649133598868e7,2.3818269432296854e7
