instance,it_bb,it_box,p_true_pb,runtime_bb,runtime_box,runtime_pb,zeta_box,θ_bb,θ_box,θ_pb
42,18951,37,1,3600.233,3600.226,12.847,10.0,2.8504248153860286e7,1.5712431756947674e7,2.850424815386029e7
