instance,it_bb,it_box,p_true_pb,runtime_bb,runtime_box,runtime_pb,zeta_box,θ_bb,θ_box,θ_pb
46,22357,50,1,3600.093,3600.09,10.334,8.000000000000144,2.3286266801514436e7,1.5162082394666648e7,2.3286266801514436e7
