instance,it_bb,it_box,p_true_pb,runtime_bb,runtime_box,runtime_pb,zeta_box,θ_bb,θ_box,θ_pb
46,24629,39,1,3600.146,3600.029,7.53,10.0,2.3286266801514436e7,1.2494246926509565e7,2.3286266801514436e7
