instance,it_bb,it_box,p_true_pb,runtime_bb,runtime_box,runtime_pb,zeta_box,θ_bb,θ_box,θ_pb
26,27008,119,1,3600.06,3600.046,10.426,2.0,6.720531235998049e6,5.668013257872535e6,6.720531235998049e6
