instance,it_bb,it_box,p_true_pb,runtime_bb,runtime_box,runtime_pb,zeta_box,θ_bb,θ_box,θ_pb
8,27081,138,1,3600.104,3600.075,10.521,1.9999999999999432,5.876594153526426e6,5.406858094169281e6,5.876594153526427e6
