instance,it_bb,it_box,p_true_pb,runtime_bb,runtime_box,runtime_pb,zeta_box,θ_bb,θ_box,θ_pb
22,29709,104,1,3600.063,3600.091,10.028,0.0,1.464731297406981e7,1.3427539866978424e7,1.4647312974069811e7
