instance,it_bb,it_box,p_true_pb,runtime_bb,runtime_box,runtime_pb,zeta_box,θ_bb,θ_box,θ_pb
33,28072,66,1,3600.166,3600.076,9.472,0.0,2.308477603859451e7,1.8559348326433115e7,2.319791312358436e7
