instance,it_bb,it_box,p_true_pb,runtime_bb,runtime_box,runtime_pb,zeta_box,θ_bb,θ_box,θ_pb
43,37528,76,1,1027.07,43.149,10.762,6.472328185900118e-6,3.2005150714385696e7,3.2005150714385696e7,3.499350659705648e7
