instance,it_bb,it_box,p_true_pb,runtime_bb,runtime_box,runtime_pb,zeta_box,θ_bb,θ_box,θ_pb
18,22343,39,1,3600.226,3600.047,9.714,9.04999999999999,1.984951226150719e7,1.2512268699944006e7,1.9849512261507194e7
