instance,it_bb,it_box,p_true_pb,runtime_bb,runtime_box,runtime_pb,zeta_box,θ_bb,θ_box,θ_pb
17,5,4,1,0.321,1.992,8.862,10.0,1.5276362464573404e7,1.5276362464573404e7,1.5276362464573402e7
