instance,it_bb,it_box,p_true_pb,runtime_bb,runtime_box,runtime_pb,zeta_box,θ_bb,θ_box,θ_pb
1,35742,133,1,3600.025,3600.049,9.031,2.9999999999999996,1.537311092473045e7,1.417030545417422e7,1.5373110924730452e7
