instance,it_bb,it_box,p_true_pb,runtime_bb,runtime_box,runtime_pb,zeta_box,θ_bb,θ_box,θ_pb
3,25058,45,1,3600.048,3600.061,9.598,6.0,2.078684629848518e7,1.4540798431399709e7,2.0786846298485186e7
