instance,it_bb,it_box,p_true_pb,runtime_bb,runtime_box,runtime_pb,zeta_box,θ_bb,θ_box,θ_pb
40,16446,55,1,296.523,17.08,9.259,0.31249999999998934,1.8187694642751962e7,1.81876945902885e7,1.9407393547897365e7
