instance,it_bb,it_box,p_true_pb,runtime_bb,runtime_box,runtime_pb,zeta_box,θ_bb,θ_box,θ_pb
27,32532,50,1,560.216,13.598,10.369,0.5833333333333357,1.379934354609655e7,1.3799343546096552e7,1.3799343546096552e7
