instance,it_bb,it_box,p_true_pb,runtime_bb,runtime_box,runtime_pb,zeta_box,θ_bb,θ_box,θ_pb
20,26281,84,1,3600.074,3600.041,9.411,6.0,1.3727041256243268e7,1.1290814460561063e7,1.372704125624327e7
