instance,it_bb,it_box,p_true_pb,runtime_bb,runtime_box,runtime_pb,zeta_box,θ_bb,θ_box,θ_pb
13,18936,42,1,336.529,13.2,13.166,0.5555555555555571,1.9725059776023414e7,1.9725059776023418e7,1.9970048339516863e7
