instance,it_bb,it_box,p_true_pb,runtime_bb,runtime_box,runtime_pb,zeta_box,θ_bb,θ_box,θ_pb
34,29874,101,1,3600.143,3600.068,9.011,2.444444444444471,1.548479131790913e7,1.4195043141502943e7,1.5484791317909135e7
