instance,it_bb,it_box,p_true_pb,runtime_bb,runtime_box,runtime_pb,zeta_box,θ_bb,θ_box,θ_pb
41,23119,86,1,3600.137,264.231,12.921,1.0,621614.7959742454,621614.7959742454,621614.7959742452
