instance,it_bb,it_box,p_true_pb,runtime_bb,runtime_box,runtime_pb,zeta_box,θ_bb,θ_box,θ_pb
24,22455,115,1,3600.285,3600.051,17.542,3.9999999999999964,8.475563949502092e6,7.14449087288218e6,8.475563949502096e6
