instance,it_bb,it_box,p_true_pb,runtime_bb,runtime_box,runtime_pb,zeta_box,θ_bb,θ_box,θ_pb
3,20613,33,1,3600.123,3600.096,11.259,9.15789473684211,2.0786846298485182e7,1.215589974032185e7,2.0786846298485186e7
