instance,it_bb,it_box,p_true_pb,runtime_bb,runtime_box,runtime_pb,zeta_box,θ_bb,θ_box,θ_pb
21,20700,34,1,3600.07,3600.067,10.735,9.533333333333333,1.6502212200638073e7,9.618170356488569e6,1.6502212200638074e7
