instance,it_bb,it_box,p_true_pb,runtime_bb,runtime_box,runtime_pb,zeta_box,θ_bb,θ_box,θ_pb
32,21778,39,1,3600.187,3600.069,10.363,9.0,1.7986626297797192e7,1.098044247849371e7,1.7986626297797196e7
