instance,it_bb,it_box,p_true_pb,runtime_bb,runtime_box,runtime_pb,zeta_box,θ_bb,θ_box,θ_pb
27,2111,141,1,22.269,3600.037,9.167,4.0,8.968397540685602e6,1.2855953815993637e7,1.3799343546096552e7
