instance,it_bb,it_box,p_true_pb,runtime_bb,runtime_box,runtime_pb,zeta_box,θ_bb,θ_box,θ_pb
20,29591,159,1,3600.184,3600.053,14.797,0.9999999999999893,1.3727041256243268e7,1.334241583574018e7,1.372704125624327e7
