instance,it_bb,it_box,p_true_pb,runtime_bb,runtime_box,runtime_pb,zeta_box,θ_bb,θ_box,θ_pb
25,23576,94,1,3600.123,3600.055,10.333,2.0,3.279490312393941e6,2.7518785906392476e6,3.279490312394111e6
