instance,it_bb,it_box,p_true_pb,runtime_bb,runtime_box,runtime_pb,zeta_box,θ_bb,θ_box,θ_pb
27,2111,125,1,37.97,3600.043,10.309,0.0,8.968397540685602e6,1.2738086376620691e7,1.3799343546096552e7
