instance,it_bb,it_box,p_true_pb,runtime_bb,runtime_box,runtime_pb,zeta_box,θ_bb,θ_box,θ_pb
22,20146,48,1,3600.174,3600.031,11.357,7.5,1.464731297406981e7,1.0012239167002967e7,1.4647312974069811e7
