instance,it_bb,it_box,p_true_pb,runtime_bb,runtime_box,runtime_pb,zeta_box,θ_bb,θ_box,θ_pb
12,31205,124,1,3600.243,3600.049,10.95,1.0,9.606329726708308e6,9.492044994569676e6,9.606329726708312e6
