instance,it_bb,it_box,p_true_pb,runtime_bb,runtime_box,runtime_pb,zeta_box,θ_bb,θ_box,θ_pb
49,43260,76,1,3600.253,116.639,9.289,1.0,8.791464245189434e6,8.566270766676115e6,8.791464245189438e6
