instance,it_bb,it_box,p_true_pb,runtime_bb,runtime_box,runtime_pb,zeta_box,θ_bb,θ_box,θ_pb
35,38120,165,1,3600.056,3600.039,9.222,0.0,9.02338598318632e6,8.782903379048314e6,9.143626854155052e6
