instance,it_bb,it_box,p_true_pb,runtime_bb,runtime_box,runtime_pb,zeta_box,θ_bb,θ_box,θ_pb
44,15811,32,1,3600.18,3600.048,15.299,14.611111112672226,1.0e20,2.2633294489385158e7,5.4200217020470485e7
