instance,it_bb,it_box,p_true_pb,runtime_bb,runtime_box,runtime_pb,zeta_box,θ_bb,θ_box,θ_pb
3,24078,59,1,3600.002,3600.041,21.8,0.0,2.0332602377096597e7,1.715280091996548e7,2.0786846298485186e7
