instance,it_bb,it_box,p_true_pb,runtime_bb,runtime_box,runtime_pb,zeta_box,θ_bb,θ_box,θ_pb
49,28093,116,1,3600.187,3600.051,10.257,2.3333333333333397,8.791464245189434e6,7.890643757654892e6,8.791464245189438e6
