instance,it_bb,it_box,p_true_pb,runtime_bb,runtime_box,runtime_pb,zeta_box,θ_bb,θ_box,θ_pb
47,30596,153,1,3600.076,3600.026,10.435,2.0,6.879289414398801e6,5.842601022586061e6,6.879289414398799e6
