instance,it_bb,it_box,p_true_pb,runtime_bb,runtime_box,runtime_pb,zeta_box,θ_bb,θ_box,θ_pb
50,41182,41,1,3600.063,13.51,9.196,1.0,2.19709071406918e6,2.197090714069855e6,2.197090714069855e6
