instance,it_bb,it_box,p_true_pb,runtime_bb,runtime_box,runtime_pb,zeta_box,θ_bb,θ_box,θ_pb
12,3050,31,1,32.472,6.343,10.235,1.0,9.606329726708308e6,9.606329726708312e6,9.606329726708312e6
