instance,it_bb,it_box,p_true_pb,runtime_bb,runtime_box,runtime_pb,zeta_box,θ_bb,θ_box,θ_pb
29,23732,53,1,3600.162,3600.028,10.61,10.0,2.056433096863645e7,1.3827639406914819e7,2.0564330968636453e7
