instance,it_bb,it_box,p_true_pb,runtime_bb,runtime_box,runtime_pb,zeta_box,θ_bb,θ_box,θ_pb
18,24535,59,1,3600.126,3600.058,10.264,7.0,1.984951226150719e7,1.4918339146524673e7,1.9849512261507194e7
