instance,it_bb,it_box,p_true_pb,runtime_bb,runtime_box,runtime_pb,zeta_box,θ_bb,θ_box,θ_pb
33,20604,33,1,3600.179,3600.039,19.351,10.263157894736842,2.3197913123584352e7,1.1997686433049047e7,2.319791312358436e7
