instance,it_bb,it_box,p_true_pb,runtime_bb,runtime_box,runtime_pb,zeta_box,θ_bb,θ_box,θ_pb
18,31253,113,1,3600.26,3600.052,9.855,0.0,1.9849512261507187e7,1.8285880174887072e7,1.9849512261507194e7
