instance,it_bb,it_box,p_true_pb,runtime_bb,runtime_box,runtime_pb,zeta_box,θ_bb,θ_box,θ_pb
3,34814,56,1,1067.842,42.631,12.247,0.15789473684210975,1.9310520564846046e7,1.9310520564846046e7,2.0786846298485186e7
