instance,it_bb,it_box,p_true_pb,runtime_bb,runtime_box,runtime_pb,zeta_box,θ_bb,θ_box,θ_pb
45,31642,104,1,3600.013,3600.064,8.995,2.9999999999999716,2.3818269432296854e7,2.165354963728342e7,2.3818269432296854e7
