instance,it_bb,it_box,p_true_pb,runtime_bb,runtime_box,runtime_pb,zeta_box,θ_bb,θ_box,θ_pb
15,21014,40,1,3600.22,3600.077,9.97,14.149999999999999,3.730575971576968e7,2.1765537717497855e7,3.7305759715769686e7
