instance,it_bb,it_box,p_true_pb,runtime_bb,runtime_box,runtime_pb,zeta_box,θ_bb,θ_box,θ_pb
35,31978,165,1,3600.161,3600.082,17.001,1.5882352941176485,9.02338598318632e6,8.782904176213054e6,9.143626854155052e6
