instance,it_bb,it_box,p_true_pb,runtime_bb,runtime_box,runtime_pb,zeta_box,θ_bb,θ_box,θ_pb
49,41232,76,1,3600.023,135.884,9.116,0.0,8.566270577429956e6,8.566270766676115e6,8.791464245189438e6
