instance,it_bb,it_box,p_true_pb,runtime_bb,runtime_box,runtime_pb,zeta_box,θ_bb,θ_box,θ_pb
27,2111,133,1,28.494,3600.059,9.181,1.8823529414647169,8.968397540685602e6,1.2738110796888638e7,1.3799343546096552e7
