instance,it_bb,it_box,p_true_pb,runtime_bb,runtime_box,runtime_pb,zeta_box,θ_bb,θ_box,θ_pb
10,20355,37,1,3600.254,3600.124,12.475,9.875,2.5268114827893928e7,1.5488588627669698e7,2.5268114827893924e7
