instance,it_bb,it_box,p_true_pb,runtime_bb,runtime_box,runtime_pb,zeta_box,θ_bb,θ_box,θ_pb
42,26140,75,1,3600.247,3600.088,13.142,0.0,2.8263798009649567e7,2.369154910481125e7,2.850424815386029e7
