instance,it_bb,it_box,p_true_pb,runtime_bb,runtime_box,runtime_pb,zeta_box,θ_bb,θ_box,θ_pb
16,23989,95,1,3600.134,3600.057,10.512,3.0,4.688100268070817e6,4.6881002680708375e6,4.6881002680708375e6
