instance,it_bb,it_box,p_true_pb,runtime_bb,runtime_box,runtime_pb,zeta_box,θ_bb,θ_box,θ_pb
36,30468,128,1,3600.157,3600.128,9.458,0.0,1.3260322878196705e7,1.2652224678723795e7,1.3260322878196709e7
