instance,it_bb,it_box,p_true_pb,runtime_bb,runtime_box,runtime_pb,zeta_box,θ_bb,θ_box,θ_pb
26,23934,69,1,3600.109,3600.042,13.92,3.0,6.720531235998049e6,5.141760673858739e6,6.720531235998049e6
