instance,it_bb,it_box,p_true_pb,runtime_bb,runtime_box,runtime_pb,zeta_box,θ_bb,θ_box,θ_pb
37,31652,131,1,3600.162,3600.036,10.476,0.9500000000000011,1.3260322878196705e7,1.2773833412740367e7,1.3260322878196709e7
