instance,it_bb,it_box,p_true_pb,runtime_bb,runtime_box,runtime_pb,zeta_box,θ_bb,θ_box,θ_pb
44,20371,39,1,3600.199,3600.03,10.298,12.157894736842103,1.0e20,2.7159154482450485e7,5.4200217020470485e7
