instance,it_bb,it_box,p_true_pb,runtime_bb,runtime_box,runtime_pb,zeta_box,θ_bb,θ_box,θ_pb
2,32689,129,1,3600.046,3600.06,9.16,0.0,1.053459441681845e7,1.0212181991212692e7,1.0534594416818451e7
