instance,it_bb,it_box,p_true_pb,runtime_bb,runtime_box,runtime_pb,zeta_box,θ_bb,θ_box,θ_pb
13,30054,113,1,3600.254,3600.081,11.676,2.3684210526315788,1.9970048339516852e7,1.8500215156178996e7,1.9970048339516863e7
