instance,it_bb,it_box,p_true_pb,runtime_bb,runtime_box,runtime_pb,zeta_box,θ_bb,θ_box,θ_pb
38,33838,80,1,3600.043,145.007,8.981,1.0,2.600111469746904e6,2.600111469746904e6,2.6001114697469044e6
