instance,it_bb,it_box,p_true_pb,runtime_bb,runtime_box,runtime_pb,zeta_box,θ_bb,θ_box,θ_pb
1,7048,69,1,113.806,28.024,9.857,0.0714285714285694,1.5239481626401715e7,1.5239481626401717e7,1.5373110924730452e7
