instance,it_bb,it_box,p_true_pb,runtime_bb,runtime_box,runtime_pb,zeta_box,θ_bb,θ_box,θ_pb
1,32668,131,1,3600.2,3600.033,11.878,2.6111111111111143,1.537311092473045e7,1.417044193525534e7,1.5373110924730452e7
