instance,it_bb,it_box,p_true_pb,runtime_bb,runtime_box,runtime_pb,zeta_box,θ_bb,θ_box,θ_pb
28,4,2,1,0.341,2.465,11.249,3.000000000400007,677959.9155680364,677959.9155680364,677959.9155680363
