instance,it_bb,it_box,p_true_pb,runtime_bb,runtime_box,runtime_pb,zeta_box,θ_bb,θ_box,θ_pb
8,20294,92,1,3600.119,3600.066,10.346,5.0,5.876594153526426e6,4.58459418840625e6,5.876594153526427e6
