instance,it_bb,it_box,p_true_pb,runtime_bb,runtime_box,runtime_pb,zeta_box,θ_bb,θ_box,θ_pb
24,118,16,1,3.907,4.815,9.793,1.0000000002000036,8.475563949502094e6,8.475563949502096e6,8.475563949502096e6
