instance,it_bb,it_box,p_true_pb,runtime_bb,runtime_box,runtime_pb,zeta_box,θ_bb,θ_box,θ_pb
45,28855,106,1,3600.152,3600.084,9.076,3.8000000000000007,2.3818269432296854e7,2.1653581365517933e7,2.3818269432296854e7
