instance,it_bb,it_box,p_true_pb,runtime_bb,runtime_box,runtime_pb,zeta_box,θ_bb,θ_box,θ_pb
32,33072,133,1,3600.098,3600.062,10.727,2.473684210526315,1.798662629779719e7,1.6702228699568694e7,1.7986626297797196e7
