instance,it_bb,it_box,p_true_pb,runtime_bb,runtime_box,runtime_pb,zeta_box,θ_bb,θ_box,θ_pb
2,7674,33,1,90.478,9.895,10.062,0.9999995560000627,1.053459441681845e7,1.0534594416818453e7,1.0534594416818451e7
