instance,it_bb,it_box,p_true_pb,runtime_bb,runtime_box,runtime_pb,zeta_box,θ_bb,θ_box,θ_pb
15,23476,59,1,3600.008,3600.056,9.866,12.111111111111114,3.730575971576967e7,2.5589623407340936e7,3.7305759715769686e7
