instance,it_bb,it_box,p_true_pb,runtime_bb,runtime_box,runtime_pb,zeta_box,θ_bb,θ_box,θ_pb
21,26905,95,1,3600.029,3600.034,11.308,4.285715237391439,1.6502212200638073e7,1.4484361611521035e7,1.6502212200638074e7
