instance,it_bb,it_box,p_true_pb,runtime_bb,runtime_box,runtime_pb,zeta_box,θ_bb,θ_box,θ_pb
9,29974,103,1,3600.103,3600.052,10.389,0.0,2.5350753804721817e7,2.230923831598972e7,2.535075380472182e7
