instance,it_bb,it_box,p_true_pb,runtime_bb,runtime_box,runtime_pb,zeta_box,θ_bb,θ_box,θ_pb
22,15266,42,1,224.46,9.481,10.392,0.27777777777777857,1.440335484052968e7,1.4403354761328502e7,1.4647312974069811e7
