instance,it_bb,it_box,p_true_pb,runtime_bb,runtime_box,runtime_pb,zeta_box,θ_bb,θ_box,θ_pb
22,27223,98,1,3600.262,3600.064,11.22,2.6842105263157876,1.464731297406981e7,1.3427318663118517e7,1.4647312974069811e7
