instance,it_bb,it_box,p_true_pb,runtime_bb,runtime_box,runtime_pb,zeta_box,θ_bb,θ_box,θ_pb
1,20683,31,1,3600.147,3600.074,10.335,8.529411764705877,1.5373110924730452e7,8.156779066205768e6,1.5373110924730452e7
