instance,it_bb,it_box,p_true_pb,runtime_bb,runtime_box,runtime_pb,zeta_box,θ_bb,θ_box,θ_pb
34,21777,41,1,3600.002,3600.052,10.412,9.0,1.5484791317909133e7,9.250475611434622e6,1.5484791317909135e7
