instance,it_bb,it_box,p_true_pb,runtime_bb,runtime_box,runtime_pb,zeta_box,θ_bb,θ_box,θ_pb
31,31329,109,1,3600.078,3600.079,9.13,3.470588235294116,1.99776251213481e7,1.7980323595788833e7,1.9977625121348105e7
