instance,it_bb,it_box,p_true_pb,runtime_bb,runtime_box,runtime_pb,zeta_box,θ_bb,θ_box,θ_pb
43,25261,63,1,3600.306,3600.041,12.247,0.0,3.499350659705647e7,2.727312797331017e7,3.499350659705648e7
