instance,it_bb,it_box,p_true_pb,runtime_bb,runtime_box,runtime_pb,zeta_box,θ_bb,θ_box,θ_pb
43,25496,47,1,3600.247,3600.02,9.505,11.400000000000002,3.499350659705647e7,2.266647567461191e7,3.499350659705648e7
