instance,it_bb,it_box,p_true_pb,runtime_bb,runtime_box,runtime_pb,zeta_box,θ_bb,θ_box,θ_pb
5,73254,78,1,1885.196,29.884,10.707,0.39999999999999997,2.176351745196211e7,2.1763517451962113e7,2.188372560476383e7
