instance,it_bb,it_box,p_true_pb,runtime_bb,runtime_box,runtime_pb,zeta_box,θ_bb,θ_box,θ_pb
9,29640,108,1,3600.069,3600.068,9.619,4.888888888888886,2.5350753804721817e7,2.23093167284744e7,2.535075380472182e7
