instance,it_bb,it_box,p_true_pb,runtime_bb,runtime_box,runtime_pb,zeta_box,θ_bb,θ_box,θ_pb
15,25272,93,1,3600.041,3600.069,9.862,6.9999999999999964,3.730575971576966e7,3.1088986276114665e7,3.7305759715769686e7
