instance,it_bb,it_box,p_true_pb,runtime_bb,runtime_box,runtime_pb,zeta_box,θ_bb,θ_box,θ_pb
18,5388,61,1,67.617,23.568,10.033,1.0,1.9729241139388844e7,1.9729241139388848e7,1.9849512261507194e7
