instance,it_bb,it_box,p_true_pb,runtime_bb,runtime_box,runtime_pb,zeta_box,θ_bb,θ_box,θ_pb
42,31953,86,1,3600.181,3600.024,9.142,4.352941176470587,2.8263798009649567e7,2.432478571726598e7,2.850424815386029e7
