instance,it_bb,it_box,p_true_pb,runtime_bb,runtime_box,runtime_pb,zeta_box,θ_bb,θ_box,θ_pb
36,22089,56,1,3600.001,3600.073,10.495,6.050000000000001,1.3138713352317037e7,9.490114917767711e6,1.3260322878196709e7
