instance,it_bb,it_box,p_true_pb,runtime_bb,runtime_box,runtime_pb,zeta_box,θ_bb,θ_box,θ_pb
4,16872,73,1,433.009,28.067,12.831,0.7999999999999972,1.0526300048665905e7,1.0526300048665907e7,1.0884915684736887e7
