instance,it_bb,it_box,p_true_pb,runtime_bb,runtime_box,runtime_pb,zeta_box,θ_bb,θ_box,θ_pb
50,39943,41,1,3600.001,14.291,8.944,1.0,2.0753975267526319e6,2.197090714069855e6,2.197090714069855e6
