instance,it_bb,it_box,p_true_pb,runtime_bb,runtime_box,runtime_pb,zeta_box,θ_bb,θ_box,θ_pb
23,70564,58,1,3600.004,69.412,9.671,1.0,6.102449477375533e6,6.102449477375535e6,6.102449477375536e6
