instance,it_bb,it_box,p_true_pb,runtime_bb,runtime_box,runtime_pb,zeta_box,θ_bb,θ_box,θ_pb
5,27102,107,1,3600.186,3600.041,12.233,4.0,2.188372560476382e7,1.996044298811462e7,2.188372560476383e7
