it_bb,it_box,p_true_pb,runtime_bb,runtime_box,runtime_pb,zeta_box,θ_bb,θ_box,θ_pb
40793,157,1,7200.254,7200.028,4.197,2565.6666666666665,4.3253085e6,3.3921781e6,4.3253085e6
