it_bb,it_box,p_true_pb,runtime_bb,runtime_box,runtime_pb,zeta_box,θ_bb,θ_box,θ_pb
45188,172,1,7200.214,7200.055,4.155,2483.333333333333,4.3253085e6,3.3895444000000004e6,4.3253085e6
