it_bb,it_box,p_true_pb,runtime_bb,runtime_box,runtime_pb,zeta_box,θ_bb,θ_box,θ_pb
46598,204,1,7200.033,7201.48,3.749,679.6666666666665,4.3253085e6,3.6850796e6,4.3253085e6
