it_bb,it_box,p_true_pb,runtime_bb,runtime_box,runtime_pb,zeta_box,θ_bb,θ_box,θ_pb
43151,150,9,7200.277,7200.056,3.755,3272.470499999996,4.3253085e6,3.1639856e6,4.203478800000001e6
