it_bb,it_box,p_true_pb,runtime_bb,runtime_box,runtime_pb,zeta_box,θ_bb,θ_box,θ_pb
37707,139,9,7200.048,7200.045,4.533,3272.470499999996,4.3253085e6,3.1681415e6,4.203478800000001e6
