it_bb,it_box,p_true_pb,runtime_bb,runtime_box,runtime_pb,zeta_box,θ_bb,θ_box,θ_pb
51325,199,1,7200.143,7200.016,4.108,607.6666666666661,4.3253085e6,3.676007e6,4.3253085e6
