it_bb,it_box,p_true_pb,runtime_bb,runtime_box,runtime_pb,zeta_box,θ_bb,θ_box,θ_pb
10,6,1,0.311,1.326,4.236,7450.342899999989,2.8254127171e10,2.8254127171e10,2.82534799041e10
