it_bb,it_box,p_true_pb,runtime_bb,runtime_box,runtime_pb,zeta_box,θ_bb,θ_box,θ_pb
40325,57,7,7200.017,7200.052,4.328,7450.342900000003,2.8253479904100002e10,8.7291977372e9,1.6738107599e10
