it_bb,it_box,p_true_pb,runtime_bb,runtime_box,runtime_pb,zeta_box,θ_bb,θ_box,θ_pb
42545,80,1,7200.18,7200.046,4.449,5346.0,2.8253479904100002e10,1.1924188210300001e10,2.82534799041e10
