it_bb,it_box,p_true_pb,runtime_bb,runtime_box,runtime_pb,zeta_box,θ_bb,θ_box,θ_pb
50375,135,1,7200.058,7200.047,3.785,3717.666666666667,2.8253479904100002e10,1.70046574265e10,2.82534799041e10
