instance,it_bb,it_box,p_true_pb,runtime_bb,runtime_box,runtime_pb,θ_bb,θ_box,θ_pb
48,28495,74,1,3600.173,3600.063,8.948,2.4237056379126523e7,1.6341725199042272e7,2.4237056379126523e7
