instance,it_bb,it_box,p_true_pb,runtime_bb,runtime_box,runtime_pb,θ_bb,θ_box,θ_pb
2,31857,129,1,3600.174,759.254,9.846,2.6510354318149243e7,2.3523351739288084e7,2.6510354318149246e7
