instance,it_bb,it_box,p_true_pb,runtime_bb,runtime_box,runtime_pb,θ_bb,θ_box,θ_pb
29,37306,116,1,3600.093,303.047,9.517,2.6901832753957987e7,2.415211930315423e7,2.7021386089335974e7
