instance,it_bb,it_box,p_true_pb,runtime_bb,runtime_box,runtime_pb,θ_bb,θ_box,θ_pb
21,32635,149,1,3600.159,3600.035,10.006,4.1162959290275685e7,3.463126027700203e7,4.116295929027569e7
