instance,it_bb,it_box,p_true_pb,runtime_bb,runtime_box,runtime_pb,θ_bb,θ_box,θ_pb
41,15,13,1,0.654,2.906,12.317,3.02081283694394e7,3.02081283694394e7,3.0208128369439404e7
