instance,it_bb,it_box,p_true_pb,runtime_bb,runtime_box,runtime_pb,θ_bb,θ_box,θ_pb
19,13,12,1,0.394,2.221,10.065,3.0558307081048287e7,3.0558307081048287e7,3.055830708104828e7
