instance,it_bb,it_box,p_true_pb,runtime_bb,runtime_box,runtime_pb,θ_bb,θ_box,θ_pb
1,18,17,1,0.896,3.159,12.125,3.802154965672183e7,3.802154965672183e7,3.802154965672184e7
