instance,it_bb,it_box,p_true_pb,runtime_bb,runtime_box,runtime_pb,θ_bb,θ_box,θ_pb
15,33821,154,1,3600.153,3600.028,8.707,3.603919645005062e7,3.0550011626077253e7,3.6039196450050615e7
