instance,it_bb,it_box,p_true_pb,runtime_bb,runtime_box,runtime_pb,θ_bb,θ_box,θ_pb
20,31073,161,1,3600.001,982.076,10.153,3.443816908555472e7,2.9340689094847642e7,3.443816908555472e7
