instance,it_bb,it_box,p_true_pb,runtime_bb,runtime_box,runtime_pb,θ_bb,θ_box,θ_pb
39,28415,80,1,3600.077,3600.048,9.109,1.972177369838127e7,1.5495845015975252e7,1.9721773698381275e7
