instance,it_bb,it_box,p_true_pb,runtime_bb,runtime_box,runtime_pb,θ_bb,θ_box,θ_pb
29,27801,70,1,3600.243,3600.037,9.488,2.702138608933597e7,1.9489675373518985e7,2.7021386089335974e7
