instance,it_bb,it_box,p_true_pb,runtime_bb,runtime_box,runtime_pb,θ_bb,θ_box,θ_pb
10,34576,192,1,3600.08,3273.053,11.555,3.1402772077663925e7,2.773074906575346e7,3.1529393560833253e7
