instance,it_bb,it_box,p_true_pb,runtime_bb,runtime_box,runtime_pb,θ_bb,θ_box,θ_pb
3,29882,124,1,3600.025,3600.051,9.641,3.8759130355715655e7,3.1324991681289263e7,3.875913035571566e7
