instance,it_bb,it_box,p_true_pb,runtime_bb,runtime_box,runtime_pb,θ_bb,θ_box,θ_pb
32,19921,54,1,3600.005,3600.035,9.57,2.1352374173369862e7,1.8954169175983027e7,3.1242250824206837e7
