instance,it_bb,it_box,p_true_pb,runtime_bb,runtime_box,runtime_pb,θ_bb,θ_box,θ_pb
50,33714,139,1,3600.131,3600.04,10.027,3.238772189942411e7,2.824848168356877e7,3.2387721899424113e7
