instance,it_bb,it_box,p_true_pb,runtime_bb,runtime_box,runtime_pb,θ_bb,θ_box,θ_pb
42,45348,127,1,3600.102,165.046,9.852,2.1315451703922886e7,2.1195031605932564e7,2.143587180191321e7
