instance,it_bb,it_box,p_true_pb,runtime_bb,runtime_box,runtime_pb,θ_bb,θ_box,θ_pb
25,24061,68,1,3600.078,3600.05,13.374,2.3479168885365956e7,1.634782833331431e7,2.347916888536596e7
