instance,it_bb,it_box,p_true_pb,runtime_bb,runtime_box,runtime_pb,θ_bb,θ_box,θ_pb
48,12,10,1,0.4,2.235,10.221,2.4237056379126523e7,2.4237056379126523e7,2.4237056379126523e7
