instance,it_bb,it_box,p_true_pb,runtime_bb,runtime_box,runtime_pb,θ_bb,θ_box,θ_pb
30,10,10,1,0.353,2.19,9.79,3.0181426469540842e7,3.0181426469540842e7,3.0181426469540834e7
