instance,it_bb,it_box,p_true_pb,runtime_bb,runtime_box,runtime_pb,θ_bb,θ_box,θ_pb
9,29889,156,1,3600.005,3600.037,12.619,4.725021439767641e7,3.999057658995035e7,4.725021439767641e7
