instance,it_bb,it_box,p_true_pb,runtime_bb,runtime_box,runtime_pb,θ_bb,θ_box,θ_pb
45,35116,137,1,3600.095,1224.658,9.764,2.8271063550202962e7,2.4477372359341577e7,2.839344410421381e7
