instance,it_bb,it_box,p_true_pb,runtime_bb,runtime_box,runtime_pb,θ_bb,θ_box,θ_pb
50,16,14,1,0.48,2.22,9.85,3.2387721899424117e7,3.2387721899424117e7,3.2387721899424113e7
