instance,it_bb,it_box,p_true_pb,runtime_bb,runtime_box,runtime_pb,θ_bb,θ_box,θ_pb
34,34143,165,1,3600.036,3600.041,8.979,3.12995133037e7,2.752019158124055e7,3.1299513303699996e7
