instance,it_bb,it_box,p_true_pb,runtime_bb,runtime_box,runtime_pb,θ_bb,θ_box,θ_pb
40,30736,135,1,3600.078,3600.03,9.609,3.702973893170463e7,3.0539040818250265e7,3.7029738931704625e7
