instance,it_bb,it_box,p_true_pb,runtime_bb,runtime_box,runtime_pb,θ_bb,θ_box,θ_pb
24,19,18,1,0.696,2.4,9.561,3.422068018489677e7,3.422068018489677e7,3.422068018489677e7
