instance,it_bb,it_box,p_true_pb,runtime_bb,runtime_box,runtime_pb,θ_bb,θ_box,θ_pb
37,25290,78,1,3600.063,3600.067,10.052,2.4462804496373005e7,1.8602416640351795e7,2.4462804496373005e7
