instance,it_bb,it_box,p_true_pb,runtime_bb,runtime_box,runtime_pb,θ_bb,θ_box,θ_pb
6,37084,151,1,3600.02,3600.028,8.894,3.251505391343576e7,2.8887395103869062e7,3.2515053913435765e7
