instance,it_bb,it_box,p_true_pb,runtime_bb,runtime_box,runtime_pb,θ_bb,θ_box,θ_pb
26,32972,156,1,3600.003,3600.035,9.653,2.6515375188039836e7,2.3411633547170606e7,2.6832192565810695e7
