instance,it_bb,it_box,p_true_pb,runtime_bb,runtime_box,runtime_pb,θ_bb,θ_box,θ_pb
8,31539,142,1,3600.162,3600.022,10.325,4.044042896537971e7,3.399179885431249e7,4.044042896537971e7
