instance,it_bb,it_box,p_true_pb,runtime_bb,runtime_box,runtime_pb,θ_bb,θ_box,θ_pb
3,17,16,1,0.555,2.034,8.638,3.8759130355715655e7,3.8759130355715655e7,3.875913035571566e7
