instance,it_bb,it_box,p_true_pb,runtime_bb,runtime_box,runtime_pb,θ_bb,θ_box,θ_pb
25,12,12,1,0.339,1.873,8.696,2.3479168885365956e7,2.3479168885365956e7,2.347916888536596e7
