instance,it_bb,it_box,p_true_pb,runtime_bb,runtime_box,runtime_pb,θ_bb,θ_box,θ_pb
9,17,16,1,0.66,2.5,10.253,4.725021439767642e7,4.725021439767642e7,4.725021439767641e7
