instance,it_bb,it_box,p_true_pb,runtime_bb,runtime_box,runtime_pb,θ_bb,θ_box,θ_pb
35,18,17,1,0.672,2.52,10.417,4.8237063959891394e7,4.8237063959891394e7,4.8237063959891394e7
