instance,it_bb,it_box,p_true_pb,runtime_bb,runtime_box,runtime_pb,θ_bb,θ_box,θ_pb
43,16,16,1,0.617,2.923,12.215,4.289262235331333e7,4.289262235331333e7,4.289262235331333e7
