instance,it_bb,it_box,p_true_pb,runtime_bb,runtime_box,runtime_pb,θ_bb,θ_box,θ_pb
39,9,7,1,0.357,2.328,14.399,1.972177369838128e7,1.972177369838128e7,1.9721773698381275e7
