instance,it_bb,it_box,p_true_pb,runtime_bb,runtime_box,runtime_pb,θ_bb,θ_box,θ_pb
8,15,14,1,0.491,2.18,9.518,4.044042896537971e7,4.044042896537971e7,4.044042896537971e7
