instance,it_bb,it_box,p_true_pb,runtime_bb,runtime_box,runtime_pb,θ_bb,θ_box,θ_pb
45,13,14,1,0.449,2.177,9.533,2.83934441042138e7,2.83934441042138e7,2.839344410421381e7
