instance,it_bb,it_box,p_true_pb,runtime_bb,runtime_box,runtime_pb,θ_bb,θ_box,θ_pb
5,34482,168,1,3600.062,3600.051,9.527,2.4745898361904047e7,2.2505701586216077e7,2.4745898361904055e7
