instance,it_bb,it_box,p_true_pb,runtime_bb,runtime_box,runtime_pb,θ_bb,θ_box,θ_pb
16,28128,120,1,3600.135,253.643,18.498,2.6206769357007228e7,2.4568912220380228e7,2.6343257451726142e7
