instance,it_bb,it_box,p_true_pb,runtime_bb,runtime_box,runtime_pb,θ_bb,θ_box,θ_pb
12,18,17,1,0.588,2.342,9.787,4.2557443997490816e7,4.2557443997490816e7,4.255744399749081e7
