instance,it_bb,it_box,p_true_pb,runtime_bb,runtime_box,runtime_pb,θ_bb,θ_box,θ_pb
20,16,15,1,0.597,2.276,8.996,3.443816908555472e7,3.443816908555472e7,3.443816908555472e7
