instance,it_bb,it_box,p_true_pb,runtime_bb,runtime_box,runtime_pb,θ_bb,θ_box,θ_pb
36,10,13,1,0.351,2.103,9.609,2.6257670327304006e7,2.6257670327304006e7,2.6257670327304006e7
