instance,it_bb,it_box,p_true_pb,runtime_bb,runtime_box,runtime_pb,θ_bb,θ_box,θ_pb
28,33008,149,1,3600.001,3600.021,9.623,4.752570524881934e7,4.182800735603419e7,5.011559867446363e7
