instance,it_bb,it_box,p_true_pb,runtime_bb,runtime_box,runtime_pb,θ_bb,θ_box,θ_pb
30,25227,76,1,3600.001,3600.059,9.538,2.4218487501647465e7,2.0202494801092945e7,3.0181426469540834e7
