instance,it_bb,it_box,p_true_pb,runtime_bb,runtime_box,runtime_pb,θ_bb,θ_box,θ_pb
17,16,15,1,0.507,2.183,9.624,3.699211939051354e7,3.699211939051354e7,3.699211939051355e7
