instance,it_bb,it_box,p_true_pb,runtime_bb,runtime_box,runtime_pb,θ_bb,θ_box,θ_pb
38,15,15,1,0.505,2.319,9.947,3.449035022841368e7,3.449035022841368e7,3.449035022841368e7
