instance,it_bb,it_box,p_true_pb,runtime_bb,runtime_box,runtime_pb,θ_bb,θ_box,θ_pb
42,8,7,1,0.391,2.721,12.4,2.1435871801913213e7,2.1435871801913213e7,2.143587180191321e7
