instance,it_bb,it_box,p_true_pb,runtime_bb,runtime_box,runtime_pb,θ_bb,θ_box,θ_pb
22,34344,176,1,3600.029,1817.338,9.903,2.2853837401475616e7,2.05454864105873e7,2.2853837401475627e7
