instance,it_bb,it_box,p_true_pb,runtime_bb,runtime_box,runtime_pb,θ_bb,θ_box,θ_pb
44,20,19,1,0.754,2.286,8.619,5.534366370959462e7,5.534366370959462e7,5.534366370959462e7
