instance,it_bb,it_box,p_true_pb,runtime_bb,runtime_box,runtime_pb,θ_bb,θ_box,θ_pb
11,30688,94,1,3600.001,285.466,12.151,3.43069168442236e7,2.9579954126179375e7,3.43069168442236e7
