instance,it_bb,it_box,p_true_pb,runtime_bb,runtime_box,runtime_pb,θ_bb,θ_box,θ_pb
23,34388,125,1,3600.065,865.305,8.797,3.57149392070727e7,3.035145591726933e7,3.5714939207072705e7
