instance,it_bb,it_box,p_true_pb,runtime_bb,runtime_box,runtime_pb,θ_bb,θ_box,θ_pb
6,14,13,1,0.592,2.56,9.864,3.2515053913435765e7,3.2515053913435765e7,3.2515053913435765e7
