instance,it_bb,it_box,p_true_pb,runtime_bb,runtime_box,runtime_pb,θ_bb,θ_box,θ_pb
22,13,13,1,0.694,3.874,18.997,2.285383740147562e7,2.285383740147562e7,2.2853837401475627e7
