instance,it_bb,it_box,p_true_pb,runtime_bb,runtime_box,runtime_pb,θ_bb,θ_box,θ_pb
47,20,19,1,0.695,2.411,9.638,4.520740293721809e7,4.520740293721809e7,4.52074029372181e7
