instance,it_bb,it_box,p_true_pb,runtime_bb,runtime_box,runtime_pb,θ_bb,θ_box,θ_pb
38,34032,145,1,3600.104,1401.312,9.574,3.449035022841368e7,2.9700278105692882e7,3.449035022841368e7
