instance,it_bb,it_box,p_true_pb,runtime_bb,runtime_box,runtime_pb,θ_bb,θ_box,θ_pb
5,12,12,1,0.463,2.674,11.023,2.4745898361904055e7,2.4745898361904055e7,2.4745898361904055e7
