instance,it_bb,it_box,p_true_pb,runtime_bb,runtime_box,runtime_pb,θ_bb,θ_box,θ_pb
36,26869,67,1,3600.077,3600.047,10.041,2.6257670327304006e7,1.7933455371902432e7,2.6257670327304006e7
