instance,it_bb,it_box,p_true_pb,runtime_bb,runtime_box,runtime_pb,θ_bb,θ_box,θ_pb
19,26697,83,1,3600.172,3600.079,9.072,3.0558307081048287e7,2.173365480426265e7,3.055830708104828e7
