instance,it_bb,it_box,p_true_pb,runtime_bb,runtime_box,runtime_pb,θ_bb,θ_box,θ_pb
48,30351,180,1,3600.053,3179.476,11.793,2.4237056379126523e7,2.1605250915191174e7,2.4237056379126523e7
