instance,it_bb,it_box,p_true_pb,runtime_bb,runtime_box,runtime_pb,θ_bb,θ_box,θ_pb
46,16,14,1,0.558,2.184,9.497,3.3355082323095486e7,3.3355082323095486e7,3.335508232309548e7
