instance,it_bb,it_box,p_true_pb,runtime_bb,runtime_box,runtime_pb,θ_bb,θ_box,θ_pb
2,14,13,1,0.416,2.107,9.504,2.6510354318149246e7,2.6510354318149246e7,2.6510354318149246e7
