instance,it_bb,it_box,p_true_pb,runtime_bb,runtime_box,runtime_pb,θ_bb,θ_box,θ_pb
18,18,18,1,0.609,2.305,9.793,3.388169571975981e7,3.388169571975981e7,3.388169571975981e7
