instance,it_bb,it_box,p_true_pb,runtime_bb,runtime_box,runtime_pb,θ_bb,θ_box,θ_pb
21,15,15,1,0.707,3.932,18.472,4.116295929027569e7,4.116295929027569e7,4.116295929027569e7
