instance,it_bb,it_box,p_true_pb,runtime_bb,runtime_box,runtime_pb,θ_bb,θ_box,θ_pb
27,16,16,1,0.518,2.205,9.326,4.102686730507045e7,4.102686730507045e7,4.102686730507045e7
