instance,it_bb,it_box,p_true_pb,runtime_bb,runtime_box,runtime_pb,θ_bb,θ_box,θ_pb
42,29545,79,1,3600.198,3600.037,9.116,2.1435871801913213e7,1.7943745041249514e7,2.143587180191321e7
