instance,it_bb,it_box,p_true_pb,runtime_bb,runtime_box,runtime_pb,θ_bb,θ_box,θ_pb
46,34659,184,1,3600.059,3600.03,9.46,3.3355082323095478e7,2.8077623755732086e7,3.335508232309548e7
