instance,it_bb,it_box,p_true_pb,runtime_bb,runtime_box,runtime_pb,θ_bb,θ_box,θ_pb
4,34795,148,1,3600.124,1881.884,9.304,2.848289548488075e7,2.513882954653564e7,2.848289548488076e7
