instance,it_bb,it_box,p_true_pb,runtime_bb,runtime_box,runtime_pb,θ_bb,θ_box,θ_pb
11,14,13,1,0.457,2.221,9.75,3.43069168442236e7,3.43069168442236e7,3.43069168442236e7
