instance,it_bb,it_box,p_true_pb,runtime_bb,runtime_box,runtime_pb,θ_bb,θ_box,θ_pb
15,15,14,1,0.455,2.323,10.493,3.603919645005062e7,3.603919645005062e7,3.6039196450050615e7
