instance,it_bb,it_box,p_true_pb,runtime_bb,runtime_box,runtime_pb,θ_bb,θ_box,θ_pb
13,27942,135,1,3600.043,3600.041,15.711,3.013297535827789e7,2.769703872023013e7,3.0132975358277902e7
