instance,it_bb,it_box,p_true_pb,runtime_bb,runtime_box,runtime_pb,θ_bb,θ_box,θ_pb
49,15,15,1,0.596,2.416,9.827,2.819190354669616e7,2.819190354669616e7,2.8191903546696153e7
