instance,it_bb,it_box,p_true_pb,runtime_bb,runtime_box,runtime_pb,θ_bb,θ_box,θ_pb
23,15,13,1,1.104,4.91,21.948,3.5714939207072705e7,3.5714939207072705e7,3.5714939207072705e7
