instance,it_bb,it_box,p_true_pb,runtime_bb,runtime_box,runtime_pb,θ_bb,θ_box,θ_pb
39,58119,84,1,3600.023,72.564,9.506,1.8903992662377473e7,1.8547891251114942e7,1.9721773698381275e7
