instance,it_bb,it_box,p_true_pb,runtime_bb,runtime_box,runtime_pb,θ_bb,θ_box,θ_pb
10,12,11,1,0.369,2.167,9.755,3.1529393560833253e7,3.1529393560833253e7,3.1529393560833253e7
