instance,it_bb,it_box,p_true_pb,runtime_bb,runtime_box,runtime_pb,θ_bb,θ_box,θ_pb
33,28763,170,1,3600.03,2158.633,11.878,3.0615129026863366e7,2.6447824253960248e7,3.0724301776407897e7
