instance,it_bb,it_box,p_true_pb,runtime_bb,runtime_box,runtime_pb,θ_bb,θ_box,θ_pb
14,28676,144,1,3600.025,3600.053,12.63,3.202411965871873e7,2.8452313396280736e7,3.2147285966865826e7
