instance,it_bb,it_box,p_true_pb,runtime_bb,runtime_box,runtime_pb,θ_bb,θ_box,θ_pb
17,25904,141,1,3600.003,3600.029,18.758,3.2672836360109735e7,3.156531160535006e7,3.699211939051355e7
