instance,it_bb,it_box,p_true_pb,runtime_bb,runtime_box,runtime_pb,θ_bb,θ_box,θ_pb
31,17,17,1,0.635,2.479,9.751,3.96766779031746e7,3.96766779031746e7,3.9676677903174594e7
