instance,it_bb,it_box,p_true_pb,runtime_bb,runtime_box,runtime_pb,θ_bb,θ_box,θ_pb
43,34018,150,1,3600.021,3600.02,9.509,4.289262235331333e7,3.597879974859143e7,4.289262235331333e7
