instance,it_bb,it_box,p_true_pb,runtime_bb,runtime_box,runtime_pb,θ_bb,θ_box,θ_pb
4,16,13,1,0.663,2.966,12.492,2.848289548488076e7,2.848289548488076e7,2.848289548488076e7
