instance,it_bb,it_box,p_true_pb,runtime_bb,runtime_box,runtime_pb,θ_bb,θ_box,θ_pb
16,23832,58,1,3600.002,3600.04,19.47,2.6343257451726146e7,1.9518901543047637e7,2.6343257451726142e7
