instance,it_bb,it_box,p_true_pb,runtime_bb,runtime_box,runtime_pb,θ_bb,θ_box,θ_pb
13,26520,59,1,3600.098,3600.064,10.243,3.013599425350395e7,2.1029202030573055e7,3.0132975358277902e7
