instance,it_bb,it_box,p_true_pb,runtime_bb,runtime_box,runtime_pb,θ_bb,θ_box,θ_pb
30,39006,162,1,3600.111,564.772,9.792,2.993803378271561e7,2.6287143480337307e7,3.0181426469540834e7
