instance,it_bb,it_box,p_true_pb,runtime_bb,runtime_box,runtime_pb,θ_bb,θ_box,θ_pb
27,29479,118,1,3600.09,3600.043,10.856,4.103011171136481e7,3.4071370342235945e7,4.102686730507045e7
