instance,it_bb,it_box,p_true_pb,runtime_bb,runtime_box,runtime_pb,θ_bb,θ_box,θ_pb
29,11,11,1,0.39,2.213,10.289,2.7021386089335974e7,2.7021386089335974e7,2.7021386089335974e7
