instance,it_bb,it_box,p_true_pb,runtime_bb,runtime_box,runtime_pb,θ_bb,θ_box,θ_pb
32,32686,156,1,3600.021,3600.032,9.786,3.124225082420683e7,2.6972538219511766e7,3.1242250824206837e7
