instance,it_bb,it_box,p_true_pb,runtime_bb,runtime_box,runtime_pb,θ_bb,θ_box,θ_pb
7,17,16,1,0.625,2.25,9.309,4.0906641704874374e7,4.0906641704874374e7,4.0906641704874374e7
