instance,it_bb,it_box,p_true_pb,runtime_bb,runtime_box,runtime_pb,θ_bb,θ_box,θ_pb
41,31374,176,1,3600.119,3600.021,10.285,3.02081283694394e7,2.607349390003494e7,3.0208128369439404e7
