instance,it_bb,it_box,p_true_pb,runtime_bb,runtime_box,runtime_pb,θ_bb,θ_box,θ_pb
10,25505,64,1,3600.149,3600.03,11.093,3.152939356083325e7,1.9880390620121304e7,3.1529393560833253e7
