instance,it_bb,it_box,p_true_pb,runtime_bb,runtime_box,runtime_pb,θ_bb,θ_box,θ_pb
47,36643,197,1,3600.087,3600.023,9.576,2.7795420496962033e7,2.3316110049513314e7,2.7795420496962033e7
