instance,it_bb,it_box,p_true_pb,runtime_bb,runtime_box,runtime_pb,θ_bb,θ_box,θ_pb
23,25537,72,1,3600.194,3600.062,12.172,3.379328639377667e7,1.95848755754974e7,3.379328639377668e7
