instance,it_bb,it_box,p_true_pb,runtime_bb,runtime_box,runtime_pb,θ_bb,θ_box,θ_pb
36,74045,122,1,3600.019,104.691,9.143,1.742625118253861e7,1.7001216549739778e7,1.9126304783202093e7
