instance,it_bb,it_box,p_true_pb,runtime_bb,runtime_box,runtime_pb,θ_bb,θ_box,θ_pb
41,29959,72,1,3600.005,3600.041,9.74,2.586153444009582e7,1.5769489687695153e7,2.586153444009582e7
