instance,it_bb,it_box,p_true_pb,runtime_bb,runtime_box,runtime_pb,θ_bb,θ_box,θ_pb
19,40967,154,1,3600.1,587.586,9.877,2.264802036230862e7,1.9761556162556086e7,2.2759037933077414e7
