instance,it_bb,it_box,p_true_pb,runtime_bb,runtime_box,runtime_pb,θ_bb,θ_box,θ_pb
32,69800,108,1,3600.096,94.305,10.619,1.726717009358288e7,1.7030653709372398e7,1.8213167639196064e7
