instance,it_bb,it_box,p_true_pb,runtime_bb,runtime_box,runtime_pb,θ_bb,θ_box,θ_pb
7,36380,177,1,3600.132,3600.025,9.953,2.762603779495125e7,2.380803308044394e7,2.7626037794951245e7
