instance,it_bb,it_box,p_true_pb,runtime_bb,runtime_box,runtime_pb,θ_bb,θ_box,θ_pb
8,8,7,1,0.376,2.385,11.08,2.2253970865077503e7,2.2253970865077503e7,2.2253970865077503e7
