instance,it_bb,it_box,p_true_pb,runtime_bb,runtime_box,runtime_pb,θ_bb,θ_box,θ_pb
28,40715,183,1,3600.098,719.962,9.672,3.095666355688695e7,2.700126311335938e7,3.1216015895240836e7
