instance,it_bb,it_box,p_true_pb,runtime_bb,runtime_box,runtime_pb,θ_bb,θ_box,θ_pb
9,13,12,1,0.505,2.502,11.362,3.210645231288719e7,3.210645231288719e7,3.2106452312887195e7
