instance,it_bb,it_box,p_true_pb,runtime_bb,runtime_box,runtime_pb,θ_bb,θ_box,θ_pb
23,12,11,1,0.417,2.253,9.918,3.379328639377667e7,3.379328639377667e7,3.379328639377668e7
