instance,it_bb,it_box,p_true_pb,runtime_bb,runtime_box,runtime_pb,θ_bb,θ_box,θ_pb
15,39893,129,1,3600.156,558.836,9.097,2.4707473962133817e7,2.1388676625406552e7,2.4953311306733858e7
