instance,it_bb,it_box,p_true_pb,runtime_bb,runtime_box,runtime_pb,θ_bb,θ_box,θ_pb
49,12,11,1,0.453,2.655,12.064,2.5883833267816275e7,2.5883833267816275e7,2.588383326781628e7
