instance,it_bb,it_box,p_true_pb,runtime_bb,runtime_box,runtime_pb,θ_bb,θ_box,θ_pb
8,101621,93,1,3600.001,59.461,9.669,2.0301960553651135e7,2.0301895046877813e7,2.2253970865077503e7
