instance,it_bb,it_box,p_true_pb,runtime_bb,runtime_box,runtime_pb,θ_bb,θ_box,θ_pb
3,32071,154,1,3600.145,2406.013,11.212,2.5073526950598136e7,2.179774754400336e7,2.5073526950598143e7
