instance,it_bb,it_box,p_true_pb,runtime_bb,runtime_box,runtime_pb,θ_bb,θ_box,θ_pb
31,12,11,1,0.555,2.894,12.338,2.9316757006741874e7,2.9316757006741874e7,2.9316757006741874e7
