instance,it_bb,it_box,p_true_pb,runtime_bb,runtime_box,runtime_pb,θ_bb,θ_box,θ_pb
34,37881,165,1,3600.038,3570.753,9.786,3.159450131934908e7,2.6811329150170974e7,3.159450131934908e7
