instance,it_bb,it_box,p_true_pb,runtime_bb,runtime_box,runtime_pb,θ_bb,θ_box,θ_pb
35,13,11,1,0.372,2.175,9.926,2.034280451239603e7,2.034280451239603e7,2.0342804512396026e7
