instance,it_bb,it_box,p_true_pb,runtime_bb,runtime_box,runtime_pb,θ_bb,θ_box,θ_pb
19,29503,78,1,3600.027,3600.044,9.618,2.275903793307741e7,1.4876803977369584e7,2.2759037933077414e7
