instance,it_bb,it_box,p_true_pb,runtime_bb,runtime_box,runtime_pb,θ_bb,θ_box,θ_pb
18,35191,167,1,3600.069,2464.242,10.251,2.6445532054547872e7,2.2536298213124853e7,2.6445532054547872e7
