instance,it_bb,it_box,p_true_pb,runtime_bb,runtime_box,runtime_pb,θ_bb,θ_box,θ_pb
22,35443,166,1,3600.146,3600.04,10.277,2.748267981296368e7,2.3521268404190734e7,2.7482679812963687e7
