instance,it_bb,it_box,p_true_pb,runtime_bb,runtime_box,runtime_pb,θ_bb,θ_box,θ_pb
37,16,15,1,0.506,2.154,9.231,3.713298633774029e7,3.713298633774029e7,3.713298633774028e7
