instance,it_bb,it_box,p_true_pb,runtime_bb,runtime_box,runtime_pb,θ_bb,θ_box,θ_pb
23,36839,154,1,3600.102,1914.572,9.987,3.3665282487586275e7,2.8033123764879435e7,3.379328639377668e7
