instance,it_bb,it_box,p_true_pb,runtime_bb,runtime_box,runtime_pb,θ_bb,θ_box,θ_pb
32,27863,84,1,3600.129,3600.053,13.113,1.8213167639196057e7,1.4310837140992515e7,1.8213167639196064e7
