instance,it_bb,it_box,p_true_pb,runtime_bb,runtime_box,runtime_pb,θ_bb,θ_box,θ_pb
20,13,12,1,0.485,2.73,12.039,2.246365348923435e7,2.246365348923435e7,2.246365348923435e7
