instance,it_bb,it_box,p_true_pb,runtime_bb,runtime_box,runtime_pb,θ_bb,θ_box,θ_pb
39,14,12,1,0.525,2.414,10.632,3.0760184424443558e7,3.0760184424443558e7,3.0760184424443565e7
