instance,it_bb,it_box,p_true_pb,runtime_bb,runtime_box,runtime_pb,θ_bb,θ_box,θ_pb
14,40918,172,1,3600.045,1030.192,9.346,1.6534130227230655e7,1.4752039320458503e7,1.6633135277606886e7
