instance,it_bb,it_box,p_true_pb,runtime_bb,runtime_box,runtime_pb,θ_bb,θ_box,θ_pb
21,38043,190,1,3600.123,3600.03,9.438,2.5910723728203204e7,2.251634849691911e7,2.5910723728203204e7
