instance,it_bb,it_box,p_true_pb,runtime_bb,runtime_box,runtime_pb,θ_bb,θ_box,θ_pb
14,12,10,1,0.415,2.678,12.055,1.6633135277606886e7,1.6633135277606886e7,1.6633135277606886e7
