instance,it_bb,it_box,p_true_pb,runtime_bb,runtime_box,runtime_pb,θ_bb,θ_box,θ_pb
8,30667,81,1,3600.072,3600.03,9.717,2.22539708650775e7,1.678815857411836e7,2.2253970865077503e7
