instance,it_bb,it_box,p_true_pb,runtime_bb,runtime_box,runtime_pb,θ_bb,θ_box,θ_pb
2,39780,193,1,3600.087,3600.025,9.425,3.444086816692806e7,2.8419884596139167e7,3.444086816692805e7
