instance,it_bb,it_box,p_true_pb,runtime_bb,runtime_box,runtime_pb,θ_bb,θ_box,θ_pb
33,35957,137,1,3600.144,369.181,12.355,2.056420338869121e7,1.7918626831896856e7,2.080471118482265e7
