instance,it_bb,it_box,p_true_pb,runtime_bb,runtime_box,runtime_pb,θ_bb,θ_box,θ_pb
19,10,11,1,0.349,1.897,8.707,2.275903793307741e7,2.275903793307741e7,2.2759037933077414e7
