instance,it_bb,it_box,p_true_pb,runtime_bb,runtime_box,runtime_pb,θ_bb,θ_box,θ_pb
28,12,12,1,0.353,2.43,10.838,3.121601589524084e7,3.121601589524084e7,3.1216015895240836e7
