instance,it_bb,it_box,p_true_pb,runtime_bb,runtime_box,runtime_pb,θ_bb,θ_box,θ_pb
9,36228,194,1,3600.008,2366.782,9.431,3.210645231288719e7,2.6373244578782834e7,3.2106452312887195e7
