instance,it_bb,it_box,p_true_pb,runtime_bb,runtime_box,runtime_pb,θ_bb,θ_box,θ_pb
17,15,15,1,0.532,2.329,10.129,2.4583874393952504e7,2.4583874393952504e7,2.4583874393952508e7
