instance,it_bb,it_box,p_true_pb,runtime_bb,runtime_box,runtime_pb,θ_bb,θ_box,θ_pb
46,9,8,1,0.475,2.558,11.106,1.7596310631380506e7,1.7596310631380506e7,1.7596310631380502e7
