instance,it_bb,it_box,p_true_pb,runtime_bb,runtime_box,runtime_pb,θ_bb,θ_box,θ_pb
46,35166,164,1,3600.001,968.714,10.287,1.7179349369618617e7,1.5292088234340845e7,1.7596310631380502e7
