instance,it_bb,it_box,p_true_pb,runtime_bb,runtime_box,runtime_pb,θ_bb,θ_box,θ_pb
28,29481,70,1,3600.002,3600.035,9.395,3.121601589524084e7,1.9230483258812837e7,3.1216015895240836e7
