instance,it_bb,it_box,p_true_pb,runtime_bb,runtime_box,runtime_pb,θ_bb,θ_box,θ_pb
27,33472,163,1,3600.092,2249.003,14.825,2.5240096874185756e7,2.1890730366919044e7,2.535971710658814e7
