instance,it_bb,it_box,p_true_pb,runtime_bb,runtime_box,runtime_pb,θ_bb,θ_box,θ_pb
25,32702,174,1,3600.158,3600.042,11.549,3.497370958451249e7,2.802975537959438e7,3.497370958451249e7
