instance,it_bb,it_box,p_true_pb,runtime_bb,runtime_box,runtime_pb,θ_bb,θ_box,θ_pb
33,26791,77,1,3600.117,3600.046,14.333,2.080471118482265e7,1.3589612245174583e7,2.080471118482265e7
