instance,it_bb,it_box,p_true_pb,runtime_bb,runtime_box,runtime_pb,θ_bb,θ_box,θ_pb
1,37659,170,1,3600.122,2088.439,11.214,2.3151726786510296e7,1.9627195699677337e7,2.3351134324790318e7
