instance,it_bb,it_box,p_true_pb,runtime_bb,runtime_box,runtime_pb,θ_bb,θ_box,θ_pb
20,32161,121,1,3600.106,334.899,12.934,2.246365348923435e7,1.8552100089368768e7,2.246365348923435e7
