instance,it_bb,it_box,p_true_pb,runtime_bb,runtime_box,runtime_pb,θ_bb,θ_box,θ_pb
2,15,14,1,0.47,2.652,11.145,3.444086816692806e7,3.444086816692806e7,3.444086816692805e7
