instance,it_bb,it_box,p_true_pb,runtime_bb,runtime_box,runtime_pb,θ_bb,θ_box,θ_pb
14,30153,75,1,3600.152,3600.047,8.995,1.6633135277606886e7,1.0593856987346506e7,1.6633135277606886e7
