instance,it_bb,it_box,p_true_pb,runtime_bb,runtime_box,runtime_pb,θ_bb,θ_box,θ_pb
36,9,8,1,0.328,2.122,9.774,1.9126304783202097e7,1.9126304783202097e7,1.9126304783202093e7
