instance,it_bb,it_box,p_true_pb,runtime_bb,runtime_box,runtime_pb,θ_bb,θ_box,θ_pb
6,14,13,1,0.402,1.952,8.74,3.1656117300856065e7,3.1656117300856065e7,3.1656117300856058e7
