instance,it_bb,it_box,p_true_pb,runtime_bb,runtime_box,runtime_pb,θ_bb,θ_box,θ_pb
6,32819,160,1,3600.07,3600.038,11.79,3.165611730085606e7,2.6777038268131662e7,3.1656117300856058e7
