instance,it_bb,it_box,p_true_pb,runtime_bb,runtime_box,runtime_pb,θ_bb,θ_box,θ_pb
12,38243,176,1,3600.116,1251.668,8.92,3.0317995261391647e7,2.5120702462073002e7,3.0441740968387894e7
