instance,it_bb,it_box,p_true_pb,runtime_bb,runtime_box,runtime_pb,θ_bb,θ_box,θ_pb
26,36722,179,1,3600.002,3600.036,9.596,3.1259846498918105e7,2.5576333107316613e7,3.1259846498918112e7
