instance,it_bb,it_box,p_true_pb,runtime_bb,runtime_box,runtime_pb,θ_bb,θ_box,θ_pb
24,39219,90,1,3600.095,105.376,9.788,2.591181849847393e7,2.2031366240232382e7,2.6036994374744084e7
