instance,it_bb,it_box,p_true_pb,runtime_bb,runtime_box,runtime_pb,θ_bb,θ_box,θ_pb
17,34205,145,1,3600.074,3600.033,9.656,2.4583874393952504e7,2.0304553805363715e7,2.4583874393952508e7
