instance,it_bb,it_box,p_true_pb,runtime_bb,runtime_box,runtime_pb,θ_bb,θ_box,θ_pb
16,13,12,1,0.407,2.413,10.071,2.9530095693805423e7,2.9530095693805423e7,2.9530095693805426e7
