instance,it_bb,it_box,p_true_pb,runtime_bb,runtime_box,runtime_pb,θ_bb,θ_box,θ_pb
27,30389,68,1,3600.151,3600.298,8.989,2.5359717106588136e7,1.6627443915289514e7,2.535971710658814e7
