instance,it_bb,it_box,p_true_pb,runtime_bb,runtime_box,runtime_pb,θ_bb,θ_box,θ_pb
13,41342,121,1,3600.128,169.122,9.277,2.779219297160565e7,2.3752017109096695e7,2.803705211478801e7
