instance,it_bb,it_box,p_true_pb,runtime_bb,runtime_box,runtime_pb,θ_bb,θ_box,θ_pb
50,41144,126,1,3600.024,750.543,10.577,2.645004723477316e7,2.2633929312066894e7,2.6581637507969927e7
