instance,it_bb,it_box,p_true_pb,runtime_bb,runtime_box,runtime_pb,θ_bb,θ_box,θ_pb
11,33926,179,1,3600.103,3600.033,11.487,2.9098826130792815e7,2.4172745271622293e7,2.9098826130792823e7
