instance,it_bb,it_box,p_true_pb,runtime_bb,runtime_box,runtime_pb,θ_bb,θ_box,θ_pb
50,12,12,1,0.482,2.694,11.223,2.6581637507969927e7,2.6581637507969927e7,2.6581637507969927e7
