instance,it_bb,it_box,p_true_pb,runtime_bb,runtime_box,runtime_pb,θ_bb,θ_box,θ_pb
31,34394,200,1,3600.104,3600.028,9.606,2.9096339221615534e7,2.402693918655159e7,2.9316757006741874e7
