instance,it_bb,it_box,p_true_pb,runtime_bb,runtime_box,runtime_pb,θ_bb,θ_box,θ_pb
40,43112,157,1,3600.014,1369.113,8.714,2.715842017825494e7,2.3243891464302834e7,2.7158420178254947e7
