instance,it_bb,it_box,p_true_pb,runtime_bb,runtime_box,runtime_pb,θ_bb,θ_box,θ_pb
29,13,12,1,0.478,2.785,12.112,2.78362543613708e7,2.78362543613708e7,2.7836254361370802e7
