instance,it_bb,it_box,p_true_pb,runtime_bb,runtime_box,runtime_pb,θ_bb,θ_box,θ_pb
44,16,15,1,0.971,3.167,11.796,3.4182323655318215e7,3.4182323655318215e7,3.418232365531821e7
