instance,it_bb,it_box,p_true_pb,runtime_bb,runtime_box,runtime_pb,θ_bb,θ_box,θ_pb
30,36768,163,1,3600.061,2014.386,9.582,3.318823315842339e7,2.7361532956704956e7,3.3188233158423387e7
