instance,it_bb,it_box,p_true_pb,runtime_bb,runtime_box,runtime_pb,θ_bb,θ_box,θ_pb
36,29530,80,1,3600.104,3600.023,9.345,1.9126304783202097e7,1.402611873472664e7,1.9126304783202093e7
