instance,it_bb,it_box,p_true_pb,runtime_bb,runtime_box,runtime_pb,θ_bb,θ_box,θ_pb
34,14,13,1,0.488,2.32,10.39,3.159450131934908e7,3.159450131934908e7,3.159450131934908e7
