instance,it_bb,it_box,p_true_pb,runtime_bb,runtime_box,runtime_pb,θ_bb,θ_box,θ_pb
43,38005,168,1,3600.063,1852.042,10.129,2.8715214913160976e7,2.3539194434887297e7,2.871521491316098e7
