instance,it_bb,it_box,p_true_pb,runtime_bb,runtime_box,runtime_pb,θ_bb,θ_box,θ_pb
5,13,11,1,0.428,2.345,10.461,2.5414154168637775e7,2.5414154168637775e7,2.541415416863778e7
