instance,it_bb,it_box,p_true_pb,runtime_bb,runtime_box,runtime_pb,θ_bb,θ_box,θ_pb
33,10,11,1,0.364,2.27,9.995,2.0804711184822645e7,2.0804711184822645e7,2.080471118482265e7
