instance,it_bb,it_box,p_true_pb,runtime_bb,runtime_box,runtime_pb,θ_bb,θ_box,θ_pb
48,8,8,1,0.386,2.688,11.68,2.134083837716128e7,2.134083837716128e7,2.134083837716128e7
