instance,it_bb,it_box,p_true_pb,runtime_bb,runtime_box,runtime_pb,θ_bb,θ_box,θ_pb
15,29021,71,1,3600.068,3600.062,9.555,2.4953311306733854e7,1.6472113710375957e7,2.4953311306733858e7
