instance,it_bb,it_box,p_true_pb,runtime_bb,runtime_box,runtime_pb,θ_bb,θ_box,θ_pb
13,12,11,1,0.343,1.896,8.653,2.803705211478801e7,2.803705211478801e7,2.803705211478801e7
