instance,it_bb,it_box,p_true_pb,runtime_bb,runtime_box,runtime_pb,θ_bb,θ_box,θ_pb
45,9,8,1,0.389,2.691,12.142,2.05557837048679e7,2.05557837048679e7,2.05557837048679e7
