instance,it_bb,it_box,p_true_pb,runtime_bb,runtime_box,runtime_pb,θ_bb,θ_box,θ_pb
35,33356,134,1,3600.01,1214.405,14.048,2.023103242285664e7,1.7436768744622234e7,2.0342804512396026e7
