instance,it_bb,it_box,p_true_pb,runtime_bb,runtime_box,runtime_pb,θ_bb,θ_box,θ_pb
10,14,13,1,0.428,2.272,10.088,3.3287936925909467e7,3.3287936925909467e7,3.3287936925909467e7
