instance,it_bb,it_box,p_true_pb,runtime_bb,runtime_box,runtime_pb,θ_bb,θ_box,θ_pb
1,13,12,1,0.552,2.793,12.184,2.335113432479032e7,2.335113432479032e7,2.3351134324790318e7
