instance,it_bb,it_box,p_true_pb,runtime_bb,runtime_box,runtime_pb,θ_bb,θ_box,θ_pb
44,33532,174,1,3600.075,3600.024,10.196,3.4182323655318215e7,2.7766037753120113e7,3.418232365531821e7
