instance,it_bb,it_box,p_true_pb,runtime_bb,runtime_box,runtime_pb,θ_bb,θ_box,θ_pb
30,14,13,1,0.54,2.778,11.909,3.318823315842339e7,3.318823315842339e7,3.3188233158423387e7
