instance,it_bb,it_box,p_true_pb,runtime_bb,runtime_box,runtime_pb,θ_bb,θ_box,θ_pb
31,26595,79,1,3600.197,3600.034,10.246,2.9316757006741874e7,1.8075683211304996e7,2.9316757006741874e7
