instance,it_bb,it_box,p_true_pb,runtime_bb,runtime_box,runtime_pb,θ_bb,θ_box,θ_pb
48,42192,129,1,3600.033,445.391,9.433,2.0760967701924123e7,1.878943430606216e7,2.134083837716128e7
