instance,it_bb,it_box,p_true_pb,runtime_bb,runtime_box,runtime_pb,θ_bb,θ_box,θ_pb
38,31133,173,1,3600.106,3600.031,13.573,4.286844652230331e7,3.419852421003827e7,4.286844652230331e7
