instance,it_bb,it_box,p_true_pb,runtime_bb,runtime_box,runtime_pb,θ_bb,θ_box,θ_pb
29,42721,98,1,3600.087,304.778,8.877,2.7726231636445444e7,2.266521844330945e7,2.7836254361370802e7
