instance,it_bb,it_box,p_true_pb,runtime_bb,runtime_box,runtime_pb,θ_bb,θ_box,θ_pb
12,14,13,1,0.44,2.406,10.146,3.0441740968387887e7,3.0441740968387887e7,3.0441740968387894e7
