instance,it_bb,it_box,p_true_pb,runtime_bb,runtime_box,runtime_pb,θ_bb,θ_box,θ_pb
16,38609,176,1,3600.072,3600.031,9.47,2.953009569380542e7,2.4830062639894698e7,2.9530095693805426e7
