instance,it_bb,it_box,p_true_pb,runtime_bb,runtime_box,runtime_pb,θ_bb,θ_box,θ_pb
5,27315,79,1,3600.161,3600.068,12.694,2.5414154168637775e7,1.6822014762900513e7,2.541415416863778e7
