instance,it_bb,it_box,p_true_pb,runtime_bb,runtime_box,runtime_pb,θ_bb,θ_box,θ_pb
18,28900,71,1,3600.204,3600.034,9.465,2.6445532054547876e7,1.6097497492289651e7,2.6445532054547872e7
