instance,it_bb,it_box,p_true_pb,runtime_bb,runtime_box,runtime_pb,θ_bb,θ_box,θ_pb
10,36337,166,1,3600.108,3600.026,11.067,3.3165558129257943e7,2.814797871632933e7,3.3287936925909467e7
