instance,it_bb,it_box,p_true_pb,runtime_bb,runtime_box,runtime_pb,θ_bb,θ_box,θ_pb
38,16,15,1,0.554,2.445,10.187,4.286844652230331e7,4.286844652230331e7,4.286844652230331e7
