instance,it_bb,it_box,p_true_pb,runtime_bb,runtime_box,runtime_pb,θ_bb,θ_box,θ_pb
37,30524,163,1,3600.087,3600.041,13.644,3.713298633774029e7,2.977454615140641e7,3.713298633774028e7
