instance,it_bb,it_box,p_true_pb,runtime_bb,runtime_box,runtime_pb,θ_bb,θ_box,θ_pb
13,24652,70,1,3600.049,3600.03,13.338,2.803705211478801e7,1.8487563638599947e7,2.803705211478801e7
