instance,it_bb,it_box,p_true_pb,runtime_bb,runtime_box,runtime_pb,θ_bb,θ_box,θ_pb
4,31798,119,1,3600.019,584.274,12.009,2.583875041514038e7,2.125065364196744e7,2.583875041514038e7
