instance,it_bb,it_box,p_true_pb,runtime_bb,runtime_box,runtime_pb,θ_bb,θ_box,θ_pb
21,12,12,1,0.43,2.722,12.142,2.5910723728203207e7,2.5910723728203207e7,2.5910723728203204e7
