instance,it_bb,it_box,p_true_pb,runtime_bb,runtime_box,runtime_pb,θ_bb,θ_box,θ_pb
4,14,13,1,0.376,2.213,9.796,2.583875041514038e7,2.583875041514038e7,2.583875041514038e7
