instance,it_bb,it_box,p_true_pb,runtime_bb,runtime_box,runtime_pb,θ_bb,θ_box,θ_pb
41,13,12,1,0.408,2.265,9.751,2.586153444009582e7,2.586153444009582e7,2.586153444009582e7
