instance,it_bb,it_box,p_true_pb,runtime_bb,runtime_box,runtime_pb,θ_bb,θ_box,θ_pb
27,11,10,1,0.505,3.013,12.894,2.535971710658814e7,2.535971710658814e7,2.535971710658814e7
