instance,it_bb,it_box,p_true_pb,runtime_bb,runtime_box,runtime_pb,θ_bb,θ_box,θ_pb
45,44229,69,1,3600.101,35.642,10.121,2.0085958205347065e7,1.738446158310228e7,2.05557837048679e7
