instance,it_bb,it_box,p_true_pb,runtime_bb,runtime_box,runtime_pb,θ_bb,θ_box,θ_pb
24,28114,69,1,3600.197,3600.056,12.912,2.6036994374744084e7,1.7149528577182848e7,2.6036994374744084e7
