instance,it_bb,it_box,p_true_pb,runtime_bb,runtime_box,runtime_pb,θ_bb,θ_box,θ_pb
47,15,14,1,0.677,2.732,11.762,2.7795420496962033e7,2.7795420496962033e7,2.7795420496962033e7
