instance,it_bb,it_box,p_true_pb,runtime_bb,runtime_box,runtime_pb,θ_bb,θ_box,θ_pb
5,33619,160,1,3600.046,1255.438,12.127,2.5051105458127048e7,2.2146797710969154e7,2.541415416863778e7
