instance,it_bb,it_box,p_true_pb,runtime_bb,runtime_box,runtime_pb,θ_bb,θ_box,θ_pb
43,12,11,1,0.445,2.378,9.929,2.871521491316098e7,2.871521491316098e7,2.871521491316098e7
