instance,it_bb,it_box,p_true_pb,runtime_bb,runtime_box,runtime_pb,θ_bb,θ_box,θ_pb
42,6,4,1,0.264,2.004,9.048,1.602279619548483e7,1.602279619548483e7,1.602279619548483e7
