instance,it_bb,it_box,p_true_pb,runtime_bb,runtime_box,runtime_pb,θ_bb,θ_box,θ_pb
7,14,13,1,0.552,2.791,12.349,2.7626037794951253e7,2.7626037794951253e7,2.7626037794951245e7
