instance,it_bb,it_box,p_true_pb,runtime_bb,runtime_box,runtime_pb,θ_bb,θ_box,θ_pb
35,28868,75,1,3600.126,3600.054,9.664,2.034280451239603e7,1.307764854268866e7,2.0342804512396026e7
