instance,it_bb,it_box,p_true_pb,runtime_bb,runtime_box,runtime_pb,θ_bb,θ_box,θ_pb
22,13,12,1,0.408,2.184,9.768,2.7482679812963683e7,2.7482679812963683e7,2.7482679812963687e7
