instance,it_bb,it_box,p_true_pb,runtime_bb,runtime_box,runtime_pb,θ_bb,θ_box,θ_pb
42,35193,91,1,3600.221,3600.053,8.82,1.6022796195484828e7,1.3166173539633896e7,1.602279619548483e7
