instance,it_bb,it_box,p_true_pb,runtime_bb,runtime_box,runtime_pb,θ_bb,θ_box,θ_pb
12,28398,73,1,3600.002,3600.07,9.239,1.8562214196311723e7,1.819091597575984e7,3.0441740968387894e7
