instance,it_bb,it_box,p_true_pb,runtime_bb,runtime_box,runtime_pb,θ_bb,θ_box,θ_pb
50,42137,158,1,3600.064,816.682,9.348,2.4982271560316052e7,2.280993289822279e7,2.5118043427799705e7
