instance,it_bb,it_box,p_true_pb,runtime_bb,runtime_box,runtime_pb,θ_bb,θ_box,θ_pb
9,15,14,1,0.46,2.287,9.585,3.3337186985151198e7,3.3337186985151198e7,3.3337186985151194e7
