instance,it_bb,it_box,p_true_pb,runtime_bb,runtime_box,runtime_pb,θ_bb,θ_box,θ_pb
20,26716,69,1,3600.083,3600.053,12.73,3.1348776007204417e7,1.950626617873715e7,3.1348776007204413e7
