instance,it_bb,it_box,p_true_pb,runtime_bb,runtime_box,runtime_pb,θ_bb,θ_box,θ_pb
15,8,9,1,0.337,2.448,10.655,2.2634320738637585e7,2.2634320738637585e7,2.2634320738637585e7
