instance,it_bb,it_box,p_true_pb,runtime_bb,runtime_box,runtime_pb,θ_bb,θ_box,θ_pb
40,30996,91,1,3600.167,3600.03,9.42,1.281992487516427e7,1.0208591649800757e7,1.2938621968641749e7
