instance,it_bb,it_box,p_true_pb,runtime_bb,runtime_box,runtime_pb,θ_bb,θ_box,θ_pb
19,45726,180,1,3600.001,1571.456,9.837,1.8462061407198034e7,1.747664604961068e7,1.98795816813451e7
