instance,it_bb,it_box,p_true_pb,runtime_bb,runtime_box,runtime_pb,θ_bb,θ_box,θ_pb
21,13,12,1,0.432,2.502,10.374,3.0900317830647126e7,3.0900317830647126e7,3.0900317830647126e7
