instance,it_bb,it_box,p_true_pb,runtime_bb,runtime_box,runtime_pb,θ_bb,θ_box,θ_pb
9,35086,230,1,3600.085,3600.034,9.989,3.333718698515119e7,2.6443954242849816e7,3.3337186985151194e7
