instance,it_bb,it_box,p_true_pb,runtime_bb,runtime_box,runtime_pb,θ_bb,θ_box,θ_pb
45,31167,80,1,3600.177,3600.022,8.75,1.9779804941836603e7,1.1851003116372146e7,1.9779804941836603e7
