instance,it_bb,it_box,p_true_pb,runtime_bb,runtime_box,runtime_pb,θ_bb,θ_box,θ_pb
2,27271,76,1,3600.017,3600.083,12.139,1.6534007545271218e7,1.11165253560252e7,1.653400754527122e7
