instance,it_bb,it_box,p_true_pb,runtime_bb,runtime_box,runtime_pb,θ_bb,θ_box,θ_pb
26,34544,182,1,3600.076,3600.029,12.078,3.3305546309746377e7,2.7671242841846455e7,3.330554630974638e7
