instance,it_bb,it_box,p_true_pb,runtime_bb,runtime_box,runtime_pb,θ_bb,θ_box,θ_pb
29,13,13,1,0.433,2.73,11.954,3.0215748647092704e7,3.0215748647092704e7,3.0215748647092707e7
