instance,it_bb,it_box,p_true_pb,runtime_bb,runtime_box,runtime_pb,θ_bb,θ_box,θ_pb
1,34474,162,1,3600.007,2368.688,11.963,2.42973082562885e7,2.0810306294104554e7,2.4409793810916632e7
