instance,it_bb,it_box,p_true_pb,runtime_bb,runtime_box,runtime_pb,θ_bb,θ_box,θ_pb
5,26487,73,1,3600.151,3600.053,12.227,2.3953345010687765e7,1.569778765326115e7,2.395334501068777e7
