instance,it_bb,it_box,p_true_pb,runtime_bb,runtime_box,runtime_pb,θ_bb,θ_box,θ_pb
30,39442,103,1,3600.047,258.785,12.684,1.775981122562357e7,1.6225102132668165e7,1.8856032006306e7
