instance,it_bb,it_box,p_true_pb,runtime_bb,runtime_box,runtime_pb,θ_bb,θ_box,θ_pb
5,35577,133,1,3600.095,1078.292,11.352,2.3720793941027787e7,2.093024050207767e7,2.395334501068777e7
