instance,it_bb,it_box,p_true_pb,runtime_bb,runtime_box,runtime_pb,θ_bb,θ_box,θ_pb
38,40145,116,1,3600.122,360.013,9.114,2.4855914574774586e7,2.115858555389669e7,2.5188591276747555e7
