instance,it_bb,it_box,p_true_pb,runtime_bb,runtime_box,runtime_pb,θ_bb,θ_box,θ_pb
14,26868,87,1,3600.184,3600.046,12.622,2.0617483706127007e7,1.3110499106020382e7,2.0617483706127003e7
