instance,it_bb,it_box,p_true_pb,runtime_bb,runtime_box,runtime_pb,θ_bb,θ_box,θ_pb
33,35599,189,1,3600.095,3600.042,9.839,2.866108486252798e7,2.3964719700375006e7,2.878150150650062e7
