instance,it_bb,it_box,p_true_pb,runtime_bb,runtime_box,runtime_pb,θ_bb,θ_box,θ_pb
6,37388,141,1,3600.105,874.051,9.663,2.73931222829523e7,2.4041276707556006e7,2.7509778545525823e7
