instance,it_bb,it_box,p_true_pb,runtime_bb,runtime_box,runtime_pb,θ_bb,θ_box,θ_pb
32,37369,143,1,3600.126,805.816,9.833,2.3302210554448914e7,1.97174186123263e7,2.340764645869537e7
