instance,it_bb,it_box,p_true_pb,runtime_bb,runtime_box,runtime_pb,θ_bb,θ_box,θ_pb
12,9,8,1,0.329,2.176,9.126,1.4475224046683045e7,1.4475224046683045e7,1.4475224046683045e7
