instance,it_bb,it_box,p_true_pb,runtime_bb,runtime_box,runtime_pb,θ_bb,θ_box,θ_pb
13,34495,112,1,3600.094,208.16,10.46,1.9142042408787206e7,1.6703682703407412e7,1.9385874796476662e7
