instance,it_bb,it_box,p_true_pb,runtime_bb,runtime_box,runtime_pb,θ_bb,θ_box,θ_pb
44,8,7,1,0.359,2.681,12.05,1.992406557318249e7,1.992406557318249e7,1.9924065573182486e7
