instance,it_bb,it_box,p_true_pb,runtime_bb,runtime_box,runtime_pb,θ_bb,θ_box,θ_pb
11,36970,134,1,3600.142,755.213,11.608,2.822695263610895e7,2.46181189817463e7,2.8355840183994703e7
