instance,it_bb,it_box,p_true_pb,runtime_bb,runtime_box,runtime_pb,θ_bb,θ_box,θ_pb
47,11,11,1,0.438,2.187,9.204,2.5023095635492414e7,2.5023095635492414e7,2.5023095635492407e7
