instance,it_bb,it_box,p_true_pb,runtime_bb,runtime_box,runtime_pb,θ_bb,θ_box,θ_pb
24,11,11,1,0.374,2.39,10.633,1.7319269569752034e7,1.7319269569752034e7,1.7319269569752034e7
