instance,it_bb,it_box,p_true_pb,runtime_bb,runtime_box,runtime_pb,θ_bb,θ_box,θ_pb
47,36842,138,1,3600.139,602.114,11.829,2.4769064141381934e7,2.1085607719458524e7,2.5023095635492407e7
