instance,it_bb,it_box,p_true_pb,runtime_bb,runtime_box,runtime_pb,θ_bb,θ_box,θ_pb
22,13,12,1,0.409,2.312,9.537,2.806669910371253e7,2.806669910371253e7,2.8066699103712533e7
