instance,it_bb,it_box,p_true_pb,runtime_bb,runtime_box,runtime_pb,θ_bb,θ_box,θ_pb
13,27914,93,1,3600.23,3600.032,11.617,1.9385874796476655e7,1.3411900187170872e7,1.9385874796476662e7
