instance,it_bb,it_box,p_true_pb,runtime_bb,runtime_box,runtime_pb,θ_bb,θ_box,θ_pb
45,12,10,1,0.414,2.56,11.301,1.9779804941836607e7,1.9779804941836607e7,1.9779804941836603e7
