instance,it_bb,it_box,p_true_pb,runtime_bb,runtime_box,runtime_pb,θ_bb,θ_box,θ_pb
24,40620,128,1,3600.073,677.519,7.886,1.7213666539492477e7,1.5524018013113e7,1.7319269569752034e7
