instance,it_bb,it_box,p_true_pb,runtime_bb,runtime_box,runtime_pb,θ_bb,θ_box,θ_pb
21,36776,163,1,3600.001,884.883,9.926,3.0650128164713398e7,2.5771219469336435e7,3.0900317830647126e7
