instance,it_bb,it_box,p_true_pb,runtime_bb,runtime_box,runtime_pb,θ_bb,θ_box,θ_pb
25,41791,176,1,3600.123,3600.029,9.015,3.705442237288461e7,3.0397276362768874e7,3.705442237288461e7
