instance,it_bb,it_box,p_true_pb,runtime_bb,runtime_box,runtime_pb,θ_bb,θ_box,θ_pb
7,10,9,1,0.399,2.206,9.261,1.7845034406448156e7,1.7845034406448156e7,1.7845034406448152e7
