instance,it_bb,it_box,p_true_pb,runtime_bb,runtime_box,runtime_pb,θ_bb,θ_box,θ_pb
39,23899,71,1,3600.095,3600.078,12.667,2.073595127362171e7,1.3862399331154244e7,2.0735951273621704e7
