instance,it_bb,it_box,p_true_pb,runtime_bb,runtime_box,runtime_pb,θ_bb,θ_box,θ_pb
37,12,11,1,0.415,2.2,9.358,2.3777136852275252e7,2.3777136852275252e7,2.3777136852275256e7
