instance,it_bb,it_box,p_true_pb,runtime_bb,runtime_box,runtime_pb,θ_bb,θ_box,θ_pb
36,11,10,1,0.369,2.269,9.56,1.6498215224322101e7,1.6498215224322101e7,1.64982152243221e7
