instance,it_bb,it_box,p_true_pb,runtime_bb,runtime_box,runtime_pb,θ_bb,θ_box,θ_pb
12,34388,75,1,3600.184,3600.05,8.815,1.4475224046683043e7,1.0065998412248462e7,1.4475224046683045e7
