instance,it_bb,it_box,p_true_pb,runtime_bb,runtime_box,runtime_pb,θ_bb,θ_box,θ_pb
35,36364,164,1,3600.115,3600.05,12.381,3.1662057982162647e7,2.729926666038174e7,3.191136101062399e7
