instance,it_bb,it_box,p_true_pb,runtime_bb,runtime_box,runtime_pb,θ_bb,θ_box,θ_pb
36,37580,82,1,3600.12,86.844,13.641,1.6267485945729202e7,1.4306287039236275e7,1.64982152243221e7
