instance,it_bb,it_box,p_true_pb,runtime_bb,runtime_box,runtime_pb,θ_bb,θ_box,θ_pb
6,26219,70,1,3600.24,3600.046,13.334,2.7509778545525827e7,1.7941537281571105e7,2.7509778545525823e7
