instance,it_bb,it_box,p_true_pb,runtime_bb,runtime_box,runtime_pb,θ_bb,θ_box,θ_pb
23,14,13,1,0.535,2.344,9.571,3.0011319913532354e7,3.0011319913532354e7,3.0011319913532346e7
