instance,it_bb,it_box,p_true_pb,runtime_bb,runtime_box,runtime_pb,θ_bb,θ_box,θ_pb
18,26026,68,1,3600.066,3600.107,12.062,3.2835757780675065e7,2.0015943255494572e7,3.2835757780675057e7
