instance,it_bb,it_box,p_true_pb,runtime_bb,runtime_box,runtime_pb,θ_bb,θ_box,θ_pb
20,13,11,1,0.409,2.436,10.306,3.1348776007204417e7,3.1348776007204417e7,3.1348776007204413e7
