instance,it_bb,it_box,p_true_pb,runtime_bb,runtime_box,runtime_pb,θ_bb,θ_box,θ_pb
45,38176,140,1,3600.167,401.599,11.996,1.9692675815584105e7,1.6033125260105228e7,1.9779804941836603e7
