instance,it_bb,it_box,p_true_pb,runtime_bb,runtime_box,runtime_pb,θ_bb,θ_box,θ_pb
27,37819,180,1,3600.103,3600.029,10.056,2.628900373644217e7,2.2533616156892538e7,2.6289003736442175e7
