instance,it_bb,it_box,p_true_pb,runtime_bb,runtime_box,runtime_pb,θ_bb,θ_box,θ_pb
10,13,14,1,0.443,2.644,10.113,2.5996843862803094e7,2.5996843862803094e7,2.599684386280309e7
