instance,it_bb,it_box,p_true_pb,runtime_bb,runtime_box,runtime_pb,θ_bb,θ_box,θ_pb
37,40228,159,1,3600.01,631.391,9.313,2.355177492115112e7,2.0058664988727003e7,2.3777136852275256e7
