instance,it_bb,it_box,p_true_pb,runtime_bb,runtime_box,runtime_pb,θ_bb,θ_box,θ_pb
41,10,9,1,0.399,2.708,12.065,2.7252823941388324e7,2.7252823941388324e7,2.725282394138832e7
