instance,it_bb,it_box,p_true_pb,runtime_bb,runtime_box,runtime_pb,θ_bb,θ_box,θ_pb
26,29413,70,1,3600.001,3600.031,9.652,3.330554630974638e7,1.9407570717511952e7,3.330554630974638e7
