instance,it_bb,it_box,p_true_pb,runtime_bb,runtime_box,runtime_pb,θ_bb,θ_box,θ_pb
42,30195,83,1,3600.076,3600.036,9.837,2.448559323216926e7,1.6404421204444712e7,2.4485593232169252e7
