instance,it_bb,it_box,p_true_pb,runtime_bb,runtime_box,runtime_pb,θ_bb,θ_box,θ_pb
34,38839,112,1,3600.001,205.978,12.539,1.4816442984482922e7,1.3080261830340307e7,1.5047933805035273e7
