instance,it_bb,it_box,p_true_pb,runtime_bb,runtime_box,runtime_pb,θ_bb,θ_box,θ_pb
24,34261,68,1,3600.061,3600.045,8.876,1.731926956975203e7,1.1722346021471787e7,1.7319269569752034e7
