instance,it_bb,it_box,p_true_pb,runtime_bb,runtime_box,runtime_pb,θ_bb,θ_box,θ_pb
44,66320,69,1,3600.01,27.402,9.819,1.8330216144911423e7,1.730559865530852e7,1.9924065573182486e7
