instance,it_bb,it_box,p_true_pb,runtime_bb,runtime_box,runtime_pb,θ_bb,θ_box,θ_pb
42,11,11,1,0.415,2.733,11.893,2.448559323216926e7,2.448559323216926e7,2.4485593232169252e7
