instance,it_bb,it_box,p_true_pb,runtime_bb,runtime_box,runtime_pb,θ_bb,θ_box,θ_pb
6,12,11,1,0.422,2.441,10.165,2.7509778545525827e7,2.7509778545525827e7,2.7509778545525823e7
