instance,it_bb,it_box,p_true_pb,runtime_bb,runtime_box,runtime_pb,θ_bb,θ_box,θ_pb
28,15,14,1,0.561,3.013,12.67,2.5745027317760058e7,2.5745027317760058e7,2.5745027317760058e7
