instance,it_bb,it_box,p_true_pb,runtime_bb,runtime_box,runtime_pb,θ_bb,θ_box,θ_pb
7,30956,65,1,3600.116,3600.07,8.937,1.7845034406448156e7,1.1676933952908313e7,1.7845034406448152e7
