instance,it_bb,it_box,p_true_pb,runtime_bb,runtime_box,runtime_pb,θ_bb,θ_box,θ_pb
34,28751,77,1,3600.032,3600.036,9.745,1.504793380503527e7,1.0070881163159763e7,1.5047933805035273e7
