instance,it_bb,it_box,p_true_pb,runtime_bb,runtime_box,runtime_pb,θ_bb,θ_box,θ_pb
16,12,11,1,0.459,2.697,11.842,2.573963546615307e7,2.573963546615307e7,2.5739635466153074e7
