instance,it_bb,it_box,p_true_pb,runtime_bb,runtime_box,runtime_pb,θ_bb,θ_box,θ_pb
43,34803,166,1,3600.051,1166.077,13.215,2.9423652552217845e7,2.4458202869852923e7,2.953875795763614e7
