instance,it_bb,it_box,p_true_pb,runtime_bb,runtime_box,runtime_pb,θ_bb,θ_box,θ_pb
49,34947,175,1,3600.13,3600.031,11.462,2.6387892003404636e7,2.1900962915619336e7,2.6387892003404636e7
