instance,it_bb,it_box,p_true_pb,runtime_bb,runtime_box,runtime_pb,θ_bb,θ_box,θ_pb
48,34302,164,1,3600.071,3357.941,12.126,2.856545553915032e7,2.434355234412101e7,2.8681813747033477e7
