instance,it_bb,it_box,p_true_pb,runtime_bb,runtime_box,runtime_pb,θ_bb,θ_box,θ_pb
46,10,9,1,0.468,2.419,9.858,1.770216165497046e7,1.770216165497046e7,1.7702161654970456e7
