instance,it_bb,it_box,p_true_pb,runtime_bb,runtime_box,runtime_pb,θ_bb,θ_box,θ_pb
44,29714,87,1,3600.26,3600.059,9.008,1.9924065573182486e7,1.4573323198545465e7,1.9924065573182486e7
