instance,it_bb,it_box,p_true_pb,runtime_bb,runtime_box,runtime_pb,θ_bb,θ_box,θ_pb
8,29548,80,1,3600.058,3600.039,10.707,1.8889502087094277e7,1.31555928108502e7,1.8889502087094273e7
