instance,it_bb,it_box,p_true_pb,runtime_bb,runtime_box,runtime_pb,θ_bb,θ_box,θ_pb
19,12,10,1,0.373,2.096,9.209,1.9879581681345098e7,1.9879581681345098e7,1.98795816813451e7
