instance,it_bb,it_box,p_true_pb,runtime_bb,runtime_box,runtime_pb,θ_bb,θ_box,θ_pb
8,41179,119,1,3600.042,444.924,10.26,1.877706988530137e7,1.6753338176387794e7,1.8889502087094273e7
