instance,it_bb,it_box,p_true_pb,runtime_bb,runtime_box,runtime_pb,θ_bb,θ_box,θ_pb
42,34750,129,1,3600.132,533.824,12.079,2.4244364832091767e7,2.086715675155685e7,2.4485593232169252e7
