instance,it_bb,it_box,p_true_pb,runtime_bb,runtime_box,runtime_pb,θ_bb,θ_box,θ_pb
31,27189,83,1,3600.035,3600.088,8.822,2.7648161193440635e7,1.7554948042382307e7,2.764816119344063e7
