instance,it_bb,it_box,p_true_pb,runtime_bb,runtime_box,runtime_pb,θ_bb,θ_box,θ_pb
32,10,9,1,0.384,2.483,10.465,2.3407646458695367e7,2.3407646458695367e7,2.340764645869537e7
