instance,it_bb,it_box,p_true_pb,runtime_bb,runtime_box,runtime_pb,θ_bb,θ_box,θ_pb
38,12,12,1,0.589,2.79,10.537,2.5188591276747562e7,2.5188591276747562e7,2.5188591276747555e7
