instance,it_bb,it_box,p_true_pb,runtime_bb,runtime_box,runtime_pb,θ_bb,θ_box,θ_pb
48,13,12,1,0.463,2.566,10.844,2.8681813747033477e7,2.8681813747033477e7,2.8681813747033477e7
