instance,it_bb,it_box,p_true_pb,runtime_bb,runtime_box,runtime_pb,θ_bb,θ_box,θ_pb
4,14,12,1,0.53,2.619,11.428,3.0251554049599487e7,3.0251554049599487e7,3.025155404959948e7
