instance,it_bb,it_box,p_true_pb,runtime_bb,runtime_box,runtime_pb,θ_bb,θ_box,θ_pb
41,34396,195,1,3600.049,3093.295,12.696,2.700950522036587e7,2.360305242904586e7,2.725282394138832e7
