instance,it_bb,it_box,p_true_pb,runtime_bb,runtime_box,runtime_pb,θ_bb,θ_box,θ_pb
36,33788,85,1,3600.104,3600.044,8.933,1.6498215224322101e7,1.1652915436842034e7,1.64982152243221e7
