instance,it_bb,it_box,p_true_pb,runtime_bb,runtime_box,runtime_pb,θ_bb,θ_box,θ_pb
16,26244,65,1,3600.098,3600.064,12.545,2.573963546615307e7,1.6766557326355014e7,2.5739635466153074e7
