instance,it_bb,it_box,p_true_pb,runtime_bb,runtime_box,runtime_pb,θ_bb,θ_box,θ_pb
3,34022,145,1,3600.146,2231.763,11.94,2.974612391858894e7,2.526560609137298e7,2.9746123918588936e7
