instance,it_bb,it_box,p_true_pb,runtime_bb,runtime_box,runtime_pb,θ_bb,θ_box,θ_pb
7,41299,129,1,3600.101,566.069,9.358,1.76247442145064e7,1.5752272594869971e7,1.7845034406448152e7
