instance,it_bb,it_box,p_true_pb,runtime_bb,runtime_box,runtime_pb,θ_bb,θ_box,θ_pb
28,36394,141,1,3600.001,3600.03,12.012,2.2229690904592372e7,2.1402544157170948e7,2.5745027317760058e7
