instance,it_bb,it_box,p_true_pb,runtime_bb,runtime_box,runtime_pb,θ_bb,θ_box,θ_pb
10,39269,188,1,3600.09,2486.007,10.299,2.5870036679251157e7,2.2699763582342826e7,2.599684386280309e7
