instance,it_bb,it_box,p_true_pb,runtime_bb,runtime_box,runtime_pb,θ_bb,θ_box,θ_pb
11,30009,72,1,3600.061,3600.049,9.738,2.8355840183994696e7,1.8689324084964056e7,2.8355840183994703e7
