instance,it_bb,it_box,p_true_pb,runtime_bb,runtime_box,runtime_pb,θ_bb,θ_box,θ_pb
12,43654,153,1,3600.112,277.111,10.476,1.4379369990952471e7,1.2941563813857393e7,1.4475224046683045e7
