instance,it_bb,it_box,p_true_pb,runtime_bb,runtime_box,runtime_pb,θ_bb,θ_box,θ_pb
35,14,12,1,0.393,2.246,9.631,3.191136101062399e7,3.191136101062399e7,3.191136101062399e7
