instance,it_bb,it_box,p_true_pb,runtime_bb,runtime_box,runtime_pb,θ_bb,θ_box,θ_pb
43,30136,84,1,3600.21,3600.057,9.266,2.9538757957636148e7,1.819628158670698e7,2.953875795763614e7
