instance,it_bb,it_box,p_true_pb,runtime_bb,runtime_box,runtime_pb,θ_bb,θ_box,θ_pb
30,9,8,1,0.367,2.666,11.885,1.8856032006306004e7,1.8856032006306004e7,1.8856032006306e7
