instance,it_bb,it_box,p_true_pb,runtime_bb,runtime_box,runtime_pb,θ_bb,θ_box,θ_pb
50,28051,76,1,3600.132,3600.047,12.574,2.511804342779971e7,1.724336709231932e7,2.5118043427799705e7
