instance,it_bb,it_box,p_true_pb,runtime_bb,runtime_box,runtime_pb,θ_bb,θ_box,θ_pb
37,29747,80,1,3600.024,3600.039,9.265,2.3777136852275252e7,1.4875440190394899e7,2.3777136852275256e7
