instance,it_bb,it_box,p_true_pb,runtime_bb,runtime_box,runtime_pb,θ_bb,θ_box,θ_pb
15,26020,72,1,3600.243,3600.054,12.638,2.263432073863759e7,1.5308438404234314e7,2.2634320738637585e7
