instance,it_bb,it_box,p_true_pb,runtime_bb,runtime_box,runtime_pb,θ_bb,θ_box,θ_pb
25,15,14,1,0.45,2.617,10.619,3.705442237288461e7,3.705442237288461e7,3.705442237288461e7
