instance,it_bb,it_box,p_true_pb,runtime_bb,runtime_box,runtime_pb,θ_bb,θ_box,θ_pb
4,34656,159,1,3600.05,3600.03,11.945,3.025155404959948e7,2.5487725952777367e7,3.025155404959948e7
