instance,it_bb,it_box,p_true_pb,runtime_bb,runtime_box,runtime_pb,θ_bb,θ_box,θ_pb
14,40992,107,1,3600.048,88.74,9.397,2.028135349704668e7,1.6695944382471826e7,2.0617483706127003e7
