instance,it_bb,it_box,p_true_pb,runtime_bb,runtime_box,runtime_pb,θ_bb,θ_box,θ_pb
46,29776,91,1,3600.106,3600.057,9.09,1.770216165497046e7,1.1696619668285636e7,1.7702161654970456e7
