instance,it_bb,it_box,p_true_pb,runtime_bb,runtime_box,runtime_pb,θ_bb,θ_box,θ_pb
46,36456,119,1,3600.164,324.909,12.925,1.749143908854721e7,1.5384218823937148e7,1.7702161654970456e7
