instance,it_bb,it_box,p_true_pb,runtime_bb,runtime_box,runtime_pb,θ_bb,θ_box,θ_pb
13,10,9,1,0.486,2.485,10.048,1.9385874796476662e7,1.9385874796476662e7,1.9385874796476662e7
