instance,it_bb,it_box,p_true_pb,runtime_bb,runtime_box,runtime_pb,θ_bb,θ_box,θ_pb
2,35692,92,1,3600.04,150.412,12.076,1.6440599836809872e7,1.401199941681485e7,1.653400754527122e7
