instance,it_bb,it_box,p_true_pb,runtime_bb,runtime_box,runtime_pb,θ_bb,θ_box,θ_pb
50,11,10,1,0.51,2.702,10.546,2.511804342779971e7,2.511804342779971e7,2.5118043427799705e7
