instance,it_bb,it_box,p_true_pb,runtime_bb,runtime_box,runtime_pb,θ_bb,θ_box,θ_pb
27,14,13,1,0.483,2.649,11.303,2.6289003736442175e7,2.6289003736442175e7,2.6289003736442175e7
