instance,it_bb,it_box,p_true_pb,runtime_bb,runtime_box,runtime_pb,θ_bb,θ_box,θ_pb
22,43598,197,1,3600.003,3600.02,7.54,2.8066699103712533e7,2.4161912209897067e7,2.8066699103712533e7
