instance,it_bb,it_box,p_true_pb,runtime_bb,runtime_box,runtime_pb,θ_bb,θ_box,θ_pb
41,31656,72,1,3600.178,3600.034,8.854,2.7252823941388316e7,1.800672076281939e7,2.725282394138832e7
