instance,it_bb,it_box,p_true_pb,runtime_bb,runtime_box,runtime_pb,θ_bb,θ_box,θ_pb
2,13,11,1,0.465,2.857,11.635,1.6534007545271218e7,1.6534007545271218e7,1.653400754527122e7
