instance,it_bb,it_box,p_true_pb,runtime_bb,runtime_box,runtime_pb,θ_bb,θ_box,θ_pb
17,41499,174,1,3600.073,3600.026,9.296,2.1907083123233497e7,1.8879364510152023e7,2.1996133670677073e7
