instance,it_bb,it_box,p_true_pb,runtime_bb,runtime_box,runtime_pb,θ_bb,θ_box,θ_pb
30,28225,71,1,3600.142,3600.042,8.955,1.8856032006306e7,1.2717234310765188e7,1.8856032006306e7
