instance,it_bb,it_box,p_true_pb,runtime_bb,runtime_box,runtime_pb,θ_bb,θ_box,θ_pb
17,12,11,1,0.356,2.209,9.564,2.1996133670677073e7,2.1996133670677073e7,2.1996133670677073e7
