instance,it_bb,it_box,p_true_pb,runtime_bb,runtime_box,runtime_pb,θ_bb,θ_box,θ_pb
16,39170,130,1,3600.123,985.908,10.233,2.5621567689007908e7,2.2197662355488475e7,2.5739635466153074e7
