instance,it_bb,it_box,p_true_pb,runtime_bb,runtime_box,runtime_pb,θ_bb,θ_box,θ_pb
31,36879,153,1,3600.076,665.111,9.814,2.7538454688155912e7,2.2930710692896232e7,2.764816119344063e7
