instance,it_bb,it_box,p_true_pb,runtime_bb,runtime_box,runtime_pb,θ_bb,θ_box,θ_pb
40,7,6,1,0.353,2.714,12.458,1.2938621968641745e7,1.2938621968641745e7,1.2938621968641749e7
