instance,it_bb,it_box,p_true_pb,runtime_bb,runtime_box,runtime_pb,θ_bb,θ_box,θ_pb
5,11,10,1,0.407,2.159,9.089,2.3953345010687765e7,2.3953345010687765e7,2.395334501068777e7
