instance,it_bb,it_box,p_true_pb,runtime_bb,runtime_box,runtime_pb,θ_bb,θ_box,θ_pb
20,37392,240,1,3600.12,3036.571,9.622,3.1002737309317064e7,2.612414944940194e7,3.1348776007204413e7
