instance,it_bb,it_box,p_true_pb,runtime_bb,runtime_box,runtime_pb,θ_bb,θ_box,θ_pb
31,12,11,1,0.539,2.337,9.173,2.7648161193440635e7,2.7648161193440635e7,2.764816119344063e7
