instance,it_bb,it_box,p_true_pb,runtime_bb,runtime_box,runtime_pb,θ_bb,θ_box,θ_pb
29,40444,155,1,3600.008,3600.061,9.372,2.782370976781001e7,2.6312948370368294e7,3.0215748647092707e7
