instance,it_bb,it_box,p_true_pb,runtime_bb,runtime_box,runtime_pb,θ_bb,θ_box,θ_pb
18,34458,205,1,3600.022,3400.389,9.472,3.283575778067506e7,2.7472282021373946e7,3.2835757780675057e7
