instance,it_bb,it_box,p_true_pb,runtime_bb,runtime_box,runtime_pb,θ_bb,θ_box,θ_pb
43,13,13,1,0.364,2.219,9.615,2.9538757957636148e7,2.9538757957636148e7,2.953875795763614e7
