instance,it_bb,it_box,p_true_pb,runtime_bb,runtime_box,runtime_pb,θ_bb,θ_box,θ_pb
47,29628,79,1,3600.005,3600.036,8.924,2.502309563549241e7,1.5623973817791156e7,2.5023095635492407e7
