instance,it_bb,it_box,p_true_pb,runtime_bb,runtime_box,runtime_pb,θ_bb,θ_box,θ_pb
34,12,10,1,0.401,2.369,9.938,1.5047933805035273e7,1.5047933805035273e7,1.5047933805035273e7
