instance,it_bb,it_box,p_true_pb,runtime_bb,runtime_box,runtime_pb,θ_bb,θ_box,θ_pb
1,12,11,1,0.428,2.485,10.036,2.4409793810916636e7,2.4409793810916636e7,2.4409793810916632e7
