instance,it_bb,it_box,p_true_pb,runtime_bb,runtime_box,runtime_pb,θ_bb,θ_box,θ_pb
1,27217,70,1,3600.031,3600.038,12.001,2.4409793810916636e7,1.5523468786485791e7,2.4409793810916632e7
