instance,it_bb,it_box,p_true_pb,runtime_bb,runtime_box,runtime_pb,θ_bb,θ_box,θ_pb
23,43767,219,1,3600.035,3600.03,8.003,3.0011319913532354e7,2.9894836747169916e7,3.0011319913532346e7
