instance,it_bb,it_box,p_true_pb,runtime_bb,runtime_box,runtime_pb,θ_bb,θ_box,θ_pb
33,13,13,1,0.436,2.574,10.552,2.8781501506500624e7,2.8781501506500624e7,2.878150150650062e7
