instance,it_bb,it_box,p_true_pb,runtime_bb,runtime_box,runtime_pb,zeta_box,θ_bb,θ_box,θ_pb
2,32998,66,1,3600.059,3600.131,14.807,6.857142857142858,1.3069017764586298e7,8.464333629718162e6,1.3193476593120074e7
