instance,it_bb,it_box,p_true_pb,runtime_bb,runtime_box,runtime_pb,zeta_box,θ_bb,θ_box,θ_pb
43,1770,38,1,16.266,7.336,9.58,0.25,1.0789440847685212e7,1.0789440847685212e7,1.2122736638734225e7
