instance,it_bb,it_box,p_true_pb,runtime_bb,runtime_box,runtime_pb,zeta_box,θ_bb,θ_box,θ_pb
3,32182,118,1,3600.149,3600.049,9.452,6.0,3.2444701587110218e7,2.375233769663966e7,3.244470158711022e7
