instance,it_bb,it_box,p_true_pb,runtime_bb,runtime_box,runtime_pb,zeta_box,θ_bb,θ_box,θ_pb
11,29811,53,1,3600.163,3600.105,10.463,7.5,1.8835991704238288e7,1.1029894851336857e7,1.9083803348513022e7
