instance,it_bb,it_box,p_true_pb,runtime_bb,runtime_box,runtime_pb,zeta_box,θ_bb,θ_box,θ_pb
4,27657,31,1,3600.079,3600.061,9.618,11.285714285714288,1.6174393460730473e7,7.41929965120685e6,1.6174393460730474e7
