instance,it_bb,it_box,p_true_pb,runtime_bb,runtime_box,runtime_pb,zeta_box,θ_bb,θ_box,θ_pb
3,98000,100,1,2156.145,109.553,9.239,0.11111111111111427,2.7792410745231263e7,2.7792410745231263e7,3.244470158711022e7
