instance,it_bb,it_box,p_true_pb,runtime_bb,runtime_box,runtime_pb,zeta_box,θ_bb,θ_box,θ_pb
20,42043,156,1,3600.061,3600.042,9.31,5.0,2.0438856073067795e7,1.5751372489728529e7,2.091968868427465e7
