instance,it_bb,it_box,p_true_pb,runtime_bb,runtime_box,runtime_pb,zeta_box,θ_bb,θ_box,θ_pb
17,6916,33,1,104.05,9.194,11.795,0.25,2.0918712585575968e7,2.0918712585575964e7,2.540977315074318e7
