instance,it_bb,it_box,p_true_pb,runtime_bb,runtime_box,runtime_pb,zeta_box,θ_bb,θ_box,θ_pb
21,25627,52,1,3600.114,3600.17,11.063,7.125,1.2752794483976113e7,7.060384517933693e6,1.2752794483976116e7
