instance,it_bb,it_box,p_true_pb,runtime_bb,runtime_box,runtime_pb,zeta_box,θ_bb,θ_box,θ_pb
47,30,10,1,0.579,3.858,13.353,4.0,2.6814729306445387e6,2.6814729306445387e6,2.6814729306445387e6
