instance,it_bb,it_box,p_true_pb,runtime_bb,runtime_box,runtime_pb,zeta_box,θ_bb,θ_box,θ_pb
37,55702,139,1,3600.059,3600.042,8.801,1.6666666666666643,1.074507753000285e7,9.373697498366859e6,1.1430772174914818e7
