instance,it_bb,it_box,p_true_pb,runtime_bb,runtime_box,runtime_pb,zeta_box,θ_bb,θ_box,θ_pb
45,34805,83,1,3600.172,3600.05,10.136,1.4999999999999998,5.905491218915431e6,4.748036694915827e6,6.136981618229923e6
