instance,it_bb,it_box,p_true_pb,runtime_bb,runtime_box,runtime_pb,zeta_box,θ_bb,θ_box,θ_pb
46,29848,40,1,3600.081,3600.024,8.77,16.166666666666664,4.6956955717186384e7,1.8809860052941896e7,4.69569557171864e7
