instance,it_bb,it_box,p_true_pb,runtime_bb,runtime_box,runtime_pb,zeta_box,θ_bb,θ_box,θ_pb
12,8006,45,1,102.763,16.16,9.941,0.8750000000000036,2.2351385625124894e7,2.2351385625124894e7,2.8035736071745865e7
