instance,it_bb,it_box,p_true_pb,runtime_bb,runtime_box,runtime_pb,zeta_box,θ_bb,θ_box,θ_pb
46,56722,102,1,3600.002,94.69,9.564,0.20000000000000284,4.354871712087044e7,3.669795009903801e7,4.69569557171864e7
