instance,it_bb,it_box,p_true_pb,runtime_bb,runtime_box,runtime_pb,zeta_box,θ_bb,θ_box,θ_pb
6,2022,30,1,18.895,5.579,8.69,0.14286209207966305,1.0171051913707094e7,1.0171051913707068e7,1.1623914605085742e7
