instance,it_bb,it_box,p_true_pb,runtime_bb,runtime_box,runtime_pb,zeta_box,θ_bb,θ_box,θ_pb
22,32556,46,1,3600.086,3600.117,9.904,7.800000000000025,2.0780019177827287e7,1.2031691219493546e7,2.102304181051816e7
