instance,it_bb,it_box,p_true_pb,runtime_bb,runtime_box,runtime_pb,zeta_box,θ_bb,θ_box,θ_pb
35,27132,45,1,3600.12,3600.117,11.688,11.0,1.9757129888466027e7,1.2692414548450872e7,1.9757129888466034e7
