instance,it_bb,it_box,p_true_pb,runtime_bb,runtime_box,runtime_pb,zeta_box,θ_bb,θ_box,θ_pb
31,36375,102,1,3600.002,3600.037,9.673,3.375,1.9938330868132956e7,1.7723071900860757e7,2.4245618250837483e7
