instance,it_bb,it_box,p_true_pb,runtime_bb,runtime_box,runtime_pb,zeta_box,θ_bb,θ_box,θ_pb
47,88050,31,1,1545.047,11.28,8.938,1.0,2.6814729306445387e6,2.6814729306445387e6,2.6814729306445387e6
