instance,it_bb,it_box,p_true_pb,runtime_bb,runtime_box,runtime_pb,zeta_box,θ_bb,θ_box,θ_pb
49,33309,97,1,3600.212,3600.072,10.621,3.142857142857146,1.9763483049042042e7,1.5106183831684414e7,1.9889356000862516e7
