instance,it_bb,it_box,p_true_pb,runtime_bb,runtime_box,runtime_pb,zeta_box,θ_bb,θ_box,θ_pb
15,81882,59,1,2496.742,26.117,9.327,3.7142857142857153,2.977728629261856e7,2.977728629261856e7,3.765162740791196e7
