instance,it_bb,it_box,p_true_pb,runtime_bb,runtime_box,runtime_pb,zeta_box,θ_bb,θ_box,θ_pb
17,29751,39,1,3600.046,3600.047,8.918,9.857142857142861,2.5409773150743175e7,1.3092098349607954e7,2.540977315074318e7
