instance,it_bb,it_box,p_true_pb,runtime_bb,runtime_box,runtime_pb,zeta_box,θ_bb,θ_box,θ_pb
21,56551,188,1,3600.146,2414.13,9.305,0.666668332501688,1.1845116995860377e7,1.0361928113808177e7,1.2752794483976116e7
