instance,it_bb,it_box,p_true_pb,runtime_bb,runtime_box,runtime_pb,zeta_box,θ_bb,θ_box,θ_pb
28,7202,42,1,64.552,7.301,8.932,0.3333333333333357,1.8248525124056377e7,1.824852512405638e7,1.9875428477337115e7
