instance,it_bb,it_box,p_true_pb,runtime_bb,runtime_box,runtime_pb,zeta_box,θ_bb,θ_box,θ_pb
31,37559,106,1,3600.15,3600.041,9.015,4.000000000000002,2.412255015196989e7,1.7723322442242168e7,2.4245618250837483e7
