instance,it_bb,it_box,p_true_pb,runtime_bb,runtime_box,runtime_pb,zeta_box,θ_bb,θ_box,θ_pb
5,36443,89,1,3600.085,3600.031,9.66,2.799999999999997,1.798623144722926e7,1.3581760025856646e7,1.8597950087469593e7
