instance,it_bb,it_box,p_true_pb,runtime_bb,runtime_box,runtime_pb,zeta_box,θ_bb,θ_box,θ_pb
2,34867,70,1,3600.002,3600.058,9.943,3.000000000400007,1.294455893605252e7,9.83313937407963e6,1.3193476593120074e7
