instance,it_bb,it_box,p_true_pb,runtime_bb,runtime_box,runtime_pb,zeta_box,θ_bb,θ_box,θ_pb
34,37530,126,1,3600.065,3600.026,8.948,8.444444444444441,2.575167174065887e7,1.950540295851673e7,2.5879147228498697e7
