instance,it_bb,it_box,p_true_pb,runtime_bb,runtime_box,runtime_pb,zeta_box,θ_bb,θ_box,θ_pb
41,42528,78,1,3600.145,3600.017,8.736,6.0,1.420186111652826e7,1.1125000462643635e7,1.455688768209957e7
