instance,it_bb,it_box,p_true_pb,runtime_bb,runtime_box,runtime_pb,zeta_box,θ_bb,θ_box,θ_pb
45,1414,39,1,9.903,5.499,9.101,3.999604691218296e-6,6.021236207953749e6,6.021236207953749e6,6.136981618229923e6
