instance,it_bb,it_box,p_true_pb,runtime_bb,runtime_box,runtime_pb,zeta_box,θ_bb,θ_box,θ_pb
29,27150,37,1,3600.13,3600.05,16.622,11.2,2.3301710843109675e7,1.0196766396857748e7,2.3301710843109686e7
