instance,it_bb,it_box,p_true_pb,runtime_bb,runtime_box,runtime_pb,zeta_box,θ_bb,θ_box,θ_pb
9,30057,38,1,3600.104,3600.075,8.961,12.499999999999986,2.3554776772154856e7,1.1002360121593842e7,2.3793870053444266e7
