instance,it_bb,it_box,p_true_pb,runtime_bb,runtime_box,runtime_pb,zeta_box,θ_bb,θ_box,θ_pb
8,43600,125,1,3600.072,3600.037,9.538,0.9999999999999833,1.3823376304289227e7,1.2243783463287221e7,1.4876448829142837e7
