instance,it_bb,it_box,p_true_pb,runtime_bb,runtime_box,runtime_pb,zeta_box,θ_bb,θ_box,θ_pb
16,217943,87,1,3600.001,26.134,10.348,3.999803995569096e-6,1.9252259963836506e7,1.9252259612515133e7,2.1123909535958488e7
