instance,it_bb,it_box,p_true_pb,runtime_bb,runtime_box,runtime_pb,zeta_box,θ_bb,θ_box,θ_pb
14,37118,110,1,3600.091,3600.068,11.41,2.0,1.2356033950874025e7,1.0297201853039471e7,1.2767793633666055e7
