instance,it_bb,it_box,p_true_pb,runtime_bb,runtime_box,runtime_pb,zeta_box,θ_bb,θ_box,θ_pb
43,47377,108,1,3600.142,3600.04,9.584,1.8888888888888862,1.1031858028751098e7,9.81978671444386e6,1.2122736638734225e7
