instance,it_bb,it_box,p_true_pb,runtime_bb,runtime_box,runtime_pb,zeta_box,θ_bb,θ_box,θ_pb
12,8,6,1,0.261,1.972,8.726,3.000000000400007,2.8035736071745865e7,2.8035736071745865e7,2.8035736071745865e7
