instance,it_bb,it_box,p_true_pb,runtime_bb,runtime_box,runtime_pb,zeta_box,θ_bb,θ_box,θ_pb
49,29761,48,1,3600.151,3600.055,12.488,9.57142857142857,1.9763483049042042e7,1.1707618699943151e7,1.9889356000862516e7
