instance,it_bb,it_box,p_true_pb,runtime_bb,runtime_box,runtime_pb,zeta_box,θ_bb,θ_box,θ_pb
17,64544,166,1,3600.102,3600.033,9.2,5.0,2.1431976650166508e7,1.8738030973369952e7,2.540977315074318e7
