instance,it_bb,it_box,p_true_pb,runtime_bb,runtime_box,runtime_pb,zeta_box,θ_bb,θ_box,θ_pb
9,8,6,1,0.293,2.208,9.699,2.1666666666666643,2.379387005344427e7,2.379387005344427e7,2.3793870053444266e7
