instance,it_bb,it_box,p_true_pb,runtime_bb,runtime_box,runtime_pb,zeta_box,θ_bb,θ_box,θ_pb
49,27138,38,1,3600.09,3600.025,8.848,11.333333333333329,1.9763483049042042e7,9.567778934214287e6,1.9889356000862516e7
