instance,it_bb,it_box,p_true_pb,runtime_bb,runtime_box,runtime_pb,zeta_box,θ_bb,θ_box,θ_pb
32,32815,52,1,3600.191,3600.027,10.038,7.3999999999999995,2.340750503707491e7,1.3376278713734249e7,2.353134247650494e7
