instance,it_bb,it_box,p_true_pb,runtime_bb,runtime_box,runtime_pb,zeta_box,θ_bb,θ_box,θ_pb
36,28101,46,1,3600.04,3600.08,9.966,11.777777777777779,2.32971874672997e7,1.2486720837171946e7,2.3297187467299704e7
