instance,it_bb,it_box,p_true_pb,runtime_bb,runtime_box,runtime_pb,zeta_box,θ_bb,θ_box,θ_pb
24,76168,142,1,3600.029,1079.347,10.358,0.44444444444444287,7.517447577546286e6,7.392207734256698e6,7.767946869755344e6
