instance,it_bb,it_box,p_true_pb,runtime_bb,runtime_box,runtime_pb,zeta_box,θ_bb,θ_box,θ_pb
14,32407,42,1,3600.142,3600.035,8.904,8.571428571428571,1.256191192713279e7,7.106287060316906e6,1.2767793633666055e7
