instance,it_bb,it_box,p_true_pb,runtime_bb,runtime_box,runtime_pb,zeta_box,θ_bb,θ_box,θ_pb
19,4,3,1,0.292,2.313,10.259,23.0,1.6713230995741423e7,1.6713230995741423e7,1.6713230995741425e7
