instance,it_bb,it_box,p_true_pb,runtime_bb,runtime_box,runtime_pb,zeta_box,θ_bb,θ_box,θ_pb
13,32991,41,1,3600.193,3600.067,9.043,6.0,7.412277354190649e6,4.633580604112062e6,7.67692051015732e6
