instance,it_bb,it_box,p_true_pb,runtime_bb,runtime_box,runtime_pb,zeta_box,θ_bb,θ_box,θ_pb
43,47610,115,1,3600.025,3600.044,8.986,1.0,1.1031858028751098e7,9.819820138643928e6,1.2122736638734225e7
