instance,it_bb,it_box,p_true_pb,runtime_bb,runtime_box,runtime_pb,zeta_box,θ_bb,θ_box,θ_pb
1,33857,112,1,3600.05,3600.051,9.755,6.0,2.800993894797462e7,1.9480408549081594e7,2.8137249591677334e7
