instance,it_bb,it_box,p_true_pb,runtime_bb,runtime_box,runtime_pb,zeta_box,θ_bb,θ_box,θ_pb
43,7,5,1,0.321,2.376,10.949,2.0,1.2122736638734225e7,1.2122736638734225e7,1.2122736638734225e7
