instance,it_bb,it_box,p_true_pb,runtime_bb,runtime_box,runtime_pb,zeta_box,θ_bb,θ_box,θ_pb
25,46108,143,1,3600.101,3600.059,10.152,1.0,2.4259180971652153e6,2.5228153298703376e6,2.813610508629837e6
