instance,it_bb,it_box,p_true_pb,runtime_bb,runtime_box,runtime_pb,zeta_box,θ_bb,θ_box,θ_pb
28,27646,37,1,3600.191,3600.029,10.887,10.888889768267937,1.987542847733711e7,1.1160830545825139e7,1.9875428477337115e7
