instance,it_bb,it_box,p_true_pb,runtime_bb,runtime_box,runtime_pb,zeta_box,θ_bb,θ_box,θ_pb
42,30170,41,1,3600.136,3600.093,8.922,12.11111111111111,2.6326619247359727e7,1.2021938613659589e7,2.6326619247359734e7
