instance,it_bb,it_box,p_true_pb,runtime_bb,runtime_box,runtime_pb,zeta_box,θ_bb,θ_box,θ_pb
15,28181,41,1,3600.163,3600.025,9.11,11.571428572685711,3.765162740791196e7,1.5629961278160052e7,3.765162740791196e7
