instance,it_bb,it_box,p_true_pb,runtime_bb,runtime_box,runtime_pb,zeta_box,θ_bb,θ_box,θ_pb
42,31899,94,1,3600.145,3600.04,10.0,4.285714285714285,2.6326619247359727e7,1.8513297871050462e7,2.6326619247359734e7
