instance,it_bb,it_box,p_true_pb,runtime_bb,runtime_box,runtime_pb,zeta_box,θ_bb,θ_box,θ_pb
46,34505,111,1,3600.168,3600.037,9.864,5.777777778455558,4.682542660183707e7,3.0253032673872255e7,4.69569557171864e7
