instance,it_bb,it_box,p_true_pb,runtime_bb,runtime_box,runtime_pb,zeta_box,θ_bb,θ_box,θ_pb
20,9572,58,1,108.658,16.539,9.599,0.25,1.8275134839798205e7,1.8275134839798205e7,2.091968868427465e7
