instance,it_bb,it_box,p_true_pb,runtime_bb,runtime_box,runtime_pb,zeta_box,θ_bb,θ_box,θ_pb
27,7,5,1,0.298,2.466,10.411,1.0,1.2146132918926075e7,1.2146132918926075e7,1.2146132918926077e7
