instance,it_bb,it_box,p_true_pb,runtime_bb,runtime_box,runtime_pb,zeta_box,θ_bb,θ_box,θ_pb
10,5,5,1,0.254,2.015,9.082,4.285714285714285,1.2712600716299482e7,1.2712600716299482e7,1.2712600716299482e7
