instance,it_bb,it_box,p_true_pb,runtime_bb,runtime_box,runtime_pb,zeta_box,θ_bb,θ_box,θ_pb
34,27741,46,1,3600.144,3600.059,9.774,8.8,2.587914722849869e7,1.4916379261793733e7,2.5879147228498697e7
