instance,it_bb,it_box,p_true_pb,runtime_bb,runtime_box,runtime_pb,zeta_box,θ_bb,θ_box,θ_pb
30,55659,118,1,3600.031,3600.053,9.272,1.125,3.5882093911215705e6,3.332218295298281e6,3.8441742918453575e6
