instance,it_bb,it_box,p_true_pb,runtime_bb,runtime_box,runtime_pb,zeta_box,θ_bb,θ_box,θ_pb
26,35402,93,1,3600.04,3600.057,10.135,5.0,2.338978936242342e7,1.6468691822582586e7,2.350911478366921e7
