instance,it_bb,it_box,p_true_pb,runtime_bb,runtime_box,runtime_pb,zeta_box,θ_bb,θ_box,θ_pb
29,46053,113,1,3600.028,149.664,11.855,1.2000000000000028,2.2053595463827774e7,1.934935389376466e7,2.3301710843109686e7
