instance,it_bb,it_box,p_true_pb,runtime_bb,runtime_box,runtime_pb,zeta_box,θ_bb,θ_box,θ_pb
11,18042,50,1,224.481,15.79,10.533,0.5,1.586221554123537e7,1.5862215541235372e7,1.9083803348513022e7
