instance,it_bb,it_box,p_true_pb,runtime_bb,runtime_box,runtime_pb,zeta_box,θ_bb,θ_box,θ_pb
15,8,8,1,0.313,2.39,10.232,1.4285714285714235,3.765162740791196e7,3.765162740791196e7,3.765162740791196e7
