instance,it_bb,it_box,p_true_pb,runtime_bb,runtime_box,runtime_pb,zeta_box,θ_bb,θ_box,θ_pb
40,30413,65,1,3600.105,3600.072,10.269,3.0,5.794327448873522e6,4.680381570237712e6,5.794327448873523e6
