instance,it_bb,it_box,p_true_pb,runtime_bb,runtime_box,runtime_pb,zeta_box,θ_bb,θ_box,θ_pb
50,32135,66,1,3600.059,3600.103,10.084,1.9999999999999964,4.241959907930149e6,3.210808655014498e6,4.24195990793015e6
