instance,it_bb,it_box,p_true_pb,runtime_bb,runtime_box,runtime_pb,zeta_box,θ_bb,θ_box,θ_pb
19,31573,44,1,3600.108,3600.031,8.912,9.666666666666668,1.600711485798503e7,1.4008226028310962e7,1.6713230995741425e7
