instance,it_bb,it_box,p_true_pb,runtime_bb,runtime_box,runtime_pb,zeta_box,θ_bb,θ_box,θ_pb
11,36503,73,1,3600.13,3600.033,9.105,6.2857142857142865,1.884250507484414e7,1.3384166964749977e7,1.9083803348513022e7
