instance,it_bb,it_box,p_true_pb,runtime_bb,runtime_box,runtime_pb,zeta_box,θ_bb,θ_box,θ_pb
32,11414,38,1,133.135,11.409,10.993,0.5714285715857272,1.8825323810443833e7,1.882532381044383e7,2.353134247650494e7
