instance,it_bb,it_box,p_true_pb,runtime_bb,runtime_box,runtime_pb,zeta_box,θ_bb,θ_box,θ_pb
7,29576,38,1,3600.024,3600.052,8.999,8.666666666666643,1.4371099777288957e7,7.414940207092064e6,1.437109977728896e7
