instance,it_bb,it_box,p_true_pb,runtime_bb,runtime_box,runtime_pb,zeta_box,θ_bb,θ_box,θ_pb
36,37670,110,1,3600.099,3600.051,13.403,2.200000000000003,2.2267577832535144e7,1.8663958636960033e7,2.3297187467299704e7
