instance,it_bb,it_box,p_true_pb,runtime_bb,runtime_box,runtime_pb,zeta_box,θ_bb,θ_box,θ_pb
42,8,7,1,0.286,2.306,9.86,3.5714285714285765,2.6326619247359727e7,2.6326619247359727e7,2.6326619247359734e7
