instance,it_bb,it_box,p_true_pb,runtime_bb,runtime_box,runtime_pb,zeta_box,θ_bb,θ_box,θ_pb
9,39972,62,1,605.597,24.765,9.722,0.28571428571428437,1.9729162341919784e7,1.9729162341919784e7,2.3793870053444266e7
