instance,it_bb,it_box,p_true_pb,runtime_bb,runtime_box,runtime_pb,zeta_box,θ_bb,θ_box,θ_pb
33,172821,76,1,3600.002,37.895,9.552,2.5201102253902263e-6,1.5694395810512811e7,1.5579904804839507e7,1.8672547041909393e7
