instance,it_bb,it_box,p_true_pb,runtime_bb,runtime_box,runtime_pb,zeta_box,θ_bb,θ_box,θ_pb
14,45842,108,1,3600.121,3600.83,9.457,1.2222222222222214,1.1738385100999735e7,1.0297201853039434e7,1.2767793633666055e7
