instance,it_bb,it_box,p_true_pb,runtime_bb,runtime_box,runtime_pb,zeta_box,θ_bb,θ_box,θ_pb
38,3724,50,1,41.902,13.734,9.924,2.249927291586573e-6,1.7184797097483702e7,1.7184797097483702e7,1.9730490377809767e7
