instance,it_bb,it_box,p_true_pb,runtime_bb,runtime_box,runtime_pb,zeta_box,θ_bb,θ_box,θ_pb
5,6246,58,1,67.737,16.694,10.426,0.3333333333333499,1.5661807703375835e7,1.566179930729778e7,1.8597950087469593e7
