instance,it_bb,it_box,p_true_pb,runtime_bb,runtime_box,runtime_pb,zeta_box,θ_bb,θ_box,θ_pb
38,33083,48,1,3600.159,3600.056,9.61,8.499999999999993,1.9730490377809767e7,1.1838918956668384e7,1.9730490377809767e7
