instance,it_bb,it_box,p_true_pb,runtime_bb,runtime_box,runtime_pb,zeta_box,θ_bb,θ_box,θ_pb
40,368,34,1,3.242,4.915,10.458,1.0,5.794327448873522e6,5.794327448873523e6,5.794327448873523e6
