instance,it_bb,it_box,p_true_pb,runtime_bb,runtime_box,runtime_pb,zeta_box,θ_bb,θ_box,θ_pb
20,31645,70,1,3600.17,3600.086,9.79,6.111111111111111,2.0919688684274647e7,1.2505575740357228e7,2.091968868427465e7
