instance,it_bb,it_box,p_true_pb,runtime_bb,runtime_box,runtime_pb,zeta_box,θ_bb,θ_box,θ_pb
6,34376,57,1,3600.034,3600.026,9.247,6.0,1.118125277034251e7,7.712382259598313e6,1.1623914605085742e7
