instance,it_bb,it_box,p_true_pb,runtime_bb,runtime_box,runtime_pb,zeta_box,θ_bb,θ_box,θ_pb
29,10,8,1,0.308,2.314,9.926,2.0,2.3301710843109682e7,2.3301710843109682e7,2.3301710843109686e7
