instance,it_bb,it_box,p_true_pb,runtime_bb,runtime_box,runtime_pb,zeta_box,θ_bb,θ_box,θ_pb
50,86842,64,1,3600.089,162.637,9.251,0.7000000000000011,4.1273765549477963e6,4.1273765549477967e6,4.24195990793015e6
