instance,it_bb,it_box,p_true_pb,runtime_bb,runtime_box,runtime_pb,zeta_box,θ_bb,θ_box,θ_pb
41,32103,37,1,3600.199,3600.07,8.827,10.625,1.4201861116528261e7,7.574720029768091e6,1.455688768209957e7
