instance,it_bb,it_box,p_true_pb,runtime_bb,runtime_box,runtime_pb,zeta_box,θ_bb,θ_box,θ_pb
38,31079,34,1,3600.003,3600.037,9.065,11.500000000000002,1.9730490377809767e7,9.674914577598512e6,1.9730490377809767e7
