instance,it_bb,it_box,p_true_pb,runtime_bb,runtime_box,runtime_pb,zeta_box,θ_bb,θ_box,θ_pb
1,59103,211,1,3600.04,1062.355,8.986,0.44444444444444314,2.71187644420556e7,2.419072774445023e7,2.8137249591677334e7
