instance,it_bb,it_box,p_true_pb,runtime_bb,runtime_box,runtime_pb,zeta_box,θ_bb,θ_box,θ_pb
13,51769,116,1,3600.079,1269.548,10.088,0.12500000011250023,7.279960153585684e6,6.618369096042578e6,7.67692051015732e6
