instance,it_bb,it_box,p_true_pb,runtime_bb,runtime_box,runtime_pb,zeta_box,θ_bb,θ_box,θ_pb
23,46964,127,1,3600.046,3600.049,11.178,2.600000000000012,1.8089769900360323e7,1.6490190160328591e7,1.895108285161556e7
