instance,it_bb,it_box,p_true_pb,runtime_bb,runtime_box,runtime_pb,zeta_box,θ_bb,θ_box,θ_pb
46,10,10,1,0.34,2.436,10.807,1.2000000000000028,4.695695571718639e7,4.695695571718639e7,4.69569557171864e7
