instance,it_bb,it_box,p_true_pb,runtime_bb,runtime_box,runtime_pb,zeta_box,θ_bb,θ_box,θ_pb
4,30601,39,1,3600.12,3600.122,10.42,11.5,1.6174393460730473e7,9.170156049959693e6,1.6174393460730474e7
