instance,it_bb,it_box,p_true_pb,runtime_bb,runtime_box,runtime_pb,zeta_box,θ_bb,θ_box,θ_pb
23,29991,44,1,3600.142,3600.021,10.618,14.299999999999999,1.8951082851615556e7,1.0953212247326907e7,1.895108285161556e7
