instance,it_bb,it_box,p_true_pb,runtime_bb,runtime_box,runtime_pb,zeta_box,θ_bb,θ_box,θ_pb
22,37944,108,1,3600.01,3600.057,9.359,2.555555555555557,2.0780019177827287e7,1.5677643717497481e7,2.102304181051816e7
