instance,it_bb,it_box,p_true_pb,runtime_bb,runtime_box,runtime_pb,zeta_box,θ_bb,θ_box,θ_pb
23,237854,47,1,3600.001,11.357,9.467,2.0,1.7843816421480477e7,1.7843816421480477e7,1.895108285161556e7
