instance,it_bb,it_box,p_true_pb,runtime_bb,runtime_box,runtime_pb,zeta_box,θ_bb,θ_box,θ_pb
25,33968,93,1,3600.058,3600.041,9.621,2.0,2.8136105086297374e6,2.3289198856547275e6,2.813610508629837e6
