instance,it_bb,it_box,p_true_pb,runtime_bb,runtime_box,runtime_pb,zeta_box,θ_bb,θ_box,θ_pb
37,2342,38,1,31.843,12.224,12.867,1.375,1.0287952349368157e7,1.0287952349368159e7,1.1430772174914818e7
