instance,it_bb,it_box,p_true_pb,runtime_bb,runtime_box,runtime_pb,zeta_box,θ_bb,θ_box,θ_pb
37,30920,45,1,3600.084,3600.109,8.928,7.250000916392582,1.1316492436748669e7,6.51673264693712e6,1.1430772174914818e7
