instance,it_bb,it_box,p_true_pb,runtime_bb,runtime_box,runtime_pb,zeta_box,θ_bb,θ_box,θ_pb
26,74442,92,1,3600.025,85.206,12.645,0.14285714285714235,2.1122526599461094e7,1.9809928078950178e7,2.350911478366921e7
