instance,it_bb,it_box,p_true_pb,runtime_bb,runtime_box,runtime_pb,zeta_box,θ_bb,θ_box,θ_pb
27,35995,63,1,3600.051,3600.066,8.993,6.0,1.2146132918926075e7,9.32472921968453e6,1.2146132918926077e7
