instance,it_bb,it_box,p_true_pb,runtime_bb,runtime_box,runtime_pb,zeta_box,θ_bb,θ_box,θ_pb
26,107930,92,1,2928.989,53.077,9.467,0.14285714285714235,1.9809928463589035e7,1.9809928078950178e7,2.350911478366921e7
