instance,it_bb,it_box,p_true_pb,runtime_bb,runtime_box,runtime_pb,zeta_box,θ_bb,θ_box,θ_pb
9,31727,56,1,3600.077,3600.038,9.431,9.88888888888889,2.3554776772154856e7,1.26765391060648e7,2.3793870053444266e7
