instance,it_bb,it_box,p_true_pb,runtime_bb,runtime_box,runtime_pb,zeta_box,θ_bb,θ_box,θ_pb
3,28890,33,1,3600.028,3600.038,9.15,15.571429638715344,3.2444701587110218e7,1.4815408480204163e7,3.244470158711022e7
