instance,it_bb,it_box,p_true_pb,runtime_bb,runtime_box,runtime_pb,zeta_box,θ_bb,θ_box,θ_pb
27,30896,43,1,3600.145,3600.073,11.172,8.499999999999998,1.2146132918926075e7,7.729996618939698e6,1.2146132918926077e7
