instance,it_bb,it_box,p_true_pb,runtime_bb,runtime_box,runtime_pb,zeta_box,θ_bb,θ_box,θ_pb
22,29774,33,1,3600.039,3600.058,10.171,12.0,2.0780019177827287e7,1.021015144925107e7,2.102304181051816e7
