instance,it_bb,it_box,p_true_pb,runtime_bb,runtime_box,runtime_pb,zeta_box,θ_bb,θ_box,θ_pb
14,33216,67,1,3600.147,3600.05,9.97,5.5,1.256191192713279e7,8.547309629240794e6,1.2767793633666055e7
