instance,it_bb,it_box,p_true_pb,runtime_bb,runtime_box,runtime_pb,zeta_box,θ_bb,θ_box,θ_pb
25,74826,47,1,3600.071,35.982,13.376,0.875,2.813610508629837e6,2.8136104247497763e6,2.813610508629837e6
