instance,it_bb,it_box,p_true_pb,runtime_bb,runtime_box,runtime_pb,zeta_box,θ_bb,θ_box,θ_pb
27,41381,101,1,3600.112,3600.034,11.724,5.0,1.2146132918926073e7,1.0919452404303845e7,1.2146132918926077e7
