instance,it_bb,it_box,p_true_pb,runtime_bb,runtime_box,runtime_pb,zeta_box,θ_bb,θ_box,θ_pb
8,43045,155,1,3600.108,3600.048,10.857,0.6666666668333328,1.3823376304289227e7,1.2375292318186129e7,1.4876448829142837e7
