instance,it_bb,it_box,p_true_pb,runtime_bb,runtime_box,runtime_pb,zeta_box,θ_bb,θ_box,θ_pb
5,25671,39,1,3600.05,3600.045,11.47,11.0,1.859795008746959e7,8.933192288572984e6,1.8597950087469593e7
