instance,it_bb,it_box,p_true_pb,runtime_bb,runtime_box,runtime_pb,zeta_box,θ_bb,θ_box,θ_pb
27,41355,98,1,3600.169,3600.043,9.482,3.3333333333333286,1.2146132918926073e7,1.0919431516220061e7,1.2146132918926077e7
