instance,it_bb,it_box,p_true_pb,runtime_bb,runtime_box,runtime_pb,zeta_box,θ_bb,θ_box,θ_pb
31,7,6,1,0.337,2.613,11.748,8.142857142857139,2.4245618250837475e7,2.4245618250837475e7,2.4245618250837483e7
