instance,it_bb,it_box,p_true_pb,runtime_bb,runtime_box,runtime_pb,zeta_box,θ_bb,θ_box,θ_pb
36,12596,72,1,171.83,31.622,12.225,2.0,2.1495376437421896e7,2.1495376437421896e7,2.3297187467299704e7
