instance,it_bb,it_box,p_true_pb,runtime_bb,runtime_box,runtime_pb,zeta_box,θ_bb,θ_box,θ_pb
44,33712,146,1,3600.008,3600.054,13.926,1.4000000000000017,1.7930913278106246e7,1.4980864961014068e7,1.8157840579240333e7
