instance,it_bb,it_box,p_true_pb,runtime_bb,runtime_box,runtime_pb,zeta_box,θ_bb,θ_box,θ_pb
43,33438,38,1,3600.156,3600.085,8.888,10.0,1.1637898252169838e7,7.031955075700675e6,1.2122736638734225e7
