instance,it_bb,it_box,p_true_pb,runtime_bb,runtime_box,runtime_pb,zeta_box,θ_bb,θ_box,θ_pb
40,32866,46,1,3600.062,3600.089,8.861,4.300000000000024,5.794327448873522e6,4.012040471411503e6,5.794327448873523e6
