instance,it_bb,it_box,p_true_pb,runtime_bb,runtime_box,runtime_pb,zeta_box,θ_bb,θ_box,θ_pb
29,33008,107,1,3600.001,3600.024,9.472,7.7499999999999964,1.8523493343845397e7,1.5605072548821535e7,2.3301710843109686e7
