instance,it_bb,it_box,p_true_pb,runtime_bb,runtime_box,runtime_pb,zeta_box,θ_bb,θ_box,θ_pb
8,40726,73,1,3600.147,3600.054,8.984,6.5714285714285765,1.3823376304289227e7,1.0269088732747996e7,1.4876448829142837e7
