instance,it_bb,it_box,p_true_pb,runtime_bb,runtime_box,runtime_pb,zeta_box,θ_bb,θ_box,θ_pb
48,25974,66,1,379.102,73.492,11.011,0.20000000000000284,3.005710281722946e6,3.0057094862101646e6,3.130911785576133e6
