instance,it_bb,it_box,p_true_pb,runtime_bb,runtime_box,runtime_pb,zeta_box,θ_bb,θ_box,θ_pb
42,31368,64,1,3600.131,3600.066,10.414,9.799999999999997,2.6326619247359727e7,1.502762445753314e7,2.6326619247359734e7
