instance,it_bb,it_box,p_true_pb,runtime_bb,runtime_box,runtime_pb,zeta_box,θ_bb,θ_box,θ_pb
44,29133,50,1,3600.059,3600.131,9.216,10.250000000000002,1.8044376928673286e7,1.0442534392199252e7,1.8157840579240333e7
