instance,it_bb,it_box,p_true_pb,runtime_bb,runtime_box,runtime_pb,zeta_box,θ_bb,θ_box,θ_pb
25,71746,47,1,3600.037,40.133,13.081,0.875,2.813610508629837e6,2.8136104247497763e6,2.813610508629837e6
