instance,it_bb,it_box,p_true_pb,runtime_bb,runtime_box,runtime_pb,zeta_box,θ_bb,θ_box,θ_pb
12,37615,127,1,3600.133,3600.081,10.561,1.1999999999999957,2.6614648460090622e7,1.950977900764483e7,2.8035736071745865e7
