instance,it_bb,it_box,p_true_pb,runtime_bb,runtime_box,runtime_pb,zeta_box,θ_bb,θ_box,θ_pb
42,37597,103,1,3600.001,3600.033,8.73,5.777777777777779,2.6326619247359727e7,1.8633522967711292e7,2.6326619247359734e7
