instance,it_bb,it_box,p_true_pb,runtime_bb,runtime_box,runtime_pb,zeta_box,θ_bb,θ_box,θ_pb
48,38572,91,1,3600.143,3600.044,9.24,2.0,3.0057129583447655e6,2.504912341031133e6,3.130911785576133e6
