instance,it_bb,it_box,p_true_pb,runtime_bb,runtime_box,runtime_pb,zeta_box,θ_bb,θ_box,θ_pb
3,30617,50,1,3600.022,3600.059,9.728,12.599999999999998,3.2444701587110218e7,1.8243005845690392e7,3.244470158711022e7
