instance,it_bb,it_box,p_true_pb,runtime_bb,runtime_box,runtime_pb,zeta_box,θ_bb,θ_box,θ_pb
1,26883,39,1,3600.091,3600.117,8.861,11.333333333333332,2.8137249591677334e7,1.2096330087662324e7,2.8137249591677334e7
