instance,it_bb,it_box,p_true_pb,runtime_bb,runtime_box,runtime_pb,zeta_box,θ_bb,θ_box,θ_pb
34,10,8,1,0.288,1.973,8.939,2.2857142857142847,2.587914722849869e7,2.587914722849869e7,2.5879147228498697e7
