instance,it_bb,it_box,p_true_pb,runtime_bb,runtime_box,runtime_pb,zeta_box,θ_bb,θ_box,θ_pb
34,28442,33,1,3600.166,3600.131,14.839,15.0,2.587914722849869e7,1.2239281325391376e7,2.5879147228498697e7
