instance,it_bb,it_box,p_true_pb,runtime_bb,runtime_box,runtime_pb,zeta_box,θ_bb,θ_box,θ_pb
22,37508,109,1,3600.034,3600.08,10.023,3.875,2.0780019177827287e7,1.5798102407982737e7,2.102304181051816e7
