instance,it_bb,it_box,p_true_pb,runtime_bb,runtime_box,runtime_pb,zeta_box,θ_bb,θ_box,θ_pb
10,36221,121,1,3600.215,3600.076,12.201,6.0000000007,1.2049400188433472e7,1.0059776743250718e7,1.2712600716299482e7
