instance,it_bb,it_box,p_true_pb,runtime_bb,runtime_box,runtime_pb,zeta_box,θ_bb,θ_box,θ_pb
30,172280,49,1,3600.021,29.016,9.533,2.6665360337574384e-6,3.5881962935718186e6,3.5881677217613533e6,3.8441742918453575e6
