instance,it_bb,it_box,p_true_pb,runtime_bb,runtime_box,runtime_pb,zeta_box,θ_bb,θ_box,θ_pb
31,23510,65,1,319.404,19.02,9.833,0.11111111111111072,2.079969370896031e7,2.0799693708960313e7,2.4245618250837483e7
