instance,it_bb,it_box,p_true_pb,runtime_bb,runtime_box,runtime_pb,zeta_box,θ_bb,θ_box,θ_pb
9,31292,87,1,3600.07,3600.049,12.078,4.285714285714285,2.3435236826243423e7,1.6501292911529373e7,2.3793870053444266e7
