instance,it_bb,it_box,p_true_pb,runtime_bb,runtime_box,runtime_pb,zeta_box,θ_bb,θ_box,θ_pb
11,30227,34,1,3600.043,3600.048,8.989,10.0,1.8835991704238288e7,8.427799268968303e6,1.9083803348513022e7
