instance,it_bb,it_box,p_true_pb,runtime_bb,runtime_box,runtime_pb,zeta_box,θ_bb,θ_box,θ_pb
8,3154,41,1,31.263,7.661,9.364,0.14285714285714096,1.342848064734704e7,1.3428479710461216e7,1.4876448829142837e7
