instance,it_bb,it_box,p_true_pb,runtime_bb,runtime_box,runtime_pb,zeta_box,θ_bb,θ_box,θ_pb
7,17122,54,1,194.905,20.757,8.971,0.28571428571428825,1.2546474245542472e7,1.2546474245542474e7,1.437109977728896e7
