instance,it_bb,it_box,p_true_pb,runtime_bb,runtime_box,runtime_pb,zeta_box,θ_bb,θ_box,θ_pb
5,30649,49,1,3600.169,3600.075,10.735,9.57142857142857,1.859795008746959e7,1.0523167342228606e7,1.8597950087469593e7
