instance,it_bb,it_box,p_true_pb,runtime_bb,runtime_box,runtime_pb,zeta_box,θ_bb,θ_box,θ_pb
4,35954,96,1,3600.006,3600.037,9.397,6.333333333333336,1.6174393460730473e7,1.1951473072237164e7,1.6174393460730474e7
