instance,it_bb,it_box,p_true_pb,runtime_bb,runtime_box,runtime_pb,zeta_box,θ_bb,θ_box,θ_pb
13,30963,72,1,3600.124,3600.036,11.028,2.75,7.412277354190649e6,5.824469464024537e6,7.67692051015732e6
