instance,it_bb,it_box,p_true_pb,runtime_bb,runtime_box,runtime_pb,zeta_box,θ_bb,θ_box,θ_pb
43,33713,56,1,3600.176,3600.04,9.253,6.0,1.163789825216984e7,8.365243448391276e6,1.2122736638734225e7
