instance,it_bb,it_box,p_true_pb,runtime_bb,runtime_box,runtime_pb,zeta_box,θ_bb,θ_box,θ_pb
12,32998,126,1,3600.151,3600.095,11.786,5.875,2.6614648460090622e7,1.950976271015178e7,2.8035736071745865e7
