instance,it_bb,it_box,p_true_pb,runtime_bb,runtime_box,runtime_pb,zeta_box,θ_bb,θ_box,θ_pb
19,35445,74,1,3600.049,3600.04,10.392,8.166666666666666,1.5654056789106837e7,1.0829187030819647e7,1.6713230995741425e7
