instance,it_bb,it_box,p_true_pb,runtime_bb,runtime_box,runtime_pb,zeta_box,θ_bb,θ_box,θ_pb
24,88,19,1,0.874,3.692,9.999,1.0,7.7679468697553435e6,7.7679468697553435e6,7.767946869755344e6
