instance,it_bb,it_box,p_true_pb,runtime_bb,runtime_box,runtime_pb,zeta_box,θ_bb,θ_box,θ_pb
21,49895,185,1,3600.019,3600.026,11.255,0.14285714297144025,1.1955839027253468e7,1.036192811380818e7,1.2752794483976116e7
