instance,it_bb,it_box,p_true_pb,runtime_bb,runtime_box,runtime_pb,zeta_box,θ_bb,θ_box,θ_pb
1,32585,59,1,3600.13,3600.061,9.608,8.375,2.8137249591677334e7,1.5278999877726853e7,2.8137249591677334e7
