instance,it_bb,it_box,p_true_pb,runtime_bb,runtime_box,runtime_pb,zeta_box,θ_bb,θ_box,θ_pb
42,69297,93,1,3600.086,64.107,8.935,0.375,2.4523522276124638e7,2.2359852092297025e7,2.6326619247359734e7
