instance,it_bb,it_box,p_true_pb,runtime_bb,runtime_box,runtime_pb,zeta_box,θ_bb,θ_box,θ_pb
45,62394,77,1,3600.128,265.065,13.123,4.11082491069692e-6,5.7897453874014e6,5.326765295196889e6,6.136981618229923e6
