instance,it_bb,it_box,p_true_pb,runtime_bb,runtime_box,runtime_pb,zeta_box,θ_bb,θ_box,θ_pb
37,33437,72,1,3600.045,3600.037,10.025,5.428571428571431,1.1316492436748669e7,7.77377397393266e6,1.1430772174914818e7
