instance,it_bb,it_box,p_true_pb,runtime_bb,runtime_box,runtime_pb,zeta_box,θ_bb,θ_box,θ_pb
40,6,4,1,0.33,2.657,11.988,5.000000000600011,5.794327448873524e6,5.794327448873524e6,5.794327448873523e6
