instance,it_bb,it_box,p_true_pb,runtime_bb,runtime_box,runtime_pb,zeta_box,θ_bb,θ_box,θ_pb
49,34502,66,1,683.35,32.066,12.158,0.14285714285714235,1.7875388771734897e7,1.7875388771734897e7,1.9889356000862516e7
