instance,it_bb,it_box,p_true_pb,runtime_bb,runtime_box,runtime_pb,zeta_box,θ_bb,θ_box,θ_pb
33,26550,38,1,3600.222,3600.087,11.907,8.599999999999998,1.8558006288636893e7,8.59274483774159e6,1.8672547041909393e7
