instance,it_bb,it_box,p_true_pb,runtime_bb,runtime_box,runtime_pb,zeta_box,θ_bb,θ_box,θ_pb
32,29785,34,1,3600.16,3600.063,10.759,13.0,2.340750503707491e7,1.065192156387451e7,2.353134247650494e7
