instance,it_bb,it_box,p_true_pb,runtime_bb,runtime_box,runtime_pb,zeta_box,θ_bb,θ_box,θ_pb
16,27693,78,1,3600.05,3600.045,12.48,7.333333333333333,2.1123909535958488e7,1.537524643383597e7,2.1123909535958488e7
