instance,it_bb,it_box,p_true_pb,runtime_bb,runtime_box,runtime_pb,zeta_box,θ_bb,θ_box,θ_pb
16,30060,32,1,3600.065,3600.095,9.137,10.875,2.1123909535958488e7,1.0027782495981129e7,2.1123909535958488e7
