instance,it_bb,it_box,p_true_pb,runtime_bb,runtime_box,runtime_pb,zeta_box,θ_bb,θ_box,θ_pb
36,40507,119,1,3600.006,3600.04,8.844,2.0,2.2267577832535144e7,1.8664109999287996e7,2.3297187467299704e7
