instance,it_bb,it_box,p_true_pb,runtime_bb,runtime_box,runtime_pb,zeta_box,θ_bb,θ_box,θ_pb
19,55640,179,1,3600.012,3600.024,9.328,0.22222222222222143,1.4947940651350448e7,1.318293072461135e7,1.6713230995741425e7
