instance,it_bb,it_box,p_true_pb,runtime_bb,runtime_box,runtime_pb,zeta_box,θ_bb,θ_box,θ_pb
29,31718,57,1,3600.163,3600.019,9.15,8.899999999999999,2.3301710843109675e7,1.2484723516904706e7,2.3301710843109686e7
