instance,it_bb,it_box,p_true_pb,runtime_bb,runtime_box,runtime_pb,zeta_box,θ_bb,θ_box,θ_pb
31,29221,30,1,3600.128,3600.037,10.084,13.666666666666666,2.4122550151969895e7,1.0708741295370374e7,2.4245618250837483e7
