instance,it_bb,it_box,p_true_pb,runtime_bb,runtime_box,runtime_pb,zeta_box,θ_bb,θ_box,θ_pb
2,9088,64,1,99.896,25.938,9.99,0.11111234353672828,1.1824480740352277e7,1.1824480493332991e7,1.3193476593120074e7
