instance,it_bb,it_box,p_true_pb,runtime_bb,runtime_box,runtime_pb,zeta_box,θ_bb,θ_box,θ_pb
4,32583,93,1,3600.144,3600.05,9.595,6.0,1.6174393460730473e7,1.1951344866281798e7,1.6174393460730474e7
