instance,it_bb,it_box,p_true_pb,runtime_bb,runtime_box,runtime_pb,zeta_box,θ_bb,θ_box,θ_pb
40,48304,102,1,3600.114,662.165,10.305,2.0,5.682943363912519e6,5.571535971154111e6,5.794327448873523e6
