instance,it_bb,it_box,p_true_pb,runtime_bb,runtime_box,runtime_pb,zeta_box,θ_bb,θ_box,θ_pb
31,30741,49,1,3600.203,3600.046,9.007,12.124999999999998,2.4122550151969895e7,1.353910590908102e7,2.4245618250837483e7
