instance,it_bb,it_box,p_true_pb,runtime_bb,runtime_box,runtime_pb,zeta_box,θ_bb,θ_box,θ_pb
39,33079,123,1,3600.058,3600.068,10.213,1.5,1.982237758028135e7,1.498662056181061e7,2.006393728385125e7
