instance,it_bb,it_box,p_true_pb,runtime_bb,runtime_box,runtime_pb,zeta_box,θ_bb,θ_box,θ_pb
15,33375,120,1,3600.148,3600.05,10.76,3.000000000400007,3.75285908279855e7,2.485584123465951e7,3.765162740791196e7
