instance,it_bb,it_box,p_true_pb,runtime_bb,runtime_box,runtime_pb,zeta_box,θ_bb,θ_box,θ_pb
39,26972,47,1,3600.127,3600.04,10.231,8.333333333333332,2.006393728385125e7,1.1271519125492346e7,2.006393728385125e7
