instance,it_bb,it_box,p_true_pb,runtime_bb,runtime_box,runtime_pb,zeta_box,θ_bb,θ_box,θ_pb
34,30394,60,1,473.109,18.921,10.437,1.999999339722308,2.2309833568983734e7,2.230983356898374e7,2.5879147228498697e7
