instance,it_bb,it_box,p_true_pb,runtime_bb,runtime_box,runtime_pb,zeta_box,θ_bb,θ_box,θ_pb
10,2762,46,1,24.356,15.185,9.124,2.2222222222222214,1.1165186533031514e7,1.1165186533031512e7,1.2712600716299482e7
