instance,it_bb,it_box,p_true_pb,runtime_bb,runtime_box,runtime_pb,zeta_box,θ_bb,θ_box,θ_pb
39,226224,54,1,3600.001,13.045,8.957,0.2222222222222232,1.6968022776946004e7,1.6967887788912643e7,2.006393728385125e7
