instance,it_bb,it_box,p_true_pb,runtime_bb,runtime_box,runtime_pb,zeta_box,θ_bb,θ_box,θ_pb
48,60995,146,1,3600.074,3600.097,10.479,1.0,3.0057039583447655e6,2.880507186841488e6,3.130911785576133e6
