instance,it_bb,it_box,p_true_pb,runtime_bb,runtime_box,runtime_pb,zeta_box,θ_bb,θ_box,θ_pb
6,44489,109,1,3600.054,3600.05,12.128,0.9999999999999942,1.0282810582274687e7,9.276982938228944e6,1.1623914605085742e7
