instance,it_bb,it_box,p_true_pb,runtime_bb,runtime_box,runtime_pb,zeta_box,θ_bb,θ_box,θ_pb
1,68758,211,1,3600.019,846.379,8.687,0.44444444444444314,2.6736832510947455e7,2.419072774445023e7,2.8137249591677334e7
