instance,it_bb,it_box,p_true_pb,runtime_bb,runtime_box,runtime_pb,zeta_box,θ_bb,θ_box,θ_pb
44,7655,67,1,83.462,18.555,10.401,0.9999999999999971,1.656935674232505e7,1.6569356742325053e7,1.8157840579240333e7
