instance,it_bb,it_box,p_true_pb,runtime_bb,runtime_box,runtime_pb,zeta_box,θ_bb,θ_box,θ_pb
36,27089,64,1,3600.089,3600.096,10.685,11.799999999999997,2.32971874672997e7,1.5317729216329038e7,2.3297187467299704e7
