instance,it_bb,it_box,p_true_pb,runtime_bb,runtime_box,runtime_pb,zeta_box,θ_bb,θ_box,θ_pb
33,28112,48,1,3600.155,3600.063,11.005,7.299999999999997,1.8558006288636893e7,1.0425339876386404e7,1.8672547041909393e7
