instance,it_bb,it_box,p_true_pb,runtime_bb,runtime_box,runtime_pb,zeta_box,θ_bb,θ_box,θ_pb
12,31576,63,1,3600.18,3600.041,10.881,9.555555555555557,2.7906546288868114e7,1.5893017307065487e7,2.8035736071745865e7
