instance,it_bb,it_box,p_true_pb,runtime_bb,runtime_box,runtime_pb,zeta_box,θ_bb,θ_box,θ_pb
12,30811,30,1,3600.142,3600.068,8.886,10.7,2.7906546288868114e7,1.1759407726604082e7,2.8035736071745865e7
