instance,it_bb,it_box,p_true_pb,runtime_bb,runtime_box,runtime_pb,zeta_box,θ_bb,θ_box,θ_pb
15,30929,56,1,3600.165,3600.161,9.139,12.100000000000001,3.765162740791196e7,1.9196174292671874e7,3.765162740791196e7
