instance,it_bb,it_box,p_true_pb,runtime_bb,runtime_box,runtime_pb,zeta_box,θ_bb,θ_box,θ_pb
39,29660,34,1,3600.04,3600.068,9.143,10.333333333333332,2.006393728385125e7,9.166061079009252e6,2.006393728385125e7
