instance,it_bb,it_box,p_true_pb,runtime_bb,runtime_box,runtime_pb,zeta_box,θ_bb,θ_box,θ_pb
50,37674,85,1,3600.013,3600.067,9.316,4.0,4.241959907930149e6,3.554478395068734e6,4.24195990793015e6
