instance,it_bb,it_box,p_true_pb,runtime_bb,runtime_box,runtime_pb,zeta_box,θ_bb,θ_box,θ_pb
47,66116,177,1,3600.055,3600.024,9.838,1.0,2.1941922445400716e6,2.559668258540321e6,2.6814729306445387e6
