instance,it_bb,it_box,p_true_pb,runtime_bb,runtime_box,runtime_pb,zeta_box,θ_bb,θ_box,θ_pb
21,2624,35,1,21.316,5.556,8.94,0.4285714285714306,1.1386585129594436e7,1.1386585129594438e7,1.2752794483976116e7
