instance,it_bb,it_box,p_true_pb,runtime_bb,runtime_box,runtime_pb,zeta_box,θ_bb,θ_box,θ_pb
26,29430,50,1,3600.018,3600.093,10.259,10.125,2.3389789362423424e7,1.2650077472867537e7,2.350911478366921e7
