instance,it_bb,it_box,p_true_pb,runtime_bb,runtime_box,runtime_pb,zeta_box,θ_bb,θ_box,θ_pb
8,34336,56,1,3600.104,3600.058,9.027,8.0,1.434991043340838e7,8.689495589484133e6,1.4876448829142837e7
