instance,it_bb,it_box,p_true_pb,runtime_bb,runtime_box,runtime_pb,zeta_box,θ_bb,θ_box,θ_pb
10,33199,37,1,3600.134,3600.094,8.967,7.777777777777779,1.2159925404746668e7,6.522984360799723e6,1.2712600716299482e7
