instance,it_bb,it_box,p_true_pb,runtime_bb,runtime_box,runtime_pb,zeta_box,θ_bb,θ_box,θ_pb
2,27635,48,1,3600.135,3600.077,9.916,8.0,1.3069017764586298e7,8.091287134806058e6,1.3193476593120074e7
