instance,it_bb,it_box,p_true_pb,runtime_bb,runtime_box,runtime_pb,zeta_box,θ_bb,θ_box,θ_pb
21,35835,62,1,3600.123,3600.025,9.393,6.125,1.2069762101189855e7,8.426566854812585e6,1.2752794483976116e7
