instance,it_bb,it_box,p_true_pb,runtime_bb,runtime_box,runtime_pb,zeta_box,θ_bb,θ_box,θ_pb
10,32765,51,1,3600.175,3600.042,9.185,6.5,1.2159925404746668e7,7.95988141551336e6,1.2712600716299482e7
