instance,it_bb,it_box,p_true_pb,runtime_bb,runtime_box,runtime_pb,zeta_box,θ_bb,θ_box,θ_pb
47,36384,160,1,3600.141,3600.041,9.188,1.0,2.6814729306444786e6,2.43781743614462e6,2.6814729306445387e6
