instance,it_bb,it_box,p_true_pb,runtime_bb,runtime_box,runtime_pb,zeta_box,θ_bb,θ_box,θ_pb
32,32737,115,1,3600.088,3600.057,11.866,0.875000000000002,2.328367281718933e7,1.6843924165484082e7,2.353134247650494e7
