instance,it_bb,it_box,p_true_pb,runtime_bb,runtime_box,runtime_pb,zeta_box,θ_bb,θ_box,θ_pb
5,9,8,1,0.274,2.073,8.816,1.0000000002000036,1.859795008746959e7,1.859795008746959e7,1.8597950087469593e7
