instance,it_bb,it_box,p_true_pb,runtime_bb,runtime_box,runtime_pb,zeta_box,θ_bb,θ_box,θ_pb
30,256,20,1,2.081,3.216,9.386,0.1428571428571459,3.844174291845357e6,3.844174291845357e6,3.8441742918453575e6
