instance,it_bb,it_box,p_true_pb,runtime_bb,runtime_box,runtime_pb,zeta_box,θ_bb,θ_box,θ_pb
19,1116,40,1,10.422,7.595,9.329,0.37499999999999734,1.4477196559512855e7,1.447719655951279e7,1.6713230995741425e7
