instance,it_bb,it_box,p_true_pb,runtime_bb,runtime_box,runtime_pb,zeta_box,θ_bb,θ_box,θ_pb
15,36710,132,1,3600.028,3600.027,12.443,3.4285714285714275,3.75285908279855e7,2.510236659400685e7,3.765162740791196e7
