instance,it_bb,it_box,p_true_pb,runtime_bb,runtime_box,runtime_pb,zeta_box,θ_bb,θ_box,θ_pb
7,31935,48,1,3600.146,3600.038,9.275,7.0,1.4371099777288957e7,8.669159590366187e6,1.437109977728896e7
