instance,it_bb,it_box,p_true_pb,runtime_bb,runtime_box,runtime_pb,zeta_box,θ_bb,θ_box,θ_pb
45,79761,77,1,3600.038,220.878,9.243,4.11082491069692e-6,5.558255694511382e6,5.326765295196889e6,6.136981618229923e6
