instance,it_bb,it_box,p_true_pb,runtime_bb,runtime_box,runtime_pb,zeta_box,θ_bb,θ_box,θ_pb
5,34735,88,1,3600.193,3600.035,10.784,4.000000000000014,1.798623144722926e7,1.3581760025856646e7,1.8597950087469593e7
