instance,it_bb,it_box,p_true_pb,runtime_bb,runtime_box,runtime_pb,zeta_box,θ_bb,θ_box,θ_pb
46,36609,116,1,3600.012,3600.019,10.384,6.499999999999993,4.682542660183707e7,3.0384308465609357e7,4.69569557171864e7
