instance,it_bb,it_box,p_true_pb,runtime_bb,runtime_box,runtime_pb,zeta_box,θ_bb,θ_box,θ_pb
35,37197,97,1,3600.011,3600.022,10.58,3.0,1.9757129888466027e7,1.6224676516151981e7,1.9757129888466034e7
