instance,it_bb,it_box,p_true_pb,runtime_bb,runtime_box,runtime_pb,zeta_box,θ_bb,θ_box,θ_pb
33,28259,70,1,3600.184,3600.136,15.175,6.400000000000006,1.8558000108297005e7,1.3059959688577456e7,1.8672547041909393e7
