instance,it_bb,it_box,p_true_pb,runtime_bb,runtime_box,runtime_pb,zeta_box,θ_bb,θ_box,θ_pb
16,35944,92,1,3600.055,3600.068,14.049,5.285714285714285,2.1123909535958488e7,1.5642683350206956e7,2.1123909535958488e7
