instance,it_bb,it_box,p_true_pb,runtime_bb,runtime_box,runtime_pb,zeta_box,θ_bb,θ_box,θ_pb
24,32429,54,1,3600.149,3600.025,10.058,5.6,7.767946869755247e6,5.638627095229036e6,7.767946869755344e6
