instance,it_bb,it_box,p_true_pb,runtime_bb,runtime_box,runtime_pb,zeta_box,θ_bb,θ_box,θ_pb
37,54967,135,1,3600.048,3600.044,9.819,1.0,1.074507753000285e7,9.373693234151408e6,1.1430772174914818e7
