instance,it_bb,it_box,p_true_pb,runtime_bb,runtime_box,runtime_pb,zeta_box,θ_bb,θ_box,θ_pb
10,36246,117,1,3600.018,3600.053,13.853,2.375,1.2049400188433472e7,1.0059771358085912e7,1.2712600716299482e7
