instance,it_bb,it_box,p_true_pb,runtime_bb,runtime_box,runtime_pb,zeta_box,θ_bb,θ_box,θ_pb
17,32873,57,1,3600.14,3600.04,9.475,7.200000000000001,2.5409773150743175e7,1.488900684918499e7,2.540977315074318e7
