instance,it_bb,it_box,p_true_pb,runtime_bb,runtime_box,runtime_pb,zeta_box,θ_bb,θ_box,θ_pb
27,4268,51,1,38.295,11.328,9.73,0.11111111111111072,1.1900784187525239e7,1.1900784187525239e7,1.2146132918926077e7
