instance,it_bb,it_box,p_true_pb,runtime_bb,runtime_box,runtime_pb,zeta_box,θ_bb,θ_box,θ_pb
41,237369,53,1,3600.001,19.366,9.822,2.666536007112086e-6,1.3018433356223118e7,1.3018433356223118e7,1.455688768209957e7
