instance,it_bb,it_box,p_true_pb,runtime_bb,runtime_box,runtime_pb,zeta_box,θ_bb,θ_box,θ_pb
41,34672,50,1,3600.058,3600.056,10.631,7.666666666666664,1.4201861116528261e7,9.231469970626717e6,1.455688768209957e7
