instance,it_bb,it_box,p_true_pb,runtime_bb,runtime_box,runtime_pb,zeta_box,θ_bb,θ_box,θ_pb
21,5,4,1,0.338,2.437,11.129,4.0,1.2752794483976115e7,1.2752794483976115e7,1.2752794483976116e7
