instance,it_bb,it_box,p_true_pb,runtime_bb,runtime_box,runtime_pb,zeta_box,θ_bb,θ_box,θ_pb
44,38152,142,1,3600.167,3600.062,9.743,1.0,1.78174496275392e7,1.4867441501917634e7,1.8157840579240333e7
