instance,it_bb,it_box,p_true_pb,runtime_bb,runtime_box,runtime_pb,zeta_box,θ_bb,θ_box,θ_pb
49,35502,106,1,3600.059,3600.043,9.135,4.285714285714292,1.9763483049042042e7,1.523205927482031e7,1.9889356000862516e7
