instance,it_bb,it_box,p_true_pb,runtime_bb,runtime_box,runtime_pb,zeta_box,θ_bb,θ_box,θ_pb
23,33057,59,1,3600.131,3600.045,9.421,8.444444444444445,1.8704993436971206e7,1.3291374799232699e7,1.895108285161556e7
