instance,it_bb,it_box,p_true_pb,runtime_bb,runtime_box,runtime_pb,zeta_box,θ_bb,θ_box,θ_pb
46,30140,48,1,3600.108,3600.028,9.417,10.9,4.6956955717186384e7,2.3676779249643397e7,4.69569557171864e7
