instance,it_bb,it_box,p_true_pb,runtime_bb,runtime_box,runtime_pb,zeta_box,θ_bb,θ_box,θ_pb
35,3416,44,1,32.619,13.242,9.447,0.9999999999980673,1.7925524464714956e7,1.7925524464714956e7,1.9757129888466034e7
