instance,it_bb,it_box,p_true_pb,runtime_bb,runtime_box,runtime_pb,zeta_box,θ_bb,θ_box,θ_pb
19,50070,163,1,3600.094,3600.059,9.162,0.7499999999999982,1.4947940651350448e7,1.3182926599014575e7,1.6713230995741425e7
