instance,it_bb,it_box,p_true_pb,runtime_bb,runtime_box,runtime_pb,zeta_box,θ_bb,θ_box,θ_pb
38,42035,116,1,3600.072,3600.039,9.633,4.0,1.910155375943043e7,1.5530029336027242e7,1.9730490377809767e7
