instance,it_bb,it_box,p_true_pb,runtime_bb,runtime_box,runtime_pb,zeta_box,θ_bb,θ_box,θ_pb
44,29103,53,1,3600.139,3600.047,11.242,9.0,1.8157840579240326e7,1.1690853901278347e7,1.8157840579240333e7
