instance,it_bb,it_box,p_true_pb,runtime_bb,runtime_box,runtime_pb,zeta_box,θ_bb,θ_box,θ_pb
45,33951,54,1,3600.079,3600.027,8.673,2.5,6.136981618229923e6,3.937919126082196e6,6.136981618229923e6
