instance,it_bb,it_box,p_true_pb,runtime_bb,runtime_box,runtime_pb,zeta_box,θ_bb,θ_box,θ_pb
28,33144,50,1,3600.123,3600.065,9.343,8.444444444444445,1.9875428477337107e7,1.30190036795843e7,1.9875428477337115e7
