instance,it_bb,it_box,p_true_pb,runtime_bb,runtime_box,runtime_pb,zeta_box,θ_bb,θ_box,θ_pb
1,35949,114,1,3600.155,3600.044,9.762,3.7777777777777746,2.800993894797462e7,1.960749210997049e7,2.8137249591677334e7
