instance,it_bb,it_box,p_true_pb,runtime_bb,runtime_box,runtime_pb,zeta_box,θ_bb,θ_box,θ_pb
16,31700,55,1,3600.017,3600.045,9.486,10.124999999999993,2.1123909535958488e7,1.2835199041210191e7,2.1123909535958488e7
