instance,it_bb,it_box,p_true_pb,runtime_bb,runtime_box,runtime_pb,zeta_box,θ_bb,θ_box,θ_pb
11,33028,76,1,3600.2,3600.029,10.681,6.0,1.884250507484414e7,1.3384192431066617e7,1.9083803348513022e7
