instance,it_bb,it_box,p_true_pb,runtime_bb,runtime_box,runtime_pb,zeta_box,θ_bb,θ_box,θ_pb
6,23823,43,1,3600.007,3600.112,12.717,6.0,1.1288638599382978e7,6.483070474017529e6,1.1623914605085742e7
