instance,it_bb,it_box,p_true_pb,runtime_bb,runtime_box,runtime_pb,zeta_box,θ_bb,θ_box,θ_pb
9,34734,86,1,3600.023,3600.026,10.048,6.222222222222221,2.3435236826243423e7,1.6501292911529368e7,2.3793870053444266e7
