instance,it_bb,it_box,p_true_pb,runtime_bb,runtime_box,runtime_pb,zeta_box,θ_bb,θ_box,θ_pb
13,820,40,1,7.192,7.816,9.618,0.29999999999999716,7.279960153585685e6,7.279960153585685e6,7.67692051015732e6
