instance,it_bb,it_box,p_true_pb,runtime_bb,runtime_box,runtime_pb,zeta_box,θ_bb,θ_box,θ_pb
32,38750,120,1,3600.074,3600.139,9.064,0.5000000001500027,2.328367281718933e7,1.684410841575598e7,2.353134247650494e7
