instance,it_bb,it_box,p_true_pb,runtime_bb,runtime_box,runtime_pb,zeta_box,θ_bb,θ_box,θ_pb
28,38645,150,1,3600.028,3600.034,10.197,2.666666666666668,1.9294391320627958e7,1.662152005822019e7,1.9875428477337115e7
