instance,it_bb,it_box,p_true_pb,runtime_bb,runtime_box,runtime_pb,zeta_box,θ_bb,θ_box,θ_pb
30,31758,74,1,3600.098,3600.128,9.8,2.0,3.7161875730538038e6,2.820147909107208e6,3.8441742918453575e6
