instance,it_bb,it_box,p_true_pb,runtime_bb,runtime_box,runtime_pb,zeta_box,θ_bb,θ_box,θ_pb
34,35843,124,1,3600.054,3600.019,9.817,3.3333333333333357,2.575167174065887e7,1.9505381988440137e7,2.5879147228498697e7
