instance,it_bb,it_box,p_true_pb,runtime_bb,runtime_box,runtime_pb,zeta_box,θ_bb,θ_box,θ_pb
29,34668,109,1,3600.171,3600.023,10.127,6.500000000000008,2.3301710843109675e7,1.5605107426726919e7,2.3301710843109686e7
