instance,it_bb,it_box,p_true_pb,runtime_bb,runtime_box,runtime_pb,zeta_box,θ_bb,θ_box,θ_pb
38,40843,122,1,3600.001,3600.045,8.858,3.777777777777778,1.910155375943043e7,1.5530099138592135e7,1.9730490377809767e7
