instance,it_bb,it_box,p_true_pb,runtime_bb,runtime_box,runtime_pb,zeta_box,θ_bb,θ_box,θ_pb
3,30770,108,1,3600.007,3600.047,11.177,5.714285714285715,3.2444701587110218e7,2.3629919151796155e7,3.244470158711022e7
