instance,it_bb,it_box,p_true_pb,runtime_bb,runtime_box,runtime_pb,zeta_box,θ_bb,θ_box,θ_pb
24,37320,99,1,3600.05,3600.035,9.311,4.5,7.767946869755247e6,6.640674110425779e6,7.767946869755344e6
