instance,it_bb,it_box,p_true_pb,runtime_bb,runtime_box,runtime_pb,zeta_box,θ_bb,θ_box,θ_pb
39,37636,134,1,3600.092,3600.059,8.703,2.8571428575285758,1.982237758028135e7,1.5110257085724153e7,2.006393728385125e7
