instance,it_bb,it_box,p_true_pb,runtime_bb,runtime_box,runtime_pb,zeta_box,θ_bb,θ_box,θ_pb
35,20948,33,1,3600.002,3600.107,12.464,11.3,1.9757129888466027e7,1.086075198215576e7,1.9757129888466034e7
