instance,it_bb,it_box,p_true_pb,runtime_bb,runtime_box,runtime_pb,zeta_box,θ_bb,θ_box,θ_pb
14,2654,32,1,25.416,8.985,9.892,0.999999999999996,1.1223733565296322e7,1.1223733565296333e7,1.2767793633666055e7
