instance,it_bb,it_box,p_true_pb,runtime_bb,runtime_box,runtime_pb,zeta_box,θ_bb,θ_box,θ_pb
4,56354,66,1,1202.225,19.454,9.173,0.1666666666666643,1.4217301229894122e7,1.4217301229894122e7,1.6174393460730474e7
