instance,it_bb,it_box,p_true_pb,runtime_bb,runtime_box,runtime_pb,zeta_box,θ_bb,θ_box,θ_pb
2,37285,69,1,3600.055,3600.053,10.311,4.0,1.294455893605252e7,9.833102187639447e6,1.3193476593120074e7
