instance,it_bb,it_box,p_true_pb,runtime_bb,runtime_box,runtime_pb,zeta_box,θ_bb,θ_box,θ_pb
7,37584,107,1,3600.085,3600.061,9.833,3.000000000400007,1.4257060310436469e7,1.0950007059963794e7,1.437109977728896e7
