instance,it_bb,it_box,p_true_pb,runtime_bb,runtime_box,runtime_pb,zeta_box,θ_bb,θ_box,θ_pb
22,14278,44,1,180.774,10.536,10.675,0.3749999999999929,1.7742910713016942e7,1.7742910713016942e7,2.102304181051816e7
