instance,it_bb,it_box,p_true_pb,runtime_bb,runtime_box,runtime_pb,zeta_box,θ_bb,θ_box,θ_pb
17,61892,157,1,3600.166,3600.05,8.863,0.8888888888888866,2.1431976650166508e7,1.873775772103731e7,2.540977315074318e7
