instance,it_bb,it_box,p_true_pb,runtime_bb,runtime_box,runtime_pb,zeta_box,θ_bb,θ_box,θ_pb
33,36691,85,1,3600.073,3600.026,8.975,2.9000000000000057,1.8558000108297005e7,1.3288973513078908e7,1.8672547041909393e7
