instance,it_bb,it_box,p_true_pb,runtime_bb,runtime_box,runtime_pb,zeta_box,θ_bb,θ_box,θ_pb
26,28363,34,1,3600.113,3600.051,11.086,12.66666666666661,2.3389789362423424e7,9.786187187861755e6,2.350911478366921e7
