instance,it_bb,it_box,p_true_pb,runtime_bb,runtime_box,runtime_pb,zeta_box,θ_bb,θ_box,θ_pb
20,36953,143,1,3600.154,3600.067,9.695,2.111111111111111,2.0438856073067795e7,1.5750864441974983e7,2.091968868427465e7
