instance,it_bb,it_box,p_true_pb,runtime_bb,runtime_box,runtime_pb,zeta_box,θ_bb,θ_box,θ_pb
6,57524,118,1,3600.121,3600.027,9.965,1.3333333333333321,1.0282810582274687e7,9.388741219980897e6,1.1623914605085742e7
