instance,it_bb,it_box,p_true_pb,runtime_bb,runtime_box,runtime_pb,zeta_box,θ_bb,θ_box,θ_pb
35,39635,98,1,3600.011,3600.023,8.855,3.0,1.937459713854339e7,1.6224676516152177e7,1.9757129888466034e7
