instance,it_bb,it_box,p_true_pb,runtime_bb,runtime_box,runtime_pb,zeta_box,θ_bb,θ_box,θ_pb
20,27049,48,1,3600.103,3600.196,9.552,10.0,2.0919688684274647e7,1.0822229366091995e7,2.091968868427465e7
