instance,it_bb,it_box,p_true_pb,runtime_bb,runtime_box,runtime_pb,zeta_box,θ_bb,θ_box,θ_pb
41,39415,71,1,3600.126,3600.064,10.393,4.0,1.420186111652826e7,1.10066869234151e7,1.455688768209957e7
