instance,it_bb,it_box,p_true_pb,runtime_bb,runtime_box,runtime_pb,zeta_box,θ_bb,θ_box,θ_pb
26,27602,94,1,3600.089,3600.124,16.118,4.875000000587501,2.338978936242342e7,1.6587901558378655e7,2.350911478366921e7
