it_bb,it_box,runtime_bb,runtime_box,zeta_box,θ_bb,θ_box
36147,45,7200.048,7200.083,7450.342899999989,1.0e20,2.5152424005e9
