it_bb,it_box,p_true_pb,runtime_bb,runtime_box,runtime_pb,zeta_box,θ_bb,θ_box,θ_pb
33153,49,9,7200.313,7200.728,4.746,7417.333334075171,2.2673752684100002e10,2.7203087483e9,1.11587988186e10
