it_bb,it_box,p_true_pb,runtime_bb,runtime_box,runtime_pb,zeta_box,θ_bb,θ_box,θ_pb
10,6,1,0.298,1.255,4.184,7450.342899999989,2.26777161451e10,2.26777161451e10,2.26737526841e10
