it_bb,it_box,runtime_bb,runtime_box,zeta_box,θ_bb,θ_box
42814,74,7200.275,7200.029,5481.709999999992,1.0e20,6.1881868711e9
