instance,it_bb,it_box,p_true_pb,runtime_bb,runtime_box,runtime_pb,θ_bb,θ_box,θ_pb
1,32411,99,1,3600.002,3600.05:1.0:3599.05 => 0.0,8.955,1.9806027850977555e7,1.2686894558287507e7,1.9806027850977555e7
