instance,it_bb,it_box,p_true_pb,runtime_bb,runtime_box,runtime_pb,θ_bb,θ_box,θ_pb
9,32815,82,1,3600.188,3600.047:1.0:3599.047 => 0.0,10.308,2.227839326674437e7,1.3004703372656316e7,2.2278393266744364e7
