instance,it_bb,it_box,p_true_pb,runtime_bb,runtime_box,runtime_pb,zeta_box,θ_bb,θ_box,θ_pb
40,43419,133,1,3600.003,267.809,9.831,0.5,2.6740021497167557e7,2.5717389891996883e7,2.6990487022724405e7
