instance,it_bb,it_box,p_true_pb,runtime_bb,runtime_box,runtime_pb,zeta_box,θ_bb,θ_box,θ_pb
11,25386,66,1,3600.002,3600.035,9.779,9.272727273754555,3.184553036933189e7,2.592423273636183e7,4.171479950721086e7
