instance,it_bb,it_box,p_true_pb,runtime_bb,runtime_box,runtime_pb,zeta_box,θ_bb,θ_box,θ_pb
1,24675,58,1,3600.031,3600.044,11.784,8.571428571428571,3.157882270452605e7,2.1484254466844838e7,3.1578822704526052e7
