instance,it_bb,it_box,p_true_pb,runtime_bb,runtime_box,runtime_pb,zeta_box,θ_bb,θ_box,θ_pb
2,37752,196,1,3600.001,3600.022,7.678,0.6666666668333363,3.838101306184838e7,3.5720946869120374e7,4.205438996369476e7
