instance,it_bb,it_box,p_true_pb,runtime_bb,runtime_box,runtime_pb,zeta_box,θ_bb,θ_box,θ_pb
46,19593,43,1,3600.072,3600.057,9.833,10.333333333333263,1.0e20,1.9283486346968736e7,3.747961781951852e7
