instance,it_bb,it_box,p_true_pb,runtime_bb,runtime_box,runtime_pb,zeta_box,θ_bb,θ_box,θ_pb
20,8,8,1,0.429,3.091,12.362,1.0,2.1195255892731093e7,2.1195255892731093e7,2.1195255892731093e7
