instance,it_bb,it_box,p_true_pb,runtime_bb,runtime_box,runtime_pb,zeta_box,θ_bb,θ_box,θ_pb
36,25694,60,1,3600.251,3600.068,10.79,8.666666666666664,2.1439046188692186e7,1.6367584238385327e7,2.1439046188692193e7
