instance,it_bb,it_box,p_true_pb,runtime_bb,runtime_box,runtime_pb,zeta_box,θ_bb,θ_box,θ_pb
39,19800,33,1,3600.268,3600.06,9.501,8.666666666666664,1.0e20,7.3677157111080475e6,2.0260390698314495e7
