instance,it_bb,it_box,p_true_pb,runtime_bb,runtime_box,runtime_pb,zeta_box,θ_bb,θ_box,θ_pb
5,38871,87,1,3600.001,91.734,8.9,0.10000000011001475,2.016665076792798e7,1.838328013753866e7,2.0303836773045115e7
