instance,it_bb,it_box,p_true_pb,runtime_bb,runtime_box,runtime_pb,zeta_box,θ_bb,θ_box,θ_pb
33,12,11,1,0.507,2.266,9.705,0.7999999999999988,2.911388601855657e7,2.911388601855657e7,2.911388601855658e7
