instance,it_bb,it_box,p_true_pb,runtime_bb,runtime_box,runtime_pb,zeta_box,θ_bb,θ_box,θ_pb
19,20692,26,1,3600.227,3600.039,9.22,12.16666666666669,1.0e20,1.0530011031496143e7,2.6935560185444992e7
