instance,it_bb,it_box,p_true_pb,runtime_bb,runtime_box,runtime_pb,zeta_box,θ_bb,θ_box,θ_pb
37,13,12,1,0.525,2.67,11.567,0.3999999999999986,3.230219504657585e7,3.230219504657585e7,3.2302195046575863e7
