instance,it_bb,it_box,p_true_pb,runtime_bb,runtime_box,runtime_pb,zeta_box,θ_bb,θ_box,θ_pb
11,29692,171,1,3600.062,3600.038,9.295,1.0,4.171479950721085e7,3.474052741089644e7,4.171479950721086e7
