instance,it_bb,it_box,p_true_pb,runtime_bb,runtime_box,runtime_pb,zeta_box,θ_bb,θ_box,θ_pb
15,24467,52,1,3600.24,3600.059,12.27,10.333333333333332,1.0e20,1.778388206334796e7,2.5877239908225417e7
