instance,it_bb,it_box,p_true_pb,runtime_bb,runtime_box,runtime_pb,zeta_box,θ_bb,θ_box,θ_pb
23,29657,133,1,3600.045,3600.094,9.993,1.7777777777777786,3.5446748383881755e7,2.9935671538110137e7,3.544674838388175e7
