instance,it_bb,it_box,p_true_pb,runtime_bb,runtime_box,runtime_pb,zeta_box,θ_bb,θ_box,θ_pb
15,32555,140,1,3600.057,3600.038,10.804,1.818181818181813,2.587723990822541e7,2.348342412583947e7,2.5877239908225417e7
