instance,it_bb,it_box,p_true_pb,runtime_bb,runtime_box,runtime_pb,zeta_box,θ_bb,θ_box,θ_pb
21,18107,41,1,3600.138,3600.035,13.591,11.899999999999991,1.0e20,1.8228681353021495e7,3.934169956346823e7
