instance,it_bb,it_box,p_true_pb,runtime_bb,runtime_box,runtime_pb,zeta_box,θ_bb,θ_box,θ_pb
6,13263,22,1,3600.273,3600.053,14.25,16.692307692307693,1.0e20,1.2185037573315978e7,4.33901905175861e7
