instance,it_bb,it_box,p_true_pb,runtime_bb,runtime_box,runtime_pb,zeta_box,θ_bb,θ_box,θ_pb
20,25062,66,1,3600.047,3600.045,12.003,7.375,2.1195255892731078e7,1.6485352384634186e7,2.1195255892731093e7
