instance,it_bb,it_box,p_true_pb,runtime_bb,runtime_box,runtime_pb,zeta_box,θ_bb,θ_box,θ_pb
9,34987,127,1,3600.032,3600.03,9.048,3.375,4.003837106456515e7,3.425119379375086e7,4.0038371064565144e7
