instance,it_bb,it_box,p_true_pb,runtime_bb,runtime_box,runtime_pb,zeta_box,θ_bb,θ_box,θ_pb
23,14537,23,1,3600.16,3600.045,12.743,13.363636363636363,1.0e20,1.1523727102888271e7,3.544674838388175e7
