instance,it_bb,it_box,p_true_pb,runtime_bb,runtime_box,runtime_pb,zeta_box,θ_bb,θ_box,θ_pb
5,9,7,1,0.315,2.106,9.645,2.3333333333333357,2.0303836773045123e7,2.0303836773045123e7,2.0303836773045115e7
