instance,it_bb,it_box,p_true_pb,runtime_bb,runtime_box,runtime_pb,zeta_box,θ_bb,θ_box,θ_pb
19,20531,45,1,3600.01,3600.057,10.727,10.18181818181818,1.4080945846290197e7,1.4447936352614345e7,2.6935560185444992e7
