instance,it_bb,it_box,p_true_pb,runtime_bb,runtime_box,runtime_pb,zeta_box,θ_bb,θ_box,θ_pb
16,23107,61,1,3600.059,3600.051,10.659,8.454545454545453,1.0e20,2.3065082793390453e7,3.59810071678156e7
