instance,it_bb,it_box,p_true_pb,runtime_bb,runtime_box,runtime_pb,zeta_box,θ_bb,θ_box,θ_pb
28,30587,121,1,3600.149,3600.024,9.021,7.6250000000000036,1.0e20,4.082858072511536e7,5.157959541850291e7
