instance,it_bb,it_box,p_true_pb,runtime_bb,runtime_box,runtime_pb,zeta_box,θ_bb,θ_box,θ_pb
17,26667,56,1,3600.016,3600.034,9.392,11.454545454545453,1.0e20,2.633153113068082e7,4.77170899449869e7
