instance,it_bb,it_box,p_true_pb,runtime_bb,runtime_box,runtime_pb,zeta_box,θ_bb,θ_box,θ_pb
10,13,13,1,0.453,2.131,9.142,1.0,3.9293036683746554e7,3.9293036683746554e7,3.9293036683746554e7
