instance,it_bb,it_box,p_true_pb,runtime_bb,runtime_box,runtime_pb,zeta_box,θ_bb,θ_box,θ_pb
8,29840,125,1,3600.132,673.645,11.381,0.07692307692307665,3.418273670311108e7,3.005967027488131e7,3.418273670311108e7
