instance,it_bb,it_box,p_true_pb,runtime_bb,runtime_box,runtime_pb,zeta_box,θ_bb,θ_box,θ_pb
44,38470,201,1,3600.078,1512.513,8.967,0.7500000000000031,4.1410205124315e7,3.5494558215744995e7,4.1410205124315e7
