instance,it_bb,it_box,p_true_pb,runtime_bb,runtime_box,runtime_pb,zeta_box,θ_bb,θ_box,θ_pb
42,18720,44,1,3600.057,3600.071,11.443,10.727272727272727,1.0e20,1.5502614914187554e7,3.534504335226442e7
