instance,it_bb,it_box,p_true_pb,runtime_bb,runtime_box,runtime_pb,zeta_box,θ_bb,θ_box,θ_pb
30,13,12,1,0.606,3.031,12.293,1.0000000002000036,3.0071228599164914e7,3.0071228599164914e7,3.0071228599164914e7
