instance,it_bb,it_box,p_true_pb,runtime_bb,runtime_box,runtime_pb,zeta_box,θ_bb,θ_box,θ_pb
35,19269,22,1,3600.074,3600.037,9.919,10.833333333333334,1.0e20,8.375478800973386e6,2.432756398026558e7
