instance,it_bb,it_box,p_true_pb,runtime_bb,runtime_box,runtime_pb,zeta_box,θ_bb,θ_box,θ_pb
30,33223,101,1,3600.056,597.123,8.881,0.3000000000000246,2.9938172220137075e7,2.6478751709434915e7,3.0071228599164914e7
