instance,it_bb,it_box,p_true_pb,runtime_bb,runtime_box,runtime_pb,zeta_box,θ_bb,θ_box,θ_pb
36,28436,60,1,3600.048,3600.063,10.175,8.666666666666664,2.1439046188692186e7,1.6367584238385327e7,2.1439046188692193e7
