instance,it_bb,it_box,p_true_pb,runtime_bb,runtime_box,runtime_pb,zeta_box,θ_bb,θ_box,θ_pb
38,17,16,1,0.509,2.265,9.938,0.400000000140011,4.2280695912952885e7,4.2280695912952885e7,4.228069591295288e7
