instance,it_bb,it_box,p_true_pb,runtime_bb,runtime_box,runtime_pb,zeta_box,θ_bb,θ_box,θ_pb
29,34142,148,1,3600.037,3600.03,9.231,1.2727272727272645,3.579682188602738e7,3.135319084012044e7,3.579682188602739e7
