instance,it_bb,it_box,p_true_pb,runtime_bb,runtime_box,runtime_pb,zeta_box,θ_bb,θ_box,θ_pb
36,19298,35,1,3600.222,3600.041,9.422,10.999999999999998,2.143904618869219e7,1.0604603702396074e7,2.1439046188692193e7
