instance,it_bb,it_box,p_true_pb,runtime_bb,runtime_box,runtime_pb,zeta_box,θ_bb,θ_box,θ_pb
27,15269,22,1,3600.196,3600.045,11.833,14.818181818181817,1.0e20,1.1641610674911734e7,3.8611328912869215e7
