instance,it_bb,it_box,p_true_pb,runtime_bb,runtime_box,runtime_pb,zeta_box,θ_bb,θ_box,θ_pb
3,37016,160,1,3600.076,2797.643,8.069,2.0,3.1978162900755607e7,2.902439474733484e7,3.2235010382947598e7
