instance,it_bb,it_box,p_true_pb,runtime_bb,runtime_box,runtime_pb,zeta_box,θ_bb,θ_box,θ_pb
16,19566,45,1,3600.054,3600.093,12.127,10.000000000000014,1.0e20,1.7398046438211784e7,3.59810071678156e7
