instance,it_bb,it_box,p_true_pb,runtime_bb,runtime_box,runtime_pb,zeta_box,θ_bb,θ_box,θ_pb
14,23709,67,1,3600.08,3600.05,11.257,7.615384615384615,1.0e20,1.7180405776302133e7,2.533134074870268e7
