instance,it_bb,it_box,p_true_pb,runtime_bb,runtime_box,runtime_pb,zeta_box,θ_bb,θ_box,θ_pb
41,33737,145,1,3600.11,1913.79,9.98,0.33333333333333215,3.0163910864731718e7,2.6659452515435178e7,3.016391086473172e7
