instance,it_bb,it_box,p_true_pb,runtime_bb,runtime_box,runtime_pb,zeta_box,θ_bb,θ_box,θ_pb
6,30715,148,1,3600.077,3600.056,9.14,4.625,4.339019051758609e7,3.667663021797672e7,4.33901905175861e7
