instance,it_bb,it_box,p_true_pb,runtime_bb,runtime_box,runtime_pb,zeta_box,θ_bb,θ_box,θ_pb
43,27700,69,1,3600.097,3600.035,9.245,5.0,2.199308565540039e7,1.5709505356160225e7,2.19930856554004e7
