instance,it_bb,it_box,p_true_pb,runtime_bb,runtime_box,runtime_pb,zeta_box,θ_bb,θ_box,θ_pb
13,32281,127,1,3600.1,3600.042,9.45,2.700000000370011,1.0e20,3.1726851293557618e7,3.812221436565347e7
