instance,it_bb,it_box,p_true_pb,runtime_bb,runtime_box,runtime_pb,zeta_box,θ_bb,θ_box,θ_pb
47,11,12,1,0.369,2.047,9.071,1.3999999999999986,2.946712544642295e7,2.946712544642295e7,2.9467125446422957e7
