instance,it_bb,it_box,p_true_pb,runtime_bb,runtime_box,runtime_pb,zeta_box,θ_bb,θ_box,θ_pb
24,32002,140,1,3600.03,3600.035,10.219,1.2000000000000028,4.206815019816933e7,3.6343195727636e7,4.206815019816934e7
