instance,it_bb,it_box,p_true_pb,runtime_bb,runtime_box,runtime_pb,zeta_box,θ_bb,θ_box,θ_pb
48,19519,44,1,3600.003,3600.043,11.06,10.416666667808336,1.0e20,1.593809001076501e7,3.50381320059481e7
