instance,it_bb,it_box,p_true_pb,runtime_bb,runtime_box,runtime_pb,zeta_box,θ_bb,θ_box,θ_pb
18,29319,130,1,3600.078,3600.031,11.968,3.25,3.6103378518716484e7,3.1607031930192597e7,3.6103378518716484e7
