instance,it_bb,it_box,p_true_pb,runtime_bb,runtime_box,runtime_pb,zeta_box,θ_bb,θ_box,θ_pb
34,17575,28,1,3600.179,3600.049,10.191,14.666666666666668,1.0e20,1.2466062476509955e7,3.691620414761531e7
