instance,it_bb,it_box,p_true_pb,runtime_bb,runtime_box,runtime_pb,zeta_box,θ_bb,θ_box,θ_pb
21,35175,150,1,3600.027,3600.022,9.189,2.4999999999999836,3.9341699563468225e7,3.409621852999443e7,3.934169956346823e7
