instance,it_bb,it_box,p_true_pb,runtime_bb,runtime_box,runtime_pb,zeta_box,θ_bb,θ_box,θ_pb
47,19399,28,1,3600.035,3600.08,9.882,11.249999999999998,1.0e20,1.1343789031408664e7,2.9467125446422957e7
