instance,it_bb,it_box,p_true_pb,runtime_bb,runtime_box,runtime_pb,zeta_box,θ_bb,θ_box,θ_pb
2,20420,34,1,3600.034,3600.05,9.201,12.428571428571429,1.0e20,1.5454255498212488e7,4.205438996369476e7
