instance,it_bb,it_box,p_true_pb,runtime_bb,runtime_box,runtime_pb,zeta_box,θ_bb,θ_box,θ_pb
26,25187,58,1,3600.093,3600.031,10.022,9.083333333333334,1.0e20,1.67881710309437e7,2.9921287913757637e7
