instance,it_bb,it_box,p_true_pb,runtime_bb,runtime_box,runtime_pb,zeta_box,θ_bb,θ_box,θ_pb
22,14,14,1,0.419,2.235,8.864,1.0,3.3740897166657425e7,3.3740897166657425e7,3.3740897166657425e7
