instance,it_bb,it_box,p_true_pb,runtime_bb,runtime_box,runtime_pb,zeta_box,θ_bb,θ_box,θ_pb
28,21204,49,1,3600.078,3600.031,11.329,11.222222222222221,1.0e20,2.7645913747271597e7,5.157959541850291e7
