instance,it_bb,it_box,p_true_pb,runtime_bb,runtime_box,runtime_pb,zeta_box,θ_bb,θ_box,θ_pb
44,19550,38,1,3600.048,3600.044,10.4,12.545454545454547,1.0e20,1.787350694979745e7,4.1410205124315e7
