instance,it_bb,it_box,p_true_pb,runtime_bb,runtime_box,runtime_pb,zeta_box,θ_bb,θ_box,θ_pb
27,38550,150,1,3600.003,3600.028,9.104,1.6923076923076934,3.8611328912869215e7,3.2156980732886586e7,3.8611328912869215e7
