instance,it_bb,it_box,p_true_pb,runtime_bb,runtime_box,runtime_pb,zeta_box,θ_bb,θ_box,θ_pb
3,22303,44,1,3600.258,3600.03,9.393,11.0,3.2235010382947598e7,1.8108355789364543e7,3.2235010382947598e7
