instance,it_bb,it_box,p_true_pb,runtime_bb,runtime_box,runtime_pb,zeta_box,θ_bb,θ_box,θ_pb
50,23405,42,1,3600.207,3600.04,9.043,12.72727272727272,1.0e20,1.9318062830998328e7,3.699350045179888e7
