instance,it_bb,it_box,p_true_pb,runtime_bb,runtime_box,runtime_pb,zeta_box,θ_bb,θ_box,θ_pb
16,29110,185,1,3600.146,3600.024,10.05,2.2857142857142883,3.5849211871996656e7,3.097278592669615e7,3.59810071678156e7
