instance,it_bb,it_box,p_true_pb,runtime_bb,runtime_box,runtime_pb,zeta_box,θ_bb,θ_box,θ_pb
33,29005,63,1,3600.115,3600.033,9.111,10.0,2.911388601855657e7,1.9517605861328408e7,2.911388601855658e7
