instance,it_bb,it_box,p_true_pb,runtime_bb,runtime_box,runtime_pb,zeta_box,θ_bb,θ_box,θ_pb
42,16,15,1,0.577,2.343,8.943,1.0000000002000036,3.534504335226441e7,3.534504335226441e7,3.534504335226442e7
