instance,it_bb,it_box,p_true_pb,runtime_bb,runtime_box,runtime_pb,zeta_box,θ_bb,θ_box,θ_pb
10,35461,159,1,3600.085,3600.022,9.01,2.200000000000003,3.929303668374655e7,3.395869431910515e7,3.9293036683746554e7
