instance,it_bb,it_box,p_true_pb,runtime_bb,runtime_box,runtime_pb,zeta_box,θ_bb,θ_box,θ_pb
16,32436,186,1,3600.09,3600.034,10.266,1.999999999999993,3.5849211871996656e7,3.0972785926696155e7,3.59810071678156e7
