instance,it_bb,it_box,p_true_pb,runtime_bb,runtime_box,runtime_pb,zeta_box,θ_bb,θ_box,θ_pb
32,34565,169,1,3600.155,3600.027,10.032,0.44444444444444287,3.819540681918876e7,3.364511563772139e7,3.819540681918876e7
