instance,it_bb,it_box,p_true_pb,runtime_bb,runtime_box,runtime_pb,zeta_box,θ_bb,θ_box,θ_pb
4,27152,58,1,3600.198,3600.032,9.684,11.636363636363637,1.0e20,2.306107877237649e7,3.6055900352063954e7
