instance,it_bb,it_box,p_true_pb,runtime_bb,runtime_box,runtime_pb,zeta_box,θ_bb,θ_box,θ_pb
10,20189,37,1,3600.251,3600.043,9.663,12.692307692307693,1.0e20,1.8345939066581562e7,3.9293036683746554e7
