instance,it_bb,it_box,p_true_pb,runtime_bb,runtime_box,runtime_pb,zeta_box,θ_bb,θ_box,θ_pb
49,23197,50,1,3600.159,3600.037,9.766,12.124999999999998,1.0e20,2.5055252683333587e7,4.779839124039523e7
