instance,it_bb,it_box,p_true_pb,runtime_bb,runtime_box,runtime_pb,zeta_box,θ_bb,θ_box,θ_pb
18,15,13,1,0.478,2.266,10.135,0.25,3.610337851871649e7,3.610337851871649e7,3.6103378518716484e7
