instance,it_bb,it_box,p_true_pb,runtime_bb,runtime_box,runtime_pb,zeta_box,θ_bb,θ_box,θ_pb
4,13,12,1,0.458,2.394,9.33,1.0000000002000042,3.605590035206395e7,3.605590035206395e7,3.6055900352063954e7
