instance,it_bb,it_box,p_true_pb,runtime_bb,runtime_box,runtime_pb,zeta_box,θ_bb,θ_box,θ_pb
31,30963,149,1,3600.068,3600.031,10.358,1.1111111113222236,1.0e20,3.7898354897104755e7,4.671485123420963e7
