instance,it_bb,it_box,p_true_pb,runtime_bb,runtime_box,runtime_pb,zeta_box,θ_bb,θ_box,θ_pb
43,23390,66,1,3600.017,3600.066,9.952,6.999999999999998,2.199308565540039e7,1.5578697226858994e7,2.19930856554004e7
