instance,it_bb,it_box,p_true_pb,runtime_bb,runtime_box,runtime_pb,zeta_box,θ_bb,θ_box,θ_pb
41,13,10,1,0.537,2.741,11.715,1.0000000000000033,3.016391086473172e7,3.016391086473172e7,3.016391086473172e7
