instance,it_bb,it_box,p_true_pb,runtime_bb,runtime_box,runtime_pb,zeta_box,θ_bb,θ_box,θ_pb
5,23666,42,1,3600.092,3600.041,8.892,7.272727272727261,2.0303836773045123e7,8.506146470262976e6,2.0303836773045115e7
