instance,it_bb,it_box,p_true_pb,runtime_bb,runtime_box,runtime_pb,zeta_box,θ_bb,θ_box,θ_pb
37,34868,134,1,3600.154,509.259,9.347,0.11111111111111072,3.230219504657585e7,2.858936685896628e7,3.2302195046575863e7
