instance,it_bb,it_box,p_true_pb,runtime_bb,runtime_box,runtime_pb,zeta_box,θ_bb,θ_box,θ_pb
48,40163,173,1,3600.01,3600.029,7.714,0.6000000000000014,3.50381320059481e7,2.944184694273683e7,3.50381320059481e7
