instance,it_bb,it_box,p_true_pb,runtime_bb,runtime_box,runtime_pb,zeta_box,θ_bb,θ_box,θ_pb
43,12,11,1,0.396,2.091,9.165,1.000000000200007,2.1993085655400395e7,2.1993085655400395e7,2.19930856554004e7
