instance,it_bb,it_box,p_true_pb,runtime_bb,runtime_box,runtime_pb,zeta_box,θ_bb,θ_box,θ_pb
47,19023,38,1,3600.236,3600.041,10.278,10.692307692307693,2.946712544642295e7,1.4603392266982527e7,2.9467125446422957e7
