instance,it_bb,it_box,p_true_pb,runtime_bb,runtime_box,runtime_pb,zeta_box,θ_bb,θ_box,θ_pb
3,21878,26,1,3600.206,3600.038,8.941,13.999999999999961,1.0e20,1.2329349908164544e7,3.2235010382947598e7
