instance,it_bb,it_box,p_true_pb,runtime_bb,runtime_box,runtime_pb,zeta_box,θ_bb,θ_box,θ_pb
42,27093,66,1,3600.207,3600.04,9.312,8.083333333333336,1.0e20,2.120733802774219e7,3.534504335226442e7
