instance,it_bb,it_box,p_true_pb,runtime_bb,runtime_box,runtime_pb,zeta_box,θ_bb,θ_box,θ_pb
40,28304,61,1,3600.184,3600.043,9.628,7.0,2.6990487022724394e7,2.049773116221244e7,2.6990487022724405e7
