instance,it_bb,it_box,p_true_pb,runtime_bb,runtime_box,runtime_pb,zeta_box,θ_bb,θ_box,θ_pb
20,22676,33,1,3600.238,3600.026,8.897,9.0,2.119525589273108e7,9.682356884162165e6,2.1195255892731093e7
