instance,it_bb,it_box,p_true_pb,runtime_bb,runtime_box,runtime_pb,zeta_box,θ_bb,θ_box,θ_pb
38,28643,122,1,3600.044,3600.036,10.185,3.77777777777778,1.0e20,3.595731507878337e7,4.228069591295288e7
