instance,it_bb,it_box,p_true_pb,runtime_bb,runtime_box,runtime_pb,zeta_box,θ_bb,θ_box,θ_pb
33,25687,63,1,3600.236,3600.024,9.103,10.0,2.911388601855657e7,1.9517605861328408e7,2.911388601855658e7
