instance,it_bb,it_box,p_true_pb,runtime_bb,runtime_box,runtime_pb,zeta_box,θ_bb,θ_box,θ_pb
46,32301,139,1,3600.083,3600.036,9.714,0.8181818181818183,3.74796178195185e7,3.286266493756849e7,3.747961781951852e7
