instance,it_bb,it_box,p_true_pb,runtime_bb,runtime_box,runtime_pb,zeta_box,θ_bb,θ_box,θ_pb
34,27049,60,1,3600.146,3600.039,9.619,10.142857142857144,1.0e20,2.277348937517505e7,3.691620414761531e7
