instance,it_bb,it_box,p_true_pb,runtime_bb,runtime_box,runtime_pb,zeta_box,θ_bb,θ_box,θ_pb
18,28130,120,1,3600.164,3600.034,12.801,4.25,3.6103378518716484e7,3.147477043070249e7,3.6103378518716484e7
