instance,it_bb,it_box,p_true_pb,runtime_bb,runtime_box,runtime_pb,zeta_box,θ_bb,θ_box,θ_pb
16,13,13,1,0.425,2.178,9.49,0.875,3.5981007167815596e7,3.5981007167815596e7,3.59810071678156e7
