instance,it_bb,it_box,p_true_pb,runtime_bb,runtime_box,runtime_pb,zeta_box,θ_bb,θ_box,θ_pb
50,17247,31,1,3600.078,3600.114,11.228,14.666666666666666,1.0e20,1.4141869027900098e7,3.699350045179888e7
