instance,it_bb,it_box,p_true_pb,runtime_bb,runtime_box,runtime_pb,zeta_box,θ_bb,θ_box,θ_pb
26,16400,30,1,3600.208,3600.031,10.583,10.333333333333334,1.0e20,9.936309560302658e6,2.9921287913757637e7
