instance,it_bb,it_box,p_true_pb,runtime_bb,runtime_box,runtime_pb,zeta_box,θ_bb,θ_box,θ_pb
40,19084,37,1,3600.272,3600.091,9.361,11.0,2.6990487022724397e7,1.2604659730943918e7,2.6990487022724405e7
