instance,it_bb,it_box,p_true_pb,runtime_bb,runtime_box,runtime_pb,zeta_box,θ_bb,θ_box,θ_pb
17,18,16,1,0.726,2.999,12.219,0.4285714285714306,4.7717089944986895e7,4.7717089944986895e7,4.77170899449869e7
