instance,it_bb,it_box,p_true_pb,runtime_bb,runtime_box,runtime_pb,zeta_box,θ_bb,θ_box,θ_pb
24,15675,39,1,3600.069,3600.092,24.645,14.91666666666665,1.0e20,1.9043620500215277e7,4.206815019816934e7
