instance,it_bb,it_box,p_true_pb,runtime_bb,runtime_box,runtime_pb,zeta_box,θ_bb,θ_box,θ_pb
11,27315,162,1,3600.168,3600.051,11.261,1.1666666668833443,4.171479950721085e7,3.4608948131060906e7,4.171479950721086e7
