instance,it_bb,it_box,p_true_pb,runtime_bb,runtime_box,runtime_pb,zeta_box,θ_bb,θ_box,θ_pb
5,25955,80,1,3600.087,3600.033,9.505,5.0,2.030383677304512e7,1.509088718502455e7,2.0303836773045115e7
