instance,it_bb,it_box,p_true_pb,runtime_bb,runtime_box,runtime_pb,zeta_box,θ_bb,θ_box,θ_pb
36,21619,45,1,3600.112,3600.055,12.842,10.0,2.1439046188692186e7,1.26793847410833e7,2.1439046188692193e7
