instance,it_bb,it_box,p_true_pb,runtime_bb,runtime_box,runtime_pb,zeta_box,θ_bb,θ_box,θ_pb
13,19581,38,1,3600.137,3600.044,10.416,11.818181818181806,1.0e20,1.692988351438767e7,3.812221436565347e7
