instance,it_bb,it_box,p_true_pb,runtime_bb,runtime_box,runtime_pb,zeta_box,θ_bb,θ_box,θ_pb
17,31324,119,1,3600.019,3600.035,9.647,4.333333333333332,1.0e20,3.876187263435954e7,4.77170899449869e7
