instance,it_bb,it_box,p_true_pb,runtime_bb,runtime_box,runtime_pb,zeta_box,θ_bb,θ_box,θ_pb
46,20546,116,1,3600.044,3600.041,12.884,1.5384615384615365,3.74796178195185e7,3.259110501684433e7,3.747961781951852e7
