instance,it_bb,it_box,p_true_pb,runtime_bb,runtime_box,runtime_pb,zeta_box,θ_bb,θ_box,θ_pb
28,20,18,1,0.721,2.484,9.23,1.0000000000000016,5.1579595418502904e7,5.1579595418502904e7,5.157959541850291e7
