instance,it_bb,it_box,p_true_pb,runtime_bb,runtime_box,runtime_pb,zeta_box,θ_bb,θ_box,θ_pb
48,26260,70,1,3600.169,3600.036,9.414,6.9999999999999805,1.0e20,2.0803999730018415e7,3.50381320059481e7
