instance,it_bb,it_box,p_true_pb,runtime_bb,runtime_box,runtime_pb,zeta_box,θ_bb,θ_box,θ_pb
44,15,14,1,0.464,2.112,9.278,1.0000000002000036,4.1410205124315e7,4.1410205124315e7,4.1410205124315e7
