instance,it_bb,it_box,p_true_pb,runtime_bb,runtime_box,runtime_pb,zeta_box,θ_bb,θ_box,θ_pb
5,22393,48,1,3600.107,3600.115,9.524,9.0,2.030383677304512e7,1.1524176202617418e7,2.0303836773045115e7
