instance,it_bb,it_box,p_true_pb,runtime_bb,runtime_box,runtime_pb,zeta_box,θ_bb,θ_box,θ_pb
33,29998,179,1,3600.001,3600.031,10.147,1.0000000002000036,2.490879135783826e7,2.587928017757341e7,2.911388601855658e7
