instance,it_bb,it_box,p_true_pb,runtime_bb,runtime_box,runtime_pb,zeta_box,θ_bb,θ_box,θ_pb
39,26358,68,1,3600.135,3600.056,10.227,9.2,2.026039069831449e7,1.4734922936394472e7,2.0260390698314495e7
