instance,it_bb,it_box,p_true_pb,runtime_bb,runtime_box,runtime_pb,zeta_box,θ_bb,θ_box,θ_pb
3,11,12,1,0.33,2.214,9.146,1.000000000000007,3.2235010382947598e7,3.2235010382947598e7,3.2235010382947598e7
