instance,it_bb,it_box,p_true_pb,runtime_bb,runtime_box,runtime_pb,zeta_box,θ_bb,θ_box,θ_pb
45,36723,138,1,3600.001,3600.029,9.041,0.6153846153846168,2.538606013116899e7,2.284261511321999e7,2.58420957349277e7
