instance,it_bb,it_box,p_true_pb,runtime_bb,runtime_box,runtime_pb,zeta_box,θ_bb,θ_box,θ_pb
33,17603,26,1,3600.12,3600.034,9.926,11.818181818181817,1.0e20,1.0461191265721193e7,2.911388601855658e7
