instance,it_bb,it_box,p_true_pb,runtime_bb,runtime_box,runtime_pb,zeta_box,θ_bb,θ_box,θ_pb
10,36276,162,1,3600.052,3600.021,8.961,0.6999999999999993,3.929303668374655e7,3.4088784928598605e7,3.9293036683746554e7
