instance,it_bb,it_box,p_true_pb,runtime_bb,runtime_box,runtime_pb,zeta_box,θ_bb,θ_box,θ_pb
37,19163,26,1,3600.137,3600.028,9.534,12.714285715657141,1.0e20,9.901480436544847e6,3.2302195046575863e7
