instance,it_bb,it_box,p_true_pb,runtime_bb,runtime_box,runtime_pb,zeta_box,θ_bb,θ_box,θ_pb
28,15950,34,1,3600.196,3600.031,10.646,13.461538461538463,1.0e20,2.124658429316052e7,5.157959541850291e7
