instance,it_bb,it_box,p_true_pb,runtime_bb,runtime_box,runtime_pb,zeta_box,θ_bb,θ_box,θ_pb
31,26138,59,1,3600.089,3600.037,9.179,9.636363636363637,1.0e20,2.631841186494481e7,4.671485123420963e7
