instance,it_bb,it_box,p_true_pb,runtime_bb,runtime_box,runtime_pb,zeta_box,θ_bb,θ_box,θ_pb
43,37534,128,1,3600.12,538.178,9.136,0.25000000012500045,2.1862177290503412e7,1.976764479803234e7,2.19930856554004e7
