instance,it_bb,it_box,p_true_pb,runtime_bb,runtime_box,runtime_pb,zeta_box,θ_bb,θ_box,θ_pb
11,19934,27,1,3600.227,3600.043,9.237,13.416666666666668,1.0e20,1.4212778824667875e7,4.171479950721086e7
