instance,it_bb,it_box,p_true_pb,runtime_bb,runtime_box,runtime_pb,zeta_box,θ_bb,θ_box,θ_pb
31,19127,41,1,3600.006,3600.06,9.178,10.636363636363637,1.0e20,1.9475780472350005e7,4.671485123420963e7
