instance,it_bb,it_box,p_true_pb,runtime_bb,runtime_box,runtime_pb,zeta_box,θ_bb,θ_box,θ_pb
27,32323,147,1,3600.017,3600.032,9.947,2.333333333333332,3.861132891286923e7,3.2156980641476333e7,3.8611328912869215e7
