instance,it_bb,it_box,p_true_pb,runtime_bb,runtime_box,runtime_pb,zeta_box,θ_bb,θ_box,θ_pb
29,23592,59,1,3600.229,3600.042,10.204,14.000000000000014,1.0e20,2.2342657598048333e7,3.579682188602739e7
