instance,it_bb,it_box,p_true_pb,runtime_bb,runtime_box,runtime_pb,zeta_box,θ_bb,θ_box,θ_pb
23,26881,61,1,3600.001,3600.034,9.287,10.0,2.693267072888151e7,2.129336040826556e7,3.544674838388175e7
