instance,it_bb,it_box,p_true_pb,runtime_bb,runtime_box,runtime_pb,zeta_box,θ_bb,θ_box,θ_pb
50,26919,62,1,3600.002,3600.041,9.523,9.416666666666666,3.118591264766381e7,2.499991700050073e7,3.699350045179888e7
