instance,it_bb,it_box,p_true_pb,runtime_bb,runtime_box,runtime_pb,zeta_box,θ_bb,θ_box,θ_pb
48,31940,161,1,3600.021,3600.043,9.377,2.299999999999997,3.50381320059481e7,2.9320226212538403e7,3.50381320059481e7
