instance,it_bb,it_box,p_true_pb,runtime_bb,runtime_box,runtime_pb,zeta_box,θ_bb,θ_box,θ_pb
25,16,15,1,0.683,2.884,11.218,1.0,4.066883347012481e7,4.066883347012481e7,4.0668833470124796e7
