instance,it_bb,it_box,p_true_pb,runtime_bb,runtime_box,runtime_pb,zeta_box,θ_bb,θ_box,θ_pb
33,29726,178,1,3600.063,3600.055,12.411,1.09090909090909,2.9113886018556565e7,2.5879273106866006e7,2.911388601855658e7
