instance,it_bb,it_box,p_true_pb,runtime_bb,runtime_box,runtime_pb,zeta_box,θ_bb,θ_box,θ_pb
13,26637,61,1,3600.026,3600.035,9.168,8.44444444538889,1.0e20,2.207138316738564e7,3.812221436565347e7
