instance,it_bb,it_box,p_true_pb,runtime_bb,runtime_box,runtime_pb,zeta_box,θ_bb,θ_box,θ_pb
17,19755,38,1,3600.068,3600.035,10.861,15.533333333333333,1.0e20,1.9514909373401597e7,4.77170899449869e7
