instance,it_bb,it_box,p_true_pb,runtime_bb,runtime_box,runtime_pb,zeta_box,θ_bb,θ_box,θ_pb
11,16,14,1,0.539,2.481,9.993,0.5000000001500009,4.171479950721085e7,4.171479950721085e7,4.171479950721086e7
