instance,it_bb,it_box,p_true_pb,runtime_bb,runtime_box,runtime_pb,zeta_box,θ_bb,θ_box,θ_pb
35,28079,61,1,3600.132,3600.043,9.246,8.083333333333334,2.4327563980265573e7,1.7547844478350155e7,2.432756398026558e7
