instance,it_bb,it_box,p_true_pb,runtime_bb,runtime_box,runtime_pb,zeta_box,θ_bb,θ_box,θ_pb
49,15590,29,1,3600.016,3600.035,10.565,14.923076923076923,1.0e20,1.4960529711036522e7,4.779839124039523e7
