instance,it_bb,it_box,p_true_pb,runtime_bb,runtime_box,runtime_pb,zeta_box,θ_bb,θ_box,θ_pb
1,21602,31,1,3600.205,3600.046,8.988,12.571428571428571,1.0e20,1.1648670902594695e7,3.1578822704526052e7
