instance,it_bb,it_box,p_true_pb,runtime_bb,runtime_box,runtime_pb,zeta_box,θ_bb,θ_box,θ_pb
15,22944,40,1,3600.161,3600.043,9.706,12.399999999999999,1.0e20,1.3338271458577696e7,2.5877239908225417e7
