instance,it_bb,it_box,p_true_pb,runtime_bb,runtime_box,runtime_pb,zeta_box,θ_bb,θ_box,θ_pb
45,20406,37,1,3600.101,3600.057,9.92,10.533333333333333,1.0e20,1.269068231240703e7,2.58420957349277e7
