instance,it_bb,it_box,p_true_pb,runtime_bb,runtime_box,runtime_pb,zeta_box,θ_bb,θ_box,θ_pb
38,16723,28,1,3600.23,3600.037,10.18,15.083333333333334,1.0e20,1.4508256536559192e7,4.228069591295288e7
