instance,it_bb,it_box,p_true_pb,runtime_bb,runtime_box,runtime_pb,zeta_box,θ_bb,θ_box,θ_pb
38,26657,58,1,3600.204,3600.035,9.63,11.571428571428571,1.0e20,2.55423602919472e7,4.228069591295288e7
