instance,it_bb,it_box,p_true_pb,runtime_bb,runtime_box,runtime_pb,zeta_box,θ_bb,θ_box,θ_pb
42,29818,223,1,3600.007,3237.881,9.897,0.5000000001500027,3.534504335226441e7,3.001239956072367e7,3.534504335226442e7
