instance,it_bb,it_box,p_true_pb,runtime_bb,runtime_box,runtime_pb,zeta_box,θ_bb,θ_box,θ_pb
3,25537,62,1,3600.021,3600.047,9.635,10.0,3.223501038294759e7,2.2089486186997265e7,3.2235010382947598e7
