instance,it_bb,it_box,p_true_pb,runtime_bb,runtime_box,runtime_pb,zeta_box,θ_bb,θ_box,θ_pb
35,36062,145,1,3600.001,1258.2,9.498,0.3636363636363633,2.4194634967660252e7,2.259941525607664e7,2.432756398026558e7
