instance,it_bb,it_box,p_true_pb,runtime_bb,runtime_box,runtime_pb,zeta_box,θ_bb,θ_box,θ_pb
46,27737,62,1,3600.155,3600.037,9.522,7.363636363636365,1.0e20,2.4171973458477426e7,3.747961781951852e7
