instance,it_bb,it_box,p_true_pb,runtime_bb,runtime_box,runtime_pb,zeta_box,θ_bb,θ_box,θ_pb
13,17,16,1,0.785,3.398,12.597,0.6363636363636367,3.812221436565347e7,3.812221436565347e7,3.812221436565347e7
