instance,it_bb,it_box,p_true_pb,runtime_bb,runtime_box,runtime_pb,zeta_box,θ_bb,θ_box,θ_pb
43,19259,28,1,3600.29,3600.077,10.005,9.461538461538462,1.0e20,8.902435597960515e6,2.19930856554004e7
