instance,it_bb,it_box,p_true_pb,runtime_bb,runtime_box,runtime_pb,zeta_box,θ_bb,θ_box,θ_pb
2,15,14,1,0.433,2.128,9.29,1.0000000002000036,4.205438996369476e7,4.205438996369476e7,4.205438996369476e7
