instance,it_bb,it_box,p_true_pb,runtime_bb,runtime_box,runtime_pb,zeta_box,θ_bb,θ_box,θ_pb
45,15,14,1,0.442,2.119,9.185,1.0000000002000036,2.5842095734927695e7,2.5842095734927695e7,2.58420957349277e7
