instance,it_bb,it_box,p_true_pb,runtime_bb,runtime_box,runtime_pb,zeta_box,θ_bb,θ_box,θ_pb
6,28714,144,1,3600.043,3600.028,9.972,2.4000000003400004,4.339019051758609e7,3.667657658766727e7,4.33901905175861e7
