instance,it_bb,it_box,p_true_pb,runtime_bb,runtime_box,runtime_pb,zeta_box,θ_bb,θ_box,θ_pb
4,19519,27,1,3600.032,3600.028,8.926,12.416666666666668,1.0e20,1.1849330668962188e7,3.6055900352063954e7
