instance,it_bb,it_box,p_true_pb,runtime_bb,runtime_box,runtime_pb,zeta_box,θ_bb,θ_box,θ_pb
1,24072,57,1,3600.001,3600.064,9.703,7.066666666666666,2.549626153231842e7,2.174331786724703e7,3.1578822704526052e7
