instance,it_bb,it_box,p_true_pb,runtime_bb,runtime_box,runtime_pb,zeta_box,θ_bb,θ_box,θ_pb
47,26605,61,1,3600.215,3600.035,9.098,8.444444444444445,2.946712544642295e7,1.942761203097988e7,2.9467125446422957e7
