instance,it_bb,it_box,p_true_pb,runtime_bb,runtime_box,runtime_pb,zeta_box,θ_bb,θ_box,θ_pb
19,28573,59,1,3600.067,3600.042,9.151,8.0,2.6935560185444992e7,1.885520846042708e7,2.6935560185444992e7
