instance,it_bb,it_box,p_true_pb,runtime_bb,runtime_box,runtime_pb,zeta_box,θ_bb,θ_box,θ_pb
23,16,15,1,0.522,2.135,8.971,0.8333333333333321,3.5446748383881755e7,3.5446748383881755e7,3.544674838388175e7
