instance,it_bb,it_box,p_true_pb,runtime_bb,runtime_box,runtime_pb,zeta_box,θ_bb,θ_box,θ_pb
19,37248,164,1,3600.124,1289.148,10.269,0.09090893128373523,2.6935560185444992e7,2.5099116611577287e7,2.6935560185444992e7
