instance,it_bb,it_box,p_true_pb,runtime_bb,runtime_box,runtime_pb,zeta_box,θ_bb,θ_box,θ_pb
27,20114,43,1,3600.125,3600.035,9.238,12.461538461538442,1.0e20,1.6943171612397853e7,3.8611328912869215e7
