instance,it_bb,it_box,p_true_pb,runtime_bb,runtime_box,runtime_pb,zeta_box,θ_bb,θ_box,θ_pb
9,20642,42,1,3600.253,3600.038,9.475,14.133333333333335,1.0e20,1.7952795582070485e7,4.0038371064565144e7
