instance,it_bb,it_box,p_true_pb,runtime_bb,runtime_box,runtime_pb,zeta_box,θ_bb,θ_box,θ_pb
26,33104,198,1,3600.035,3600.035,9.313,0.44444444444444287,2.992128791375763e7,2.5581692000198636e7,2.9921287913757637e7
