instance,it_bb,it_box,p_true_pb,runtime_bb,runtime_box,runtime_pb,zeta_box,θ_bb,θ_box,θ_pb
34,15,13,1,0.509,2.676,11.093,0.42857142857142705,3.691620414761531e7,3.691620414761531e7,3.691620414761531e7
