instance,it_bb,it_box,p_true_pb,runtime_bb,runtime_box,runtime_pb,zeta_box,θ_bb,θ_box,θ_pb
35,25621,59,1,3600.001,3600.051,9.543,6.0,1.8877322145778146e7,1.7415056426975667e7,2.432756398026558e7
