instance,it_bb,it_box,p_true_pb,runtime_bb,runtime_box,runtime_pb,zeta_box,θ_bb,θ_box,θ_pb
23,30613,140,1,3600.003,3600.029,9.765,3.200000000000003,3.2315463660390563e7,2.9935679225092787e7,3.544674838388175e7
