instance,it_bb,it_box,p_true_pb,runtime_bb,runtime_box,runtime_pb,zeta_box,θ_bb,θ_box,θ_pb
44,15786,32,1,3600.082,3600.029,10.149,13.636363636363637,1.0e20,1.3971906040065559e7,4.1410205124315e7
