instance,it_bb,it_box,p_true_pb,runtime_bb,runtime_box,runtime_pb,zeta_box,θ_bb,θ_box,θ_pb
24,13,13,1,0.732,3.604,11.856,1.0000000002000036,4.2068150198169336e7,4.2068150198169336e7,4.206815019816934e7
