instance,it_bb,it_box,p_true_pb,runtime_bb,runtime_box,runtime_pb,zeta_box,θ_bb,θ_box,θ_pb
36,36032,106,1,3600.025,190.279,11.235,0.09090909090908639,2.109326446563558e7,2.040170101952235e7,2.1439046188692193e7
