instance,it_bb,it_box,p_true_pb,runtime_bb,runtime_box,runtime_pb,zeta_box,θ_bb,θ_box,θ_pb
20,49312,107,1,3600.001,210.354,9.172,0.44444444444444464,2.067519728448426e7,2.0410264073730253e7,2.1195255892731093e7
