instance,it_bb,it_box,p_true_pb,runtime_bb,runtime_box,runtime_pb,zeta_box,θ_bb,θ_box,θ_pb
7,34629,155,1,3600.141,1715.278,9.393,0.30000000012999806,3.419669020867652e7,2.840575278922124e7,3.419669020867652e7
