instance,it_bb,it_box,p_true_pb,runtime_bb,runtime_box,runtime_pb,zeta_box,θ_bb,θ_box,θ_pb
49,30334,111,1,3600.131,3600.058,9.311,3.900004165647028,1.0e20,3.794704137329576e7,4.779839124039523e7
