instance,it_bb,it_box,p_true_pb,runtime_bb,runtime_box,runtime_pb,zeta_box,θ_bb,θ_box,θ_pb
3,29496,65,1,3600.128,3600.036,9.036,8.916666666666664,3.223501038294759e7,2.20895355504482e7,3.2235010382947598e7
