instance,it_bb,it_box,p_true_pb,runtime_bb,runtime_box,runtime_pb,zeta_box,θ_bb,θ_box,θ_pb
6,20822,47,1,3600.05,3600.041,9.563,13.384615384615387,1.0e20,1.9146881555067904e7,4.33901905175861e7
