instance,it_bb,it_box,p_true_pb,runtime_bb,runtime_box,runtime_pb,zeta_box,θ_bb,θ_box,θ_pb
26,33150,203,1,3600.077,3600.029,9.215,0.2222222222222246,2.992128791375763e7,2.5581694179644678e7,2.9921287913757637e7
