instance,it_bb,it_box,p_true_pb,runtime_bb,runtime_box,runtime_pb,zeta_box,θ_bb,θ_box,θ_pb
25,15971,34,1,3600.113,3600.025,9.434,12.769230769230768,1.0e20,1.359772692465752e7,4.0668833470124796e7
