instance,it_bb,it_box,p_true_pb,runtime_bb,runtime_box,runtime_pb,zeta_box,θ_bb,θ_box,θ_pb
34,34367,155,1,3600.002,2545.029,9.318,0.09090909101818312,3.6916204147615306e7,3.20021869518782e7,3.691620414761531e7
