instance,it_bb,it_box,p_true_pb,runtime_bb,runtime_box,runtime_pb,zeta_box,θ_bb,θ_box,θ_pb
35,19208,32,1,3600.143,3600.064,12.886,11.90909090909091,2.4327563980265573e7,1.1432956385987101e7,2.432756398026558e7
