instance,it_bb,it_box,p_true_pb,runtime_bb,runtime_box,runtime_pb,zeta_box,θ_bb,θ_box,θ_pb
15,28330,145,1,3600.073,3600.043,12.646,1.5999999999999979,2.587723990822541e7,2.3483434457919195e7,2.5877239908225417e7
