instance,it_bb,it_box,p_true_pb,runtime_bb,runtime_box,runtime_pb,zeta_box,θ_bb,θ_box,θ_pb
12,33204,154,1,3600.01,3600.025,9.148,2.1538461538461533,3.422704426971655e7,2.937315188590963e7,3.422704426971655e7
