instance,it_bb,it_box,p_true_pb,runtime_bb,runtime_box,runtime_pb,zeta_box,θ_bb,θ_box,θ_pb
43,20216,35,1,3600.226,3600.046,10.924,9.363636363636363,1.0e20,1.1520631066639196e7,2.19930856554004e7
