instance,it_bb,it_box,p_true_pb,runtime_bb,runtime_box,runtime_pb,zeta_box,θ_bb,θ_box,θ_pb
31,16,16,1,0.647,3.004,11.291,1.0,4.6714851234209634e7,4.6714851234209634e7,4.671485123420963e7
