instance,it_bb,it_box,p_true_pb,runtime_bb,runtime_box,runtime_pb,zeta_box,θ_bb,θ_box,θ_pb
32,32503,155,1,3600.108,3600.071,9.305,3.18181818181818,3.819540681918876e7,3.350725448104102e7,3.819540681918876e7
