instance,it_bb,it_box,p_true_pb,runtime_bb,runtime_box,runtime_pb,zeta_box,θ_bb,θ_box,θ_pb
4,34445,154,1,3600.013,3600.037,8.988,1.8888888888888893,3.605590035206394e7,3.1851539758584842e7,3.6055900352063954e7
