instance,it_bb,it_box,p_true_pb,runtime_bb,runtime_box,runtime_pb,zeta_box,θ_bb,θ_box,θ_pb
49,18388,33,1,3600.164,3600.057,9.024,13.13333333333333,1.0e20,1.9217231854505178e7,4.779839124039523e7
