instance,it_bb,it_box,p_true_pb,runtime_bb,runtime_box,runtime_pb,zeta_box,θ_bb,θ_box,θ_pb
5,28952,84,1,3600.119,3600.045,9.391,5.0,2.030383677304512e7,1.5227954583710935e7,2.0303836773045115e7
