instance,it_bb,it_box,p_true_pb,runtime_bb,runtime_box,runtime_pb,zeta_box,θ_bb,θ_box,θ_pb
21,20430,31,1,3600.131,3600.032,9.077,13.928571428571427,1.0e20,1.5081447495190816e7,3.934169956346823e7
