instance,it_bb,it_box,p_true_pb,runtime_bb,runtime_box,runtime_pb,zeta_box,θ_bb,θ_box,θ_pb
45,27541,52,1,3600.009,3600.035,9.333,8.384615384615383,1.0e20,1.6266886530422173e7,2.58420957349277e7
