instance,it_bb,it_box,p_true_pb,runtime_bb,runtime_box,runtime_pb,zeta_box,θ_bb,θ_box,θ_pb
50,33490,190,1,3600.076,3600.022,9.508,0.75,3.686725306173027e7,3.3458396492931478e7,3.699350045179888e7
