instance,it_bb,it_box,p_true_pb,runtime_bb,runtime_box,runtime_pb,zeta_box,θ_bb,θ_box,θ_pb
14,12,12,1,0.44,2.397,10.688,1.8181818181818201,2.533134074870268e7,2.533134074870268e7,2.533134074870268e7
