instance,it_bb,it_box,p_true_pb,runtime_bb,runtime_box,runtime_pb,zeta_box,θ_bb,θ_box,θ_pb
22,30941,193,1,3600.126,2693.861,9.437,0.6666666666666647,3.374089716665742e7,2.9629165131295957e7,3.3740897166657425e7
