instance,it_bb,it_box,p_true_pb,runtime_bb,runtime_box,runtime_pb,zeta_box,θ_bb,θ_box,θ_pb
43,30576,128,1,3600.002,717.885,13.923,0.25000000012500045,1.8462283709085405e7,1.976764479803234e7,2.19930856554004e7
