instance,it_bb,it_box,p_true_pb,runtime_bb,runtime_box,runtime_pb,zeta_box,θ_bb,θ_box,θ_pb
11,21139,45,1,3600.081,3600.026,9.686,12.416666666666668,1.0e20,1.960766887729658e7,4.171479950721086e7
