instance,it_bb,it_box,p_true_pb,runtime_bb,runtime_box,runtime_pb,zeta_box,θ_bb,θ_box,θ_pb
39,42407,121,1,3600.114,171.129,9.929,7.108995042415245e-6,1.9526600831869375e7,1.841860399807056e7,2.0260390698314495e7
