instance,it_bb,it_box,p_true_pb,runtime_bb,runtime_box,runtime_pb,zeta_box,θ_bb,θ_box,θ_pb
22,19340,21,1,3600.047,3600.055,8.915,13.600000000000001,1.0e20,1.0037945672935931e7,3.3740897166657425e7
