instance,it_bb,it_box,p_true_pb,runtime_bb,runtime_box,runtime_pb,zeta_box,θ_bb,θ_box,θ_pb
23,19283,41,1,3600.187,3600.027,9.344,11.307692307692307,1.0e20,1.6408515571655538e7,3.544674838388175e7
