instance,it_bb,it_box,p_true_pb,runtime_bb,runtime_box,runtime_pb,zeta_box,θ_bb,θ_box,θ_pb
22,28142,64,1,3600.005,3600.032,9.224,11.090909090909088,1.0e20,2.1042873493020523e7,3.3740897166657425e7
