instance,it_bb,it_box,p_true_pb,runtime_bb,runtime_box,runtime_pb,zeta_box,θ_bb,θ_box,θ_pb
29,36746,150,1,3600.031,3600.023,8.887,1.1111111111111107,3.579682188602738e7,3.1353190938255057e7,3.579682188602739e7
