instance,it_bb,it_box,p_true_pb,runtime_bb,runtime_box,runtime_pb,zeta_box,θ_bb,θ_box,θ_pb
32,17964,26,1,3600.052,3600.064,9.898,12.999999999999996,1.0e20,1.3238121365991872e7,3.819540681918876e7
