instance,it_bb,it_box,p_true_pb,runtime_bb,runtime_box,runtime_pb,zeta_box,θ_bb,θ_box,θ_pb
12,28029,144,1,3600.038,3600.046,12.112,1.3000000000000007,3.422704426971655e7,2.9248694610038906e7,3.422704426971655e7
