instance,it_bb,it_box,p_true_pb,runtime_bb,runtime_box,runtime_pb,zeta_box,θ_bb,θ_box,θ_pb
30,27104,64,1,3600.135,3600.037,9.194,7.833333333333332,1.0e20,2.0092053373782407e7,3.0071228599164914e7
