instance,it_bb,it_box,p_true_pb,runtime_bb,runtime_box,runtime_pb,zeta_box,θ_bb,θ_box,θ_pb
40,11,7,1,0.373,2.681,10.845,6.0008206329132285,2.69904870227244e7,2.69904870227244e7,2.6990487022724405e7
