instance,it_bb,it_box,p_true_pb,runtime_bb,runtime_box,runtime_pb,zeta_box,θ_bb,θ_box,θ_pb
47,40318,155,1,3600.001,1425.833,7.724,0.5,2.933674139831889e7,2.6207561926556904e7,2.9467125446422957e7
