instance,it_bb,it_box,p_true_pb,runtime_bb,runtime_box,runtime_pb,zeta_box,θ_bb,θ_box,θ_pb
19,26624,59,1,3600.126,3600.052,9.706,8.0,2.6935560185444992e7,1.897763803201826e7,2.6935560185444992e7
