instance,it_bb,it_box,p_true_pb,runtime_bb,runtime_box,runtime_pb,zeta_box,θ_bb,θ_box,θ_pb
8,28431,60,1,3600.036,3600.041,9.207,10.357142857142858,1.0e20,2.207955287590647e7,3.418273670311108e7
