instance,it_bb,it_box,p_true_pb,runtime_bb,runtime_box,runtime_pb,zeta_box,θ_bb,θ_box,θ_pb
4,33542,147,1,3600.083,3600.025,9.411,1.75,3.605590035206394e7,3.1724203452128258e7,3.6055900352063954e7
