instance,it_bb,it_box,p_true_pb,runtime_bb,runtime_box,runtime_pb,zeta_box,θ_bb,θ_box,θ_pb
38,19964,35,1,3600.128,3600.03,10.353,14.285714285714285,1.0e20,1.8971509673361562e7,4.228069591295288e7
