instance,it_bb,it_box,p_true_pb,runtime_bb,runtime_box,runtime_pb,zeta_box,θ_bb,θ_box,θ_pb
15,23055,33,1,3600.11,3600.032,8.92,12.000000000000052,1.0e20,1.048880939569959e7,2.5877239908225417e7
