instance,it_bb,it_box,p_true_pb,runtime_bb,runtime_box,runtime_pb,zeta_box,θ_bb,θ_box,θ_pb
1,38598,146,1,3600.113,525.097,7.583,1.0,3.157882270452604e7,2.8213956585346863e7,3.1578822704526052e7
