instance,it_bb,it_box,p_true_pb,runtime_bb,runtime_box,runtime_pb,zeta_box,θ_bb,θ_box,θ_pb
32,15,15,1,0.378,2.158,9.038,0.25,3.8195406819188766e7,3.8195406819188766e7,3.819540681918876e7
