instance,it_bb,it_box,p_true_pb,runtime_bb,runtime_box,runtime_pb,zeta_box,θ_bb,θ_box,θ_pb
21,28259,60,1,3600.18,3600.048,9.128,9.923076923076922,1.0e20,2.426120441280395e7,3.934169956346823e7
