instance,it_bb,it_box,p_true_pb,runtime_bb,runtime_box,runtime_pb,zeta_box,θ_bb,θ_box,θ_pb
25,28148,217,1,3600.092,3600.044,9.98,1.9000000000000004,1.0e20,3.380917319535498e7,4.0668833470124796e7
