instance,it_bb,it_box,p_true_pb,runtime_bb,runtime_box,runtime_pb,zeta_box,θ_bb,θ_box,θ_pb
9,33897,124,1,3600.123,3600.095,8.961,4.555555555555557,4.003837106456515e7,3.425118266284947e7,4.0038371064565144e7
