instance,it_bb,it_box,p_true_pb,runtime_bb,runtime_box,runtime_pb,zeta_box,θ_bb,θ_box,θ_pb
8,14,14,1,0.449,2.225,9.51,0.7777777777777786,3.418273670311108e7,3.418273670311108e7,3.418273670311108e7
