instance,it_bb,it_box,p_true_pb,runtime_bb,runtime_box,runtime_pb,zeta_box,θ_bb,θ_box,θ_pb
7,35586,155,1,3600.11,2566.531,9.117,0.30000000012999806,3.419669020867652e7,2.840575278922124e7,3.419669020867652e7
