instance,it_bb,it_box,p_true_pb,runtime_bb,runtime_box,runtime_pb,zeta_box,θ_bb,θ_box,θ_pb
7,14,13,1,0.467,2.212,9.496,1.3333333333333357,3.419669020867652e7,3.419669020867652e7,3.419669020867652e7
