instance,it_bb,it_box,p_true_pb,runtime_bb,runtime_box,runtime_pb,zeta_box,θ_bb,θ_box,θ_pb
35,13,10,1,0.427,2.141,9.623,1.8888888888888893,2.4327563980265573e7,2.4327563980265573e7,2.432756398026558e7
