instance,it_bb,it_box,p_true_pb,runtime_bb,runtime_box,runtime_pb,zeta_box,θ_bb,θ_box,θ_pb
39,21928,48,1,3600.228,3600.04,10.127,7.499999999999993,2.0260390698314495e7,9.94624664657309e6,2.0260390698314495e7
