instance,it_bb,it_box,p_true_pb,runtime_bb,runtime_box,runtime_pb,zeta_box,θ_bb,θ_box,θ_pb
10,28275,61,1,3600.019,3600.022,9.157,8.799999999999997,1.0e20,2.5371642388884906e7,3.9293036683746554e7
