instance,it_bb,it_box,p_true_pb,runtime_bb,runtime_box,runtime_pb,zeta_box,θ_bb,θ_box,θ_pb
19,10,10,1,0.364,2.411,9.932,1.0000000002000036,2.6935560185444996e7,2.6935560185444996e7,2.6935560185444992e7
