instance,it_bb,it_box,p_true_pb,runtime_bb,runtime_box,runtime_pb,zeta_box,θ_bb,θ_box,θ_pb
50,31598,184,1,3600.037,3600.032,9.928,0.5,3.686725306173027e7,3.33323207055323e7,3.699350045179888e7
