instance,it_bb,it_box,p_true_pb,runtime_bb,runtime_box,runtime_pb,zeta_box,θ_bb,θ_box,θ_pb
7,19986,43,1,3600.238,3600.048,9.61,11.307692307692307,1.0e20,1.530619218780405e7,3.419669020867652e7
