instance,it_bb,it_box,p_true_pb,runtime_bb,runtime_box,runtime_pb,zeta_box,θ_bb,θ_box,θ_pb
33,20346,42,1,3600.122,3600.058,10.278,11.769230769230768,1.0e20,1.5420638207456766e7,2.911388601855658e7
