instance,it_bb,it_box,p_true_pb,runtime_bb,runtime_box,runtime_pb,zeta_box,θ_bb,θ_box,θ_pb
25,26268,59,1,3600.173,3600.03,9.067,10.000000001100002,1.0e20,2.2907182184196822e7,4.0668833470124796e7
