instance,it_bb,it_box,p_true_pb,runtime_bb,runtime_box,runtime_pb,zeta_box,θ_bb,θ_box,θ_pb
8,21442,37,1,3600.259,3600.023,9.677,11.416666666666666,1.0e20,1.68923901479536e7,3.418273670311108e7
