instance,it_bb,it_box,p_true_pb,runtime_bb,runtime_box,runtime_pb,zeta_box,θ_bb,θ_box,θ_pb
24,30862,136,1,3600.047,3600.047,10.149,2.4375000000000058,4.206815019816933e7,3.621858659343031e7,4.206815019816934e7
