instance,it_bb,it_box,p_true_pb,runtime_bb,runtime_box,runtime_pb,zeta_box,θ_bb,θ_box,θ_pb
42,17208,26,1,3600.028,3600.033,10.238,13.166666666666668,1.0e20,1.1410052956698671e7,3.534504335226442e7
