instance,it_bb,it_box,p_true_pb,runtime_bb,runtime_box,runtime_pb,zeta_box,θ_bb,θ_box,θ_pb
20,18774,45,1,3600.129,3600.089,17.417,9.0,2.119525589273108e7,1.2691520270369576e7,2.1195255892731093e7
