instance,it_bb,it_box,p_true_pb,runtime_bb,runtime_box,runtime_pb,zeta_box,θ_bb,θ_box,θ_pb
47,25326,59,1,3600.187,3600.041,9.606,8.25,2.946712544642295e7,1.942757784638452e7,2.9467125446422957e7
