instance,it_bb,it_box,p_true_pb,runtime_bb,runtime_box,runtime_pb,zeta_box,θ_bb,θ_box,θ_pb
26,17,15,1,0.548,2.437,9.718,1.0,2.9921287913757626e7,2.9921287913757626e7,2.9921287913757637e7
