instance,it_bb,it_box,p_true_pb,runtime_bb,runtime_box,runtime_pb,zeta_box,θ_bb,θ_box,θ_pb
45,33597,137,1,3600.118,3600.049,9.187,1.0,2.584209573492769e7,2.2842615113220003e7,2.58420957349277e7
