instance,it_bb,it_box,p_true_pb,runtime_bb,runtime_box,runtime_pb,zeta_box,θ_bb,θ_box,θ_pb
40,22243,41,1,3600.054,3600.056,10.217,10.600000000000001,2.6990487022724397e7,1.6551197596557658e7,2.6990487022724405e7
