instance,it_bb,it_box,p_true_pb,runtime_bb,runtime_box,runtime_pb,zeta_box,θ_bb,θ_box,θ_pb
22,32635,193,1,3600.04,1979.672,9.472,0.6666666666666647,3.374089716665742e7,2.9629165131295957e7,3.3740897166657425e7
