instance,it_bb,it_box,p_true_pb,runtime_bb,runtime_box,runtime_pb,zeta_box,θ_bb,θ_box,θ_pb
44,27405,58,1,3600.127,3600.029,10.27,9.571428571428571,1.0e20,2.353741133856824e7,4.1410205124315e7
