instance,it_bb,it_box,p_true_pb,runtime_bb,runtime_box,runtime_pb,zeta_box,θ_bb,θ_box,θ_pb
40,23338,58,1,3600.337,3600.074,11.131,8.000000000900002,2.6990487022724394e7,2.0243121089310504e7,2.6990487022724405e7
