instance,it_bb,it_box,p_true_pb,runtime_bb,runtime_box,runtime_pb,zeta_box,θ_bb,θ_box,θ_pb
48,16,15,1,0.573,2.775,11.357,1.3999999999999986,3.50381320059481e7,3.50381320059481e7,3.50381320059481e7
