instance,it_bb,it_box,p_true_pb,runtime_bb,runtime_box,runtime_pb,zeta_box,θ_bb,θ_box,θ_pb
14,27756,143,1,3600.102,1360.091,11.869,0.38461538461537614,2.5331340748702675e7,2.2823380252530947e7,2.533134074870268e7
