instance,it_bb,it_box,p_true_pb,runtime_bb,runtime_box,runtime_pb,zeta_box,θ_bb,θ_box,θ_pb
7,28257,64,1,3600.189,3600.036,9.186,6.583333333333334,1.0e20,2.0821872891695168e7,3.419669020867652e7
