instance,it_bb,it_box,p_true_pb,runtime_bb,runtime_box,runtime_pb,zeta_box,θ_bb,θ_box,θ_pb
12,16,15,1,0.574,2.251,9.495,0.625,3.422704426971655e7,3.422704426971655e7,3.422704426971655e7
