instance,it_bb,it_box,p_true_pb,runtime_bb,runtime_box,runtime_pb,zeta_box,θ_bb,θ_box,θ_pb
21,35123,154,1,3600.005,3600.021,9.211,1.0999999999999908,3.9341699563468225e7,3.422734347189903e7,3.934169956346823e7
