instance,it_bb,it_box,p_true_pb,runtime_bb,runtime_box,runtime_pb,zeta_box,θ_bb,θ_box,θ_pb
50,22945,59,1,3600.039,3600.039,11.125,11.857142857142858,3.699350045179887e7,2.4999603541391533e7,3.699350045179888e7
