instance,it_bb,it_box,p_true_pb,runtime_bb,runtime_box,runtime_pb,zeta_box,θ_bb,θ_box,θ_pb
18,17407,35,1,3600.209,3600.047,12.373,12.461538461538462,1.0e20,1.573765134844464e7,3.6103378518716484e7
