instance,it_bb,it_box,p_true_pb,runtime_bb,runtime_box,runtime_pb,zeta_box,θ_bb,θ_box,θ_pb
39,9,11,1,0.316,2.207,9.97,3.000000000400007,2.0260390698314495e7,2.0260390698314495e7,2.0260390698314495e7
