instance,it_bb,it_box,p_true_pb,runtime_bb,runtime_box,runtime_pb,zeta_box,θ_bb,θ_box,θ_pb
20,29460,69,1,3600.118,3600.036,9.217,6.692307692307693,2.1195255892731078e7,1.661626146981357e7,2.1195255892731093e7
