instance,it_bb,it_box,p_true_pb,runtime_bb,runtime_box,runtime_pb,zeta_box,θ_bb,θ_box,θ_pb
15,12,11,1,0.504,2.643,11.721,1.0000000002000036,2.587723990822541e7,2.587723990822541e7,2.5877239908225417e7
