instance,it_bb,it_box,p_true_pb,runtime_bb,runtime_box,runtime_pb,zeta_box,θ_bb,θ_box,θ_pb
22,21449,39,1,3600.238,3600.026,10.669,11.555555555555557,1.0e20,1.5359051069143977e7,3.3740897166657425e7
