instance,it_bb,it_box,p_true_pb,runtime_bb,runtime_box,runtime_pb,zeta_box,θ_bb,θ_box,θ_pb
50,12,11,1,0.426,2.454,10.656,1.0000000002000036,3.699350045179888e7,3.699350045179888e7,3.699350045179888e7
