instance,it_bb,it_box,p_true_pb,runtime_bb,runtime_box,runtime_pb,zeta_box,θ_bb,θ_box,θ_pb
46,18792,36,1,3600.076,3600.025,9.878,11.642857142857142,1.0e20,1.4395139828213692e7,3.747961781951852e7
