instance,it_bb,it_box,p_true_pb,runtime_bb,runtime_box,runtime_pb,zeta_box,θ_bb,θ_box,θ_pb
39,30354,92,1,3600.072,3600.036,9.919,3.666666666666666,1.9862335100831423e7,1.783833389649799e7,1.9862335100831427e7
