instance,it_bb,it_box,p_true_pb,runtime_bb,runtime_box,runtime_pb,zeta_box,θ_bb,θ_box,θ_pb
10,36541,152,1,3600.003,2362.474,11.913,0.6666666666666661,2.9163115109105352e7,2.4788707720669754e7,2.928462642545079e7
