instance,it_bb,it_box,p_true_pb,runtime_bb,runtime_box,runtime_pb,zeta_box,θ_bb,θ_box,θ_pb
36,28912,86,1,3600.003,3600.022,9.522,5.0,1.850735992811039e7,1.3718982351382699e7,1.850735992811039e7
