instance,it_bb,it_box,p_true_pb,runtime_bb,runtime_box,runtime_pb,zeta_box,θ_bb,θ_box,θ_pb
29,13,11,1,0.451,2.361,9.756,1.1666666666666536,3.6510541707945324e7,3.6510541707945324e7,3.651054170794533e7
