instance,it_bb,it_box,p_true_pb,runtime_bb,runtime_box,runtime_pb,zeta_box,θ_bb,θ_box,θ_pb
25,28224,75,1,3600.101,3600.056,9.989,5.222222222222221,1.5499087531247884e7,1.1745587481209425e7,1.5499087531247886e7
