instance,it_bb,it_box,p_true_pb,runtime_bb,runtime_box,runtime_pb,zeta_box,θ_bb,θ_box,θ_pb
24,25056,43,1,3600.168,3600.044,9.484,10.88888888888889,3.271594690203217e7,1.5442165803701555e7,3.271594690203217e7
