instance,it_bb,it_box,p_true_pb,runtime_bb,runtime_box,runtime_pb,zeta_box,θ_bb,θ_box,θ_pb
27,42822,135,1,3600.12,1321.697,9.261,2.5,2.9402831011334196e7,2.5329770245767348e7,2.9530114160258163e7
