instance,it_bb,it_box,p_true_pb,runtime_bb,runtime_box,runtime_pb,zeta_box,θ_bb,θ_box,θ_pb
17,12,12,1,0.481,2.609,11.649,0.8333333333333357,2.562637962562578e7,2.562637962562578e7,2.5626379625625774e7
