instance,it_bb,it_box,p_true_pb,runtime_bb,runtime_box,runtime_pb,zeta_box,θ_bb,θ_box,θ_pb
5,40712,123,1,3600.019,402.604,9.21,0.44444444444444464,2.21538967152478e7,1.988818358247922e7,2.2405642618888758e7
