instance,it_bb,it_box,p_true_pb,runtime_bb,runtime_box,runtime_pb,zeta_box,θ_bb,θ_box,θ_pb
7,27114,46,1,3600.213,3600.04,10.221,12.11111111111111,2.2275579689328715e7,1.2983688215656614e7,2.2275579689328715e7
