instance,it_bb,it_box,p_true_pb,runtime_bb,runtime_box,runtime_pb,zeta_box,θ_bb,θ_box,θ_pb
3,26516,45,1,3600.147,3600.031,11.768,11.666666666666666,1.0e20,1.2436772842053264e7,2.814558608369696e7
