instance,it_bb,it_box,p_true_pb,runtime_bb,runtime_box,runtime_pb,zeta_box,θ_bb,θ_box,θ_pb
4,13,12,1,0.477,2.488,10.081,0.9999999999999964,2.38672812614877e7,2.38672812614877e7,2.38672812614877e7
