instance,it_bb,it_box,p_true_pb,runtime_bb,runtime_box,runtime_pb,zeta_box,θ_bb,θ_box,θ_pb
6,41579,187,1,3600.064,1296.77,9.87,0.875,2.7591062763421386e7,2.2971575539219573e7,2.796533067950745e7
