instance,it_bb,it_box,p_true_pb,runtime_bb,runtime_box,runtime_pb,zeta_box,θ_bb,θ_box,θ_pb
27,11,10,1,0.358,2.002,9.482,3.2857142857142883,2.953011416025816e7,2.953011416025816e7,2.9530114160258163e7
