instance,it_bb,it_box,p_true_pb,runtime_bb,runtime_box,runtime_pb,zeta_box,θ_bb,θ_box,θ_pb
14,23142,40,1,3600.049,3600.034,11.047,12.666666666666657,1.0e20,1.4686429158016546e7,3.2064287819996834e7
