instance,it_bb,it_box,p_true_pb,runtime_bb,runtime_box,runtime_pb,zeta_box,θ_bb,θ_box,θ_pb
34,20058,37,1,3600.236,3600.056,10.995,11.333333333333249,1.0e20,9.009399485968776e6,2.561177046099411e7
