instance,it_bb,it_box,p_true_pb,runtime_bb,runtime_box,runtime_pb,zeta_box,θ_bb,θ_box,θ_pb
5,23015,45,1,3600.224,3600.053,12.111,9.222222222222221,2.2405642618888754e7,1.1706636419538913e7,2.2405642618888758e7
