instance,it_bb,it_box,p_true_pb,runtime_bb,runtime_box,runtime_pb,zeta_box,θ_bb,θ_box,θ_pb
41,42787,135,1,3600.016,1099.299,9.044,1.6390537250036269e-6,2.3161194703744538e7,1.9636752024814922e7,2.341294060738549e7
