instance,it_bb,it_box,p_true_pb,runtime_bb,runtime_box,runtime_pb,zeta_box,θ_bb,θ_box,θ_pb
7,46855,105,1,3600.033,134.73,11.47,0.25,2.1893718457989372e7,2.1257283072423797e7,2.2275579689328715e7
