instance,it_bb,it_box,p_true_pb,runtime_bb,runtime_box,runtime_pb,zeta_box,θ_bb,θ_box,θ_pb
44,37688,148,1,3600.069,3600.029,9.458,1.3749999999999862,3.3486262583118603e7,2.8382462430291303e7,3.348626258311861e7
