instance,it_bb,it_box,p_true_pb,runtime_bb,runtime_box,runtime_pb,zeta_box,θ_bb,θ_box,θ_pb
42,23861,48,1,3600.095,3600.051,10.07,11.833333333333336,1.0e20,1.2555471790209008e7,2.771616873428297e7
