instance,it_bb,it_box,p_true_pb,runtime_bb,runtime_box,runtime_pb,zeta_box,θ_bb,θ_box,θ_pb
45,35272,166,1,3600.001,3600.074,12.143,0.7500000000000024,2.9441658298564497e7,2.695632332043417e7,3.2512858246896014e7
