instance,it_bb,it_box,p_true_pb,runtime_bb,runtime_box,runtime_pb,zeta_box,θ_bb,θ_box,θ_pb
32,36039,166,1,3600.124,3600.032,11.544,1.0,2.5909835625108473e7,2.2129102891893916e7,2.5909835625108477e7
