instance,it_bb,it_box,p_true_pb,runtime_bb,runtime_box,runtime_pb,zeta_box,θ_bb,θ_box,θ_pb
48,13,12,1,0.361,2.093,9.424,0.28571428571428825,3.1041354772427022e7,3.1041354772427022e7,3.1041354772427022e7
