instance,it_bb,it_box,p_true_pb,runtime_bb,runtime_box,runtime_pb,zeta_box,θ_bb,θ_box,θ_pb
12,41337,127,1,3600.068,224.646,10.425,0.1666666666666643,2.367358967537078e7,2.054220645162178e7,2.4049352524958897e7
