instance,it_bb,it_box,p_true_pb,runtime_bb,runtime_box,runtime_pb,zeta_box,θ_bb,θ_box,θ_pb
39,18078,76,1,328.128,41.808,9.022,1.977950912390725e-6,1.7458703681499418e7,1.745870364990724e7,1.9862335100831427e7
