instance,it_bb,it_box,p_true_pb,runtime_bb,runtime_box,runtime_pb,zeta_box,θ_bb,θ_box,θ_pb
38,26440,25,1,3600.154,3600.029,8.962,12.899999999999991,2.4009462107169315e7,9.555224663953256e6,2.4009462107169315e7
