instance,it_bb,it_box,p_true_pb,runtime_bb,runtime_box,runtime_pb,zeta_box,θ_bb,θ_box,θ_pb
50,22181,53,1,3600.206,3600.051,12.21,11.300000001230003,1.0e20,1.248601983331057e7,3.1851489668213233e7
