instance,it_bb,it_box,p_true_pb,runtime_bb,runtime_box,runtime_pb,zeta_box,θ_bb,θ_box,θ_pb
42,29142,65,1,3600.12,3600.039,8.875,12.0,2.7716168734282963e7,1.6345786201214677e7,2.771616873428297e7
