instance,it_bb,it_box,p_true_pb,runtime_bb,runtime_box,runtime_pb,zeta_box,θ_bb,θ_box,θ_pb
22,34466,150,1,3600.023,3600.026,11.728,1.375000000237499,3.463411766843143e7,2.802558573581302e7,3.463411766843143e7
