instance,it_bb,it_box,p_true_pb,runtime_bb,runtime_box,runtime_pb,zeta_box,θ_bb,θ_box,θ_pb
24,27546,72,1,3600.096,3600.047,10.878,8.111111111111093,3.2715946902032167e7,2.054585224159232e7,3.271594690203217e7
