instance,it_bb,it_box,p_true_pb,runtime_bb,runtime_box,runtime_pb,zeta_box,θ_bb,θ_box,θ_pb
24,17119,29,1,3600.011,3600.092,12.627,12.285714285714288,1.0e20,1.1123958146444784e7,3.271594690203217e7
