instance,it_bb,it_box,p_true_pb,runtime_bb,runtime_box,runtime_pb,zeta_box,θ_bb,θ_box,θ_pb
26,24742,40,1,3600.235,3600.032,9.655,10.0,2.192342234410215e7,1.0735996736497419e7,2.192342234410215e7
