instance,it_bb,it_box,p_true_pb,runtime_bb,runtime_box,runtime_pb,zeta_box,θ_bb,θ_box,θ_pb
50,22578,37,1,3600.082,3600.022,10.328,13.000000000000002,1.0e20,9.428404407047955e6,3.1851489668213233e7
