instance,it_bb,it_box,p_true_pb,runtime_bb,runtime_box,runtime_pb,zeta_box,θ_bb,θ_box,θ_pb
24,12,10,1,0.448,2.609,11.765,0.3999999999999915,3.271594690203217e7,3.271594690203217e7,3.271594690203217e7
