instance,it_bb,it_box,p_true_pb,runtime_bb,runtime_box,runtime_pb,zeta_box,θ_bb,θ_box,θ_pb
46,15,14,1,0.471,2.313,9.208,0.8000000000000007,3.903154898039708e7,3.903154898039708e7,3.903154898039708e7
