instance,it_bb,it_box,p_true_pb,runtime_bb,runtime_box,runtime_pb,zeta_box,θ_bb,θ_box,θ_pb
49,28912,74,1,3600.234,3600.05,10.567,5.375,2.4074676983607955e7,1.7196337720980756e7,2.407467698360795e7
