instance,it_bb,it_box,p_true_pb,runtime_bb,runtime_box,runtime_pb,zeta_box,θ_bb,θ_box,θ_pb
16,26683,69,1,3600.231,3600.043,11.347,9.142857142857144,2.655441942684267e7,1.6851994576262902e7,2.655441942684267e7
