instance,it_bb,it_box,p_true_pb,runtime_bb,runtime_box,runtime_pb,zeta_box,θ_bb,θ_box,θ_pb
9,37576,93,1,3600.007,128.28,13.073,0.3333333333333357,2.3407402243206874e7,1.9692037018232983e7,2.3655095602019746e7
