instance,it_bb,it_box,p_true_pb,runtime_bb,runtime_box,runtime_pb,zeta_box,θ_bb,θ_box,θ_pb
1,29809,70,1,3600.028,3600.044,10.25,8.444444444444443,2.4795084129774734e7,1.6983162894400515e7,2.4795084129774734e7
