instance,it_bb,it_box,p_true_pb,runtime_bb,runtime_box,runtime_pb,zeta_box,θ_bb,θ_box,θ_pb
19,15,14,1,0.418,2.157,8.979,0.8333333333333321,4.151599940070301e7,4.151599940070301e7,4.151599940070301e7
