instance,it_bb,it_box,p_true_pb,runtime_bb,runtime_box,runtime_pb,zeta_box,θ_bb,θ_box,θ_pb
12,28695,68,1,3600.125,3600.032,9.201,5.999999999999998,2.4049352524958894e7,1.5782513468411146e7,2.4049352524958897e7
