instance,it_bb,it_box,p_true_pb,runtime_bb,runtime_box,runtime_pb,zeta_box,θ_bb,θ_box,θ_pb
2,41156,154,1,3600.04,3600.038,8.864,0.625,4.061382292979426e7,3.347901361208997e7,4.0613822929794274e7
