instance,it_bb,it_box,p_true_pb,runtime_bb,runtime_box,runtime_pb,zeta_box,θ_bb,θ_box,θ_pb
22,20331,43,1,3600.224,3600.045,9.631,10.545454545454543,1.0e20,1.5665203560433356e7,3.463411766843143e7
