instance,it_bb,it_box,p_true_pb,runtime_bb,runtime_box,runtime_pb,zeta_box,θ_bb,θ_box,θ_pb
46,21082,40,1,3600.111,3600.06,10.022,12.300000000000006,1.0e20,1.6388659345446121e7,3.903154898039708e7
