instance,it_bb,it_box,p_true_pb,runtime_bb,runtime_box,runtime_pb,zeta_box,θ_bb,θ_box,θ_pb
35,26549,79,1,3600.245,3600.052,12.986,7.399999999999998,2.4072660958565146e7,1.630764032793379e7,2.407266095856515e7
