instance,it_bb,it_box,p_true_pb,runtime_bb,runtime_box,runtime_pb,zeta_box,θ_bb,θ_box,θ_pb
41,24356,33,1,3600.12,3600.044,9.222,10.166666666666664,1.0e20,8.182411809266594e6,2.341294060738549e7
