instance,it_bb,it_box,p_true_pb,runtime_bb,runtime_box,runtime_pb,zeta_box,θ_bb,θ_box,θ_pb
16,26148,68,1,3600.047,3600.057,13.173,10.454545454545455,2.655441942684267e7,1.6851994576262902e7,2.655441942684267e7
