instance,it_bb,it_box,p_true_pb,runtime_bb,runtime_box,runtime_pb,zeta_box,θ_bb,θ_box,θ_pb
35,33517,82,1,3600.086,3600.036,8.822,5.166666666666666,2.4072660958565146e7,1.6437099514850631e7,2.407266095856515e7
