instance,it_bb,it_box,p_true_pb,runtime_bb,runtime_box,runtime_pb,zeta_box,θ_bb,θ_box,θ_pb
33,40154,117,1,3600.017,417.892,11.272,0.25,2.3805064923793558e7,2.0512942373436637e7,2.393168640696289e7
