instance,it_bb,it_box,p_true_pb,runtime_bb,runtime_box,runtime_pb,zeta_box,θ_bb,θ_box,θ_pb
47,13,13,1,0.455,2.69,11.244,0.1999999999999993,3.364466750432991e7,3.364466750432991e7,3.364466750432992e7
