instance,it_bb,it_box,p_true_pb,runtime_bb,runtime_box,runtime_pb,zeta_box,θ_bb,θ_box,θ_pb
20,70156,90,1,3600.003,50.155,8.946,0.571428571428573,1.533493845043167e7,1.4954868090639384e7,1.609533045459794e7
