instance,it_bb,it_box,p_true_pb,runtime_bb,runtime_box,runtime_pb,zeta_box,θ_bb,θ_box,θ_pb
15,34692,166,1,3600.083,3600.039,9.694,1.7777777777777746,3.469769435123976e7,2.9192233667661045e7,3.469769435123977e7
