instance,it_bb,it_box,p_true_pb,runtime_bb,runtime_box,runtime_pb,zeta_box,θ_bb,θ_box,θ_pb
46,38164,153,1,3600.117,3600.044,9.08,2.25,3.9031548980397075e7,3.1400564410481114e7,3.903154898039708e7
