instance,it_bb,it_box,p_true_pb,runtime_bb,runtime_box,runtime_pb,zeta_box,θ_bb,θ_box,θ_pb
6,13,11,1,0.35,2.042,9.06,0.25000000000000666,2.796533067950744e7,2.796533067950744e7,2.796533067950745e7
