instance,it_bb,it_box,p_true_pb,runtime_bb,runtime_box,runtime_pb,zeta_box,θ_bb,θ_box,θ_pb
20,8,8,1,0.284,2.041,9.298,1.0000000002000036,1.6095330454597943e7,1.6095330454597943e7,1.609533045459794e7
