instance,it_bb,it_box,p_true_pb,runtime_bb,runtime_box,runtime_pb,zeta_box,θ_bb,θ_box,θ_pb
5,31023,73,1,3600.098,3600.034,9.775,7.299999999999997,2.240564261888875e7,1.5734450135162078e7,2.2405642618888758e7
