instance,it_bb,it_box,p_true_pb,runtime_bb,runtime_box,runtime_pb,zeta_box,θ_bb,θ_box,θ_pb
30,21562,38,1,3600.261,3600.037,11.817,9.3,1.872054171589175e7,9.426323708173532e6,1.8720541715891752e7
