instance,it_bb,it_box,p_true_pb,runtime_bb,runtime_box,runtime_pb,zeta_box,θ_bb,θ_box,θ_pb
50,38710,149,1,3600.068,3600.03,10.244,1.375,3.1851489668213226e7,2.650048519576972e7,3.1851489668213233e7
