instance,it_bb,it_box,p_true_pb,runtime_bb,runtime_box,runtime_pb,zeta_box,θ_bb,θ_box,θ_pb
40,24463,36,1,3600.152,3600.042,9.254,11.571428571428571,2.23074704377345e7,8.648013809395611e6,2.23074704377345e7
