instance,it_bb,it_box,p_true_pb,runtime_bb,runtime_box,runtime_pb,zeta_box,θ_bb,θ_box,θ_pb
26,27513,60,1,3600.037,3600.031,10.236,8.75,2.192342234410215e7,1.3674102366848975e7,2.192342234410215e7
