instance,it_bb,it_box,p_true_pb,runtime_bb,runtime_box,runtime_pb,zeta_box,θ_bb,θ_box,θ_pb
48,30300,70,1,3600.002,3600.027,9.955,8.833333333333332,3.104135477242702e7,1.9072269678266082e7,3.1041354772427022e7
