instance,it_bb,it_box,p_true_pb,runtime_bb,runtime_box,runtime_pb,zeta_box,θ_bb,θ_box,θ_pb
15,30726,65,1,3600.12,3600.035,8.922,11.11111111111111,1.0e20,2.0997981351125285e7,3.469769435123977e7
