instance,it_bb,it_box,p_true_pb,runtime_bb,runtime_box,runtime_pb,zeta_box,θ_bb,θ_box,θ_pb
43,24949,37,1,3600.108,3600.054,9.834,12.181818181818176,1.0e20,1.2911227405273948e7,2.9137913093259577e7
