instance,it_bb,it_box,p_true_pb,runtime_bb,runtime_box,runtime_pb,zeta_box,θ_bb,θ_box,θ_pb
19,40489,162,1,3600.011,1472.487,7.656,1.9999686635685487e-6,4.1515999400703005e7,3.374010958767162e7,4.151599940070301e7
