instance,it_bb,it_box,p_true_pb,runtime_bb,runtime_box,runtime_pb,zeta_box,θ_bb,θ_box,θ_pb
16,34175,179,1,3600.052,734.755,12.195,0.4285748570391399,2.655441942684267e7,2.2852204401284065e7,2.655441942684267e7
