instance,it_bb,it_box,p_true_pb,runtime_bb,runtime_box,runtime_pb,zeta_box,θ_bb,θ_box,θ_pb
29,19626,29,1,3600.205,3600.075,10.194,15.375000000000004,1.0e20,1.1881961370142769e7,3.651054170794533e7
