instance,it_bb,it_box,p_true_pb,runtime_bb,runtime_box,runtime_pb,zeta_box,θ_bb,θ_box,θ_pb
25,10,9,1,0.445,3.182,12.11,1.0000000002000036,1.5499087531247888e7,1.5499087531247888e7,1.5499087531247886e7
