instance,it_bb,it_box,p_true_pb,runtime_bb,runtime_box,runtime_pb,zeta_box,θ_bb,θ_box,θ_pb
10,21801,49,1,3600.222,3600.074,11.427,10.833333333333332,1.0e20,1.3245168652240295e7,2.928462642545079e7
