instance,it_bb,it_box,p_true_pb,runtime_bb,runtime_box,runtime_pb,zeta_box,θ_bb,θ_box,θ_pb
35,24746,49,1,3600.025,3600.045,9.989,11.2,2.4072660958565146e7,1.255465137438158e7,2.407266095856515e7
