instance,it_bb,it_box,p_true_pb,runtime_bb,runtime_box,runtime_pb,zeta_box,θ_bb,θ_box,θ_pb
21,14,13,1,0.517,2.492,10.144,0.1999999999999993,3.0676596540613685e7,3.0676596540613685e7,3.067659654061369e7
