instance,it_bb,it_box,p_true_pb,runtime_bb,runtime_box,runtime_pb,zeta_box,θ_bb,θ_box,θ_pb
48,19649,31,1,3600.009,3600.037,11.56,11.666666666666666,1.0e20,9.996828209685087e6,3.1041354772427022e7
