instance,it_bb,it_box,p_true_pb,runtime_bb,runtime_box,runtime_pb,zeta_box,θ_bb,θ_box,θ_pb
24,43854,153,1,3600.051,1172.39,7.551,0.3750046248672163,3.2585084378749143e7,2.7481463750140622e7,3.271594690203217e7
