instance,it_bb,it_box,p_true_pb,runtime_bb,runtime_box,runtime_pb,zeta_box,θ_bb,θ_box,θ_pb
25,30084,73,1,3600.082,3600.039,9.197,8.5,1.5499087531247884e7,1.1745589830208868e7,1.5499087531247886e7
