instance,it_bb,it_box,p_true_pb,runtime_bb,runtime_box,runtime_pb,zeta_box,θ_bb,θ_box,θ_pb
38,45663,128,1,3600.021,414.372,9.137,0.37499854663188614,2.376447231146345e7,2.1804564014724396e7,2.4009462107169315e7
