instance,it_bb,it_box,p_true_pb,runtime_bb,runtime_box,runtime_pb,zeta_box,θ_bb,θ_box,θ_pb
34,24256,52,1,3600.113,3600.049,10.1,10.285714285714285,1.0e20,1.1326316976623889e7,2.561177046099411e7
