instance,it_bb,it_box,p_true_pb,runtime_bb,runtime_box,runtime_pb,zeta_box,θ_bb,θ_box,θ_pb
7,31147,71,1,3600.185,3600.05,8.944,13.285714285714292,2.227557968932871e7,1.7056811657232422e7,2.2275579689328715e7
