instance,it_bb,it_box,p_true_pb,runtime_bb,runtime_box,runtime_pb,zeta_box,θ_bb,θ_box,θ_pb
23,12,12,1,0.422,2.568,10.289,2.0,3.3134166215732228e7,3.3134166215732228e7,3.313416621573223e7
