instance,it_bb,it_box,p_true_pb,runtime_bb,runtime_box,runtime_pb,zeta_box,θ_bb,θ_box,θ_pb
10,21554,30,1,3600.072,3600.039,10.204,14.285714285714286,1.0e20,9.599910086194674e6,2.928462642545079e7
