instance,it_bb,it_box,p_true_pb,runtime_bb,runtime_box,runtime_pb,zeta_box,θ_bb,θ_box,θ_pb
45,40654,157,1,3600.137,3600.03,9.114,0.7500000001749818,3.2512858246896014e7,2.695631935143706e7,3.2512858246896014e7
