instance,it_bb,it_box,p_true_pb,runtime_bb,runtime_box,runtime_pb,zeta_box,θ_bb,θ_box,θ_pb
40,24030,51,1,3600.016,3600.029,10.216,10.300000001130002,2.23074704377345e7,1.1154350570169874e7,2.23074704377345e7
