instance,it_bb,it_box,p_true_pb,runtime_bb,runtime_box,runtime_pb,zeta_box,θ_bb,θ_box,θ_pb
26,39908,133,1,3600.116,1449.589,10.194,0.7777777777777786,2.1697413494717885e7,1.9098311726798825e7,2.192342234410215e7
