instance,it_bb,it_box,p_true_pb,runtime_bb,runtime_box,runtime_pb,zeta_box,θ_bb,θ_box,θ_pb
37,22064,40,1,3600.234,3600.051,9.496,12.000000001300002,1.0e20,1.5421454669665007e7,3.62920719712133e7
