instance,it_bb,it_box,p_true_pb,runtime_bb,runtime_box,runtime_pb,zeta_box,θ_bb,θ_box,θ_pb
20,25544,53,1,3600.018,3600.056,10.981,9.666666666666668,1.6095330454597943e7,8.238002524512351e6,1.609533045459794e7
