instance,it_bb,it_box,p_true_pb,runtime_bb,runtime_box,runtime_pb,zeta_box,θ_bb,θ_box,θ_pb
11,28743,63,1,3600.036,3600.053,10.051,9.888888888888893,1.0e20,1.9214156478737477e7,3.1440105210026734e7
