instance,it_bb,it_box,p_true_pb,runtime_bb,runtime_box,runtime_pb,zeta_box,θ_bb,θ_box,θ_pb
14,35773,158,1,3600.046,3600.028,9.693,1.625000000000001,3.1941907265985996e7,2.765860013620402e7,3.2064287819996834e7
