instance,it_bb,it_box,p_true_pb,runtime_bb,runtime_box,runtime_pb,zeta_box,θ_bb,θ_box,θ_pb
17,23744,46,1,3600.168,3600.028,11.301,9.333333333333334,1.0e20,1.1648633505061073e7,2.5626379625625774e7
