instance,it_bb,it_box,p_true_pb,runtime_bb,runtime_box,runtime_pb,zeta_box,θ_bb,θ_box,θ_pb
50,15,14,1,0.461,2.328,9.933,0.1999999999999993,3.1851489668213226e7,3.1851489668213226e7,3.1851489668213233e7
