instance,it_bb,it_box,p_true_pb,runtime_bb,runtime_box,runtime_pb,zeta_box,θ_bb,θ_box,θ_pb
21,38902,166,1,3600.056,3600.036,9.01,1.2857142857142938,3.0676596540613685e7,2.5481483381654207e7,3.067659654061369e7
