instance,it_bb,it_box,p_true_pb,runtime_bb,runtime_box,runtime_pb,zeta_box,θ_bb,θ_box,θ_pb
25,20902,30,1,3600.059,3600.067,14.086,10.666666666666663,1.0e20,6.418136444213276e6,1.5499087531247886e7
