instance,it_bb,it_box,p_true_pb,runtime_bb,runtime_box,runtime_pb,zeta_box,θ_bb,θ_box,θ_pb
12,19924,40,1,3600.277,3600.058,12.634,9.099999999999993,2.4049352524958894e7,9.394483748638315e6,2.4049352524958897e7
