instance,it_bb,it_box,p_true_pb,runtime_bb,runtime_box,runtime_pb,zeta_box,θ_bb,θ_box,θ_pb
30,30416,89,1,3600.191,3600.037,10.91,6.0,1.8720541715891745e7,1.4793301896311892e7,1.8720541715891752e7
