instance,it_bb,it_box,p_true_pb,runtime_bb,runtime_box,runtime_pb,zeta_box,θ_bb,θ_box,θ_pb
42,44330,175,1,3600.005,3600.02,8.254,0.5714285714285694,2.759772465465042e7,2.3570656065510035e7,2.771616873428297e7
