instance,it_bb,it_box,p_true_pb,runtime_bb,runtime_box,runtime_pb,zeta_box,θ_bb,θ_box,θ_pb
38,10,11,1,0.341,2.423,10.191,3.0,2.4009462107169315e7,2.4009462107169315e7,2.4009462107169315e7
