instance,it_bb,it_box,p_true_pb,runtime_bb,runtime_box,runtime_pb,zeta_box,θ_bb,θ_box,θ_pb
31,36208,130,1,3600.05,3600.073,12.104,1.8333333333333321,2.956274024721336e7,2.487445780211224e7,2.9562740247213367e7
