instance,it_bb,it_box,p_true_pb,runtime_bb,runtime_box,runtime_pb,zeta_box,θ_bb,θ_box,θ_pb
41,25540,74,1,3600.218,3600.078,13.213,6.888888888888889,2.3412940607385486e7,1.4601923133571818e7,2.341294060738549e7
