instance,it_bb,it_box,p_true_pb,runtime_bb,runtime_box,runtime_pb,zeta_box,θ_bb,θ_box,θ_pb
22,39177,157,1,3600.017,3600.023,9.45,1.0000000002000036,3.463411766843143e7,2.80256378100855e7,3.463411766843143e7
