instance,it_bb,it_box,p_true_pb,runtime_bb,runtime_box,runtime_pb,zeta_box,θ_bb,θ_box,θ_pb
46,36401,158,1,3600.129,3600.027,9.789,2.5714285717857166,3.9031548980397075e7,3.1525664370513182e7,3.903154898039708e7
