instance,it_bb,it_box,p_true_pb,runtime_bb,runtime_box,runtime_pb,zeta_box,θ_bb,θ_box,θ_pb
11,39113,172,1,3600.1,3600.026,9.952,1.0,3.1305748704113986e7,2.714065773664026e7,3.1440105210026734e7
