instance,it_bb,it_box,p_true_pb,runtime_bb,runtime_box,runtime_pb,zeta_box,θ_bb,θ_box,θ_pb
42,38804,162,1,3600.065,3600.031,10.219,0.8333333333333371,2.759772465465042e7,2.3452271089244694e7,2.771616873428297e7
