instance,it_bb,it_box,p_true_pb,runtime_bb,runtime_box,runtime_pb,zeta_box,θ_bb,θ_box,θ_pb
2,39435,152,1,3600.07,3600.04,8.958,2.4000000003400053,4.061382292979426e7,3.3479191396257594e7,4.0613822929794274e7
