instance,it_bb,it_box,p_true_pb,runtime_bb,runtime_box,runtime_pb,zeta_box,θ_bb,θ_box,θ_pb
38,27107,67,1,3600.116,3600.098,11.442,7.000000000000003,2.400946210716931e7,1.665982932272838e7,2.4009462107169315e7
