instance,it_bb,it_box,p_true_pb,runtime_bb,runtime_box,runtime_pb,zeta_box,θ_bb,θ_box,θ_pb
13,34690,180,1,3600.162,2553.007,12.086,1.625,2.8052085802620582e7,2.4077159734093986e7,2.816565516468624e7
