instance,it_bb,it_box,p_true_pb,runtime_bb,runtime_box,runtime_pb,zeta_box,θ_bb,θ_box,θ_pb
34,12,11,1,0.331,2.075,9.027,3.0,2.5611770460994113e7,2.5611770460994113e7,2.561177046099411e7
