instance,it_bb,it_box,p_true_pb,runtime_bb,runtime_box,runtime_pb,zeta_box,θ_bb,θ_box,θ_pb
1,51630,134,1,3600.105,530.381,8.844,1.0,2.3439623585364856e7,2.1851452359325178e7,2.4795084129774734e7
