instance,it_bb,it_box,p_true_pb,runtime_bb,runtime_box,runtime_pb,zeta_box,θ_bb,θ_box,θ_pb
31,23462,48,1,3600.125,3600.044,10.275,11.444444444444445,1.0e20,1.3283953842406046e7,2.9562740247213367e7
