instance,it_bb,it_box,p_true_pb,runtime_bb,runtime_box,runtime_pb,zeta_box,θ_bb,θ_box,θ_pb
14,35348,145,1,3600.001,3600.03,11.741,1.25,3.1941907265985996e7,2.7536242913646504e7,3.2064287819996834e7
