instance,it_bb,it_box,p_true_pb,runtime_bb,runtime_box,runtime_pb,zeta_box,θ_bb,θ_box,θ_pb
14,13,13,1,0.363,2.048,8.957,1.0,3.2064287819996834e7,3.2064287819996834e7,3.2064287819996834e7
