instance,it_bb,it_box,p_true_pb,runtime_bb,runtime_box,runtime_pb,zeta_box,θ_bb,θ_box,θ_pb
11,13,12,1,0.452,2.425,10.67,1.8333333333333357,3.144010521002673e7,3.144010521002673e7,3.1440105210026734e7
