instance,it_bb,it_box,p_true_pb,runtime_bb,runtime_box,runtime_pb,zeta_box,θ_bb,θ_box,θ_pb
19,37712,162,1,3600.123,1871.95,10.143,1.9999686635685487e-6,4.1515999400703005e7,3.374010958767162e7,4.151599940070301e7
