instance,it_bb,it_box,p_true_pb,runtime_bb,runtime_box,runtime_pb,zeta_box,θ_bb,θ_box,θ_pb
35,20413,30,1,3600.329,3600.023,10.643,11.6,2.4072660958565146e7,9.578041453027803e6,2.407266095856515e7
