instance,it_bb,it_box,p_true_pb,runtime_bb,runtime_box,runtime_pb,zeta_box,θ_bb,θ_box,θ_pb
34,28530,74,1,3600.2,3600.042,9.671,10.0,2.5611770460994113e7,1.5701862695530515e7,2.561177046099411e7
