instance,it_bb,it_box,p_true_pb,runtime_bb,runtime_box,runtime_pb,zeta_box,θ_bb,θ_box,θ_pb
33,25158,44,1,3600.08,3600.058,9.435,9.09090909090907,2.3931686406962886e7,1.1776068589252932e7,2.393168640696289e7
