instance,it_bb,it_box,p_true_pb,runtime_bb,runtime_box,runtime_pb,zeta_box,θ_bb,θ_box,θ_pb
6,30269,72,1,3600.044,3600.034,9.318,8.0,2.7965330679507446e7,1.6604538770137034e7,2.796533067950745e7
