instance,it_bb,it_box,p_true_pb,runtime_bb,runtime_box,runtime_pb,zeta_box,θ_bb,θ_box,θ_pb
37,15,14,1,0.579,2.497,9.133,1.8333333333333321,3.6292071971213296e7,3.6292071971213296e7,3.62920719712133e7
