instance,it_bb,it_box,p_true_pb,runtime_bb,runtime_box,runtime_pb,zeta_box,θ_bb,θ_box,θ_pb
2,15,14,1,0.58,2.914,11.537,0.8571428571428577,4.0613822929794274e7,4.0613822929794274e7,4.0613822929794274e7
