instance,it_bb,it_box,p_true_pb,runtime_bb,runtime_box,runtime_pb,zeta_box,θ_bb,θ_box,θ_pb
9,24009,55,1,3600.068,3600.067,11.538,8.000000000000002,1.0e20,1.114678563172468e7,2.3655095602019746e7
