instance,it_bb,it_box,p_true_pb,runtime_bb,runtime_box,runtime_pb,zeta_box,θ_bb,θ_box,θ_pb
5,30572,72,1,3600.033,3600.022,9.341,7.300000000000004,2.240564261888875e7,1.5734431694855567e7,2.2405642618888758e7
