instance,it_bb,it_box,p_true_pb,runtime_bb,runtime_box,runtime_pb,zeta_box,θ_bb,θ_box,θ_pb
28,37451,164,1,3600.053,2148.439,9.504,1.249999999999993,2.8541864074783545e7,2.3846782493223943e7,2.8665419730259128e7
