instance,it_bb,it_box,p_true_pb,runtime_bb,runtime_box,runtime_pb,zeta_box,θ_bb,θ_box,θ_pb
30,77296,61,1,3072.285,45.498,11.826,0.5000000001500098,1.7280560854971446e7,1.7280549702025007e7,1.8720541715891752e7
