instance,it_bb,it_box,p_true_pb,runtime_bb,runtime_box,runtime_pb,zeta_box,θ_bb,θ_box,θ_pb
6,28671,70,1,3600.085,3600.048,9.858,7.571428571428572,2.7965330679507446e7,1.6479692287072971e7,2.796533067950745e7
