instance,it_bb,it_box,p_true_pb,runtime_bb,runtime_box,runtime_pb,zeta_box,θ_bb,θ_box,θ_pb
45,23066,42,1,3600.101,3600.043,9.666,12.222222222222221,1.0e20,1.4424568871779969e7,3.2512858246896014e7
