instance,it_bb,it_box,p_true_pb,runtime_bb,runtime_box,runtime_pb,zeta_box,θ_bb,θ_box,θ_pb
50,39994,141,1,3600.072,3600.081,8.772,3.0,3.1851489668213226e7,2.624570018651581e7,3.1851489668213233e7
