instance,it_bb,it_box,p_true_pb,runtime_bb,runtime_box,runtime_pb,zeta_box,θ_bb,θ_box,θ_pb
48,33482,178,1,3600.092,3062.61,13.018,0.44444444444444287,3.077830268139004e7,2.604338773780995e7,3.1041354772427022e7
