instance,it_bb,it_box,p_true_pb,runtime_bb,runtime_box,runtime_pb,zeta_box,θ_bb,θ_box,θ_pb
49,19845,30,1,3600.037,3600.073,10.582,11.88888888888889,2.407467698360795e7,9.92211295326524e6,2.407467698360795e7
