instance,it_bb,it_box,p_true_pb,runtime_bb,runtime_box,runtime_pb,zeta_box,θ_bb,θ_box,θ_pb
20,28487,74,1,3600.163,3600.083,10.605,11.0,1.609533045459794e7,1.2166880768682638e7,1.609533045459794e7
