instance,it_bb,it_box,p_true_pb,runtime_bb,runtime_box,runtime_pb,zeta_box,θ_bb,θ_box,θ_pb
14,29263,59,1,3600.179,3600.041,9.671,10.999999999999915,1.0e20,1.9336865210512765e7,3.2064287819996834e7
