instance,it_bb,it_box,p_true_pb,runtime_bb,runtime_box,runtime_pb,zeta_box,θ_bb,θ_box,θ_pb
27,29757,69,1,3600.051,3600.036,10.162,10.600000000000001,2.953011416025816e7,2.1256796241046317e7,2.9530114160258163e7
