instance,it_bb,it_box,p_true_pb,runtime_bb,runtime_box,runtime_pb,zeta_box,θ_bb,θ_box,θ_pb
19,30556,70,1,3600.002,3600.031,9.111,11.222222222222213,2.780935047439855e7,2.4909857124070395e7,4.151599940070301e7
