instance,it_bb,it_box,p_true_pb,runtime_bb,runtime_box,runtime_pb,zeta_box,θ_bb,θ_box,θ_pb
21,25977,73,1,3600.013,3600.051,10.567,9.88888888888889,1.0e20,1.8925745809887752e7,3.067659654061369e7
