instance,it_bb,it_box,p_true_pb,runtime_bb,runtime_box,runtime_pb,zeta_box,θ_bb,θ_box,θ_pb
31,39757,140,1,3600.066,3600.031,9.834,2.571428571428552,2.956274024721336e7,2.4874465441199385e7,2.9562740247213367e7
