instance,it_bb,it_box,p_true_pb,runtime_bb,runtime_box,runtime_pb,zeta_box,θ_bb,θ_box,θ_pb
44,14,13,1,0.477,2.431,10.225,2.8000000000000007,3.3486262583118606e7,3.3486262583118606e7,3.348626258311861e7
