instance,it_bb,it_box,p_true_pb,runtime_bb,runtime_box,runtime_pb,zeta_box,θ_bb,θ_box,θ_pb
30,25995,51,1,3600.193,3600.052,10.02,8.0,1.8720541715891745e7,1.1651844654630741e7,1.8720541715891752e7
