instance,it_bb,it_box,p_true_pb,runtime_bb,runtime_box,runtime_pb,zeta_box,θ_bb,θ_box,θ_pb
36,82350,60,1,3600.022,33.759,9.341,1.0,1.6307255157877848e7,1.617796589031821e7,1.850735992811039e7
