instance,it_bb,it_box,p_true_pb,runtime_bb,runtime_box,runtime_pb,zeta_box,θ_bb,θ_box,θ_pb
43,24118,32,1,3600.197,3600.046,9.128,12.272727272727264,1.0e20,1.1134772392517436e7,2.9137913093259577e7
