instance,it_bb,it_box,p_true_pb,runtime_bb,runtime_box,runtime_pb,zeta_box,θ_bb,θ_box,θ_pb
33,26834,62,1,3600.19,3600.065,11.202,7.7142857142857135,2.3931686406962883e7,1.5828015159683017e7,2.393168640696289e7
