instance,it_bb,it_box,p_true_pb,runtime_bb,runtime_box,runtime_pb,zeta_box,θ_bb,θ_box,θ_pb
11,24203,45,1,3600.219,3600.027,10.27,10.857142857142856,1.0e20,1.3705060033921454e7,3.1440105210026734e7
