instance,it_bb,it_box,p_true_pb,runtime_bb,runtime_box,runtime_pb,zeta_box,θ_bb,θ_box,θ_pb
9,29307,88,1,3600.191,3600.05,9.761,5.857142857142854,2.3655095602019746e7,1.548121576119511e7,2.3655095602019746e7
