instance,it_bb,it_box,p_true_pb,runtime_bb,runtime_box,runtime_pb,zeta_box,θ_bb,θ_box,θ_pb
23,29350,72,1,3600.058,3600.029,9.185,10.111111112222233,1.0e20,1.98357927077543e7,3.313416621573223e7
