instance,it_bb,it_box,p_true_pb,runtime_bb,runtime_box,runtime_pb,zeta_box,θ_bb,θ_box,θ_pb
36,9,8,1,0.305,2.151,9.152,1.0000000002000036,1.850735992811039e7,1.850735992811039e7,1.850735992811039e7
