instance,it_bb,it_box,p_true_pb,runtime_bb,runtime_box,runtime_pb,zeta_box,θ_bb,θ_box,θ_pb
7,51024,105,1,3600.004,170.832,9.304,0.25,2.0239006833347876e7,2.1257283072423797e7,2.2275579689328715e7
