instance,it_bb,it_box,p_true_pb,runtime_bb,runtime_box,runtime_pb,zeta_box,θ_bb,θ_box,θ_pb
47,23176,26,1,3600.045,3600.039,9.113,12.666666666666666,1.0e20,1.1260198681872196e7,3.364466750432992e7
