instance,it_bb,it_box,p_true_pb,runtime_bb,runtime_box,runtime_pb,zeta_box,θ_bb,θ_box,θ_pb
15,44991,183,1,3600.156,3600.025,9.026,0.42857142857142705,3.469769435123976e7,2.9320217959479317e7,3.469769435123977e7
