instance,it_bb,it_box,p_true_pb,runtime_bb,runtime_box,runtime_pb,zeta_box,θ_bb,θ_box,θ_pb
27,27918,68,1,3600.136,3600.059,9.44,10.0,2.953011416025816e7,1.8329352443118222e7,2.9530114160258163e7
