instance,it_bb,it_box,p_true_pb,runtime_bb,runtime_box,runtime_pb,zeta_box,θ_bb,θ_box,θ_pb
26,21705,22,1,3600.186,3600.027,10.351,11.555555555555499,1.0e20,7.232853184669924e6,2.192342234410215e7
