instance,it_bb,it_box,p_true_pb,runtime_bb,runtime_box,runtime_pb,zeta_box,θ_bb,θ_box,θ_pb
26,36271,133,1,3600.051,1373.515,13.051,0.7777777777777786,2.181041791941002e7,1.9098311726798825e7,2.192342234410215e7
