instance,it_bb,it_box,p_true_pb,runtime_bb,runtime_box,runtime_pb,zeta_box,θ_bb,θ_box,θ_pb
1,9,8,1,0.387,2.853,12.722,1.7142857142857117,2.479508412977474e7,2.479508412977474e7,2.4795084129774734e7
