instance,it_bb,it_box,p_true_pb,runtime_bb,runtime_box,runtime_pb,zeta_box,θ_bb,θ_box,θ_pb
50,29316,65,1,3600.169,3600.041,9.541,13.250000000175,1.0e20,1.783703583333665e7,3.1851489668213233e7
