instance,it_bb,it_box,p_true_pb,runtime_bb,runtime_box,runtime_pb,zeta_box,θ_bb,θ_box,θ_pb
45,13,12,1,0.403,2.155,11.51,4.0,3.2512858246896014e7,3.2512858246896014e7,3.2512858246896014e7
