instance,it_bb,it_box,p_true_pb,runtime_bb,runtime_box,runtime_pb,zeta_box,θ_bb,θ_box,θ_pb
24,39111,153,1,3600.001,1287.019,10.008,0.3750046248672163,3.2585084378749143e7,2.7481463750140622e7,3.271594690203217e7
