instance,it_bb,it_box,p_true_pb,runtime_bb,runtime_box,runtime_pb,zeta_box,θ_bb,θ_box,θ_pb
17,24074,33,1,3600.171,3600.056,9.086,9.571428571428571,1.0e20,8.951054324046936e6,2.5626379625625774e7
