instance,it_bb,it_box,p_true_pb,runtime_bb,runtime_box,runtime_pb,zeta_box,θ_bb,θ_box,θ_pb
49,58402,118,1,3600.01,111.685,9.41,0.37500000000001016,2.2884190948410563e7,2.1561430687080134e7,2.407467698360795e7
