instance,it_bb,it_box,p_true_pb,runtime_bb,runtime_box,runtime_pb,zeta_box,θ_bb,θ_box,θ_pb
29,36830,184,1,3600.078,1487.034,10.914,1.2499996914818752,3.6510541707945324e7,3.1065030951109298e7,3.651054170794533e7
