instance,it_bb,it_box,p_true_pb,runtime_bb,runtime_box,runtime_pb,zeta_box,θ_bb,θ_box,θ_pb
3,43013,184,1,3600.102,3600.018,8.902,1.6666666666666643,2.8145586083696958e7,2.395654089256507e7,2.814558608369696e7
