instance,it_bb,it_box,p_true_pb,runtime_bb,runtime_box,runtime_pb,zeta_box,θ_bb,θ_box,θ_pb
12,22044,52,1,3600.254,3600.078,10.272,9.333333333333332,2.4049352524958894e7,1.2024896548078066e7,2.4049352524958897e7
