instance,it_bb,it_box,p_true_pb,runtime_bb,runtime_box,runtime_pb,zeta_box,θ_bb,θ_box,θ_pb
21,35821,177,1,3600.139,3600.025,11.258,0.7142857142857153,3.0676596540613685e7,2.5481486188436672e7,3.067659654061369e7
