instance,it_bb,it_box,p_true_pb,runtime_bb,runtime_box,runtime_pb,zeta_box,θ_bb,θ_box,θ_pb
12,30201,77,1,3600.099,3600.043,10.052,6.333333333333333,2.4049352524958894e7,1.6033023107471805e7,2.4049352524958897e7
