instance,it_bb,it_box,p_true_pb,runtime_bb,runtime_box,runtime_pb,zeta_box,θ_bb,θ_box,θ_pb
32,20812,25,1,3600.001,3600.036,10.431,12.899999999999999,1.0e20,8.785373151153931e6,2.5909835625108477e7
