instance,it_bb,it_box,p_true_pb,runtime_bb,runtime_box,runtime_pb,zeta_box,θ_bb,θ_box,θ_pb
32,31846,67,1,3600.175,3600.05,8.805,9.285714285714286,1.0e20,1.6124571074236931e7,2.5909835625108477e7
