instance,it_bb,it_box,p_true_pb,runtime_bb,runtime_box,runtime_pb,zeta_box,θ_bb,θ_box,θ_pb
44,23149,42,1,3600.126,3600.06,9.937,12.83333333333332,1.0e20,1.5187437487096708e7,3.348626258311861e7
