instance,it_bb,it_box,p_true_pb,runtime_bb,runtime_box,runtime_pb,zeta_box,θ_bb,θ_box,θ_pb
42,29721,64,1,3600.001,3600.04,9.251,11.666666666666664,2.3096954935135137e7,1.6345776043903662e7,2.771616873428297e7
