instance,it_bb,it_box,p_true_pb,runtime_bb,runtime_box,runtime_pb,zeta_box,θ_bb,θ_box,θ_pb
20,30684,75,1,3600.076,3600.066,9.858,6.874999999999998,1.609533045459794e7,1.2546938856946137e7,1.609533045459794e7
