instance,it_bb,it_box,p_true_pb,runtime_bb,runtime_box,runtime_pb,zeta_box,θ_bb,θ_box,θ_pb
36,22571,29,1,3600.025,3600.048,10.778,10.888890063153557,1.850735992811039e7,8.024933716439865e6,1.850735992811039e7
