instance,it_bb,it_box,p_true_pb,runtime_bb,runtime_box,runtime_pb,zeta_box,θ_bb,θ_box,θ_pb
26,30507,63,1,3600.043,3600.032,9.604,8.25,2.192342234410215e7,1.3787106828202786e7,2.192342234410215e7
