instance,it_bb,it_box,p_true_pb,runtime_bb,runtime_box,runtime_pb,zeta_box,θ_bb,θ_box,θ_pb
12,10,9,1,0.361,1.992,9.137,2.0,2.4049352524958894e7,2.4049352524958894e7,2.4049352524958897e7
