instance,it_bb,it_box,p_true_pb,runtime_bb,runtime_box,runtime_pb,zeta_box,θ_bb,θ_box,θ_pb
23,45344,238,1,3600.124,1975.205,8.966,0.14285714285714235,3.290876878895011e7,2.8175507831241354e7,3.313416621573223e7
