instance,it_bb,it_box,p_true_pb,runtime_bb,runtime_box,runtime_pb,zeta_box,θ_bb,θ_box,θ_pb
28,20713,27,1,3600.112,3600.037,11.67,12.124999999999979,1.0e20,9.390845465258311e6,2.8665419730259128e7
