instance,it_bb,it_box,p_true_pb,runtime_bb,runtime_box,runtime_pb,zeta_box,θ_bb,θ_box,θ_pb
47,23967,46,1,3600.212,3600.037,10.754,12.750000000000043,1.0e20,1.5448597004826227e7,3.364466750432992e7
