instance,it_bb,it_box,p_true_pb,runtime_bb,runtime_box,runtime_pb,zeta_box,θ_bb,θ_box,θ_pb
4,43120,118,1,3600.039,270.748,8.964,1.2499988700595743,2.373896524534006e7,1.9761213165551633e7,2.38672812614877e7
