instance,it_bb,it_box,p_true_pb,runtime_bb,runtime_box,runtime_pb,zeta_box,θ_bb,θ_box,θ_pb
6,20265,35,1,3600.001,3600.037,10.272,10.600000000000001,1.0e20,9.489280548152136e6,2.796533067950745e7
