instance,it_bb,it_box,p_true_pb,runtime_bb,runtime_box,runtime_pb,zeta_box,θ_bb,θ_box,θ_pb
13,24674,33,1,3600.176,3600.05,9.292,14.11111111111111,1.0e20,1.0562477187468983e7,2.816565516468624e7
