instance,it_bb,it_box,p_true_pb,runtime_bb,runtime_box,runtime_pb,zeta_box,θ_bb,θ_box,θ_pb
18,24211,28,1,3600.197,3600.031,8.941,11.499999999999996,1.0e20,8.764851349077987e6,2.6176504737557884e7
