instance,it_bb,it_box,p_true_pb,runtime_bb,runtime_box,runtime_pb,zeta_box,θ_bb,θ_box,θ_pb
18,13,12,1,0.42,2.142,9.432,2.0,2.6176504737557888e7,2.6176504737557888e7,2.6176504737557884e7
