instance,it_bb,it_box,p_true_pb,runtime_bb,runtime_box,runtime_pb,zeta_box,θ_bb,θ_box,θ_pb
29,21191,41,1,3600.335,3600.033,9.655,14.857142857142858,1.0e20,1.6337453114595236e7,3.651054170794533e7
