instance,it_bb,it_box,p_true_pb,runtime_bb,runtime_box,runtime_pb,zeta_box,θ_bb,θ_box,θ_pb
38,33956,69,1,3600.089,3600.036,8.865,10.000000001100005,2.400946210716931e7,1.678231028350893e7,2.4009462107169315e7
