instance,it_bb,it_box,p_true_pb,runtime_bb,runtime_box,runtime_pb,zeta_box,θ_bb,θ_box,θ_pb
28,23943,40,1,3600.046,3600.038,9.754,11.166666666666664,1.0e20,1.285039805258121e7,2.8665419730259128e7
