instance,it_bb,it_box,p_true_pb,runtime_bb,runtime_box,runtime_pb,zeta_box,θ_bb,θ_box,θ_pb
37,38910,179,1,3600.002,3600.031,8.906,1.25,3.6292071971213296e7,3.0044113638643894e7,3.62920719712133e7
