instance,it_bb,it_box,p_true_pb,runtime_bb,runtime_box,runtime_pb,zeta_box,θ_bb,θ_box,θ_pb
39,26863,87,1,3600.022,3600.046,10.406,4.285714285714285,1.9862335100831423e7,1.4802070875491323e7,1.9862335100831427e7
