instance,it_bb,it_box,p_true_pb,runtime_bb,runtime_box,runtime_pb,zeta_box,θ_bb,θ_box,θ_pb
3,22437,33,1,3600.241,3600.034,9.549,11.777777777777779,1.0e20,9.68760459243611e6,2.814558608369696e7
