instance,it_bb,it_box,p_true_pb,runtime_bb,runtime_box,runtime_pb,zeta_box,θ_bb,θ_box,θ_pb
5,10,8,1,0.34,2.159,10.088,2.6666666666666625,2.2405642618888754e7,2.2405642618888754e7,2.2405642618888758e7
