instance,it_bb,it_box,p_true_pb,runtime_bb,runtime_box,runtime_pb,zeta_box,θ_bb,θ_box,θ_pb
49,27668,41,1,3600.166,3600.031,9.569,11.5,2.407467698360795e7,1.2832204050763194e7,2.407467698360795e7
