instance,it_bb,it_box,p_true_pb,runtime_bb,runtime_box,runtime_pb,zeta_box,θ_bb,θ_box,θ_pb
32,14,13,1,0.468,2.139,8.954,2.000000000000014,2.5909835625108473e7,2.5909835625108473e7,2.5909835625108477e7
