instance,it_bb,it_box,p_true_pb,runtime_bb,runtime_box,runtime_pb,zeta_box,θ_bb,θ_box,θ_pb
15,23427,28,1,3600.133,3600.042,9.1,13.874999999999872,1.0e20,1.1907852769080156e7,3.469769435123977e7
