instance,it_bb,it_box,p_true_pb,runtime_bb,runtime_box,runtime_pb,zeta_box,θ_bb,θ_box,θ_pb
39,23481,56,1,3600.15,3600.073,9.766,8.0,1.9862335100831423e7,1.1640002349859891e7,1.9862335100831427e7
