instance,it_bb,it_box,p_true_pb,runtime_bb,runtime_box,runtime_pb,zeta_box,θ_bb,θ_box,θ_pb
1,29069,72,1,3600.235,3600.025,9.311,9.333333333333316,2.4795084129774734e7,1.6869985912168764e7,2.4795084129774734e7
