instance,it_bb,it_box,p_true_pb,runtime_bb,runtime_box,runtime_pb,zeta_box,θ_bb,θ_box,θ_pb
43,12,11,1,0.419,2.588,10.562,1.2000000000000028,2.9137913093259573e7,2.9137913093259573e7,2.9137913093259577e7
