instance,it_bb,it_box,p_true_pb,runtime_bb,runtime_box,runtime_pb,zeta_box,θ_bb,θ_box,θ_pb
7,28389,68,1,3600.203,3600.055,10.401,7.0,2.227557968932871e7,1.6929527639317084e7,2.2275579689328715e7
