instance,it_bb,it_box,p_true_pb,runtime_bb,runtime_box,runtime_pb,zeta_box,θ_bb,θ_box,θ_pb
36,54029,60,1,3600.06,44.988,12.869,1.0,1.7213239107324906e7,1.617796589031821e7,1.850735992811039e7
