instance,it_bb,it_box,p_true_pb,runtime_bb,runtime_box,runtime_pb,zeta_box,θ_bb,θ_box,θ_pb
18,41520,151,1,3600.07,443.12,9.081,0.14285714285714413,2.6061192118994262e7,2.1563999995012898e7,2.6176504737557884e7
