instance,it_bb,it_box,p_true_pb,runtime_bb,runtime_box,runtime_pb,zeta_box,θ_bb,θ_box,θ_pb
43,43118,121,1,3600.065,628.995,8.969,2.5,2.8664140144819614e7,2.3926428237042733e7,2.9137913093259577e7
