instance,it_bb,it_box,p_true_pb,runtime_bb,runtime_box,runtime_pb,zeta_box,θ_bb,θ_box,θ_pb
39,8,7,1,0.365,2.389,9.515,1.0000000000000115,1.9862335100831427e7,1.9862335100831427e7,1.9862335100831427e7
