instance,it_bb,it_box,p_true_pb,runtime_bb,runtime_box,runtime_pb,zeta_box,θ_bb,θ_box,θ_pb
45,31723,62,1,3600.04,3600.039,8.971,10.999999999999996,1.0e20,1.927180022153017e7,3.2512858246896014e7
