instance,it_bb,it_box,p_true_pb,runtime_bb,runtime_box,runtime_pb,zeta_box,θ_bb,θ_box,θ_pb
1,22174,37,1,3600.085,3600.044,10.333,11.624999999999995,2.4795084129774738e7,1.030342400476944e7,2.4795084129774734e7
