instance,it_bb,it_box,p_true_pb,runtime_bb,runtime_box,runtime_pb,zeta_box,θ_bb,θ_box,θ_pb
20,26125,30,1,3600.13,3600.021,9.051,10.375000000000002,1.6095330454597943e7,6.46414641511747e6,1.609533045459794e7
