instance,it_bb,it_box,p_true_pb,runtime_bb,runtime_box,runtime_pb,zeta_box,θ_bb,θ_box,θ_pb
21,20261,44,1,3600.259,3600.048,13.844,11.166666666666668,1.0e20,1.360698795590348e7,3.067659654061369e7
