instance,it_bb,it_box,p_true_pb,runtime_bb,runtime_box,runtime_pb,zeta_box,θ_bb,θ_box,θ_pb
31,12,11,1,0.411,2.23,10.043,1.0,2.9562740247213364e7,2.9562740247213364e7,2.9562740247213367e7
