instance,it_bb,it_box,p_true_pb,runtime_bb,runtime_box,runtime_pb,zeta_box,θ_bb,θ_box,θ_pb
47,43305,159,1,3600.047,679.255,8.186,0.25,3.3513759139432937e7,2.7622907165056624e7,3.364466750432992e7
