instance,it_bb,it_box,p_true_pb,runtime_bb,runtime_box,runtime_pb,zeta_box,θ_bb,θ_box,θ_pb
13,23022,49,1,3600.059,3600.028,11.159,11.666666666666668,1.0e20,1.3288170662213841e7,2.816565516468624e7
