instance,it_bb,it_box,p_true_pb,runtime_bb,runtime_box,runtime_pb,zeta_box,θ_bb,θ_box,θ_pb
48,29364,71,1,3600.157,3600.036,9.134,8.375,3.104135477242702e7,1.920380372496918e7,3.1041354772427022e7
