instance,it_bb,it_box,p_true_pb,runtime_bb,runtime_box,runtime_pb,zeta_box,θ_bb,θ_box,θ_pb
28,14,12,1,0.483,2.45,9.993,1.6000000000000014,2.866541973025912e7,2.866541973025912e7,2.8665419730259128e7
