instance,it_bb,it_box,p_true_pb,runtime_bb,runtime_box,runtime_pb,zeta_box,θ_bb,θ_box,θ_pb
34,42698,193,1,3600.075,2739.287,8.842,0.14285714285714413,2.5483069256648544e7,2.213683794366374e7,2.561177046099411e7
