instance,it_bb,it_box,p_true_pb,runtime_bb,runtime_box,runtime_pb,zeta_box,θ_bb,θ_box,θ_pb
36,24293,48,1,3600.001,3600.062,11.004,9.0,1.7475036565945555e7,1.009520814708349e7,1.850735992811039e7
