instance,it_bb,it_box,p_true_pb,runtime_bb,runtime_box,runtime_pb,zeta_box,θ_bb,θ_box,θ_pb
39,26723,42,1,3600.187,3600.05,8.956,10.0,1.9862335100831423e7,9.362635728683347e6,1.9862335100831427e7
