instance,it_bb,it_box,p_true_pb,runtime_bb,runtime_box,runtime_pb,zeta_box,θ_bb,θ_box,θ_pb
30,32856,93,1,3600.088,3600.045,9.009,5.999999999999989,1.8720541715891745e7,1.4793345125850832e7,1.8720541715891752e7
