instance,it_bb,it_box,p_true_pb,runtime_bb,runtime_box,runtime_pb,zeta_box,θ_bb,θ_box,θ_pb
40,47718,145,1,3600.12,540.752,8.795,0.16666666666666785,2.1680872480508335e7,1.9926398200275082e7,2.23074704377345e7
