instance,it_bb,it_box,p_true_pb,runtime_bb,runtime_box,runtime_pb,zeta_box,θ_bb,θ_box,θ_pb
10,27842,68,1,3600.042,3600.036,12.391,15.166666666666664,1.0e20,1.8105762832918324e7,2.928462642545079e7
