instance,it_bb,it_box,p_true_pb,runtime_bb,runtime_box,runtime_pb,zeta_box,θ_bb,θ_box,θ_pb
8,25841,83,1,3600.169,3600.042,10.12,6.875,1.8560435234130226e7,1.2412687757732736e7,1.8560435234130226e7
