instance,it_bb,it_box,p_true_pb,runtime_bb,runtime_box,runtime_pb,zeta_box,θ_bb,θ_box,θ_pb
8,21334,41,1,3600.141,3600.08,10.011,10.88888888888889,1.0e20,7.540627278671613e6,1.8560435234130226e7
