instance,it_bb,it_box,p_true_pb,runtime_bb,runtime_box,runtime_pb,zeta_box,θ_bb,θ_box,θ_pb
40,27012,75,1,3600.083,3600.041,10.216,8.857142857142858,2.218215084628927e7,1.5289622802724684e7,2.23074704377345e7
