instance,it_bb,it_box,p_true_pb,runtime_bb,runtime_box,runtime_pb,zeta_box,θ_bb,θ_box,θ_pb
18,27955,64,1,3600.064,3600.041,9.673,9.166666666666664,2.6176504737557888e7,1.533722321287525e7,2.6176504737557884e7
