instance,it_bb,it_box,p_true_pb,runtime_bb,runtime_box,runtime_pb,zeta_box,θ_bb,θ_box,θ_pb
38,24769,44,1,3600.19,3600.039,9.364,11.0,2.4009462107169315e7,1.273996042081422e7,2.4009462107169315e7
