instance,it_bb,it_box,p_true_pb,runtime_bb,runtime_box,runtime_pb,zeta_box,θ_bb,θ_box,θ_pb
35,68510,96,1,3600.013,92.534,9.882,0.75,2.213139204365408e7,2.070779483938596e7,2.407266095856515e7
