instance,it_bb,it_box,p_true_pb,runtime_bb,runtime_box,runtime_pb,zeta_box,θ_bb,θ_box,θ_pb
18,27869,67,1,3600.092,3600.056,11.258,7.81818181818182,2.6176504737557888e7,1.568306935191062e7,2.6176504737557884e7
