instance,it_bb,it_box,p_true_pb,runtime_bb,runtime_box,runtime_pb,zeta_box,θ_bb,θ_box,θ_pb
41,33051,75,1,3600.167,3600.054,9.032,6.124999999999996,2.3412940607385486e7,1.4601923186995737e7,2.341294060738549e7
