instance,it_bb,it_box,p_true_pb,runtime_bb,runtime_box,runtime_pb,zeta_box,θ_bb,θ_box,θ_pb
4,31311,74,1,3600.16,3600.042,8.928,5.750000000675001,1.0e20,1.4885265476483252e7,2.38672812614877e7
