instance,it_bb,it_box,p_true_pb,runtime_bb,runtime_box,runtime_pb,zeta_box,θ_bb,θ_box,θ_pb
33,11,11,1,0.313,2.021,9.063,1.0,2.3931686406962886e7,2.3931686406962886e7,2.393168640696289e7
