instance,it_bb,it_box,p_true_pb,runtime_bb,runtime_box,runtime_pb,zeta_box,θ_bb,θ_box,θ_pb
9,11,10,1,0.519,2.497,10.534,1.0,2.3655095602019742e7,2.3655095602019742e7,2.3655095602019746e7
