instance,it_bb,it_box,p_true_pb,runtime_bb,runtime_box,runtime_pb,zeta_box,θ_bb,θ_box,θ_pb
40,33095,76,1,3600.13,3600.031,8.943,8.600000000000001,2.218215084628927e7,1.5414905433850942e7,2.23074704377345e7
