instance,it_bb,it_box,p_true_pb,runtime_bb,runtime_box,runtime_pb,zeta_box,θ_bb,θ_box,θ_pb
19,22917,39,1,3600.077,3600.026,9.092,13.083333333333329,1.0e20,1.5157217909586968e7,4.151599940070301e7
