instance,it_bb,it_box,p_true_pb,runtime_bb,runtime_box,runtime_pb,zeta_box,θ_bb,θ_box,θ_pb
32,34554,169,1,3600.149,3600.102,9.825,0.8888888888888893,2.5909835625108473e7,2.2129102848849673e7,2.5909835625108477e7
