instance,it_bb,it_box,p_true_pb,runtime_bb,runtime_box,runtime_pb,zeta_box,θ_bb,θ_box,θ_pb
25,48906,76,1,3600.084,41.339,9.517,4.4998545352115116e-6,1.4893674449129572e7,1.4167178750587594e7,1.5499087531247886e7
