instance,it_bb,it_box,p_true_pb,runtime_bb,runtime_box,runtime_pb,zeta_box,θ_bb,θ_box,θ_pb
27,25014,40,1,3600.033,3600.038,10.048,12.888889766668647,1.0e20,1.1328697277845997e7,2.9530114160258163e7
