instance,it_bb,it_box,p_true_pb,runtime_bb,runtime_box,runtime_pb,zeta_box,θ_bb,θ_box,θ_pb
1,51845,134,1,3600.06,467.449,8.863,1.0,2.3439623585364856e7,2.1851452359325178e7,2.4795084129774734e7
