instance,it_bb,it_box,p_true_pb,runtime_bb,runtime_box,runtime_pb,zeta_box,θ_bb,θ_box,θ_pb
1,24904,49,1,3600.037,3600.026,10.837,10.75,2.4795084129774738e7,1.3020557047976505e7,2.4795084129774734e7
