instance,it_bb,it_box,p_true_pb,runtime_bb,runtime_box,runtime_pb,zeta_box,θ_bb,θ_box,θ_pb
37,41056,165,1,3600.029,3600.024,9.243,1.2500000000000029,3.6292071971213296e7,2.9911182795937784e7,3.62920719712133e7
