instance,it_bb,it_box,p_true_pb,runtime_bb,runtime_box,runtime_pb,zeta_box,θ_bb,θ_box,θ_pb
42,13,12,1,0.371,2.153,9.375,2.3333333333333357,2.771616873428297e7,2.771616873428297e7,2.771616873428297e7
