instance,it_bb,it_box,p_true_pb,runtime_bb,runtime_box,runtime_pb,zeta_box,θ_bb,θ_box,θ_pb
35,45546,96,1,3600.018,167.427,13.145,0.75,2.2390227898975555e7,2.070779483938596e7,2.407266095856515e7
