instance,it_bb,it_box,p_true_pb,runtime_bb,runtime_box,runtime_pb,zeta_box,θ_bb,θ_box,θ_pb
9,28194,89,1,3600.07,3600.06,12.492,5.500000000650001,2.3655095602019746e7,1.5481287810348028e7,2.3655095602019746e7
