instance,it_bb,it_box,p_true_pb,runtime_bb,runtime_box,runtime_pb,zeta_box,θ_bb,θ_box,θ_pb
3,40599,178,1,3600.026,3600.02,8.922,1.0,2.8145586083696958e7,2.39565265079549e7,2.814558608369696e7
