instance,it_bb,it_box,p_true_pb,runtime_bb,runtime_box,runtime_pb,zeta_box,θ_bb,θ_box,θ_pb
17,43411,150,1,3600.013,1240.251,7.63,1.714285714285714,2.550376641263468e7,2.13349171709374e7,2.5626379625625774e7
