instance,it_bb,it_box,p_true_pb,runtime_bb,runtime_box,runtime_pb,zeta_box,θ_bb,θ_box,θ_pb
36,34085,93,1,3600.05,3600.044,8.852,4.0,1.850735992811039e7,1.384843536267406e7,1.850735992811039e7
