instance,it_bb,it_box,p_true_pb,runtime_bb,runtime_box,runtime_pb,zeta_box,θ_bb,θ_box,θ_pb
22,21890,33,1,3600.184,3600.027,9.438,12.375000000000002,1.0e20,1.1627209506874852e7,3.463411766843143e7
