instance,it_bb,it_box,p_true_pb,runtime_bb,runtime_box,runtime_pb,zeta_box,θ_bb,θ_box,θ_pb
4,41050,118,1,3600.015,349.948,9.407,1.2499988700595743,2.373896524534006e7,1.9761213165551633e7,2.38672812614877e7
