instance,it_bb,it_box,p_true_pb,runtime_bb,runtime_box,runtime_pb,zeta_box,θ_bb,θ_box,θ_pb
2,19545,30,1,3600.218,3600.05,10.304,13.999999999999998,1.0e20,1.2623887950793708e7,4.0613822929794274e7
