instance,it_bb,it_box,p_true_pb,runtime_bb,runtime_box,runtime_pb,zeta_box,θ_bb,θ_box,θ_pb
24,31010,74,1,3600.066,3600.049,9.017,7.6000000000000005,3.2715946902032167e7,2.080748325977525e7,3.271594690203217e7
