instance,it_bb,it_box,p_true_pb,runtime_bb,runtime_box,runtime_pb,zeta_box,θ_bb,θ_box,θ_pb
8,24668,49,1,3600.208,3600.045,10.269,7.777777777777779,1.8560435234130226e7,9.39644791582847e6,1.8560435234130226e7
