instance,it_bb,it_box,p_true_pb,runtime_bb,runtime_box,runtime_pb,zeta_box,θ_bb,θ_box,θ_pb
31,31169,66,1,3600.098,3600.031,9.671,11.714285714285715,1.0e20,1.758156715527436e7,2.9562740247213367e7
