instance,it_bb,it_box,p_true_pb,runtime_bb,runtime_box,runtime_pb,zeta_box,θ_bb,θ_box,θ_pb
16,23947,26,1,3600.133,3600.044,8.96,11.857142858428574,1.0e20,8.426633431727765e6,2.655441942684267e7
