instance,it_bb,it_box,p_true_pb,runtime_bb,runtime_box,runtime_pb,zeta_box,θ_bb,θ_box,θ_pb
25,25748,46,1,3600.092,3600.029,9.587,9.0,1.5499087531247886e7,8.234346429574848e6,1.5499087531247886e7
