instance,it_bb,it_box,p_true_pb,runtime_bb,runtime_box,runtime_pb,zeta_box,θ_bb,θ_box,θ_pb
46,24802,70,1,3600.224,3600.049,11.103,10.333333333333332,1.0e20,2.1767938459914632e7,3.903154898039708e7
