instance,it_bb,it_box,p_true_pb,runtime_bb,runtime_box,runtime_pb,zeta_box,θ_bb,θ_box,θ_pb
16,23960,45,1,3600.122,3600.039,10.658,9.444444444444445,1.0e20,1.225622432226701e7,2.655441942684267e7
