instance,it_bb,it_box,p_true_pb,runtime_bb,runtime_box,runtime_pb,zeta_box,θ_bb,θ_box,θ_pb
8,30350,85,1,3600.183,3600.039,9.249,5.0,1.8560435234130226e7,1.2413189277757136e7,1.8560435234130226e7
