instance,it_bb,it_box,p_true_pb,runtime_bb,runtime_box,runtime_pb,zeta_box,θ_bb,θ_box,θ_pb
33,33291,64,1,3600.027,3600.04,8.825,8.5,2.3931686406962883e7,1.5954572878219746e7,2.393168640696289e7
