instance,it_bb,it_box,p_true_pb,runtime_bb,runtime_box,runtime_pb,zeta_box,θ_bb,θ_box,θ_pb
8,34956,108,1,3600.149,180.07,12.381,0.2857142857142862,1.8330921664655026e7,1.589243523413022e7,1.8560435234130226e7
