instance,it_bb,it_box,p_true_pb,runtime_bb,runtime_box,runtime_pb,zeta_box,θ_bb,θ_box,θ_pb
2,24842,45,1,3600.116,3600.041,9.64,12.88888888888889,1.0e20,1.783790362147597e7,4.0613822929794274e7
