instance,it_bb,it_box,p_true_pb,runtime_bb,runtime_box,runtime_pb,zeta_box,θ_bb,θ_box,θ_pb
11,21006,22,1,3600.275,3600.031,10.231,14.571428571428571,1.0e20,9.674177953239629e6,3.1440105210026734e7
