instance,it_bb,it_box,p_true_pb,runtime_bb,runtime_box,runtime_pb,zeta_box,θ_bb,θ_box,θ_pb
34,33376,75,1,3600.14,3600.038,8.835,10.0,2.5611770460994113e7,1.5702028736602766e7,2.561177046099411e7
