instance,it_bb,it_box,p_true_pb,runtime_bb,runtime_box,runtime_pb,zeta_box,θ_bb,θ_box,θ_pb
10,12,11,1,0.443,2.412,10.755,2.0,2.9284626425450787e7,2.9284626425450787e7,2.928462642545079e7
