instance,it_bb,it_box,p_true_pb,runtime_bb,runtime_box,runtime_pb,zeta_box,θ_bb,θ_box,θ_pb
4,23517,39,1,3600.02,3600.033,9.695,9.000000001000002,1.0e20,8.8546206666693e6,2.38672812614877e7
