instance,it_bb,it_box,p_true_pb,runtime_bb,runtime_box,runtime_pb,zeta_box,θ_bb,θ_box,θ_pb
33,20788,34,1,3600.001,3600.045,11.135,10.181818181818182,1.3169043407355886e7,8.99069932371422e6,2.393168640696289e7
