instance,it_bb,it_box,p_true_pb,runtime_bb,runtime_box,runtime_pb,zeta_box,θ_bb,θ_box,θ_pb
11,36455,165,1,3600.011,3600.063,11.007,1.6000000000000014,3.1305748704113986e7,2.7140657803673208e7,3.1440105210026734e7
