instance,it_bb,it_box,p_true_pb,runtime_bb,runtime_box,runtime_pb,θ_bb,θ_box,θ_pb
19,134176,44,1,3600.001,9.822,9.072,1.6829246428275093e7,1.682924642827497e7,1.810571910123508e7
