instance,it_bb,it_box,p_true_pb,runtime_bb,runtime_box,runtime_pb,θ_bb,θ_box,θ_pb
2,2474,36,1,21.551,6.864,9.001,1.3888737695152847e7,1.388873769515285e7,1.4227432247810552e7
