instance,it_bb,it_box,p_true_pb,runtime_bb,runtime_box,runtime_pb,θ_bb,θ_box,θ_pb
23,40719,155,1,3600.14,3600.038,9.641,1.4851390596831778e7,1.3717812191956319e7,1.5304821958781965e7
