instance,it_bb,it_box,p_true_pb,runtime_bb,runtime_box,runtime_pb,θ_bb,θ_box,θ_pb
47,31685,79,1,3600.168,3600.098,9.466,1.8937603225121476e7,1.5330861386154631e7,1.893760322512148e7
