instance,it_bb,it_box,p_true_pb,runtime_bb,runtime_box,runtime_pb,θ_bb,θ_box,θ_pb
46,30687,99,1,3600.221,3600.054,12.506,1.5404580289430868e7,1.3323370314097267e7,1.540458028943087e7
