instance,it_bb,it_box,p_true_pb,runtime_bb,runtime_box,runtime_pb,θ_bb,θ_box,θ_pb
26,29469,101,1,3600.088,3600.072,9.758,2.4729015353611823e7,1.949638592488517e7,2.4729015353611823e7
