instance,it_bb,it_box,p_true_pb,runtime_bb,runtime_box,runtime_pb,θ_bb,θ_box,θ_pb
44,2,1,1,0.261,2.161,9.389,10569.368296311353,10569.368296204135,10569.368296311353
