instance,it_bb,it_box,p_true_pb,runtime_bb,runtime_box,runtime_pb,θ_bb,θ_box,θ_pb
5,41913,129,1,3600.009,3600.04,9.192,1.3960461991048934e7,1.2691477754836753e7,1.4191191269641837e7
