instance,it_bb,it_box,p_true_pb,runtime_bb,runtime_box,runtime_pb,θ_bb,θ_box,θ_pb
24,10,8,1,0.294,2.015,9.157,2.0260176902929068e7,2.0260176902929068e7,2.0260176902929064e7
