instance,it_bb,it_box,p_true_pb,runtime_bb,runtime_box,runtime_pb,θ_bb,θ_box,θ_pb
2,7,6,1,0.262,1.959,9.032,1.422743224781055e7,1.422743224781055e7,1.4227432247810552e7
