instance,it_bb,it_box,p_true_pb,runtime_bb,runtime_box,runtime_pb,θ_bb,θ_box,θ_pb
8,35740,158,1,3600.196,3600.114,9.555,1.230792601485883e7,1.1778620951016627e7,1.2440228840933306e7
