instance,it_bb,it_box,p_true_pb,runtime_bb,runtime_box,runtime_pb,θ_bb,θ_box,θ_pb
22,4,6,1,0.267,2.162,9.571,7.972141519279096e6,7.972141519279096e6,7.972141519279095e6
