instance,it_bb,it_box,p_true_pb,runtime_bb,runtime_box,runtime_pb,θ_bb,θ_box,θ_pb
18,36345,106,1,3600.221,3600.449,9.265,2.7655767755179845e7,2.2604791394736648e7,2.8187512054632135e7
