instance,it_bb,it_box,p_true_pb,runtime_bb,runtime_box,runtime_pb,θ_bb,θ_box,θ_pb
33,97542,58,1,3362.601,16.985,9.308,1.599171409260578e7,1.5991714092605779e7,1.7895197389133327e7
