instance,it_bb,it_box,p_true_pb,runtime_bb,runtime_box,runtime_pb,θ_bb,θ_box,θ_pb
33,7,6,1,0.272,1.972,9.077,1.789519738913332e7,1.789519738913332e7,1.7895197389133327e7
