instance,it_bb,it_box,p_true_pb,runtime_bb,runtime_box,runtime_pb,θ_bb,θ_box,θ_pb
3,31501,88,1,3600.182,3600.098,9.023,1.9834949581853136e7,1.6258650665908413e7,1.9834949581853136e7
