instance,it_bb,it_box,p_true_pb,runtime_bb,runtime_box,runtime_pb,θ_bb,θ_box,θ_pb
10,8,8,1,0.273,1.984,9.065,1.4477943243833344e7,1.4477943243833344e7,1.4477943243833344e7
