instance,it_bb,it_box,p_true_pb,runtime_bb,runtime_box,runtime_pb,θ_bb,θ_box,θ_pb
8,6,5,1,0.259,1.962,9.039,1.2440228840933306e7,1.2440228840933306e7,1.2440228840933306e7
