instance,it_bb,it_box,p_true_pb,runtime_bb,runtime_box,runtime_pb,θ_bb,θ_box,θ_pb
2,39354,146,1,3600.154,3600.051,9.602,1.3888737695152847e7,1.3211364592804434e7,1.4227432247810552e7
