instance,it_bb,it_box,p_true_pb,runtime_bb,runtime_box,runtime_pb,θ_bb,θ_box,θ_pb
16,51023,159,1,3600.063,3600.086,12.598,1.1892150416740164e7,1.1255267611295402e7,1.2210600031979885e7
