instance,it_bb,it_box,p_true_pb,runtime_bb,runtime_box,runtime_pb,θ_bb,θ_box,θ_pb
27,31410,99,1,3600.001,3600.041,9.437,2.0957064256001513e7,1.8745495392039906e7,2.4148013118931487e7
