instance,it_bb,it_box,p_true_pb,runtime_bb,runtime_box,runtime_pb,θ_bb,θ_box,θ_pb
41,6,7,1,0.282,2.014,9.065,2.189355639047259e7,2.189355639047259e7,2.1893556390472595e7
