instance,it_bb,it_box,p_true_pb,runtime_bb,runtime_box,runtime_pb,θ_bb,θ_box,θ_pb
5,6,6,1,0.261,2.002,9.129,1.4191191269641835e7,1.4191191269641835e7,1.4191191269641837e7
