instance,it_bb,it_box,p_true_pb,runtime_bb,runtime_box,runtime_pb,θ_bb,θ_box,θ_pb
30,51208,181,1,3600.002,2826.104,9.969,8.860907226759255e6,8.860907226759259e6,9.097042781049587e6
