instance,it_bb,it_box,p_true_pb,runtime_bb,runtime_box,runtime_pb,θ_bb,θ_box,θ_pb
7,5,3,1,0.255,1.956,9.041,1.0171679443430722e7,1.0171679443430722e7,1.0171679443430722e7
