instance,it_bb,it_box,p_true_pb,runtime_bb,runtime_box,runtime_pb,θ_bb,θ_box,θ_pb
34,8,5,1,0.371,2.603,11.594,2.163004157253544e7,2.163004157253544e7,2.1630041572535444e7
