instance,it_bb,it_box,p_true_pb,runtime_bb,runtime_box,runtime_pb,θ_bb,θ_box,θ_pb
28,37559,85,1,3600.206,3600.031,9.572,1.794772117089629e7,1.5672980794499218e7,1.8326783039098423e7
