instance,it_bb,it_box,p_true_pb,runtime_bb,runtime_box,runtime_pb,θ_bb,θ_box,θ_pb
28,4953,56,1,44.672,12.999,9.342,1.756854824696607e7,1.7568548123661917e7,1.8326783039098423e7
