instance,it_bb,it_box,p_true_pb,runtime_bb,runtime_box,runtime_pb,θ_bb,θ_box,θ_pb
10,31252,76,1,3600.138,3600.039,9.326,1.4477943243833343e7,1.1916439530644912e7,1.4477943243833344e7
