instance,it_bb,it_box,p_true_pb,runtime_bb,runtime_box,runtime_pb,θ_bb,θ_box,θ_pb
4,21270,39,1,364.129,8.34,9.168,1.7659071712234046e7,1.7659071712234043e7,2.08587016796359e7
