instance,it_bb,it_box,p_true_pb,runtime_bb,runtime_box,runtime_pb,θ_bb,θ_box,θ_pb
17,19636,66,1,213.84,13.848,9.198,1.8178988969464056e7,1.8178988969463926e7,1.8395344065670405e7
