instance,it_bb,it_box,p_true_pb,runtime_bb,runtime_box,runtime_pb,θ_bb,θ_box,θ_pb
32,42581,185,1,3600.019,3294.072,9.976,7.830653573045662e6,7.720444680482494e6,8.051071358171998e6
