instance,it_bb,it_box,p_true_pb,runtime_bb,runtime_box,runtime_pb,θ_bb,θ_box,θ_pb
36,28781,81,1,3600.215,3600.04,11.681,3.583569456651813e7,2.60949262585879e7,3.583569456651814e7
