instance,it_bb,it_box,p_true_pb,runtime_bb,runtime_box,runtime_pb,θ_bb,θ_box,θ_pb
27,61585,100,1,3600.1,130.354,9.89,2.2714648894458167e7,2.1942837352261275e7,2.4148013118931487e7
