instance,it_bb,it_box,p_true_pb,runtime_bb,runtime_box,runtime_pb,θ_bb,θ_box,θ_pb
40,29566,82,1,3600.029,3600.03,10.339,1.4502977028812414e7,1.231010500754126e7,1.4502977028812416e7
