instance,it_bb,it_box,p_true_pb,runtime_bb,runtime_box,runtime_pb,θ_bb,θ_box,θ_pb
12,37482,65,1,757.634,19.747,9.106,2.5016747674154464e7,2.501674767415446e7,2.7974154201071758e7
