instance,it_bb,it_box,p_true_pb,runtime_bb,runtime_box,runtime_pb,θ_bb,θ_box,θ_pb
25,4,3,1,0.244,1.946,9.021,8.87532151716363e6,8.87532151716363e6,8.875321517163634e6
