instance,it_bb,it_box,p_true_pb,runtime_bb,runtime_box,runtime_pb,θ_bb,θ_box,θ_pb
47,34938,91,1,561.727,31.85,9.487,1.8035969185468964e7,1.803596918546887e7,1.893760322512148e7
