instance,it_bb,it_box,p_true_pb,runtime_bb,runtime_box,runtime_pb,θ_bb,θ_box,θ_pb
14,11,9,1,0.327,2.033,9.109,2.8945220755180188e7,2.8945220755180188e7,2.8945220755180184e7
