instance,it_bb,it_box,p_true_pb,runtime_bb,runtime_box,runtime_pb,θ_bb,θ_box,θ_pb
35,7,5,1,0.267,1.982,10.523,1.2997843404006224e7,1.2997843404006224e7,1.2997843404006224e7
