instance,it_bb,it_box,p_true_pb,runtime_bb,runtime_box,runtime_pb,θ_bb,θ_box,θ_pb
11,27794,64,1,3600.104,3600.079,9.295,2.738548559130811e7,1.8618821138733685e7,2.738548559130811e7
