instance,it_bb,it_box,p_true_pb,runtime_bb,runtime_box,runtime_pb,θ_bb,θ_box,θ_pb
8,2320,34,1,22.86,6.745,10.431,1.230790726294997e7,1.230790726294997e7,1.2440228840933306e7
