instance,it_bb,it_box,p_true_pb,runtime_bb,runtime_box,runtime_pb,θ_bb,θ_box,θ_pb
42,8,7,1,0.279,2.002,9.064,1.9378255439534526e7,1.9378255439534526e7,1.937825543953453e7
