instance,it_bb,it_box,p_true_pb,runtime_bb,runtime_box,runtime_pb,θ_bb,θ_box,θ_pb
13,6,6,1,0.261,1.958,8.878,1.8230847115207665e7,1.8230847115207665e7,1.8230847115207665e7
