instance,it_bb,it_box,p_true_pb,runtime_bb,runtime_box,runtime_pb,θ_bb,θ_box,θ_pb
5,9478,46,1,92.592,8.333,8.914,1.3845097351752484e7,1.3845097351752426e7,1.4191191269641837e7
