instance,it_bb,it_box,p_true_pb,runtime_bb,runtime_box,runtime_pb,θ_bb,θ_box,θ_pb
46,11764,49,1,122.222,9.251,9.046,1.4884267883274721e7,1.4884267883274723e7,1.540458028943087e7
