instance,it_bb,it_box,p_true_pb,runtime_bb,runtime_box,runtime_pb,θ_bb,θ_box,θ_pb
14,29117,72,1,3600.138,3600.042,10.425,2.8945220755180184e7,2.0857465720230006e7,2.8945220755180184e7
