instance,it_bb,it_box,p_true_pb,runtime_bb,runtime_box,runtime_pb,θ_bb,θ_box,θ_pb
23,3240,32,1,29.577,5.559,8.955,1.4398062373052187e7,1.439806237305219e7,1.5304821958781965e7
