instance,it_bb,it_box,p_true_pb,runtime_bb,runtime_box,runtime_pb,θ_bb,θ_box,θ_pb
38,27074,64,1,3600.179,3600.054,10.477,2.603801534393025e7,1.8536558903465807e7,2.603801534393025e7
