instance,it_bb,it_box,p_true_pb,runtime_bb,runtime_box,runtime_pb,θ_bb,θ_box,θ_pb
9,11,10,1,0.331,2.029,9.085,3.823447160839998e7,3.823447160839998e7,3.823447160839998e7
