instance,it_bb,it_box,p_true_pb,runtime_bb,runtime_box,runtime_pb,θ_bb,θ_box,θ_pb
34,17492,60,1,236.855,22.97,8.794,2.017328730362115e7,2.0173287303621154e7,2.1630041572535444e7
