instance,it_bb,it_box,p_true_pb,runtime_bb,runtime_box,runtime_pb,θ_bb,θ_box,θ_pb
18,6,5,1,0.26,1.957,9.054,2.8187512054632127e7,2.8187512054632127e7,2.8187512054632135e7
