instance,it_bb,it_box,p_true_pb,runtime_bb,runtime_box,runtime_pb,θ_bb,θ_box,θ_pb
24,28125,69,1,3600.227,3600.061,12.588,2.0260176902929064e7,1.6692903389797593e7,2.0260176902929064e7
