instance,it_bb,it_box,p_true_pb,runtime_bb,runtime_box,runtime_pb,θ_bb,θ_box,θ_pb
26,72514,98,1,1668.418,50.2,9.583,2.276676536953742e7,2.2766765248150527e7,2.4729015353611823e7
