instance,it_bb,it_box,p_true_pb,runtime_bb,runtime_box,runtime_pb,θ_bb,θ_box,θ_pb
39,66776,103,1,3600.032,61.951,9.148,2.3418849028024595e7,2.249808746443994e7,2.4602819466844752e7
