instance,it_bb,it_box,p_true_pb,runtime_bb,runtime_box,runtime_pb,θ_bb,θ_box,θ_pb
14,70150,195,1,3600.041,558.688,9.016,2.679708234772296e7,2.6165026517361537e7,2.8945220755180184e7
