instance,it_bb,it_box,p_true_pb,runtime_bb,runtime_box,runtime_pb,θ_bb,θ_box,θ_pb
38,8,7,1,0.28,1.974,9.198,2.603801534393025e7,2.603801534393025e7,2.603801534393025e7
