instance,it_bb,it_box,p_true_pb,runtime_bb,runtime_box,runtime_pb,θ_bb,θ_box,θ_pb
30,3,5,1,0.239,1.97,9.119,9.097042781049583e6,9.097042781049583e6,9.097042781049587e6
