instance,it_bb,it_box,p_true_pb,runtime_bb,runtime_box,runtime_pb,θ_bb,θ_box,θ_pb
23,7,4,1,0.263,1.975,9.008,1.5304821958781965e7,1.5304821958781965e7,1.5304821958781965e7
