instance,it_bb,it_box,p_true_pb,runtime_bb,runtime_box,runtime_pb,θ_bb,θ_box,θ_pb
25,58245,146,1,3600.009,1615.55,9.81,8.598154330933504e6,8.59814260047475e6,8.875321517163634e6
