instance,it_bb,it_box,p_true_pb,runtime_bb,runtime_box,runtime_pb,θ_bb,θ_box,θ_pb
16,4,3,1,0.251,1.957,9.092,1.2210600031979885e7,1.2210600031979885e7,1.2210600031979885e7
