instance,it_bb,it_box,p_true_pb,runtime_bb,runtime_box,runtime_pb,θ_bb,θ_box,θ_pb
15,38944,89,1,3600.151,103.752,11.328,2.90297217897041e7,2.4913657936866257e7,2.9266632757290013e7
