instance,it_bb,it_box,p_true_pb,runtime_bb,runtime_box,runtime_pb,θ_bb,θ_box,θ_pb
13,188420,59,1,3600.003,13.889,9.031,1.7224375058963675e7,1.7112672043858208e7,1.8230847115207665e7
