instance,it_bb,it_box,p_true_pb,runtime_bb,runtime_box,runtime_pb,θ_bb,θ_box,θ_pb
45,5,5,1,0.252,1.965,9.049,5.096363451178011e6,5.096363451178011e6,5.096363451178011e6
