instance,it_bb,it_box,p_true_pb,runtime_bb,runtime_box,runtime_pb,θ_bb,θ_box,θ_pb
41,25284,48,1,493.094,16.119,12.152,2.0485554752617087e7,2.04855464726071e7,2.1893556390472595e7
