instance,it_bb,it_box,p_true_pb,runtime_bb,runtime_box,runtime_pb,θ_bb,θ_box,θ_pb
42,10325,55,1,112.442,14.216,9.007,1.8296100098123312e7,1.8296100098123316e7,1.937825543953453e7
