instance,it_bb,it_box,p_true_pb,runtime_bb,runtime_box,runtime_pb,θ_bb,θ_box,θ_pb
31,38142,126,1,3600.086,3600.032,9.654,2.1928355481424235e7,1.8987229912971154e7,2.2596774467404395e7
