instance,it_bb,it_box,p_true_pb,runtime_bb,runtime_box,runtime_pb,θ_bb,θ_box,θ_pb
26,9,7,1,0.287,1.992,9.055,2.4729015353611823e7,2.4729015353611823e7,2.4729015353611823e7
