instance,it_bb,it_box,p_true_pb,runtime_bb,runtime_box,runtime_pb,θ_bb,θ_box,θ_pb
32,5,5,1,0.252,1.957,9.031,8.051071358171999e6,8.051071358171999e6,8.051071358171998e6
