instance,it_bb,it_box,p_true_pb,runtime_bb,runtime_box,runtime_pb,θ_bb,θ_box,θ_pb
6,42345,235,1,3600.19,2825.505,9.053,1.0451555190274663e7,1.0330052706613123e7,1.0451555190274669e7
