instance,it_bb,it_box,p_true_pb,runtime_bb,runtime_box,runtime_pb,θ_bb,θ_box,θ_pb
43,8,8,1,0.286,2.364,9.53,3.8027453903671773e6,3.802745390367178e6,3.8027453903671782e6
