instance,it_bb,it_box,p_true_pb,runtime_bb,runtime_box,runtime_pb,θ_bb,θ_box,θ_pb
43,4,2,1,0.271,2.006,9.245,3.8027453903671773e6,3.8027453903671773e6,3.8027453903671782e6
