instance,it_bb,it_box,p_true_pb,runtime_bb,runtime_box,runtime_pb,θ_bb,θ_box,θ_pb
40,38338,67,1,654.438,19.615,10.132,1.3893838292562617e7,1.389383829256262e7,1.4502977028812416e7
