instance,it_bb,it_box,p_true_pb,runtime_bb,runtime_box,runtime_pb,θ_bb,θ_box,θ_pb
41,28652,84,1,3600.121,3600.058,13.192,2.1637548578091796e7,1.8181476161179952e7,2.1893556390472595e7
