instance,it_bb,it_box,p_true_pb,runtime_bb,runtime_box,runtime_pb,θ_bb,θ_box,θ_pb
46,6,4,1,0.264,1.976,9.122,1.5404580289430872e7,1.5404580289430872e7,1.540458028943087e7
