instance,it_bb,it_box,p_true_pb,runtime_bb,runtime_box,runtime_pb,θ_bb,θ_box,θ_pb
37,4,4,1,0.285,2.203,11.431,9.695148604974702e6,9.695148604974702e6,9.695148604974706e6
