instance,it_bb,it_box,p_true_pb,runtime_bb,runtime_box,runtime_pb,θ_bb,θ_box,θ_pb
21,2,1,1,0.28,2.342,10.564,7247.621393697334,7247.621393590234,7247.621393697333
