instance,it_bb,it_box,p_true_pb,runtime_bb,runtime_box,runtime_pb,θ_bb,θ_box,θ_pb
38,43913,116,1,3600.002,214.009,10.035,2.560236488615852e7,2.3390462542762663e7,2.603801534393025e7
