instance,it_bb,it_box,p_true_pb,runtime_bb,runtime_box,runtime_pb,θ_bb,θ_box,θ_pb
37,39222,197,1,3600.231,3600.05,10.008,9.695148604974702e6,9.455831874177396e6,9.695148604974706e6
