instance,it_bb,it_box,p_true_pb,runtime_bb,runtime_box,runtime_pb,θ_bb,θ_box,θ_pb
48,41906,124,1,3600.082,717.587,12.235,9.247789669235216e6,9.01957918168504e6,9.247789669235218e6
