instance,it_bb,it_box,p_true_pb,runtime_bb,runtime_box,runtime_pb,θ_bb,θ_box,θ_pb
19,6,5,1,0.258,1.959,8.989,1.810571910123508e7,1.810571910123508e7,1.810571910123508e7
