instance,it_bb,it_box,p_true_pb,runtime_bb,runtime_box,runtime_pb,θ_bb,θ_box,θ_pb
13,40315,125,1,3600.132,3600.062,8.947,1.778352620132145e7,1.5435661283965044e7,1.8230847115207665e7
