instance,it_bb,it_box,p_true_pb,runtime_bb,runtime_box,runtime_pb,θ_bb,θ_box,θ_pb
12,5,4,1,0.263,1.985,9.148,2.7974154201071758e7,2.7974154201071758e7,2.7974154201071758e7
