instance,it_bb,it_box,p_true_pb,runtime_bb,runtime_box,runtime_pb,θ_bb,θ_box,θ_pb
22,62286,170,1,3600.002,1496.295,10.766,7.837070868733079e6,7.837069692576829e6,7.972141519279095e6
