instance,it_bb,it_box,p_true_pb,runtime_bb,runtime_box,runtime_pb,θ_bb,θ_box,θ_pb
9,38409,114,1,3600.029,195.715,10.471,3.800959438571619e7,3.2275037183321357e7,3.823447160839998e7
