instance,it_bb,it_box,p_true_pb,runtime_bb,runtime_box,runtime_pb,θ_bb,θ_box,θ_pb
47,6,7,1,0.262,1.979,9.046,1.893760322512148e7,1.893760322512148e7,1.893760322512148e7
