instance,it_bb,it_box,p_true_pb,runtime_bb,runtime_box,runtime_pb,θ_bb,θ_box,θ_pb
7,33248,99,1,3600.163,3600.116,9.483,9.860425760001818e6,8.615435300740238e6,1.0171679443430722e7
