instance,it_bb,it_box,p_true_pb,runtime_bb,runtime_box,runtime_pb,θ_bb,θ_box,θ_pb
42,42176,105,1,3600.133,3600.054,8.873,1.9161802211330373e7,1.6239985424190992e7,1.937825543953453e7
