instance,it_bb,it_box,p_true_pb,runtime_bb,runtime_box,runtime_pb,θ_bb,θ_box,θ_pb
20,36177,107,1,3600.018,3600.031,9.259,1.807678931671122e7,1.6522847869434498e7,1.8186722944160677e7
