instance,it_bb,it_box,p_true_pb,runtime_bb,runtime_box,runtime_pb,θ_bb,θ_box,θ_pb
22,764,25,1,6.17,3.893,9.051,7.9721415192790935e6,7.972141519279095e6,7.972141519279095e6
