instance,it_bb,it_box,p_true_pb,runtime_bb,runtime_box,runtime_pb,θ_bb,θ_box,θ_pb
33,30584,82,1,3600.113,3600.075,9.824,1.7768297249846615e7,1.3834601992750613e7,1.7895197389133327e7
