instance,it_bb,it_box,p_true_pb,runtime_bb,runtime_box,runtime_pb,θ_bb,θ_box,θ_pb
48,5,5,1,0.253,1.933,9.021,9.247789669235218e6,9.247789669235218e6,9.247789669235218e6
