instance,it_bb,it_box,p_true_pb,runtime_bb,runtime_box,runtime_pb,θ_bb,θ_box,θ_pb
35,36820,78,1,953.104,34.891,11.527,1.2178374566207161e7,1.2178374566207165e7,1.2997843404006224e7
