instance,it_bb,it_box,p_true_pb,runtime_bb,runtime_box,runtime_pb,θ_bb,θ_box,θ_pb
11,11,10,1,0.327,2.032,8.997,2.7385485591308113e7,2.7385485591308113e7,2.738548559130811e7
