instance,it_bb,it_box,p_true_pb,runtime_bb,runtime_box,runtime_pb,θ_bb,θ_box,θ_pb
25,416,20,1,3.214,3.289,9.053,8.87532151716363e6,8.875321517163632e6,8.875321517163634e6
