instance,it_bb,it_box,p_true_pb,runtime_bb,runtime_box,runtime_pb,θ_bb,θ_box,θ_pb
45,12,11,1,0.303,2.339,9.515,5.096363451178011e6,5.096363451178011e6,5.096363451178011e6
