instance,it_bb,it_box,p_true_pb,runtime_bb,runtime_box,runtime_pb,θ_bb,θ_box,θ_pb
31,7,4,1,0.275,1.985,9.099,2.25967744674044e7,2.25967744674044e7,2.2596774467404395e7
