instance,it_bb,it_box,p_true_pb,runtime_bb,runtime_box,runtime_pb,θ_bb,θ_box,θ_pb
12,31648,113,1,3600.017,3600.079,11.789,2.74946955242444e7,2.2059393905569356e7,2.7974154201071758e7
