instance,it_bb,it_box,p_true_pb,runtime_bb,runtime_box,runtime_pb,θ_bb,θ_box,θ_pb
11,49809,121,1,3600.004,223.113,9.091,2.630318219904987e7,2.3056350730750006e7,2.738548559130811e7
