instance,it_bb,it_box,p_true_pb,runtime_bb,runtime_box,runtime_pb,θ_bb,θ_box,θ_pb
34,34341,84,1,3600.026,3600.144,10.787,2.1405925531164013e7,1.7484207274630915e7,2.1630041572535444e7
