instance,it_bb,it_box,p_true_pb,runtime_bb,runtime_box,runtime_pb,θ_bb,θ_box,θ_pb
19,45216,127,1,3600.098,3600.035,9.101,1.764154671946297e7,1.578485994620117e7,1.810571910123508e7
