instance,it_bb,it_box,p_true_pb,runtime_bb,runtime_box,runtime_pb,θ_bb,θ_box,θ_pb
39,31861,65,1,3600.162,3600.176,8.765,2.4602819466844752e7,1.828861368623796e7,2.4602819466844752e7
