instance,it_bb,it_box,p_true_pb,runtime_bb,runtime_box,runtime_pb,θ_bb,θ_box,θ_pb
45,61467,37,1,3600.004,33.317,12.78,5.096363451178011e6,5.0963634511780115e6,5.096363451178011e6
