instance,it_bb,it_box,p_true_pb,runtime_bb,runtime_box,runtime_pb,θ_bb,θ_box,θ_pb
21,2,1,1,0.251,2.154,9.467,7247.621393697333,7247.6213935911655,7247.621393697333
