instance,it_bb,it_box,p_true_pb,runtime_bb,runtime_box,runtime_pb,θ_bb,θ_box,θ_pb
6,4,4,1,0.244,1.953,9.056,1.0451555190274667e7,1.0451555190274667e7,1.0451555190274669e7
