instance,it_bb,it_box,p_true_pb,runtime_bb,runtime_box,runtime_pb,θ_bb,θ_box,θ_pb
36,8,6,1,0.281,1.974,10.587,3.5835694566518135e7,3.5835694566518135e7,3.583569456651814e7
