instance,it_bb,it_box,p_true_pb,runtime_bb,runtime_box,runtime_pb,θ_bb,θ_box,θ_pb
18,120967,52,1,3600.002,13.403,11.029,2.5529067048198793e7,2.552906704819867e7,2.8187512054632135e7
