instance,it_bb,it_box,p_true_pb,runtime_bb,runtime_box,runtime_pb,θ_bb,θ_box,θ_pb
10,108968,69,1,2716.609,18.908,8.64,1.3709451213946242e7,1.3709451104205217e7,1.4477943243833344e7
