instance,it_bb,it_box,p_true_pb,runtime_bb,runtime_box,runtime_pb,θ_bb,θ_box,θ_pb
48,1014,11,1,8.48,2.611,9.417,9.247789669235216e6,9.247789669235216e6,9.247789669235218e6
