instance,it_bb,it_box,p_true_pb,runtime_bb,runtime_box,runtime_pb,θ_bb,θ_box,θ_pb
1,1934,30,1,14.613,5.015,9.155,9.234499040999705e6,9.234499040999705e6,9.234499040999707e6
