instance,it_bb,it_box,p_true_pb,runtime_bb,runtime_box,runtime_pb,θ_bb,θ_box,θ_pb
7,2277,60,1,23.576,14.296,9.031,9.445430283074467e6,9.44542890504031e6,1.0171679443430722e7
