instance,it_bb,it_box,p_true_pb,runtime_bb,runtime_box,runtime_pb,θ_bb,θ_box,θ_pb
3,6,6,1,0.287,1.991,9.061,1.9834949581853136e7,1.9834949581853136e7,1.9834949581853136e7
