instance,it_bb,it_box,p_true_pb,runtime_bb,runtime_box,runtime_pb,θ_bb,θ_box,θ_pb
37,718,27,1,5.325,4.177,9.202,9.695148604974702e6,9.695148604974704e6,9.695148604974706e6
