instance,it_bb,it_box,p_true_pb,runtime_bb,runtime_box,runtime_pb,θ_bb,θ_box,θ_pb
35,31303,88,1,3600.016,3600.032,9.661,1.2763709135645181e7,1.0656513038618203e7,1.2997843404006224e7
