instance,it_bb,it_box,p_true_pb,runtime_bb,runtime_box,runtime_pb,θ_bb,θ_box,θ_pb
17,31855,127,1,3600.183,3600.043,12.287,1.8287154417367067e7,1.6556120044513658e7,1.8395344065670405e7
