instance,it_bb,it_box,p_true_pb,runtime_bb,runtime_box,runtime_pb,θ_bb,θ_box,θ_pb
4,34525,93,1,3600.165,3600.187,9.717,2.0755480634950742e7,1.5800973690279193e7,2.08587016796359e7
