instance,it_bb,it_box,p_true_pb,runtime_bb,runtime_box,runtime_pb,θ_bb,θ_box,θ_pb
49,89219,96,1,3600.015,137.34,10.883,1.757299526190012e7,1.757299526190003e7,1.9117630565408e7
