instance,it_bb,it_box,p_true_pb,runtime_bb,runtime_box,runtime_pb,θ_bb,θ_box,θ_pb
50,2,1,1,0.238,1.996,9.133,3797.2545888069444,3797.2545887797605,3797.2545888069444
