instance,it_bb,it_box,p_true_pb,runtime_bb,runtime_box,runtime_pb,θ_bb,θ_box,θ_pb
15,27420,60,1,3600.154,3600.062,11.584,2.926663275729001e7,1.995605199925153e7,2.9266632757290013e7
