instance,it_bb,it_box,p_true_pb,runtime_bb,runtime_box,runtime_pb,θ_bb,θ_box,θ_pb
29,30855,78,1,3600.184,3600.036,9.387,1.939475840400073e7,1.4619691770387722e7,1.9492209565335654e7
