instance,it_bb,it_box,p_true_pb,runtime_bb,runtime_box,runtime_pb,θ_bb,θ_box,θ_pb
31,4216,48,1,78.496,17.547,11.766,2.072517954284852e7,2.0725179542848527e7,2.2596774467404395e7
