instance,it_bb,it_box,p_true_pb,runtime_bb,runtime_box,runtime_pb,θ_bb,θ_box,θ_pb
49,30834,103,1,3600.045,3600.039,8.839,1.911763056540799e7,1.5256258996800814e7,1.9117630565408e7
