instance,it_bb,it_box,p_true_pb,runtime_bb,runtime_box,runtime_pb,θ_bb,θ_box,θ_pb
9,29327,86,1,3600.183,3600.048,9.387,3.823447160839998e7,2.6540179502387427e7,3.823447160839998e7
