instance,it_bb,it_box,p_true_pb,runtime_bb,runtime_box,runtime_pb,θ_bb,θ_box,θ_pb
40,8,7,1,0.279,1.992,9.195,1.4502977028812416e7,1.4502977028812416e7,1.4502977028812416e7
