instance,it_bb,it_box,p_true_pb,runtime_bb,runtime_box,runtime_pb,θ_bb,θ_box,θ_pb
20,3236,49,1,29.862,9.265,9.227,1.8067874300920628e7,1.8067874300920628e7,1.8186722944160677e7
