instance,it_bb,it_box,p_true_pb,runtime_bb,runtime_box,runtime_pb,θ_bb,θ_box,θ_pb
21,2,1,1,0.234,1.987,9.189,7247.621393697333,7247.621393697333,7247.621393697333
