instance,it_bb,it_box,p_true_pb,runtime_bb,runtime_box,runtime_pb,θ_bb,θ_box,θ_pb
36,56760,92,1,3600.135,83.676,10.551,3.375743009591058e7,3.119760514249752e7,3.583569456651814e7
