instance,it_bb,it_box,p_true_pb,runtime_bb,runtime_box,runtime_pb,θ_bb,θ_box,θ_pb
29,8,7,1,0.323,2.045,8.984,1.9492209565335654e7,1.9492209565335654e7,1.9492209565335654e7
