instance,it_bb,it_box,p_true_pb,runtime_bb,runtime_box,runtime_pb,θ_bb,θ_box,θ_pb
1,30651,100,1,3600.096,132.529,12.866,2.206761687806326e7,1.9940665985222165e7,2.2067616878063265e7
27,49072,98,1,3600.05,81.876,9.665,1.826687332043331e7,1.7813053910188824e7,1.8720692667751163e7
