instance,it_box,runtime_box,zeta_box,θ_box
33,118,146.393,0.28571428571428825,5.6575520732740965e6
