instance,it_box,runtime_box,zeta_box,θ_box
33,107,90.444,1.0000000000000002,5.657552073274096e6
