instance,it_box,runtime_box,zeta_box,θ_box
11,116,173.384,1.0833333333333321,2.9579954216394134e7
