instance,it_box,runtime_box,zeta_box,θ_box
6,83,21.016,1.124999999999993,1.8081945341794554e7
