instance,it_box,runtime_box,zeta_box,θ_box
37,81,33.398,0.33333333333333304,2.2296987668895878e7
