instance,it_box,runtime_box,zeta_box,θ_box
6,82,19.021,2.15988399077105e-6,1.808194493290841e7
