instance,it_box,runtime_box,zeta_box,θ_box
11,108,170.619,0.2857142857142847,2.9579954216394134e7
