instance,it_bb,it_box,p_true_pb,runtime_bb,runtime_box,runtime_pb,θ_bb,θ_box,θ_pb
18,40609,127,1,3600.028,185.225,14.96,2.071111672064652e7,1.742176750869351e7,2.095477221514644e7
