instance,it_bb,it_box,p_true_pb,runtime_bb,runtime_box,runtime_pb,θ_bb,θ_box,θ_pb
5,44588,153,1,3600.013,441.595,10.639,2.0853482181116145e7,1.6409475872482443e7,2.108138566946154e7
