instance,it_bb,it_box,p_true_pb,runtime_bb,runtime_box,runtime_pb,θ_bb,θ_box,θ_pb
14,10,9,1,0.305,2.04,9.069,2.11645884073328e7,2.11645884073328e7,2.1164588407332797e7
