instance,it_bb,it_box,p_true_pb,runtime_bb,runtime_box,runtime_pb,θ_bb,θ_box,θ_pb
38,9,8,1,0.331,2.17,9.837,1.9341089907167528e7,1.9341089907167528e7,1.934108990716753e7
