instance,it_bb,it_box,p_true_pb,runtime_bb,runtime_box,runtime_pb,θ_bb,θ_box,θ_pb
13,10,9,1,0.298,1.981,8.777,2.4666194985802677e7,2.4666194985802677e7,2.4666194985802673e7
