instance,it_bb,it_box,p_true_pb,runtime_bb,runtime_box,runtime_pb,θ_bb,θ_box,θ_pb
48,47745,107,1,3600.098,176.692,12.064,1.9884172989960607e7,1.6531823591365434e7,2.0346584062492397e7
