instance,it_bb,it_box,p_true_pb,runtime_bb,runtime_box,runtime_pb,θ_bb,θ_box,θ_pb
19,44672,126,1,3600.052,280.686,12.853,1.604137957340248e7,1.4435312324808866e7,1.7413538647215843e7
