instance,it_bb,it_box,p_true_pb,runtime_bb,runtime_box,runtime_pb,θ_bb,θ_box,θ_pb
17,52884,127,1,3600.174,94.252,9.442,1.8908220755764935e7,1.589221680832563e7,1.9372216846974783e7
