instance,it_bb,it_box,p_true_pb,runtime_bb,runtime_box,runtime_pb,θ_bb,θ_box,θ_pb
27,51000,128,1,3600.05,392.122,8.766,2.1226898819747623e7,1.730818676226072e7,2.133575193178399e7
