instance,it_bb,it_box,p_true_pb,runtime_bb,runtime_box,runtime_pb,θ_bb,θ_box,θ_pb
30,51746,142,1,3600.056,374.338,8.729,1.9628220771358937e7,1.6224614653505158e7,1.9968585281847328e7
