instance,it_bb,it_box,p_true_pb,runtime_bb,runtime_box,runtime_pb,θ_bb,θ_box,θ_pb
21,11,10,1,0.348,2.229,9.824,2.7358676144571036e7,2.7358676144571036e7,2.7358676144571036e7
