instance,it_bb,it_box,p_true_pb,runtime_bb,runtime_box,runtime_pb,θ_bb,θ_box,θ_pb
23,44659,92,1,3600.099,98.757,11.711,1.741881891617718e7,1.468650561056964e7,1.810189724257906e7
