instance,it_bb,it_box,p_true_pb,runtime_bb,runtime_box,runtime_pb,θ_bb,θ_box,θ_pb
11,9,8,1,0.381,2.214,9.535,1.5870275997912716e7,1.5870275997912716e7,1.5870275997912716e7
