instance,it_bb,it_box,p_true_pb,runtime_bb,runtime_box,runtime_pb,θ_bb,θ_box,θ_pb
4,9,8,1,0.324,2.146,9.807,2.278917246192929e7,2.278917246192929e7,2.2789172461929295e7
