instance,it_bb,it_box,p_true_pb,runtime_bb,runtime_box,runtime_pb,θ_bb,θ_box,θ_pb
49,43242,114,1,3600.018,159.418,11.809,2.1847908929771412e7,1.847779107293584e7,2.231274852696445e7
