instance,it_bb,it_box,p_true_pb,runtime_bb,runtime_box,runtime_pb,θ_bb,θ_box,θ_pb
28,11,10,1,0.305,2.019,9.295,1.9986732980411146e7,1.9986732980411146e7,1.998673298041115e7
