instance,it_bb,it_box,p_true_pb,runtime_bb,runtime_box,runtime_pb,θ_bb,θ_box,θ_pb
10,48750,122,1,3600.117,186.321,9.486,2.278326032563433e7,1.8629457538889408e7,2.3286741316262413e7
