instance,it_bb,it_box,p_true_pb,runtime_bb,runtime_box,runtime_pb,θ_bb,θ_box,θ_pb
31,50735,110,1,3600.02,122.216,8.735,1.3221914660748996e7,1.0793646554613335e7,1.3491731265130566e7
