instance,it_bb,it_box,p_true_pb,runtime_bb,runtime_box,runtime_pb,θ_bb,θ_box,θ_pb
5,11,10,1,0.323,2.027,8.986,2.108138566946154e7,2.108138566946154e7,2.108138566946154e7
