instance,it_bb,it_box,p_true_pb,runtime_bb,runtime_box,runtime_pb,θ_bb,θ_box,θ_pb
35,11,10,1,0.487,2.515,10.279,2.894819641671272e7,2.894819641671272e7,2.894819641671272e7
