instance,it_bb,it_box,p_true_pb,runtime_bb,runtime_box,runtime_pb,θ_bb,θ_box,θ_pb
29,54218,158,1,3600.172,428.904,8.709,1.852494824825429e7,1.5914168878547784e7,1.8649274432141677e7
