instance,it_bb,it_box,p_true_pb,runtime_bb,runtime_box,runtime_pb,θ_bb,θ_box,θ_pb
44,9,8,1,0.302,2.03,9.807,1.4942312036287805e7,1.4942312036287805e7,1.4942312036287801e7
