instance,it_bb,it_box,p_true_pb,runtime_bb,runtime_box,runtime_pb,θ_bb,θ_box,θ_pb
19,10,9,1,0.378,2.043,9.582,1.741353864721584e7,1.741353864721584e7,1.7413538647215843e7
