instance,it_bb,it_box,p_true_pb,runtime_bb,runtime_box,runtime_pb,θ_bb,θ_box,θ_pb
50,43202,111,1,3600.107,250.35,12.387,2.35528832277625e7,1.9563167672860734e7,2.3938986840799216e7
