instance,it_bb,it_box,p_true_pb,runtime_bb,runtime_box,runtime_pb,θ_bb,θ_box,θ_pb
12,48891,97,1,3600.056,69.507,9.957,1.932414550319618e7,1.5865043145551683e7,1.9681988076863516e7
