instance,it_bb,it_box,p_true_pb,runtime_bb,runtime_box,runtime_pb,θ_bb,θ_box,θ_pb
15,45127,142,1,3600.002,394.266,11.787,1.9132791558509428e7,1.7266201083873928e7,2.134936774713909e7
