instance,it_bb,it_box,p_true_pb,runtime_bb,runtime_box,runtime_pb,θ_bb,θ_box,θ_pb
21,42207,159,1,3600.013,436.173,11.521,2.723488196053963e7,2.1664160336203918e7,2.7358676144571036e7
