instance,it_bb,it_box,p_true_pb,runtime_bb,runtime_box,runtime_pb,θ_bb,θ_box,θ_pb
46,10,9,1,0.329,2.165,9.773,1.2929982125115193e7,1.2929982125115193e7,1.292998212511519e7
