instance,it_bb,it_box,p_true_pb,runtime_bb,runtime_box,runtime_pb,θ_bb,θ_box,θ_pb
4,63176,128,1,3600.067,178.754,10.001,2.0497584025052823e7,1.89698531508478e7,2.2789172461929295e7
