instance,it_bb,it_box,p_true_pb,runtime_bb,runtime_box,runtime_pb,θ_bb,θ_box,θ_pb
42,66912,78,1,1853.475,43.626,11.019,1.0839295254806641e7,1.0839295254806638e7,1.2809960117232518e7
