instance,it_bb,it_box,p_true_pb,runtime_bb,runtime_box,runtime_pb,θ_bb,θ_box,θ_pb
17,9,8,1,0.419,2.557,10.911,1.9372216846974783e7,1.9372216846974783e7,1.9372216846974783e7
