instance,it_bb,it_box,p_true_pb,runtime_bb,runtime_box,runtime_pb,θ_bb,θ_box,θ_pb
32,10,9,1,0.31,2.015,9.021,1.679136538197044e7,1.679136538197044e7,1.6791365381970443e7
