instance,it_bb,it_box,p_true_pb,runtime_bb,runtime_box,runtime_pb,θ_bb,θ_box,θ_pb
22,9,9,1,0.329,2.204,9.85,1.657057633025472e7,1.657057633025472e7,1.6570576330254719e7
