instance,it_bb,it_box,p_true_pb,runtime_bb,runtime_box,runtime_pb,θ_bb,θ_box,θ_pb
45,10,8,1,0.306,2.036,9.351,1.792739336278078e7,1.792739336278078e7,1.7927393362780776e7
