instance,it_bb,it_box,p_true_pb,runtime_bb,runtime_box,runtime_pb,θ_bb,θ_box,θ_pb
36,10,9,1,0.314,2.06,9.454,2.1484647821136218e7,2.1484647821136218e7,2.1484647821136214e7
