instance,it_bb,it_box,p_true_pb,runtime_bb,runtime_box,runtime_pb,θ_bb,θ_box,θ_pb
50,10,9,1,0.505,3.072,14.289,2.3938986840799212e7,2.3938986840799212e7,2.3938986840799216e7
