instance,it_bb,it_box,p_true_pb,runtime_bb,runtime_box,runtime_pb,θ_bb,θ_box,θ_pb
40,11,10,1,0.31,2.03,9.482,1.808635961296585e7,1.808635961296585e7,1.8086359612965845e7
