instance,it_bb,it_box,p_true_pb,runtime_bb,runtime_box,runtime_pb,θ_bb,θ_box,θ_pb
14,46347,106,1,3600.104,115.847,10.169,2.0530945765481863e7,1.748943847244091e7,2.1164588407332797e7
