instance,it_bb,it_box,p_true_pb,runtime_bb,runtime_box,runtime_pb,θ_bb,θ_box,θ_pb
34,9,8,1,0.338,2.249,9.987,1.484452023522201e7,1.484452023522201e7,1.4844520235222012e7
