instance,it_bb,it_box,p_true_pb,runtime_bb,runtime_box,runtime_pb,θ_bb,θ_box,θ_pb
20,48386,114,1,3600.079,297.812,9.294,2.097672225005839e7,1.7334132881916538e7,2.1227935307043895e7
