instance,it_bb,it_box,p_true_pb,runtime_bb,runtime_box,runtime_pb,θ_bb,θ_box,θ_pb
18,10,9,1,0.308,2.025,9.311,2.0954772215146437e7,2.0954772215146437e7,2.095477221514644e7
