instance,it_bb,it_box,p_true_pb,runtime_bb,runtime_box,runtime_pb,θ_bb,θ_box,θ_pb
23,10,9,1,0.323,2.103,10.273,1.810189724257906e7,1.810189724257906e7,1.810189724257906e7
