instance,it_bb,it_box,p_true_pb,runtime_bb,runtime_box,runtime_pb,θ_bb,θ_box,θ_pb
2,10,9,1,0.386,2.516,10.917,1.5152066702086143e7,1.5152066702086143e7,1.5152066702086143e7
