instance,it_bb,it_box,p_true_pb,runtime_bb,runtime_box,runtime_pb,θ_bb,θ_box,θ_pb
26,11,10,1,0.357,2.199,9.86,2.122677426484674e7,2.122677426484674e7,2.1226774264846735e7
