instance,it_bb,it_box,p_true_pb,runtime_bb,runtime_box,runtime_pb,θ_bb,θ_box,θ_pb
25,15044,59,1,173.15,16.034,10.549,1.1346532500401894e7,1.1346532500401894e7,1.3993792541624032e7
