instance,it_bb,it_box,p_true_pb,runtime_bb,runtime_box,runtime_pb,θ_bb,θ_box,θ_pb
33,44311,146,1,3600.049,418.439,10.852,1.863285725166541e7,1.5359540890541725e7,1.8758754034785554e7
