instance,it_bb,it_box,p_true_pb,runtime_bb,runtime_box,runtime_pb,θ_bb,θ_box,θ_pb
10,11,10,1,0.294,2.07,9.321,2.3286741316262413e7,2.3286741316262413e7,2.3286741316262413e7
