instance,it_bb,it_box,p_true_pb,runtime_bb,runtime_box,runtime_pb,θ_bb,θ_box,θ_pb
8,44352,87,1,737.555,36.98,10.015,1.398812540383142e7,1.3988125403831422e7,1.6921059088727828e7
