instance,it_bb,it_box,p_true_pb,runtime_bb,runtime_box,runtime_pb,θ_bb,θ_box,θ_pb
46,57078,96,1,3600.074,89.408,11.181,1.1563444515977398e7,1.061736448056253e7,1.292998212511519e7
