instance,it_bb,it_box,p_true_pb,runtime_bb,runtime_box,runtime_pb,θ_bb,θ_box,θ_pb
7,47724,131,1,3600.116,579.864,9.245,2.2258630430903543e7,1.885301377441449e7,2.250189160741965e7
