instance,it_bb,it_box,p_true_pb,runtime_bb,runtime_box,runtime_pb,θ_bb,θ_box,θ_pb
8,9,8,1,0.348,2.201,10.001,1.6921059088727824e7,1.6921059088727824e7,1.6921059088727828e7
