instance,it_bb,it_box,p_true_pb,runtime_bb,runtime_box,runtime_pb,θ_bb,θ_box,θ_pb
37,9,9,1,0.33,2.181,9.855,2.153491770650269e7,2.153491770650269e7,2.1534917706502695e7
