instance,it_bb,it_box,p_true_pb,runtime_bb,runtime_box,runtime_pb,θ_bb,θ_box,θ_pb
40,42241,132,1,3600.14,247.249,11.935,1.7876055071883157e7,1.4721486955642838e7,1.8086359612965845e7
