instance,it_bb,it_box,p_true_pb,runtime_bb,runtime_box,runtime_pb,θ_bb,θ_box,θ_pb
38,64446,65,1,1417.589,30.098,10.568,1.5242465747769644e7,1.5242465747769648e7,1.934108990716753e7
