instance,it_bb,it_box,p_true_pb,runtime_bb,runtime_box,runtime_pb,θ_bb,θ_box,θ_pb
11,57693,112,1,3600.023,98.297,9.982,1.5053438305231897e7,1.3536458222509539e7,1.5870275997912716e7
