instance,it_bb,it_box,p_true_pb,runtime_bb,runtime_box,runtime_pb,θ_bb,θ_box,θ_pb
22,90571,108,1,3600.06,59.582,11.537,1.3516266782510983e7,1.3280129552080061e7,1.6570576330254719e7
