instance,it_bb,it_box,p_true_pb,runtime_bb,runtime_box,runtime_pb,θ_bb,θ_box,θ_pb
16,44985,177,1,3600.098,1291.939,9.397,2.202282361903782e7,1.7931223443067543e7,2.202282361903782e7
