instance,it_bb,it_box,p_true_pb,runtime_bb,runtime_box,runtime_pb,θ_bb,θ_box,θ_pb
45,44695,123,1,3600.112,215.925,12.68,1.7503118511927135e7,1.4745192773595924e7,1.7927393362780776e7
