instance,it_bb,it_box,p_true_pb,runtime_bb,runtime_box,runtime_pb,θ_bb,θ_box,θ_pb
28,52245,184,1,3600.105,741.235,8.894,1.964213756546777e7,1.6311048554348433e7,1.998673298041115e7
