instance,it_bb,it_box,p_true_pb,runtime_bb,runtime_box,runtime_pb,θ_bb,θ_box,θ_pb
35,47196,132,1,3600.043,223.421,8.944,2.8586352482261647e7,2.2193806336340196e7,2.894819641671272e7
