instance,it_bb,it_box,p_true_pb,runtime_bb,runtime_box,runtime_pb,θ_bb,θ_box,θ_pb
41,44692,119,1,3600.083,156.335,12.802,1.6230960165847588e7,1.3806888656786837e7,1.6547143656877715e7
