instance,it_bb,it_box,p_true_pb,runtime_bb,runtime_box,runtime_pb,θ_bb,θ_box,θ_pb
42,9,7,1,0.351,1.959,10.218,1.2809960117232518e7,1.2809960117232518e7,1.2809960117232518e7
