instance,it_bb,it_box,p_true_pb,runtime_bb,runtime_box,runtime_pb,θ_bb,θ_box,θ_pb
36,47448,114,1,3600.068,192.033,9.332,2.136326825119135e7,1.7964640292735178e7,2.1484647821136214e7
