instance,it_bb,it_box,p_true_pb,runtime_bb,runtime_box,runtime_pb,θ_bb,θ_box,θ_pb
7,9,8,1,0.341,2.194,9.975,2.250189160741965e7,2.250189160741965e7,2.250189160741965e7
