instance,it_bb,it_box,p_true_pb,runtime_bb,runtime_box,runtime_pb,θ_bb,θ_box,θ_pb
47,11,10,1,0.344,2.195,9.812,2.25996195855954e7,2.25996195855954e7,2.2599619585595403e7
