instance,it_bb,it_box,p_true_pb,runtime_bb,runtime_box,runtime_pb,θ_bb,θ_box,θ_pb
48,10,9,1,0.423,2.343,9.896,2.0346584062492393e7,2.0346584062492393e7,2.0346584062492397e7
