instance,it_bb,it_box,p_true_pb,runtime_bb,runtime_box,runtime_pb,θ_bb,θ_box,θ_pb
9,102167,91,1,3600.002,47.875,10.126,1.3036026619782804e7,1.2914156714528615e7,1.53507116595278e7
