instance,it_bb,it_box,p_true_pb,runtime_bb,runtime_box,runtime_pb,θ_bb,θ_box,θ_pb
26,54855,107,1,3600.073,88.2,8.778,2.0623760997994337e7,1.6885270150675736e7,2.1226774264846735e7
