instance,it_bb,it_box,p_true_pb,runtime_bb,runtime_box,runtime_pb,θ_bb,θ_box,θ_pb
47,50064,212,1,3600.001,1974.074,8.79,2.2238995127190262e7,1.8272126084733732e7,2.2599619585595403e7
