instance,it_bb,it_box,p_true_pb,runtime_bb,runtime_box,runtime_pb,θ_bb,θ_box,θ_pb
12,8,8,1,0.313,2.128,9.736,1.9681988076863516e7,1.9681988076863516e7,1.9681988076863516e7
