instance,it_bb,it_box,p_true_pb,runtime_bb,runtime_box,runtime_pb,θ_bb,θ_box,θ_pb
33,11,10,1,0.336,2.215,9.754,1.8758754034785554e7,1.8758754034785554e7,1.8758754034785554e7
