instance,it_bb,it_box,p_true_pb,runtime_bb,runtime_box,runtime_pb,θ_bb,θ_box,θ_pb
25,8,7,1,0.301,1.966,8.955,1.3993792541624034e7,1.3993792541624034e7,1.3993792541624032e7
