instance,it_bb,it_box,p_true_pb,runtime_bb,runtime_box,runtime_pb,θ_bb,θ_box,θ_pb
43,8,7,1,0.37,2.592,11.933,1.1499793802055247e7,1.1499793802055247e7,1.1499793802055247e7
