instance,it_bb,it_box,p_true_pb,runtime_bb,runtime_box,runtime_pb,θ_bb,θ_box,θ_pb
6,41712,141,1,3600.091,840.969,12.041,2.4760766811834455e7,2.022543606314589e7,2.4883343318555765e7
