instance,it_bb,it_box,p_true_pb,runtime_bb,runtime_box,runtime_pb,θ_bb,θ_box,θ_pb
39,8,7,1,0.331,2.18,10.225,1.320329140154901e7,1.320329140154901e7,1.320329140154901e7
