instance,it_bb,it_box,p_true_pb,runtime_bb,runtime_box,runtime_pb,θ_bb,θ_box,θ_pb
1,270022,90,1,3600.001,37.066,9.286,1.6701621706946716e7,1.670160715490184e7,2.0262826047359906e7
