instance,it_bb,it_box,p_true_pb,runtime_bb,runtime_box,runtime_pb,θ_bb,θ_box,θ_pb
29,9,8,1,0.36,2.02,9.989,1.8649274432141677e7,1.8649274432141677e7,1.8649274432141677e7
