instance,it_bb,it_box,p_true_pb,runtime_bb,runtime_box,runtime_pb,θ_bb,θ_box,θ_pb
1,7,7,1,0.382,2.184,9.489,2.02628260473599e7,2.02628260473599e7,2.0262826047359906e7
