instance,it_bb,it_box,p_true_pb,runtime_bb,runtime_box,runtime_pb,θ_bb,θ_box,θ_pb
15,10,9,1,0.429,2.358,9.85,2.134936774713909e7,2.134936774713909e7,2.134936774713909e7
