instance,it_bb,it_box,p_true_pb,runtime_bb,runtime_box,runtime_pb,θ_bb,θ_box,θ_pb
20,10,9,1,0.284,2.038,9.374,2.1227935307043895e7,2.1227935307043895e7,2.1227935307043895e7
