instance,it_bb,it_box,p_true_pb,runtime_bb,runtime_box,runtime_pb,θ_bb,θ_box,θ_pb
32,52391,149,1,3600.121,288.383,8.855,1.6474556291191781e7,1.3623617289717171e7,1.6791365381970443e7
