instance,it_bb,it_box,p_true_pb,runtime_bb,runtime_box,runtime_pb,θ_bb,θ_box,θ_pb
9,10,8,1,0.327,2.149,9.779,1.5350711659527801e7,1.5350711659527801e7,1.53507116595278e7
