instance,it_bb,it_box,p_true_pb,runtime_bb,runtime_box,runtime_pb,θ_bb,θ_box,θ_pb
37,46958,152,1,3600.033,245.443,14.411,2.0297299025325008e7,1.8317110028409936e7,2.1534917706502695e7
