instance,it_bb,it_box,p_true_pb,runtime_bb,runtime_box,runtime_pb,θ_bb,θ_box,θ_pb
6,11,10,1,0.315,2.024,8.945,2.488334331855577e7,2.488334331855577e7,2.4883343318555765e7
