instance,it_bb,it_box,p_true_pb,runtime_bb,runtime_box,runtime_pb,θ_bb,θ_box,θ_pb
49,11,10,1,0.341,2.165,9.601,2.2312748526964445e7,2.2312748526964445e7,2.231274852696445e7
