instance,it_bb,it_box,p_true_pb,runtime_bb,runtime_box,runtime_pb,θ_bb,θ_box,θ_pb
16,11,10,1,0.355,2.195,9.717,2.2022823619037822e7,2.2022823619037822e7,2.202282361903782e7
