instance,it_bb,it_box,p_true_pb,runtime_bb,runtime_box,runtime_pb,θ_bb,θ_box,θ_pb
13,47296,117,1,3600.007,184.012,9.881,2.4172879670816414e7,1.9363080384576377e7,2.4666194985802673e7
