instance,it_bb,it_box,p_true_pb,runtime_bb,runtime_box,runtime_pb,θ_bb,θ_box,θ_pb
24,8,7,1,0.333,2.156,9.514,1.5657292358062224e7,1.5657292358062224e7,1.5657292358062226e7
