instance,it_bb,it_box,p_true_pb,runtime_bb,runtime_box,runtime_pb,θ_bb,θ_box,θ_pb
46,47120,136,1,3600.001,183.019,9.383,1.151633846343822e7,1.1266092039217452e7,1.3894680112571081e7
