instance,it_bb,it_box,p_true_pb,runtime_bb,runtime_box,runtime_pb,θ_bb,θ_box,θ_pb
47,31331,86,1,3600.014,3600.067,9.241,2.6095919665028468e7,1.6263092615006024e7,2.6095919665028468e7
