instance,it_bb,it_box,p_true_pb,runtime_bb,runtime_box,runtime_pb,θ_bb,θ_box,θ_pb
1,10,9,1,0.366,2.282,10.272,1.9806027850977555e7,1.9806027850977555e7,1.9806027850977555e7
2,11,10,1,0.298,1.723,7.675,2.6834748583927847e7,2.6834748583927847e7,2.6834748583927847e7
3,9,8,1,0.288,2.224,9.622,1.2305929476883758e7,1.2305929476883758e7,1.2305929476883752e7
4,8,7,1,0.36,2.11,9.207,1.3136868014639718e7,1.3136868014639718e7,1.3136868014639717e7
5,10,9,1,0.425,2.756,12.278,1.933870406469573e7,1.933870406469573e7,1.9338704064695735e7
