it_bb,it_box,p_true_pb,runtime_bb,runtime_box,runtime_pb,θ_bb,θ_box,θ_pb
421,25,1,5.482,2.792,1.496,1.7017483231074943e6,1.7017483231074943e6,2.382171014226667e6
