it_bb,it_box,p_true_pb,runtime_bb,runtime_box,runtime_pb,θ_bb,θ_box,θ_pb
887,22,1,20.008,20.539,9.011,4.24752060290248e6,4.24732224505297e6,6.008279371163653e6
