it_bb,it_box,p_true_pb,runtime_bb,runtime_box,runtime_pb,θ_bb,θ_box,θ_pb
34346,89,1,976.835,498.678,11.359,1.0070597044956105e7,1.0070597020209394e7,1.216437819440792e7
