it_bb,it_box,p_true_pb,runtime_bb,runtime_box,runtime_pb,θ_bb,θ_box,θ_pb
8550,118,1,150.005,73.648,10.386,1.689451510507395e7,1.3738900866711158e7,1.7229809285098083e7
