it_bb,it_box,p_true_pb,runtime_bb,runtime_box,runtime_pb,θ_bb,θ_box,θ_pb
856,23,1,20.002,21.51,10.728,4.824875197936551e6,3.216646358498581e6,4.824875197936551e6
