it_bb,it_box,p_true_pb,runtime_bb,runtime_box,runtime_pb,θ_bb,θ_box,θ_pb
18822,113,1,1200.034,1158.107,12.892,1.677936949999912e7,1.3738900950581118e7,1.7229809285098083e7
20991,84,1,1200.005,581.671,0.032,1.3949867247866165e7,1.1777194909196546e7,1.4635579988477174e7
17666,106,1,1200.001,1200.704,0.037,1.4977596591708694e7,1.2758959025566686e7,1.5310420869669303e7
