it_bb,it_box,p_true_pb,runtime_bb,runtime_box,runtime_pb,θ_bb,θ_box,θ_pb
670,30,1,8.161,4.974,8.447,3.29238518485105e6,3.292385184851051e6,4.608913744172806e6
