it_bb,it_box,p_true_pb,runtime_bb,runtime_box,runtime_pb,θ_bb,θ_box,θ_pb
1774,34,1,21.078,4.171,1.267,2.9556731051879125e6,2.955673105187913e6,4.2692331533014355e6
