it_bb,it_box,p_true_pb,runtime_bb,runtime_box,runtime_pb,θ_bb,θ_box,θ_pb
34396,83,1,1022.541,270.893,8.446,1.0070597044956105e7,1.0070597023590844e7,1.216437819440792e7
