it_bb,it_box,p_true_pb,runtime_bb,runtime_box,runtime_pb,θ_bb,θ_box,θ_pb
16833,118,1,1200.092,521.053,8.795,1.677936949999912e7,1.3738900896831892e7,1.7229809285098083e7
19437,79,1,1200.002,197.558,0.13,1.3835219444722049e7,1.1777194909196546e7,1.4635579988477174e7
16591,105,1,1200.012,459.557,0.128,1.4977596591708694e7,1.1982239872569814e7,1.5310420869669303e7
