it_box,p_true_pb,runtime_box,runtime_pb,θ_box,θ_pb
5,2,0.249,0.871,294.0222339191204,303.1887322853961
