it_bb,it_box,p_true_pb,runtime_bb,runtime_box,runtime_pb,θ_bb,θ_box,θ_pb
120,11,1,2.96,3.021,10.75,654541.3966721363,654541.3966721363,1.1219931568262666e6
