it_box_inplace,p_pb,p_true_pb,runtime_box_inplace,runtime_pb,θ_box_inplace,θ_pb
5,2,2,0.253,0.796,182.17047234212342,184.6945907051571
5,2,2,0.253,0.796,182.17047234212342,184.6945907051571
