instance,it_bb,it_box,p_true_pb,runtime_bb,runtime_box,runtime_pb,zeta_box,θ_bb,θ_box,θ_pb
11,158,16,1,0.929,3.455,7.963,1.0,1.0536551895544804e6,1.0536551895544804e6,1.0536551895544804e6
17,1593,18,1,13.057,4.099,8.382,2.0,1.3915446790480085e6,1.3915446790480088e6,1.3915446790480085e6
5,22033,33,1,229.618,8.535,8.41,0.8571428571428577,2.0399654948373833e6,2.0399654948373837e6,2.0399654948373837e6
8,13140,24,1,93.74,6.66,8.394,1.0,2.8387272944952496e6,2.8387272944952496e6,2.83872729449525e6
