instance,it_bb,it_box,p_true_pb,runtime_bb,runtime_box,runtime_pb,θ_bb,θ_box,θ_pb
4,49244,137,1,3600.013,2415.986,9.162,7.968085211656282e6,7.733758509420012e6,8.202373489974409e6
