instance,it_bb,it_box,p_true_pb,runtime_bb,runtime_box,runtime_pb,θ_bb,θ_box,θ_pb
8,16,10,1,0.355,2.279,9.364,2.8387272944952496e6,2.8387272944952496e6,2.83872729449525e6
