instance,it_bb,it_box,p_true_pb,runtime_bb,runtime_box,runtime_pb,θ_bb,θ_box,θ_pb
12,6,4,1,0.271,1.922,8.733,1.2150685083821248e7,1.2150685083821248e7,1.2150685083821252e7
