instance,it_bb,it_box,p_true_pb,runtime_bb,runtime_box,runtime_pb,θ_bb,θ_box,θ_pb
44,72280,113,1,3600.158,862.711,8.843,7.98423576613854e6,7.591666586724713e6,8.63847904631214e6
