instance,it_bb,it_box,p_true_pb,runtime_bb,runtime_box,runtime_pb,θ_bb,θ_box,θ_pb
46,31456,79,1,3600.034,3600.045,10.768,1.996066500083712e7,1.4849476937308941e7,2.0082361344249737e7
