instance,it_bb,it_box,p_true_pb,runtime_bb,runtime_box,runtime_pb,θ_bb,θ_box,θ_pb
46,70904,63,1,1528.324,27.928,10.286,1.7527190550945956e7,1.752678195983927e7,2.0082361344249737e7
