instance,it_bb,it_box,p_true_pb,runtime_bb,runtime_box,runtime_pb,θ_bb,θ_box,θ_pb
27,48058,83,1,3600.059,3600.045,11.775,1.4275330193519149e7,1.1329849526453074e7,1.5860939912854098e7
