instance,it_bb,it_box,p_true_pb,runtime_bb,runtime_box,runtime_pb,θ_bb,θ_box,θ_pb
1,62398,121,1,3600.146,1245.572,8.668,6.778436222595216e6,6.348334975964552e6,7.531383763928608e6
