instance,it_bb,it_box,p_true_pb,runtime_bb,runtime_box,runtime_pb,θ_bb,θ_box,θ_pb
14,53526,120,1,3600.004,3600.03,8.859,1.0653168951142635e7,9.27466993450935e6,1.1029127725478332e7
