instance,it_bb,it_box,p_true_pb,runtime_bb,runtime_box,runtime_pb,θ_bb,θ_box,θ_pb
12,816,30,1,7.772,5.95,8.829,1.1283076883639455e7,1.1283076883639453e7,1.2150685083821252e7
