instance,it_bb,it_box,p_true_pb,runtime_bb,runtime_box,runtime_pb,θ_bb,θ_box,θ_pb
47,59692,97,1,3600.002,410.519,10.646,4.800384707243605e6,4.698324731743601e6,5.0045095455366075e6
