instance,it_bb,it_box,p_true_pb,runtime_bb,runtime_box,runtime_pb,θ_bb,θ_box,θ_pb
19,100,22,1,1.483,5.962,10.175,6.199534500632802e6,6.199534500632803e6,6.433397708512966e6
