instance,it_bb,it_box,p_true_pb,runtime_bb,runtime_box,runtime_pb,θ_bb,θ_box,θ_pb
21,69194,127,1,3600.014,3600.058,7.517,1.16692638114419e7,1.0780269710529696e7,1.2558272247847315e7
