instance,it_bb,it_box,p_true_pb,runtime_bb,runtime_box,runtime_pb,θ_bb,θ_box,θ_pb
7,60592,123,1,3600.163,1713.001,9.937,8.997446677996268e6,8.646948956038605e6,9.464700832772734e6
