instance,it_bb,it_box,p_true_pb,runtime_bb,runtime_box,runtime_pb,θ_bb,θ_box,θ_pb
1,6,4,1,0.328,1.965,8.919,7.531383763928608e6,7.531383763928608e6,7.531383763928608e6
