instance,it_bb,it_box,p_true_pb,runtime_bb,runtime_box,runtime_pb,θ_bb,θ_box,θ_pb
37,48035,114,1,3600.011,3600.028,9.394,1.0578358271800088e7,8.796196662966592e6,1.141003368925572e7
