instance,it_bb,it_box,p_true_pb,runtime_bb,runtime_box,runtime_pb,θ_bb,θ_box,θ_pb
4,908,23,1,5.729,5.587,8.868,7.968085211656282e6,7.968085211656282e6,8.202373489974409e6
