instance,it_bb,it_box,p_true_pb,runtime_bb,runtime_box,runtime_pb,θ_bb,θ_box,θ_pb
2,7,4,1,0.285,1.956,8.892,1.1237326671617452e7,1.1237326671617452e7,1.1237326671617454e7
