instance,it_bb,it_box,p_true_pb,runtime_bb,runtime_box,runtime_pb,θ_bb,θ_box,θ_pb
39,2296,30,1,15.299,4.526,9.168,9.781117185311712e6,9.781117185311712e6,1.1694462028270382e7
