instance,it_bb,it_box,p_true_pb,runtime_bb,runtime_box,runtime_pb,θ_bb,θ_box,θ_pb
37,2172,29,1,43.14,7.177,8.872,9.627872080422223e6,9.627872080422224e6,1.141003368925572e7
