instance,it_bb,it_box,p_true_pb,runtime_bb,runtime_box,runtime_pb,θ_bb,θ_box,θ_pb
29,49549,129,1,3600.003,134.321,9.652,2.7885977555602077e7,2.3270345014340576e7,2.8825077711831883e7
