instance,it_bb,it_box,p_true_pb,runtime_bb,runtime_box,runtime_pb,θ_bb,θ_box,θ_pb
16,37630,78,1,3600.107,3600.03,8.778,1.9626709762572315e7,1.438457081334709e7,1.9761127023368686e7
