instance,it_bb,it_box,p_true_pb,runtime_bb,runtime_box,runtime_pb,θ_bb,θ_box,θ_pb
21,1228,36,1,8.536,6.17,9.456,1.1669263811441898e7,1.1669263811441898e7,1.2558272247847315e7
