instance,it_bb,it_box,p_true_pb,runtime_bb,runtime_box,runtime_pb,θ_bb,θ_box,θ_pb
3,7,6,1,0.279,1.952,8.987,2.0395574542988375e7,2.0395574542988375e7,2.039557454298837e7
