instance,it_bb,it_box,p_true_pb,runtime_bb,runtime_box,runtime_pb,θ_bb,θ_box,θ_pb
33,60534,97,1,3600.158,116.956,9.388,5.777850594124048e6,5.657552073274096e6,5.777850594124049e6
