instance,it_bb,it_box,p_true_pb,runtime_bb,runtime_box,runtime_pb,θ_bb,θ_box,θ_pb
27,6,5,1,0.323,2.266,10.304,1.5860939912854102e7,1.5860939912854102e7,1.5860939912854098e7
