instance,it_bb,it_box,p_true_pb,runtime_bb,runtime_box,runtime_pb,θ_bb,θ_box,θ_pb
35,4892,40,1,35.222,7.981,9.791,8.62942517237789e6,8.62942517237789e6,9.492059394657535e6
