instance,it_bb,it_box,p_true_pb,runtime_bb,runtime_box,runtime_pb,θ_bb,θ_box,θ_pb
41,271,19,1,3.354,3.393,8.87,5.389870381141942e6,5.389870381141942e6,6.101119985711251e6
