instance,it_bb,it_box,p_true_pb,runtime_bb,runtime_box,runtime_pb,θ_bb,θ_box,θ_pb
38,516,27,1,4.043,5.956,8.838,1.1078433290393498e7,1.1078433290393498e7,1.1330163304495908e7
