instance,it_bb,it_box,p_true_pb,runtime_bb,runtime_box,runtime_pb,θ_bb,θ_box,θ_pb
14,4244,55,1,32.225,12.765,8.727,1.0277210176806938e7,1.0277210176806882e7,1.1029127725478332e7
