instance,it_bb,it_box,p_true_pb,runtime_bb,runtime_box,runtime_pb,θ_bb,θ_box,θ_pb
25,3014,43,1,29.704,10.546,9.926,1.3982758874447184e7,1.3982756367304994e7,1.6167117530483602e7
