instance,it_bb,it_box,p_true_pb,runtime_bb,runtime_box,runtime_pb,θ_bb,θ_box,θ_pb
7,5,4,1,0.295,2.16,10.011,9.464700832772734e6,9.464700832772734e6,9.464700832772734e6
