instance,it_bb,it_box,p_true_pb,runtime_bb,runtime_box,runtime_pb,θ_bb,θ_box,θ_pb
49,36797,105,1,3600.291,3600.051,9.844,2.1872721338061206e7,1.5658078352337569e7,2.1872721338061206e7
