instance,it_bb,it_box,p_true_pb,runtime_bb,runtime_box,runtime_pb,θ_bb,θ_box,θ_pb
23,8,7,1,0.294,1.905,8.675,1.3748288426559597e7,1.3748288426559597e7,1.3748288426559601e7
