instance,it_bb,it_box,p_true_pb,runtime_bb,runtime_box,runtime_pb,θ_bb,θ_box,θ_pb
49,9,8,1,0.32,2.147,9.741,2.1872721338061206e7,2.1872721338061206e7,2.1872721338061206e7
