instance,it_bb,it_box,p_true_pb,runtime_bb,runtime_box,runtime_pb,θ_bb,θ_box,θ_pb
50,38273,114,1,3600.157,3600.044,8.887,2.2761846920513786e7,1.5881727088343479e7,2.2853466725793995e7
