instance,it_bb,it_box,p_true_pb,runtime_bb,runtime_box,runtime_pb,θ_bb,θ_box,θ_pb
19,88053,96,1,3600.147,138.947,9.657,5.965766684967725e6,5.96567129275264e6,6.433397708512966e6
