instance,it_bb,it_box,p_true_pb,runtime_bb,runtime_box,runtime_pb,θ_bb,θ_box,θ_pb
18,7,4,1,0.332,2.04,9.017,1.1237326671617452e7,1.1237326671617452e7,1.1237326671617454e7
