instance,it_bb,it_box,p_true_pb,runtime_bb,runtime_box,runtime_pb,θ_bb,θ_box,θ_pb
13,198345,51,1,3600.001,12.111,9.1,1.301071692392589e7,1.301071692392589e7,1.3661156775103534e7
