instance,it_bb,it_box,p_true_pb,runtime_bb,runtime_box,runtime_pb,θ_bb,θ_box,θ_pb
44,4,3,1,0.272,1.968,8.871,8.638479046312142e6,8.638479046312142e6,8.63847904631214e6
