instance,it_bb,it_box,p_true_pb,runtime_bb,runtime_box,runtime_pb,θ_bb,θ_box,θ_pb
30,1635,28,1,10.521,3.864,7.438,1.1172518221991641e7,1.1172518221991641e7,1.2701093919528967e7
