instance,it_bb,it_box,p_true_pb,runtime_bb,runtime_box,runtime_pb,θ_bb,θ_box,θ_pb
14,6,5,1,0.288,2.01,8.891,1.1029127725478334e7,1.1029127725478334e7,1.1029127725478332e7
