instance,it_bb,it_box,p_true_pb,runtime_bb,runtime_box,runtime_pb,θ_bb,θ_box,θ_pb
10,15370,71,1,133.393,21.776,8.889,1.5550683842839034e7,1.5550683842839036e7,1.752124441303637e7
