instance,it_bb,it_box,p_true_pb,runtime_bb,runtime_box,runtime_pb,θ_bb,θ_box,θ_pb
36,22,9,1,0.366,2.495,9.766,3.461509081230009e6,3.461509081230009e6,3.461509081230009e6
