instance,it_bb,it_box,p_true_pb,runtime_bb,runtime_box,runtime_pb,θ_bb,θ_box,θ_pb
28,4,3,1,0.31,2.189,9.507,6.3082540052033225e6,6.308254005203323e6,6.3082540052033225e6
