instance,it_bb,it_box,p_true_pb,runtime_bb,runtime_box,runtime_pb,θ_bb,θ_box,θ_pb
17,18,11,1,0.396,2.654,10.641,1.3915446790480085e6,1.3915446790480088e6,1.3915446790480085e6
