instance,it_bb,it_box,p_true_pb,runtime_bb,runtime_box,runtime_pb,θ_bb,θ_box,θ_pb
17,1593,18,1,13.805,5.561,9.588,1.3915446790480085e6,1.3915446790480088e6,1.3915446790480085e6
