instance,it_bb,it_box,p_true_pb,runtime_bb,runtime_box,runtime_pb,θ_bb,θ_box,θ_pb
11,32,9,1,0.797,3.118,9.154,1.0536551895544804e6,1.0536551895544804e6,1.0536551895544804e6
