instance,it_bb,it_box,p_true_pb,runtime_bb,runtime_box,runtime_pb,θ_bb,θ_box,θ_pb
21,5,4,1,0.282,1.98,9.042,1.2558272247847315e7,1.2558272247847315e7,1.2558272247847315e7
