instance,it_bb,it_box,p_true_pb,runtime_bb,runtime_box,runtime_pb,θ_bb,θ_box,θ_pb
36,133300,46,1,3600.001,16.411,9.554,3.231040168437537e6,3.2310401684376383e6,3.461509081230009e6
