instance,it_bb,it_box,p_true_pb,runtime_bb,runtime_box,runtime_pb,θ_bb,θ_box,θ_pb
6,20326,88,1,195.11,31.221,8.796,1.808194534179455e7,1.808194534179455e7,2.0518084217506304e7
