instance,it_bb,it_box,p_true_pb,runtime_bb,runtime_box,runtime_pb,θ_bb,θ_box,θ_pb
7,634,30,1,3.608,4.503,8.8,9.114214028456224e6,9.114214028456224e6,9.464700832772734e6
