instance,it_bb,it_box,p_true_pb,runtime_bb,runtime_box,runtime_pb,θ_bb,θ_box,θ_pb
13,7,6,1,0.285,1.962,8.898,1.3661156775103537e7,1.3661156775103537e7,1.3661156775103534e7
