instance,it_bb,it_box,p_true_pb,runtime_bb,runtime_box,runtime_pb,θ_bb,θ_box,θ_pb
15,8,8,1,0.285,1.959,8.831,1.6120591450773854e7,1.6120591450773854e7,1.6120591450773854e7
