instance,it_bb,it_box,p_true_pb,runtime_bb,runtime_box,runtime_pb,θ_bb,θ_box,θ_pb
5,8,16,1,0.291,2.802,8.821,2.0399654948373833e6,2.0399654948373837e6,2.0399654948373837e6
