instance,it_bb,it_box,p_true_pb,runtime_bb,runtime_box,runtime_pb,θ_bb,θ_box,θ_pb
41,4,2,1,0.302,1.968,8.85,6.101119985711252e6,6.101119985711252e6,6.101119985711251e6
