instance,it_bb,it_box,p_true_pb,runtime_bb,runtime_box,runtime_pb,θ_bb,θ_box,θ_pb
28,326,18,1,3.087,3.514,10.159,5.865731154975848e6,5.86573115497585e6,6.3082540052033225e6
