instance,it_bb,it_box,p_true_pb,runtime_bb,runtime_box,runtime_pb,θ_bb,θ_box,θ_pb
48,79753,108,1,3600.071,75.933,10.659,2.900913617097736e7,2.697100766049168e7,3.293747078406993e7
