instance,it_bb,it_box,p_true_pb,runtime_bb,runtime_box,runtime_pb,θ_bb,θ_box,θ_pb
26,7,6,1,0.402,2.858,11.683,1.4277664504477173e7,1.4277664504477173e7,1.4277664504477173e7
