instance,it_bb,it_box,p_true_pb,runtime_bb,runtime_box,runtime_pb,θ_bb,θ_box,θ_pb
45,31198,86,1,3600.097,3600.043,11.033,1.9653747817631025e7,1.4422486427093308e7,1.9770023352461014e7
