instance,it_bb,it_box,p_true_pb,runtime_bb,runtime_box,runtime_pb,θ_bb,θ_box,θ_pb
16,54045,83,1,735.58,29.808,9.142,1.7341690761279218e7,1.7341690568069205e7,1.9761127023368686e7
