instance,it_bb,it_box,p_true_pb,runtime_bb,runtime_box,runtime_pb,θ_bb,θ_box,θ_pb
10,39528,134,1,3600.006,3600.056,8.805,1.7411763821149033e7,1.3908534004064977e7,1.752124441303637e7
