instance,it_bb,it_box,p_true_pb,runtime_bb,runtime_box,runtime_pb,θ_bb,θ_box,θ_pb
26,33831,104,1,3600.07,3600.041,11.546,1.4073738422115937e7,1.2238449084383277e7,1.4277664504477173e7
