instance,it_bb,it_box,p_true_pb,runtime_bb,runtime_box,runtime_pb,θ_bb,θ_box,θ_pb
25,46105,123,1,3600.082,3600.086,11.443,1.485647166713875e7,1.278135390228258e7,1.6167117530483602e7
