instance,it_bb,it_box,p_true_pb,runtime_bb,runtime_box,runtime_pb,θ_bb,θ_box,θ_pb
33,8,4,1,0.275,1.909,8.786,5.777850594124049e6,5.777850594124049e6,5.777850594124049e6
