instance,it_bb,it_box,p_true_pb,runtime_bb,runtime_box,runtime_pb,θ_bb,θ_box,θ_pb
43,34165,108,1,3600.169,3600.042,10.003,1.4932254226197321e7,1.1328622872044388e7,1.518965663488846e7
