instance,it_bb,it_box,p_true_pb,runtime_bb,runtime_box,runtime_pb,θ_bb,θ_box,θ_pb
50,90001,60,1,3600.06,12.828,8.801,2.101373902144014e7,1.8689854084137414e7,2.2853466725793995e7
