instance,it_bb,it_box,p_true_pb,runtime_bb,runtime_box,runtime_pb,θ_bb,θ_box,θ_pb
23,38504,129,1,3600.001,3600.041,9.145,8.937614369408652e6,1.0508275208249422e7,1.3748288426559601e7
