instance,it_bb,it_box,p_true_pb,runtime_bb,runtime_box,runtime_pb,θ_bb,θ_box,θ_pb
27,8110,41,1,65.988,14.45,8.843,1.3142678081734508e7,1.314267808173451e7,1.5860939912854098e7
