instance,it_bb,it_box,p_true_pb,runtime_bb,runtime_box,runtime_pb,θ_bb,θ_box,θ_pb
48,9,7,1,0.356,2.198,9.996,3.2937470784069933e7,3.2937470784069933e7,3.293747078406993e7
