instance,it_bb,it_box,p_true_pb,runtime_bb,runtime_box,runtime_pb,θ_bb,θ_box,θ_pb
39,7,6,1,0.27,1.931,8.786,1.1694462028270382e7,1.1694462028270382e7,1.1694462028270382e7
