instance,it_bb,it_box,p_true_pb,runtime_bb,runtime_box,runtime_pb,θ_bb,θ_box,θ_pb
40,7,6,1,0.315,2.039,8.925,1.5069195405918878e7,1.5069195405918878e7,1.5069195405918878e7
