instance,it_bb,it_box,p_true_pb,runtime_bb,runtime_box,runtime_pb,θ_bb,θ_box,θ_pb
34,31720,108,1,3600.078,3600.05,9.429,2.4152646072875567e7,1.70369204015816e7,2.4152646072875574e7
