instance,it_bb,it_box,p_true_pb,runtime_bb,runtime_box,runtime_pb,θ_bb,θ_box,θ_pb
35,7,6,1,0.267,1.928,8.768,9.492059394657537e6,9.492059394657537e6,9.492059394657535e6
