instance,it_bb,it_box,p_true_pb,runtime_bb,runtime_box,runtime_pb,θ_bb,θ_box,θ_pb
29,29673,125,1,3600.001,3600.032,10.963,2.526951503275233e7,1.886832463622177e7,2.8825077711831883e7
