instance,it_bb,it_box,p_true_pb,runtime_bb,runtime_box,runtime_pb,θ_bb,θ_box,θ_pb
28,50223,100,1,3600.182,674.086,11.12,5.865715871253264e6,5.312629804210988e6,6.3082540052033225e6
