instance,it_bb,it_box,p_true_pb,runtime_bb,runtime_box,runtime_pb,θ_bb,θ_box,θ_pb
5,5,4,1,0.275,2.222,9.802,2.0399654948373833e6,2.0399654948373833e6,2.0399654948373837e6
