instance,it_bb,it_box,p_true_pb,runtime_bb,runtime_box,runtime_pb,θ_bb,θ_box,θ_pb
4,5,4,1,0.259,1.899,8.703,8.202373489974412e6,8.202373489974412e6,8.202373489974409e6
