instance,it_bb,it_box,p_true_pb,runtime_bb,runtime_box,runtime_pb,θ_bb,θ_box,θ_pb
20,47138,101,1,3600.158,3600.038,8.786,9.505997449904501e6,8.148310778181245e6,1.0132674400174737e7
