instance,it_bb,it_box,p_true_pb,runtime_bb,runtime_box,runtime_pb,θ_bb,θ_box,θ_pb
30,6,5,1,0.241,1.953,8.829,1.2701093919528965e7,1.2701093919528965e7,1.2701093919528967e7
