instance,it_bb,it_box,p_true_pb,runtime_bb,runtime_box,runtime_pb,θ_bb,θ_box,θ_pb
15,97562,91,1,3600.021,75.696,8.978,1.4319195047979621e7,1.4129574374001283e7,1.6120591450773854e7
