instance,it_bb,it_box,p_true_pb,runtime_bb,runtime_box,runtime_pb,θ_bb,θ_box,θ_pb
20,8,7,1,0.327,2.038,8.915,1.0132674400174737e7,1.0132674400174737e7,1.0132674400174737e7
