instance,it_bb,it_box,p_true_pb,runtime_bb,runtime_box,runtime_pb,θ_bb,θ_box,θ_pb
36,5,4,1,0.304,2.152,9.561,3.461509081230009e6,3.461509081230009e6,3.461509081230009e6
