instance,it_bb,it_box,p_true_pb,runtime_bb,runtime_box,runtime_pb,θ_bb,θ_box,θ_pb
37,6,5,1,0.304,2.133,9.771,1.1410033689255724e7,1.1410033689255724e7,1.141003368925572e7
