instance,it_bb,it_box,p_true_pb,runtime_bb,runtime_box,runtime_pb,θ_bb,θ_box,θ_pb
9,108877,135,1,3600.038,1560.803,9.085,7.455403927399568e6,7.361064116079003e6,8.304462229284661e6
