instance,it_bb,it_box,p_true_pb,runtime_bb,runtime_box,runtime_pb,θ_bb,θ_box,θ_pb
38,50424,168,1,3600.152,2191.036,9.36,1.0952568283342293e7,1.0574973262188677e7,1.1330163304495908e7
