instance,it_bb,it_box,p_true_pb,runtime_bb,runtime_box,runtime_pb,θ_bb,θ_box,θ_pb
48,30557,105,1,3600.063,3600.055,12.722,3.2937470784069933e7,2.2317264906947587e7,3.293747078406993e7
