instance,it_bb,it_box,p_true_pb,runtime_bb,runtime_box,runtime_pb,θ_bb,θ_box,θ_pb
42,4,3,1,0.234,1.924,8.854,210062.67555445136,210062.67555445133,210062.67555445113
