instance,it_bb,it_box,p_true_pb,runtime_bb,runtime_box,runtime_pb,θ_bb,θ_box,θ_pb
40,38280,80,1,3600.035,3600.092,9.108,1.494471247536211e7,1.13347529360288e7,1.5069195405918878e7
