instance,it_bb,it_box,p_true_pb,runtime_bb,runtime_box,runtime_pb,θ_bb,θ_box,θ_pb
40,59050,80,1,952.517,31.443,10.069,1.3699883169794478e7,1.3699883152037544e7,1.5069195405918878e7
