instance,it_bb,it_box,p_true_pb,runtime_bb,runtime_box,runtime_pb,θ_bb,θ_box,θ_pb
41,66357,113,1,3600.264,184.258,9.49,5.288263294774897e6,5.085049122040809e6,6.101119985711251e6
