instance,it_bb,it_box,p_true_pb,runtime_bb,runtime_box,runtime_pb,θ_bb,θ_box,θ_pb
30,52467,153,1,3600.182,2386.204,11.823,1.152516875184184e7,1.070202113446085e7,1.2701093919528967e7
