instance,it_bb,it_box,p_true_pb,runtime_bb,runtime_box,runtime_pb,θ_bb,θ_box,θ_pb
44,414,24,1,5.7,5.28,9.144,8.115034334609458e6,8.115034334609458e6,8.63847904631214e6
