instance,it_bb,it_box,p_true_pb,runtime_bb,runtime_box,runtime_pb,θ_bb,θ_box,θ_pb
22,42,11,1,0.517,2.532,9.984,2.2425607984763137e6,2.242560798476314e6,2.242560798476314e6
