instance,it_bb,it_box,p_true_pb,runtime_bb,runtime_box,runtime_pb,θ_bb,θ_box,θ_pb
43,7,6,1,0.326,1.926,8.703,1.5189656634888463e7,1.5189656634888463e7,1.518965663488846e7
