instance,it_bb,it_box,p_true_pb,runtime_bb,runtime_box,runtime_pb,θ_bb,θ_box,θ_pb
31,8,6,1,0.403,2.047,8.783,1.3416987983328864e7,1.3416987983328864e7,1.3416987983328864e7
