instance,it_bb,it_box,p_true_pb,runtime_bb,runtime_box,runtime_pb,θ_bb,θ_box,θ_pb
29,9,8,1,0.334,2.409,10.255,2.882507771183189e7,2.882507771183189e7,2.8825077711831883e7
