instance,it_bb,it_box,p_true_pb,runtime_bb,runtime_box,runtime_pb,θ_bb,θ_box,θ_pb
45,8,7,1,0.296,1.985,9.126,1.9770023352461014e7,1.9770023352461014e7,1.9770023352461014e7
