instance,it_bb,it_box,p_true_pb,runtime_bb,runtime_box,runtime_pb,θ_bb,θ_box,θ_pb
34,104046,91,1,2687.819,115.866,12.407,2.0163565951633643e7,2.0163565942890815e7,2.4152646072875574e7
