instance,it_bb,it_box,p_true_pb,runtime_bb,runtime_box,runtime_pb,θ_bb,θ_box,θ_pb
16,8,6,1,0.312,2.162,9.728,1.9761127023368686e7,1.9761127023368686e7,1.9761127023368686e7
