instance,it_bb,it_box,p_true_pb,runtime_bb,runtime_box,runtime_pb,θ_bb,θ_box,θ_pb
26,3166,47,1,22.506,9.359,8.749,1.346206211876197e7,1.3461984129567187e7,1.4277664504477173e7
