instance,it_bb,it_box,p_true_pb,runtime_bb,runtime_box,runtime_pb,θ_bb,θ_box,θ_pb
25,7,5,1,0.408,2.404,10.235,1.61671175304836e7,1.61671175304836e7,1.6167117530483602e7
