instance,it_bb,it_box,p_true_pb,runtime_bb,runtime_box,runtime_pb,θ_bb,θ_box,θ_pb
9,5,4,1,0.294,2.116,9.616,8.304462229284663e6,8.304462229284663e6,8.304462229284661e6
