instance,it_bb,it_box,p_true_pb,runtime_bb,runtime_box,runtime_pb,θ_bb,θ_box,θ_pb
34,9,7,1,0.357,1.954,8.886,2.415264607287557e7,2.415264607287557e7,2.4152646072875574e7
