instance,it_bb,it_box,p_true_pb,runtime_bb,runtime_box,runtime_pb,θ_bb,θ_box,θ_pb
6,39282,130,1,3600.165,3600.044,8.787,2.0389862365666937e7,1.564577218010345e7,2.0518084217506304e7
