instance,it_bb,it_box,p_true_pb,runtime_bb,runtime_box,runtime_pb,θ_bb,θ_box,θ_pb
1,644,32,1,4.473,6.234,8.835,6.886000157071415e6,6.886000157071415e6,7.531383763928608e6
