instance,it_bb,it_box,p_true_pb,runtime_bb,runtime_box,runtime_pb,θ_bb,θ_box,θ_pb
10,9,9,1,0.351,2.428,10.207,1.7521244413036365e7,1.7521244413036365e7,1.752124441303637e7
