instance,it_bb,it_box,p_true_pb,runtime_bb,runtime_box,runtime_pb,θ_bb,θ_box,θ_pb
39,84587,106,1,3600.095,3600.052,9.453,9.781113311828006e6,8.930631533421706e6,1.1694462028270382e7
