instance,it_bb,it_box,p_true_pb,runtime_bb,runtime_box,runtime_pb,θ_bb,θ_box,θ_pb
12,63803,167,1,3600.129,3600.048,8.954,1.1283053074828604e7,1.0632370733503105e7,1.2150685083821252e7
