instance,it_bb,it_box,p_true_pb,runtime_bb,runtime_box,runtime_pb,θ_bb,θ_box,θ_pb
32,9,8,1,0.352,2.007,8.837,1.4038511386836465e7,1.4038511386836465e7,1.4038511386836465e7
