instance,it_bb,it_box,p_true_pb,runtime_bb,runtime_box,runtime_pb,θ_bb,θ_box,θ_pb
24,44708,137,1,3600.078,3600.044,9.937,1.5819790111571187e7,1.2547451359572168e7,1.647425783422831e7
