instance,it_bb,it_box,p_true_pb,runtime_bb,runtime_box,runtime_pb,θ_bb,θ_box,θ_pb
13,47506,162,1,3600.167,3600.053,8.875,1.3444343491377654e7,1.1818327645483892e7,1.3661156775103534e7
