instance,it_bb,it_box,p_true_pb,runtime_bb,runtime_box,runtime_pb,θ_bb,θ_box,θ_pb
42,2,1,1,0.316,2.303,10.508,210062.67555445136,210062.67555445136,210062.67555445113
