instance,it_bb,it_box,p_true_pb,runtime_bb,runtime_box,runtime_pb,θ_bb,θ_box,θ_pb
3,41561,130,1,3600.019,3600.079,8.66,2.0152815403098643e7,1.49336276196593e7,2.039557454298837e7
