instance,it_bb,it_box,p_true_pb,runtime_bb,runtime_box,runtime_pb,θ_bb,θ_box,θ_pb
31,9258,49,1,111.506,24.791,9.283,1.132084961343218e7,1.132084961343218e7,1.3416987983328864e7
