instance,it_bb,it_box,p_true_pb,runtime_bb,runtime_box,runtime_pb,θ_bb,θ_box,θ_pb
35,47085,157,1,3600.028,3600.029,8.625,8.974478861289749e6,8.111508723987091e6,9.492059394657535e6
