instance,it_bb,it_box,p_true_pb,runtime_bb,runtime_box,runtime_pb,θ_bb,θ_box,θ_pb
33,84,14,1,0.861,3.156,11.38,5.777850594124048e6,5.777850594124048e6,5.777850594124049e6
