instance,it_bb,it_box,p_true_pb,runtime_bb,runtime_box,runtime_pb,θ_bb,θ_box,θ_pb
11,6,5,1,0.31,2.135,9.424,1.0536551895544806e6,1.0536551895544806e6,1.0536551895544804e6
