instance,it_bb,it_box,p_true_pb,runtime_bb,runtime_box,runtime_pb,θ_bb,θ_box,θ_pb
15,35827,109,1,3600.141,3600.06,9.199,1.6025785584939804e7,1.1854216835522229e7,1.6120591450773854e7
