instance,it_bb,it_box,p_true_pb,runtime_bb,runtime_box,runtime_pb,θ_bb,θ_box,θ_pb
20,3426,41,1,36.269,8.41,10.121,9.088254452546358e6,9.088254452546358e6,1.0132674400174737e7
