instance,it_bb,it_box,p_true_pb,runtime_bb,runtime_box,runtime_pb,θ_bb,θ_box,θ_pb
43,25858,88,1,244.465,27.309,7.815,1.364527954551096e7,1.3645271471527448e7,1.518965663488846e7
