instance,it_bb,it_box,p_true_pb,runtime_bb,runtime_box,runtime_pb,θ_bb,θ_box,θ_pb
2,2594,37,1,16.894,6.246,10.074,1.0633362158581803e7,1.06333621585818e7,1.1237326671617454e7
