instance,it_bb,it_box,p_true_pb,runtime_bb,runtime_box,runtime_pb,θ_bb,θ_box,θ_pb
18,49124,136,1,3600.069,3151.06,9.121,1.0754155061188933e7,1.0150196030280342e7,1.1237326671617454e7
