instance,it_bb,it_box,p_true_pb,runtime_bb,runtime_box,runtime_pb,θ_bb,θ_box,θ_pb
31,39700,99,1,3600.046,3600.036,9.831,1.3207375219615351e7,9.958357012251258e6,1.3416987983328864e7
