instance,it_bb,it_box,p_true_pb,runtime_bb,runtime_box,runtime_pb,θ_bb,θ_box,θ_pb
11,158,16,1,3.362,7.908,8.764,1.0536551895544804e6,1.0536551895544804e6,1.0536551895544804e6
