instance,it_bb,it_box,p_true_pb,runtime_bb,runtime_box,runtime_pb,θ_bb,θ_box,θ_pb
46,9,7,1,0.367,2.179,9.86,2.0082361344249733e7,2.0082361344249733e7,2.0082361344249737e7
