instance,it_bb,it_box,p_true_pb,runtime_bb,runtime_box,runtime_pb,θ_bb,θ_box,θ_pb
49,48502,61,1,895.532,24.687,9.64,1.8167605280499715e7,1.8167605280499715e7,2.1872721338061206e7
