instance,it_bb,it_box,p_true_pb,runtime_bb,runtime_box,runtime_pb,θ_bb,θ_box,θ_pb
19,3,2,1,0.235,1.945,8.781,6.433397708512965e6,6.433397708512965e6,6.433397708512966e6
