instance,it_bb,it_box,p_true_pb,runtime_bb,runtime_box,runtime_pb,θ_bb,θ_box,θ_pb
32,33093,92,1,3600.094,3600.061,11.464,1.3929714039254421e7,1.0447885205572234e7,1.4038511386836465e7
