it_bb,it_box,p_true_pb,runtime_bb,runtime_box,runtime_pb,zeta_box,θ_bb,θ_box,θ_pb
40935,166,1,7200.058,7200.058,4.278,2400.666666666667,1.669141314e9,3.379105e6,1.6691413139999995e9
