it_bb,it_box,p_true_pb,runtime_bb,runtime_box,runtime_pb,zeta_box,θ_bb,θ_box,θ_pb
36380,142,9,7200.225,7200.049,4.195,3274.6666669942333,1.669141314e9,3.1821113000000003e6,4.203478800000001e6
