it_bb,it_box,p_true_pb,runtime_bb,runtime_box,runtime_pb,zeta_box,θ_bb,θ_box,θ_pb
78811,115,1,7200.228,17.125,4.268,0.5,4.1127488000000003e6,3.9136953000000003e6,1.6691413139999995e9
