it_bb,it_box,p_true_pb,runtime_bb,runtime_box,runtime_pb,zeta_box,θ_bb,θ_box,θ_pb
46382,200,1,7200.089,7200.036,4.194,709.0,1.669141314e9,3.681712e6,1.6691413139999995e9
