it_bb,it_box,p_true_pb,runtime_bb,runtime_box,runtime_pb,zeta_box,θ_bb,θ_box,θ_pb
48887,190,1,7200.03,7200.035,4.317,2500.0,1.669141314e9,3.6661263000000003e6,1.6691413139999995e9
