it_bb,it_box,p_true_pb,runtime_bb,runtime_box,runtime_pb,zeta_box,θ_bb,θ_box,θ_pb
10,6,1,0.286,1.315,3.96,7450.342899999989,1.669141314e9,1.669141314e9,1.6691413139999995e9
