it_bb,it_box,p_true_pb,runtime_bb,runtime_box,runtime_pb,zeta_box,θ_bb,θ_box,θ_pb
43601,163,1,7200.261,7200.091,4.417,3551.999999999997,1.669141314e9,3.4005402e6,1.6691413139999995e9
