it_bb,it_box,p_true_pb,runtime_bb,runtime_box,runtime_pb,zeta_box,θ_bb,θ_box,θ_pb
38779,130,9,7200.059,7200.052,4.539,3797.0958999999857,1.669141314e9,3.1508335e6,4.203478800000001e6
