instance,it_bb,it_box,p_true_pb,runtime_bb,runtime_box,runtime_pb,zeta_box,θ_bb,θ_box,θ_pb
21,27354,149,1,3600.141,3600.048,16.508,3.555555555555557,4.1162959290275685e7,3.463126027700203e7,4.116295929027569e7
