instance,it_bb,it_box,p_true_pb,runtime_bb,runtime_box,runtime_pb,zeta_box,θ_bb,θ_box,θ_pb
47,32183,142,1,3600.088,3600.023,9.559,1.4166666666666643,1.0e20,3.656840354273955e7,4.52074029372181e7
