instance,it_bb,it_box,p_true_pb,runtime_bb,runtime_box,runtime_pb,zeta_box,θ_bb,θ_box,θ_pb
16,25214,59,1,3600.103,3600.063,11.865,8.600000266026937,2.6343257451726146e7,1.9928507209525276e7,2.6343257451726142e7
