instance,it_bb,it_box,p_true_pb,runtime_bb,runtime_box,runtime_pb,zeta_box,θ_bb,θ_box,θ_pb
37,24788,77,1,3600.095,3600.113,10.906,0.0,2.4462804496373005e7,1.8602272643779293e7,2.4462804496373005e7
