instance,it_bb,it_box,p_true_pb,runtime_bb,runtime_box,runtime_pb,zeta_box,θ_bb,θ_box,θ_pb
26,24386,63,1,3600.248,3600.047,11.475,9.57142857142857,1.0e20,1.731910975571248e7,2.6832192565810695e7
