instance,it_bb,it_box,p_true_pb,runtime_bb,runtime_box,runtime_pb,zeta_box,θ_bb,θ_box,θ_pb
11,33516,94,1,3600.085,165.968,10.065,6.666666666666664,3.43069168442236e7,2.9579954126179375e7,3.43069168442236e7
