instance,it_bb,it_box,p_true_pb,runtime_bb,runtime_box,runtime_pb,zeta_box,θ_bb,θ_box,θ_pb
39,25457,80,1,3600.195,3600.087,13.338,0.0,1.972177369838127e7,1.561320054113619e7,1.9721773698381275e7
