instance,it_bb,it_box,p_true_pb,runtime_bb,runtime_box,runtime_pb,zeta_box,θ_bb,θ_box,θ_pb
9,19533,44,1,3600.17,3600.039,12.532,12.53846153846154,1.0e20,2.165707856440685e7,4.725021439767641e7
