instance,it_bb,it_box,p_true_pb,runtime_bb,runtime_box,runtime_pb,zeta_box,θ_bb,θ_box,θ_pb
12,30768,123,1,3600.021,3600.022,12.433,2.599999999999987,1.0e20,3.426252249853367e7,4.255744399749081e7
