instance,it_bb,it_box,p_true_pb,runtime_bb,runtime_box,runtime_pb,zeta_box,θ_bb,θ_box,θ_pb
36,26520,68,1,3600.088,3600.036,10.157,0.0,2.6257670327304006e7,1.7804349313577667e7,2.6257670327304006e7
