instance,it_bb,it_box,p_true_pb,runtime_bb,runtime_box,runtime_pb,zeta_box,θ_bb,θ_box,θ_pb
31,24738,57,1,3600.21,3600.047,10.082,10.071428571428571,1.0e20,2.3346693058893822e7,3.9676677903174594e7
