instance,it_bb,it_box,p_true_pb,runtime_bb,runtime_box,runtime_pb,zeta_box,θ_bb,θ_box,θ_pb
23,22876,49,1,3600.001,3600.033,9.676,12.000004998704897,2.394452401706408e7,1.8054806798638e7,3.5714939207072705e7
