instance,it_bb,it_box,p_true_pb,runtime_bb,runtime_box,runtime_pb,zeta_box,θ_bb,θ_box,θ_pb
14,34008,151,1,3600.002,3600.032,9.61,0.0,3.202411965871873e7,2.8452313562711466e7,3.2147285966865826e7
