instance,it_bb,it_box,p_true_pb,runtime_bb,runtime_box,runtime_pb,zeta_box,θ_bb,θ_box,θ_pb
9,29776,154,1,3600.162,3600.038,11.398,1.2857142857142858,4.725021439767641e7,3.999057666566802e7,4.725021439767641e7
