instance,it_bb,it_box,p_true_pb,runtime_bb,runtime_box,runtime_pb,zeta_box,θ_bb,θ_box,θ_pb
1,15707,28,1,3600.143,3600.024,10.907,12.909090909090917,1.0e20,1.1475117016789565e7,3.802154965672184e7
