instance,it_bb,it_box,p_true_pb,runtime_bb,runtime_box,runtime_pb,zeta_box,θ_bb,θ_box,θ_pb
22,24687,68,1,3600.184,3600.05,10.401,6.2222222222222205,1.0e20,1.5466916371443955e7,2.2853837401475627e7
