instance,it_bb,it_box,p_true_pb,runtime_bb,runtime_box,runtime_pb,zeta_box,θ_bb,θ_box,θ_pb
25,28460,71,1,3600.042,3600.04,9.69,9.545454545454534,2.3479168885365956e7,1.6567491730424743e7,2.347916888536596e7
