instance,it_bb,it_box,p_true_pb,runtime_bb,runtime_box,runtime_pb,zeta_box,θ_bb,θ_box,θ_pb
6,28961,143,1,3600.036,3600.042,12.78,0.9090909090909101,3.2515053913435765e7,2.8753060446345255e7,3.2515053913435765e7
