instance,it_bb,it_box,p_true_pb,runtime_bb,runtime_box,runtime_pb,zeta_box,θ_bb,θ_box,θ_pb
40,32880,149,1,3600.088,3600.019,9.401,0.0,3.7029738931704625e7,3.064555894702324e7,3.7029738931704625e7
