instance,it_bb,it_box,p_true_pb,runtime_bb,runtime_box,runtime_pb,zeta_box,θ_bb,θ_box,θ_pb
40,13337,41,1,3600.027,3600.106,12.48,13.083333333333327,1.0e20,1.628115138645907e7,3.7029738931704625e7
