instance,it_bb,it_box,p_true_pb,runtime_bb,runtime_box,runtime_pb,zeta_box,θ_bb,θ_box,θ_pb
8,15,14,1,1.235,3.697,12.582,1.7142857142857117,4.044042896537971e7,4.044042896537971e7,4.044042896537971e7
