instance,it_bb,it_box,p_true_pb,runtime_bb,runtime_box,runtime_pb,zeta_box,θ_bb,θ_box,θ_pb
25,19618,29,1,3600.111,3600.049,10.096,10.071428571428571,1.0e20,8.997071997995231e6,2.347916888536596e7
