instance,it_bb,it_box,p_true_pb,runtime_bb,runtime_box,runtime_pb,zeta_box,θ_bb,θ_box,θ_pb
20,16,15,1,0.561,2.587,11.114,0.6666666666666679,3.443816908555472e7,3.443816908555472e7,3.443816908555472e7
