instance,it_bb,it_box,p_true_pb,runtime_bb,runtime_box,runtime_pb,zeta_box,θ_bb,θ_box,θ_pb
5,26245,59,1,3600.058,3600.049,19.076,9.88888888888889,1.0e20,1.6905127282364562e7,2.4745898361904055e7
