instance,it_bb,it_box,p_true_pb,runtime_bb,runtime_box,runtime_pb,zeta_box,θ_bb,θ_box,θ_pb
6,22926,31,1,3600.221,3600.049,10.268,10.785714285714286,1.0e20,1.5182993053203207e7,3.2515053913435765e7
