instance,it_bb,it_box,p_true_pb,runtime_bb,runtime_box,runtime_pb,zeta_box,θ_bb,θ_box,θ_pb
23,24852,125,1,3600.1,1828.826,13.049,0.0,3.57149392070727e7,3.035145591726933e7,3.5714939207072705e7
