instance,it_bb,it_box,p_true_pb,runtime_bb,runtime_box,runtime_pb,zeta_box,θ_bb,θ_box,θ_pb
14,24034,67,1,3600.276,3600.067,11.567,9.857142857142858,1.0e20,2.118556331036084e7,3.2147285966865826e7
