instance,it_bb,it_box,p_true_pb,runtime_bb,runtime_box,runtime_pb,zeta_box,θ_bb,θ_box,θ_pb
21,15,15,1,0.55,2.852,11.131,1.0000000002000036,4.116295929027569e7,4.116295929027569e7,4.116295929027569e7
