instance,it_bb,it_box,p_true_pb,runtime_bb,runtime_box,runtime_pb,zeta_box,θ_bb,θ_box,θ_pb
35,32742,229,1,3600.023,3600.02,11.139,0.8333333333333318,1.0e20,4.023936829176298e7,4.8237063959891394e7
