instance,it_bb,it_box,p_true_pb,runtime_bb,runtime_box,runtime_pb,zeta_box,θ_bb,θ_box,θ_pb
49,25434,55,1,3600.194,3600.071,12.271,8.384615384615385,1.0e20,1.7148255230863947e7,2.8191903546696153e7
