instance,it_bb,it_box,p_true_pb,runtime_bb,runtime_box,runtime_pb,zeta_box,θ_bb,θ_box,θ_pb
39,20712,36,1,3600.127,3600.061,16.59,9.615384615384613,1.972177369838127e7,9.861310985813174e6,1.9721773698381275e7
