instance,it_bb,it_box,p_true_pb,runtime_bb,runtime_box,runtime_pb,zeta_box,θ_bb,θ_box,θ_pb
14,32324,141,1,3600.017,3600.019,10.031,5.230769230769237,3.202411965871873e7,2.8452310663227443e7,3.2147285966865826e7
