instance,it_bb,it_box,p_true_pb,runtime_bb,runtime_box,runtime_pb,zeta_box,θ_bb,θ_box,θ_pb
49,21971,37,1,3600.072,3600.04,10.386,12.692307692307693,1.0e20,1.307945214973901e7,2.8191903546696153e7
