instance,it_bb,it_box,p_true_pb,runtime_bb,runtime_box,runtime_pb,zeta_box,θ_bb,θ_box,θ_pb
3,26687,122,1,3600.082,3600.059,12.483,0.0,3.8759130355715655e7,3.1324772212195154e7,3.875913035571566e7
