instance,it_bb,it_box,p_true_pb,runtime_bb,runtime_box,runtime_pb,zeta_box,θ_bb,θ_box,θ_pb
28,14530,45,1,3600.044,3600.051,12.605,17.727272727272727,1.0e20,2.2533230130820572e7,5.011559867446363e7
