instance,it_bb,it_box,p_true_pb,runtime_bb,runtime_box,runtime_pb,zeta_box,θ_bb,θ_box,θ_pb
6,14,13,1,1.157,4.156,15.807,1.75,3.2515053913435765e7,3.2515053913435765e7,3.2515053913435765e7
