instance,it_bb,it_box,p_true_pb,runtime_bb,runtime_box,runtime_pb,zeta_box,θ_bb,θ_box,θ_pb
22,30367,176,1,3600.002,1914.539,11.552,0.3000000000000007,2.2853837401475616e7,2.05454864105873e7,2.2853837401475627e7
