instance,it_bb,it_box,p_true_pb,runtime_bb,runtime_box,runtime_pb,zeta_box,θ_bb,θ_box,θ_pb
29,29699,70,1,3600.062,3600.041,9.133,6.099999999999991,2.702138608933597e7,1.9489675373518985e7,2.7021386089335974e7
