instance,it_bb,it_box,p_true_pb,runtime_bb,runtime_box,runtime_pb,zeta_box,θ_bb,θ_box,θ_pb
28,28938,148,1,3600.066,3600.031,9.657,4.000000000500002,1.0e20,4.18280052802608e7,5.011559867446363e7
