instance,it_bb,it_box,p_true_pb,runtime_bb,runtime_box,runtime_pb,zeta_box,θ_bb,θ_box,θ_pb
36,29697,68,1,3600.146,3600.032,9.821,6.000000000699991,2.6257670327304006e7,1.7804349313577667e7,2.6257670327304006e7
