instance,it_bb,it_box,p_true_pb,runtime_bb,runtime_box,runtime_pb,zeta_box,θ_bb,θ_box,θ_pb
50,34780,151,1,3600.081,3600.038,9.358,3.125,3.238772189942411e7,2.8370187520416368e7,3.2387721899424113e7
