instance,it_bb,it_box,p_true_pb,runtime_bb,runtime_box,runtime_pb,zeta_box,θ_bb,θ_box,θ_pb
45,35653,137,1,3600.069,1045.379,9.191,0.0,2.8271063550202962e7,2.4477372359341577e7,2.839344410421381e7
