instance,it_bb,it_box,p_true_pb,runtime_bb,runtime_box,runtime_pb,zeta_box,θ_bb,θ_box,θ_pb
3,17,16,1,0.74,2.996,12.086,2.0000000000000036,3.8759130355715655e7,3.8759130355715655e7,3.875913035571566e7
