instance,it_bb,it_box,p_true_pb,runtime_bb,runtime_box,runtime_pb,zeta_box,θ_bb,θ_box,θ_pb
39,62418,84,1,3600.003,44.783,9.263,6.193857699266821e-7,1.8903629425352164e7,1.8547891251114942e7,1.9721773698381275e7
