instance,it_bb,it_box,p_true_pb,runtime_bb,runtime_box,runtime_pb,zeta_box,θ_bb,θ_box,θ_pb
16,34943,120,1,3600.009,466.894,9.955,0.3999999999999986,2.389154198405139e7,2.4568912220380228e7,2.6343257451726142e7
