instance,it_bb,it_box,p_true_pb,runtime_bb,runtime_box,runtime_pb,zeta_box,θ_bb,θ_box,θ_pb
42,22229,45,1,3600.205,3600.102,11.351,10.0,2.1435871801913213e7,1.4090401897712171e7,2.143587180191321e7
