instance,it_bb,it_box,p_true_pb,runtime_bb,runtime_box,runtime_pb,zeta_box,θ_bb,θ_box,θ_pb
18,18,18,1,0.656,2.745,10.518,1.4444444444444429,3.388169571975981e7,3.388169571975981e7,3.388169571975981e7
