instance,it_bb,it_box,p_true_pb,runtime_bb,runtime_box,runtime_pb,zeta_box,θ_bb,θ_box,θ_pb
11,25088,64,1,3600.107,3600.048,9.851,8.46153846153846,1.0e20,2.309733410089027e7,3.43069168442236e7
