instance,it_bb,it_box,p_true_pb,runtime_bb,runtime_box,runtime_pb,zeta_box,θ_bb,θ_box,θ_pb
37,64719,92,1,3600.032,98.026,10.693,0.33333333333335324,2.3192552394450378e7,2.229698766889588e7,2.4462804496373005e7
