instance,it_bb,it_box,p_true_pb,runtime_bb,runtime_box,runtime_pb,zeta_box,θ_bb,θ_box,θ_pb
9,22724,58,1,3600.166,3600.05,11.142,12.857142857142858,1.0e20,2.8055244769490898e7,4.725021439767641e7
