instance,it_bb,it_box,p_true_pb,runtime_bb,runtime_box,runtime_pb,zeta_box,θ_bb,θ_box,θ_pb
14,20090,32,1,3600.005,3600.056,11.731,12.923076923076925,1.0e20,1.2687107677208513e7,3.2147285966865826e7
