instance,it_bb,it_box,p_true_pb,runtime_bb,runtime_box,runtime_pb,zeta_box,θ_bb,θ_box,θ_pb
1,26865,123,1,3600.028,3600.035,12.479,2.750000000000005,1.0e20,3.037254564251992e7,3.802154965672184e7
