instance,it_bb,it_box,p_true_pb,runtime_bb,runtime_box,runtime_pb,zeta_box,θ_bb,θ_box,θ_pb
13,24847,41,1,3600.065,3600.05,10.465,11.285714285714286,1.0e20,1.62851818503253e7,3.0132975358277902e7
