instance,it_bb,it_box,p_true_pb,runtime_bb,runtime_box,runtime_pb,zeta_box,θ_bb,θ_box,θ_pb
43,20538,34,1,3600.219,3600.026,9.112,14.545454545454547,1.0e20,1.4597223436331008e7,4.289262235331333e7
