instance,it_bb,it_box,p_true_pb,runtime_bb,runtime_box,runtime_pb,zeta_box,θ_bb,θ_box,θ_pb
41,15,13,1,1.035,3.44,13.387,0.6666666666666643,3.02081283694394e7,3.02081283694394e7,3.0208128369439404e7
