instance,it_bb,it_box,p_true_pb,runtime_bb,runtime_box,runtime_pb,zeta_box,θ_bb,θ_box,θ_pb
13,30808,135,1,3600.065,3600.039,18.766,0.0,3.013297535827789e7,2.7696759625840466e7,3.0132975358277902e7
