instance,it_bb,it_box,p_true_pb,runtime_bb,runtime_box,runtime_pb,zeta_box,θ_bb,θ_box,θ_pb
29,28427,70,1,3600.188,3600.035,8.989,0.0,2.702138608933597e7,1.9489675373518985e7,2.7021386089335974e7
