instance,it_bb,it_box,p_true_pb,runtime_bb,runtime_box,runtime_pb,zeta_box,θ_bb,θ_box,θ_pb
40,25209,64,1,3600.118,3600.043,9.878,11.818181818181817,1.0e20,2.2558698701107554e7,3.7029738931704625e7
