instance,it_bb,it_box,p_true_pb,runtime_bb,runtime_box,runtime_pb,zeta_box,θ_bb,θ_box,θ_pb
33,22191,47,1,3600.187,3600.038,10.163,12.333333333333329,1.0e20,1.508193038701024e7,3.0724301776407897e7
