instance,it_bb,it_box,p_true_pb,runtime_bb,runtime_box,runtime_pb,zeta_box,θ_bb,θ_box,θ_pb
31,30322,142,1,3600.104,3600.043,9.771,1.46153846153846,1.0e20,3.3121681076101154e7,3.9676677903174594e7
