instance,it_bb,it_box,p_true_pb,runtime_bb,runtime_box,runtime_pb,zeta_box,θ_bb,θ_box,θ_pb
15,23535,65,1,3600.103,3600.029,11.837,10.916666666666664,1.0e20,2.1122802402223863e7,3.6039196450050615e7
