instance,it_bb,it_box,p_true_pb,runtime_bb,runtime_box,runtime_pb,zeta_box,θ_bb,θ_box,θ_pb
36,22904,45,1,3600.021,3600.034,9.84,9.083333333333334,2.6257670327304006e7,1.3321882251909623e7,2.6257670327304006e7
