instance,it_bb,it_box,p_true_pb,runtime_bb,runtime_box,runtime_pb,zeta_box,θ_bb,θ_box,θ_pb
18,24654,58,1,3600.151,3600.052,9.6,11.09090909090909,1.0e20,1.9347021807207685e7,3.388169571975981e7
