instance,it_bb,it_box,p_true_pb,runtime_bb,runtime_box,runtime_pb,zeta_box,θ_bb,θ_box,θ_pb
30,36355,162,1,3600.111,569.799,10.096,5.2953094667328345e-6,2.993803378271561e7,2.6287143480337307e7,3.0181426469540834e7
