instance,it_bb,it_box,p_true_pb,runtime_bb,runtime_box,runtime_pb,zeta_box,θ_bb,θ_box,θ_pb
46,35164,180,1,3600.04,3600.022,10.013,0.33333333346668326,3.3355082323095478e7,2.8077620965944327e7,3.335508232309548e7
