instance,it_bb,it_box,p_true_pb,runtime_bb,runtime_box,runtime_pb,zeta_box,θ_bb,θ_box,θ_pb
38,18078,31,1,3600.162,3600.03,11.653,13.285714285714285,1.0e20,1.293477553073997e7,3.449035022841368e7
