instance,it_bb,it_box,p_true_pb,runtime_bb,runtime_box,runtime_pb,zeta_box,θ_bb,θ_box,θ_pb
3,17686,29,1,3600.197,3600.023,9.361,14.923076923076904,1.0e20,1.2689180025137572e7,3.875913035571566e7
