instance,it_bb,it_box,p_true_pb,runtime_bb,runtime_box,runtime_pb,zeta_box,θ_bb,θ_box,θ_pb
10,31835,188,1,3600.001,3600.028,10.145,0.0,3.140277207766393e7,2.7604147893212542e7,3.1529393560833253e7
