instance,it_bb,it_box,p_true_pb,runtime_bb,runtime_box,runtime_pb,zeta_box,θ_bb,θ_box,θ_pb
7,17,16,1,0.743,2.766,11.13,0.29999999999999716,4.0906641704874374e7,4.0906641704874374e7,4.0906641704874374e7
