instance,it_bb,it_box,p_true_pb,runtime_bb,runtime_box,runtime_pb,zeta_box,θ_bb,θ_box,θ_pb
6,35310,149,1,3600.089,3600.02,8.845,0.0,3.251505391343576e7,2.8753097191170786e7,3.2515053913435765e7
