instance,it_bb,it_box,p_true_pb,runtime_bb,runtime_box,runtime_pb,zeta_box,θ_bb,θ_box,θ_pb
30,16582,31,1,3600.01,3600.102,11.145,12.35714285714286,3.0181426469540842e7,1.1927400208603585e7,3.0181426469540834e7
