instance,it_bb,it_box,p_true_pb,runtime_bb,runtime_box,runtime_pb,zeta_box,θ_bb,θ_box,θ_pb
23,15,13,1,0.823,3.17,12.371,0.7142857142857153,3.5714939207072705e7,3.5714939207072705e7,3.5714939207072705e7
