instance,it_bb,it_box,p_true_pb,runtime_bb,runtime_box,runtime_pb,zeta_box,θ_bb,θ_box,θ_pb
18,18607,35,1,3600.049,3600.036,11.101,12.842105263157896,1.0e20,1.4536028474568043e7,3.388169571975981e7
