instance,it_bb,it_box,p_true_pb,runtime_bb,runtime_box,runtime_pb,zeta_box,θ_bb,θ_box,θ_pb
22,20169,29,1,3600.172,3600.059,9.523,10.363636363636363,1.0e20,8.195521681191487e6,2.2853837401475627e7
