instance,it_bb,it_box,p_true_pb,runtime_bb,runtime_box,runtime_pb,zeta_box,θ_bb,θ_box,θ_pb
40,34795,147,1,3600.049,3600.027,9.578,1.444444444688898,3.7029738931704625e7,3.0645445705356076e7,3.7029738931704625e7
