instance,it_bb,it_box,p_true_pb,runtime_bb,runtime_box,runtime_pb,zeta_box,θ_bb,θ_box,θ_pb
20,25764,66,1,3600.104,3600.044,9.631,8.750000000975007,1.0e20,2.163778999356406e7,3.443816908555472e7
