instance,it_bb,it_box,p_true_pb,runtime_bb,runtime_box,runtime_pb,zeta_box,θ_bb,θ_box,θ_pb
46,18463,44,1,3600.077,3600.042,10.73,10.499999999999982,1.0e20,1.5200521597371774e7,3.335508232309548e7
