instance,it_bb,it_box,p_true_pb,runtime_bb,runtime_box,runtime_pb,zeta_box,θ_bb,θ_box,θ_pb
36,34385,142,1,3600.001,322.877,10.596,0.0,2.600150940849301e7,2.3055620202774417e7,2.6257670327304006e7
