instance,it_bb,it_box,p_true_pb,runtime_bb,runtime_box,runtime_pb,zeta_box,θ_bb,θ_box,θ_pb
12,18866,36,1,3600.002,3600.029,10.984,12.384615384615385,2.2966722601175733e7,1.731341867427679e7,4.255744399749081e7
