instance,it_bb,it_box,p_true_pb,runtime_bb,runtime_box,runtime_pb,zeta_box,θ_bb,θ_box,θ_pb
25,29233,72,1,3600.001,3600.031,8.863,0.0,1.7338316823508933e7,1.6457563189697811e7,2.347916888536596e7
