instance,it_bb,it_box,p_true_pb,runtime_bb,runtime_box,runtime_pb,zeta_box,θ_bb,θ_box,θ_pb
13,26045,58,1,3600.218,3600.042,10.818,9.692307692307693,3.013599425350395e7,2.1157435890295926e7,3.0132975358277902e7
