instance,it_bb,it_box,p_true_pb,runtime_bb,runtime_box,runtime_pb,zeta_box,θ_bb,θ_box,θ_pb
29,33275,116,1,3600.043,345.183,11.432,1.0000000000000213,2.6901832753957987e7,2.415211930315423e7,2.7021386089335974e7
