instance,it_bb,it_box,p_true_pb,runtime_bb,runtime_box,runtime_pb,zeta_box,θ_bb,θ_box,θ_pb
21,24701,67,1,3600.26,3600.039,12.345,10.928571428571429,1.0e20,2.4402487352126826e7,4.116295929027569e7
