instance,it_bb,it_box,p_true_pb,runtime_bb,runtime_box,runtime_pb,zeta_box,θ_bb,θ_box,θ_pb
10,16748,24,1,3600.13,3600.047,10.867,11.363636363636363,1.0e20,1.089049455672697e7,3.1529393560833253e7
