instance,it_bb,it_box,p_true_pb,runtime_bb,runtime_box,runtime_pb,zeta_box,θ_bb,θ_box,θ_pb
30,23465,74,1,3600.148,3600.062,9.39,0.0,3.018142646954083e7,2.0202494801092945e7,3.0181426469540834e7
