instance,it_bb,it_box,p_true_pb,runtime_bb,runtime_box,runtime_pb,zeta_box,θ_bb,θ_box,θ_pb
48,12,10,1,0.36,2.18,9.44,1.0000000002000036,2.4237056379126523e7,2.4237056379126523e7,2.4237056379126523e7
