instance,it_bb,it_box,p_true_pb,runtime_bb,runtime_box,runtime_pb,zeta_box,θ_bb,θ_box,θ_pb
13,36998,150,1,3600.125,3600.02,9.811,2.0,3.0132975358277887e7,2.782498742762473e7,3.0132975358277902e7
