instance,it_bb,it_box,p_true_pb,runtime_bb,runtime_box,runtime_pb,zeta_box,θ_bb,θ_box,θ_pb
10,29528,189,1,3600.003,3600.064,12.232,0.25,3.140277207766393e7,2.7730749017066304e7,3.1529393560833253e7
