instance,it_bb,it_box,p_true_pb,runtime_bb,runtime_box,runtime_pb,zeta_box,θ_bb,θ_box,θ_pb
32,35103,165,1,3600.08,3600.02,9.387,1.0,3.124225082420683e7,2.6972763818979148e7,3.1242250824206837e7
