instance,it_bb,it_box,p_true_pb,runtime_bb,runtime_box,runtime_pb,zeta_box,θ_bb,θ_box,θ_pb
25,29896,119,1,3600.121,730.214,9.639,0.0,2.3369461894425392e7,2.1065477107197084e7,2.347916888536596e7
