instance,it_bb,it_box,p_true_pb,runtime_bb,runtime_box,runtime_pb,zeta_box,θ_bb,θ_box,θ_pb
43,27936,63,1,3600.169,3600.034,9.395,12.666666666666666,1.0e20,2.548029519538041e7,4.289262235331333e7
