instance,it_bb,it_box,p_true_pb,runtime_bb,runtime_box,runtime_pb,zeta_box,θ_bb,θ_box,θ_pb
12,18085,33,1,3600.203,3600.033,10.893,13.769230769230766,1.0e20,1.3827174144246334e7,4.255744399749081e7
