instance,it_bb,it_box,p_true_pb,runtime_bb,runtime_box,runtime_pb,zeta_box,θ_bb,θ_box,θ_pb
16,24955,59,1,3600.011,3600.082,14.505,8.600000266026937,2.6343257451726146e7,1.9518955950776782e7,2.6343257451726142e7
