instance,it_bb,it_box,p_true_pb,runtime_bb,runtime_box,runtime_pb,zeta_box,θ_bb,θ_box,θ_pb
17,35199,144,1,3600.056,3600.027,9.084,0.0,3.699211939051354e7,3.1565317557724364e7,3.699211939051355e7
