instance,it_bb,it_box,p_true_pb,runtime_bb,runtime_box,runtime_pb,zeta_box,θ_bb,θ_box,θ_pb
8,19688,44,1,3600.187,3600.071,9.721,11.000000000000009,1.0e20,1.9079205771838687e7,4.044042896537971e7
