instance,it_bb,it_box,p_true_pb,runtime_bb,runtime_box,runtime_pb,zeta_box,θ_bb,θ_box,θ_pb
36,35674,142,1,3600.001,481.915,10.127,0.5,2.3954726764774837e7,2.3055620202774417e7,2.6257670327304006e7
