instance,it_bb,it_box,p_true_pb,runtime_bb,runtime_box,runtime_pb,zeta_box,θ_bb,θ_box,θ_pb
23,22651,66,1,3600.228,3600.059,14.818,8.615384616346155,1.0e20,2.3026419178556595e7,3.5714939207072705e7
