instance,it_bb,it_box,p_true_pb,runtime_bb,runtime_box,runtime_pb,zeta_box,θ_bb,θ_box,θ_pb
44,14327,30,1,3600.068,3600.061,9.928,15.333333333333329,1.0e20,1.821131325405581e7,5.534366370959462e7
