instance,it_bb,it_box,p_true_pb,runtime_bb,runtime_box,runtime_pb,zeta_box,θ_bb,θ_box,θ_pb
41,26872,64,1,3600.213,3600.043,9.772,9.249999999999996,1.0e20,1.9067179293682743e7,3.0208128369439404e7
