instance,it_bb,it_box,p_true_pb,runtime_bb,runtime_box,runtime_pb,zeta_box,θ_bb,θ_box,θ_pb
37,29028,79,1,3600.121,3600.044,9.309,6.0,2.4462804496373005e7,1.872963961898865e7,2.4462804496373005e7
