instance,it_bb,it_box,p_true_pb,runtime_bb,runtime_box,runtime_pb,zeta_box,θ_bb,θ_box,θ_pb
46,16,14,1,0.594,3.147,12.762,2.0,3.3355082323095486e7,3.3355082323095486e7,3.335508232309548e7
