instance,it_bb,it_box,p_true_pb,runtime_bb,runtime_box,runtime_pb,zeta_box,θ_bb,θ_box,θ_pb
34,14578,31,1,3600.211,3600.031,12.212,11.999999999999998,1.0e20,1.1458282610905668e7,3.1299513303699996e7
