instance,it_bb,it_box,p_true_pb,runtime_bb,runtime_box,runtime_pb,zeta_box,θ_bb,θ_box,θ_pb
30,33354,162,1,3600.031,1061.249,9.273,0.0,2.9942148524177995e7,2.6287143480337307e7,3.0181426469540834e7
