instance,it_bb,it_box,p_true_pb,runtime_bb,runtime_box,runtime_pb,zeta_box,θ_bb,θ_box,θ_pb
38,22895,48,1,3600.047,3600.029,9.603,11.899999999999999,1.0e20,1.6408103862938132e7,3.449035022841368e7
