instance,it_bb,it_box,p_true_pb,runtime_bb,runtime_box,runtime_pb,zeta_box,θ_bb,θ_box,θ_pb
44,29527,135,1,3600.121,3600.024,9.796,3.181818181818187,1.0e20,4.29659292375064e7,5.534366370959462e7
