instance,it_bb,it_box,p_true_pb,runtime_bb,runtime_box,runtime_pb,zeta_box,θ_bb,θ_box,θ_pb
44,19586,59,1,3600.101,3600.041,11.015,11.700000000000003,1.0e20,2.8684394126672227e7,5.534366370959462e7
