instance,it_bb,it_box,p_true_pb,runtime_bb,runtime_box,runtime_pb,zeta_box,θ_bb,θ_box,θ_pb
9,29904,156,1,3600.007,3600.039,10.917,0.0,4.725021439767641e7,3.999057658995035e7,4.725021439767641e7
