instance,it_bb,it_box,p_true_pb,runtime_bb,runtime_box,runtime_pb,zeta_box,θ_bb,θ_box,θ_pb
27,33024,135,1,3600.136,3600.029,9.485,3.8999999999999986,4.102686730507045e7,3.430730294323827e7,4.102686730507045e7
