instance,it_bb,it_box,p_true_pb,runtime_bb,runtime_box,runtime_pb,zeta_box,θ_bb,θ_box,θ_pb
31,18746,43,1,3600.022,3600.05,9.186,11.999999999999995,1.0e20,1.7711947175238896e7,3.9676677903174594e7
