instance,it_bb,it_box,p_true_pb,runtime_bb,runtime_box,runtime_pb,zeta_box,θ_bb,θ_box,θ_pb
44,15734,38,1,3600.157,3600.022,10.432,14.583333333333314,1.0e20,2.309081122286319e7,5.534366370959462e7
