instance,it_bb,it_box,p_true_pb,runtime_bb,runtime_box,runtime_pb,zeta_box,θ_bb,θ_box,θ_pb
6,27120,66,1,3600.084,3600.042,10.132,6.866666666666651,1.0e20,2.257268987665748e7,3.2515053913435765e7
