instance,it_bb,it_box,p_true_pb,runtime_bb,runtime_box,runtime_pb,zeta_box,θ_bb,θ_box,θ_pb
11,32001,94,1,3600.006,259.925,8.971,0.0,3.43069168442236e7,2.9579954126179375e7,3.43069168442236e7
