instance,it_bb,it_box,p_true_pb,runtime_bb,runtime_box,runtime_pb,zeta_box,θ_bb,θ_box,θ_pb
42,30159,81,1,3600.015,3600.038,8.909,7.846153846153847,2.1435871801913213e7,1.806410942270752e7,2.143587180191321e7
