instance,it_bb,it_box,p_true_pb,runtime_bb,runtime_box,runtime_pb,zeta_box,θ_bb,θ_box,θ_pb
11,23320,35,1,3600.059,3600.096,10.119,11.785714285714265,1.0e20,1.755974695380299e7,3.43069168442236e7
