instance,it_bb,it_box,p_true_pb,runtime_bb,runtime_box,runtime_pb,zeta_box,θ_bb,θ_box,θ_pb
33,13,12,1,0.724,2.537,9.478,0.4999999999999957,3.0724301776407894e7,3.0724301776407894e7,3.0724301776407897e7
