instance,it_bb,it_box,p_true_pb,runtime_bb,runtime_box,runtime_pb,zeta_box,θ_bb,θ_box,θ_pb
17,25947,60,1,3600.094,3600.035,9.698,13.333333333333336,1.0e20,2.3037492506765153e7,3.699211939051355e7
