instance,it_bb,it_box,p_true_pb,runtime_bb,runtime_box,runtime_pb,zeta_box,θ_bb,θ_box,θ_pb
23,32378,125,1,3600.15,935.961,11.555,0.8333333335166628,3.57149392070727e7,3.035145591726933e7,3.5714939207072705e7
