instance,it_bb,it_box,p_true_pb,runtime_bb,runtime_box,runtime_pb,zeta_box,θ_bb,θ_box,θ_pb
42,45093,127,1,3600.021,101.223,10.316,0.0,2.1315451703922886e7,2.1195031605932564e7,2.143587180191321e7
