instance,it_bb,it_box,p_true_pb,runtime_bb,runtime_box,runtime_pb,zeta_box,θ_bb,θ_box,θ_pb
24,30626,131,1,3600.131,3600.08,9.463,1.6363636363636367,1.0e20,2.7707924560703933e7,3.422068018489677e7
