instance,it_bb,it_box,p_true_pb,runtime_bb,runtime_box,runtime_pb,zeta_box,θ_bb,θ_box,θ_pb
32,28972,151,1,3600.056,3600.031,12.334,0.0,3.124225082420683e7,2.686879438103461e7,3.1242250824206837e7
