instance,it_bb,it_box,p_true_pb,runtime_bb,runtime_box,runtime_pb,zeta_box,θ_bb,θ_box,θ_pb
1,16960,40,1,3600.311,3600.074,13.516,12.100000000000001,1.0e20,2.193771074149377e7,3.802154965672184e7
