instance,it_bb,it_box,p_true_pb,runtime_bb,runtime_box,runtime_pb,zeta_box,θ_bb,θ_box,θ_pb
46,15244,29,1,3600.177,3600.047,10.87,12.214285714285714,1.0e20,1.1083975772287067e7,3.335508232309548e7
