instance,it_bb,it_box,p_true_pb,runtime_bb,runtime_box,runtime_pb,zeta_box,θ_bb,θ_box,θ_pb
33,30809,170,1,3600.03,1767.695,10.663,3.857142857142854,3.0615129026863366e7,2.6447824253960248e7,3.0724301776407897e7
