instance,it_bb,it_box,p_true_pb,runtime_bb,runtime_box,runtime_pb,zeta_box,θ_bb,θ_box,θ_pb
40,17,16,1,0.718,2.599,8.962,0.7999999999999972,3.702973893170463e7,3.702973893170463e7,3.7029738931704625e7
