instance,it_bb,it_box,p_true_pb,runtime_bb,runtime_box,runtime_pb,zeta_box,θ_bb,θ_box,θ_pb
30,29494,78,1,3600.129,3600.035,8.909,7.0,3.018142646954083e7,2.0445857395849176e7,3.0181426469540834e7
