instance,it_bb,it_box,p_true_pb,runtime_bb,runtime_box,runtime_pb,zeta_box,θ_bb,θ_box,θ_pb
15,32347,146,1,3600.077,3600.026,9.411,0.0,3.603919645005062e7,3.0549962687214762e7,3.6039196450050615e7
