instance,it_bb,it_box,p_true_pb,runtime_bb,runtime_box,runtime_pb,zeta_box,θ_bb,θ_box,θ_pb
29,18322,28,1,3600.23,3600.028,19.276,9.999999999999932,1.0e20,1.0045510220924491e7,2.7021386089335974e7
