instance,it_bb,it_box,p_true_pb,runtime_bb,runtime_box,runtime_pb,zeta_box,θ_bb,θ_box,θ_pb
30,24686,36,1,3600.163,3600.084,9.589,11.636363636363637,3.018142646954083e7,1.4604725426585268e7,3.0181426469540834e7
