instance,it_bb,it_box,p_true_pb,runtime_bb,runtime_box,runtime_pb,zeta_box,θ_bb,θ_box,θ_pb
32,15,14,1,0.499,2.53,10.034,1.5,3.1242250824206833e7,3.1242250824206833e7,3.1242250824206837e7
