instance,it_bb,it_box,p_true_pb,runtime_bb,runtime_box,runtime_pb,zeta_box,θ_bb,θ_box,θ_pb
34,29081,156,1,3600.156,3600.046,12.331,1.0,3.130414972331121e7,2.7520124963899627e7,3.1299513303699996e7
