instance,it_bb,it_box,p_true_pb,runtime_bb,runtime_box,runtime_pb,zeta_box,θ_bb,θ_box,θ_pb
25,12,12,1,0.535,3.436,13.77,0.7142857142857117,2.3479168885365956e7,2.3479168885365956e7,2.347916888536596e7
