instance,it_bb,it_box,p_true_pb,runtime_bb,runtime_box,runtime_pb,zeta_box,θ_bb,θ_box,θ_pb
48,27149,73,1,3600.127,3600.051,9.737,7.333333333333334,2.4237056379126523e7,1.6341689977168512e7,2.4237056379126523e7
