instance,it_bb,it_box,p_true_pb,runtime_bb,runtime_box,runtime_pb,zeta_box,θ_bb,θ_box,θ_pb
22,21259,44,1,3600.088,3600.039,9.923,9.399999999999999,1.0e20,1.2119993922921753e7,2.2853837401475627e7
