instance,it_bb,it_box,p_true_pb,runtime_bb,runtime_box,runtime_pb,zeta_box,θ_bb,θ_box,θ_pb
11,19281,29,1,3600.228,3600.119,9.751,12.642857142857142,1.0e20,1.3778414816900844e7,3.43069168442236e7
