instance,it_bb,it_box,p_true_pb,runtime_bb,runtime_box,runtime_pb,zeta_box,θ_bb,θ_box,θ_pb
3,29111,123,1,3600.133,3600.165,11.355,4.166666667183328,3.8759130355715655e7,3.1324811575321253e7,3.875913035571566e7
