instance,it_bb,it_box,p_true_pb,runtime_bb,runtime_box,runtime_pb,zeta_box,θ_bb,θ_box,θ_pb
24,19,18,1,0.868,3.189,12.371,0.22222222222222143,3.422068018489677e7,3.422068018489677e7,3.422068018489677e7
