instance,it_bb,it_box,p_true_pb,runtime_bb,runtime_box,runtime_pb,zeta_box,θ_bb,θ_box,θ_pb
8,24059,64,1,3600.206,3600.061,11.156,12.250000000000014,1.0e20,2.445297301373379e7,4.044042896537971e7
