instance,it_bb,it_box,p_true_pb,runtime_bb,runtime_box,runtime_pb,zeta_box,θ_bb,θ_box,θ_pb
8,30140,141,1,3600.002,3600.033,10.778,0.7272727272727266,4.044042896537971e7,3.3991849150662825e7,4.044042896537971e7
