instance,it_bb,it_box,p_true_pb,runtime_bb,runtime_box,runtime_pb,zeta_box,θ_bb,θ_box,θ_pb
7,26570,122,1,3600.142,3600.057,10.004,4.214285714285708,1.0e20,3.323682507184367e7,4.0906641704874374e7
