instance,it_bb,it_box,p_true_pb,runtime_bb,runtime_box,runtime_pb,zeta_box,θ_bb,θ_box,θ_pb
26,31353,149,1,3600.057,3600.03,11.282,0.0,2.672530009647819e7,2.3304741077838108e7,2.6832192565810695e7
