instance,it_bb,it_box,p_true_pb,runtime_bb,runtime_box,runtime_pb,zeta_box,θ_bb,θ_box,θ_pb
2,30087,129,1,3600.092,763.725,12.019,0.0,2.6510354318149243e7,2.3523351739288084e7,2.6510354318149246e7
