instance,it_bb,it_box,p_true_pb,runtime_bb,runtime_box,runtime_pb,zeta_box,θ_bb,θ_box,θ_pb
36,27311,67,1,3600.141,3600.046,9.727,9.571428571428571,2.6257670327304006e7,1.793238865972043e7,2.6257670327304006e7
