instance,it_bb,it_box,p_true_pb,runtime_bb,runtime_box,runtime_pb,zeta_box,θ_bb,θ_box,θ_pb
20,34541,161,1,3600.041,1209.066,10.052,0.13333333333333286,3.443816908555472e7,2.9340689094847642e7,3.443816908555472e7
