instance,it_bb,it_box,p_true_pb,runtime_bb,runtime_box,runtime_pb,zeta_box,θ_bb,θ_box,θ_pb
10,25895,64,1,3600.251,3600.035,11.147,8.799999999999999,3.152939356083325e7,1.9880411658701032e7,3.1529393560833253e7
