instance,it_bb,it_box,p_true_pb,runtime_bb,runtime_box,runtime_pb,zeta_box,θ_bb,θ_box,θ_pb
36,19337,34,1,3600.032,3600.024,13.131,10.333333333333329,1.0e20,1.0887934359472506e7,2.6257670327304006e7
