instance,it_bb,it_box,p_true_pb,runtime_bb,runtime_box,runtime_pb,zeta_box,θ_bb,θ_box,θ_pb
28,18,17,1,0.642,2.571,9.866,0.30000000000001015,5.0115598674463645e7,5.0115598674463645e7,5.011559867446363e7
