instance,it_bb,it_box,p_true_pb,runtime_bb,runtime_box,runtime_pb,zeta_box,θ_bb,θ_box,θ_pb
17,16926,31,1,3600.101,3600.029,9.697,14.153846153846153,1.0e20,1.3291366752298571e7,3.699211939051355e7
