instance,it_bb,it_box,p_true_pb,runtime_bb,runtime_box,runtime_pb,zeta_box,θ_bb,θ_box,θ_pb
50,16,14,1,0.736,3.006,9.81,0.2500000000000129,3.2387721899424117e7,3.2387721899424117e7,3.2387721899424113e7
