instance,it_bb,it_box,p_true_pb,runtime_bb,runtime_box,runtime_pb,zeta_box,θ_bb,θ_box,θ_pb
24,15506,32,1,3600.258,3600.06,9.66,11.266666666666667,1.0e20,1.0819447584302722e7,3.422068018489677e7
