instance,it_bb,it_box,p_true_pb,runtime_bb,runtime_box,runtime_pb,zeta_box,θ_bb,θ_box,θ_pb
35,25636,61,1,3600.203,3600.051,8.512,9.437500001043752,1.0e20,2.7743233264313977e7,4.8237063959891394e7
