instance,it_bb,it_box,p_true_pb,runtime_bb,runtime_box,runtime_pb,zeta_box,θ_bb,θ_box,θ_pb
48,36379,180,1,3600.141,2557.288,9.695,0.0,2.4127397818129223e7,2.1605250915191174e7,2.4237056379126523e7
