instance,it_bb,it_box,p_true_pb,runtime_bb,runtime_box,runtime_pb,zeta_box,θ_bb,θ_box,θ_pb
41,33651,190,1,3600.028,3600.033,10.873,0.0,3.02081283694394e7,2.6188153245138258e7,3.0208128369439404e7
