instance,it_bb,it_box,p_true_pb,runtime_bb,runtime_box,runtime_pb,zeta_box,θ_bb,θ_box,θ_pb
33,17928,29,1,3600.144,3600.033,19.466,12.818181818181818,1.0e20,1.1030651816577552e7,3.0724301776407897e7
