instance,it_bb,it_box,p_true_pb,runtime_bb,runtime_box,runtime_pb,zeta_box,θ_bb,θ_box,θ_pb
46,33391,189,1,3600.001,3600.101,9.216,0.0,3.3355082323095478e7,2.8183086480096377e7,3.335508232309548e7
