instance,it_bb,it_box,p_true_pb,runtime_bb,runtime_box,runtime_pb,zeta_box,θ_bb,θ_box,θ_pb
43,33902,145,1,3600.029,3600.046,10.839,2.333333333333332,4.289262235331333e7,3.585073632000737e7,4.289262235331333e7
