instance,it_bb,it_box,p_true_pb,runtime_bb,runtime_box,runtime_pb,zeta_box,θ_bb,θ_box,θ_pb
27,25004,53,1,3600.062,3600.038,11.149,11.07142857142857,1.0e20,2.4404733439583853e7,4.102686730507045e7
