instance,it_bb,it_box,p_true_pb,runtime_bb,runtime_box,runtime_pb,zeta_box,θ_bb,θ_box,θ_pb
10,23057,48,1,3600.061,3600.037,10.316,10.0,3.1529393560833253e7,1.5575147086821e7,3.1529393560833253e7
