instance,it_bb,it_box,p_true_pb,runtime_bb,runtime_box,runtime_pb,zeta_box,θ_bb,θ_box,θ_pb
39,25036,52,1,3600.135,3600.078,9.593,9.0,1.972177369838127e7,1.2913340199006304e7,1.9721773698381275e7
