instance,it_bb,it_box,p_true_pb,runtime_bb,runtime_box,runtime_pb,zeta_box,θ_bb,θ_box,θ_pb
45,23696,66,1,3600.043,3600.07,9.806,7.153846153846148,1.0e20,1.8358492805688843e7,2.839344410421381e7
