instance,it_bb,it_box,p_true_pb,runtime_bb,runtime_box,runtime_pb,zeta_box,θ_bb,θ_box,θ_pb
15,19856,27,1,3600.122,3600.03,9.253,14.799999999999999,1.0e20,1.1337732361539064e7,3.6039196450050615e7
