instance,it_bb,it_box,p_true_pb,runtime_bb,runtime_box,runtime_pb,zeta_box,θ_bb,θ_box,θ_pb
19,29473,92,1,3600.012,173.231,12.726,0.0,3.029489483328909e7,2.647563583151907e7,3.055830708104828e7
