instance,it_bb,it_box,p_true_pb,runtime_bb,runtime_box,runtime_pb,zeta_box,θ_bb,θ_box,θ_pb
16,10,11,1,0.514,3.172,13.399,2.0,2.6343257451726146e7,2.6343257451726146e7,2.6343257451726142e7
