instance,it_bb,it_box,p_true_pb,runtime_bb,runtime_box,runtime_pb,zeta_box,θ_bb,θ_box,θ_pb
38,15,15,1,0.476,2.258,9.462,1.0000000002000036,3.449035022841368e7,3.449035022841368e7,3.449035022841368e7
