instance,it_bb,it_box,p_true_pb,runtime_bb,runtime_box,runtime_pb,zeta_box,θ_bb,θ_box,θ_pb
34,26522,60,1,3600.136,3600.043,9.541,8.846153846153847,1.0e20,2.031573018458775e7,3.1299513303699996e7
