instance,it_bb,it_box,p_true_pb,runtime_bb,runtime_box,runtime_pb,zeta_box,θ_bb,θ_box,θ_pb
25,25522,36,1,3600.168,3600.022,9.949,10.636363636363637,1.0e20,1.1301147783730803e7,2.347916888536596e7
