instance,it_bb,it_box,p_true_pb,runtime_bb,runtime_box,runtime_pb,zeta_box,θ_bb,θ_box,θ_pb
10,23683,64,1,3600.269,3600.039,12.752,8.799999999999999,3.152939356083325e7,2.0133471159925155e7,3.1529393560833253e7
