instance,it_bb,it_box,p_true_pb,runtime_bb,runtime_box,runtime_pb,zeta_box,θ_bb,θ_box,θ_pb
48,20380,30,1,3600.092,3600.068,9.541,10.142857142857142,1.0e20,9.652567486318577e6,2.4237056379126523e7
