instance,it_bb,it_box,p_true_pb,runtime_bb,runtime_box,runtime_pb,zeta_box,θ_bb,θ_box,θ_pb
5,29230,165,1,3600.116,3600.069,12.107,0.0,2.4745898361904047e7,2.250569922711193e7,2.4745898361904055e7
