instance,it_bb,it_box,p_true_pb,runtime_bb,runtime_box,runtime_pb,zeta_box,θ_bb,θ_box,θ_pb
22,13,13,1,0.549,3.307,12.188,1.1428571428571423,2.285383740147562e7,2.285383740147562e7,2.2853837401475627e7
