instance,it_bb,it_box,p_true_pb,runtime_bb,runtime_box,runtime_pb,zeta_box,θ_bb,θ_box,θ_pb
39,30445,82,1,3600.192,3600.041,9.137,6.0,1.972177369838127e7,1.5613193076276401e7,1.9721773698381275e7
