instance,it_bb,it_box,p_true_pb,runtime_bb,runtime_box,runtime_pb,zeta_box,θ_bb,θ_box,θ_pb
8,27767,134,1,3600.111,3600.07,12.032,0.0,4.044042896537971e7,3.399161512095838e7,4.044042896537971e7
