instance,it_bb,it_box,p_true_pb,runtime_bb,runtime_box,runtime_pb,zeta_box,θ_bb,θ_box,θ_pb
7,21344,43,1,3600.129,3600.024,9.772,13.058823529411768,1.0e20,1.7432044276837125e7,4.0906641704874374e7
