instance,it_bb,it_box,p_true_pb,runtime_bb,runtime_box,runtime_pb,zeta_box,θ_bb,θ_box,θ_pb
27,17223,26,1,3600.089,3600.036,10.196,14.666666666666641,1.0e20,1.2615685847106546e7,4.102686730507045e7
