instance,it_bb,it_box,p_true_pb,runtime_bb,runtime_box,runtime_pb,zeta_box,θ_bb,θ_box,θ_pb
38,30293,145,1,3600.133,2380.492,9.876,6.0,3.449035022841368e7,2.9700278105692882e7,3.449035022841368e7
