instance,it_bb,it_box,p_true_pb,runtime_bb,runtime_box,runtime_pb,zeta_box,θ_bb,θ_box,θ_pb
18,31735,120,1,3600.13,3600.028,10.334,4.333333333333336,1.0e20,2.78675006225303e7,3.388169571975981e7
