instance,it_bb,it_box,p_true_pb,runtime_bb,runtime_box,runtime_pb,zeta_box,θ_bb,θ_box,θ_pb
10,22389,62,1,3600.028,3600.056,12.404,0.0,3.152939356083325e7,1.9753640309468403e7,3.1529393560833253e7
