instance,it_bb,it_box,p_true_pb,runtime_bb,runtime_box,runtime_pb,zeta_box,θ_bb,θ_box,θ_pb
30,26848,74,1,3600.029,3600.059,11.049,7.5,3.018142646954083e7,2.020246463078825e7,3.0181426469540834e7
