instance,it_bb,it_box,p_true_pb,runtime_bb,runtime_box,runtime_pb,zeta_box,θ_bb,θ_box,θ_pb
5,21185,46,1,3600.002,3600.039,10.757,10.384616768256336,1.181562839210163e7,1.283206681605165e7,2.4745898361904055e7
