instance,it_bb,it_box,p_true_pb,runtime_bb,runtime_box,runtime_pb,zeta_box,θ_bb,θ_box,θ_pb
47,20,19,1,1.311,4.097,14.326,0.8333333333333321,4.520740293721809e7,4.520740293721809e7,4.52074029372181e7
