instance,it_bb,it_box,p_true_pb,runtime_bb,runtime_box,runtime_pb,zeta_box,θ_bb,θ_box,θ_pb
29,26883,69,1,3600.217,3600.086,10.752,8.0,2.702138608933597e7,1.9489675373518743e7,2.7021386089335974e7
