instance,it_bb,it_box,p_true_pb,runtime_bb,runtime_box,runtime_pb,zeta_box,θ_bb,θ_box,θ_pb
50,13899,34,1,3600.167,3600.071,10.632,11.384615384615381,1.0e20,1.2421049434787938e7,3.2387721899424113e7
