instance,it_bb,it_box,p_true_pb,runtime_bb,runtime_box,runtime_pb,zeta_box,θ_bb,θ_box,θ_pb
37,62865,92,1,3600.011,80.968,11.041,0.0,2.3192552394450378e7,2.229698766889588e7,2.4462804496373005e7
