instance,it_bb,it_box,p_true_pb,runtime_bb,runtime_box,runtime_pb,zeta_box,θ_bb,θ_box,θ_pb
3,21019,39,1,3600.046,3600.022,9.38,13.083333333333334,1.0e20,1.6753646004672386e7,3.875913035571566e7
