instance,it_bb,it_box,p_true_pb,runtime_bb,runtime_box,runtime_pb,zeta_box,θ_bb,θ_box,θ_pb
13,26059,58,1,3600.168,3600.037,11.955,9.692307692307693,3.013599425350395e7,2.1157435890295926e7,3.0132975358277902e7
