instance,it_bb,it_box,p_true_pb,runtime_bb,runtime_box,runtime_pb,zeta_box,θ_bb,θ_box,θ_pb
13,21720,25,1,3600.244,3600.026,9.973,12.615384615384615,1.0e20,1.1797319088219546e7,3.0132975358277902e7
