instance,it_bb,it_box,p_true_pb,runtime_bb,runtime_box,runtime_pb,zeta_box,θ_bb,θ_box,θ_pb
14,14,12,1,0.488,2.56,10.429,1.0000000002000036,3.214728596686583e7,3.214728596686583e7,3.2147285966865826e7
