instance,it_bb,it_box,p_true_pb,runtime_bb,runtime_box,runtime_pb,zeta_box,θ_bb,θ_box,θ_pb
47,17371,42,1,3600.107,3600.025,11.272,13.846153846153847,1.0e20,1.8699388753222324e7,4.52074029372181e7
