instance,it_bb,it_box,p_true_pb,runtime_bb,runtime_box,runtime_pb,zeta_box,θ_bb,θ_box,θ_pb
5,18388,32,1,3600.083,3600.048,10.023,11.916666666666668,1.0e20,9.573701483764615e6,2.4745898361904055e7
