instance,it_bb,it_box,p_true_pb,runtime_bb,runtime_box,runtime_pb,zeta_box,θ_bb,θ_box,θ_pb
48,20990,42,1,3600.166,3600.04,10.737,10.0,2.4237056379126523e7,1.184583956311215e7,2.4237056379126523e7
