instance,it_bb,it_box,p_true_pb,runtime_bb,runtime_box,runtime_pb,zeta_box,θ_bb,θ_box,θ_pb
32,14731,30,1,3600.211,3600.045,11.358,13.999999999999998,1.0e20,1.1039662842452595e7,3.1242250824206837e7
