instance,it_bb,it_box,p_true_pb,runtime_bb,runtime_box,runtime_pb,zeta_box,θ_bb,θ_box,θ_pb
37,18896,34,1,3600.101,3600.026,11.245,10.0,2.4462804496373005e7,1.121393075785579e7,2.4462804496373005e7
