instance,it_bb,it_box,p_true_pb,runtime_bb,runtime_box,runtime_pb,zeta_box,θ_bb,θ_box,θ_pb
1,22484,61,1,3600.176,3600.045,10.214,9.399999999999993,1.0e20,2.1598696999699365e7,3.802154965672184e7
