instance,it_bb,it_box,p_true_pb,runtime_bb,runtime_box,runtime_pb,zeta_box,θ_bb,θ_box,θ_pb
8,18884,30,1,3600.116,3600.037,10.255,12.692307692307693,1.0e20,1.3168272327735694e7,4.044042896537971e7
