instance,it_bb,it_box,p_true_pb,runtime_bb,runtime_box,runtime_pb,zeta_box,θ_bb,θ_box,θ_pb
49,15,15,1,0.631,3.149,11.951,0.9999999999999996,2.819190354669616e7,2.819190354669616e7,2.8191903546696153e7
