instance,it_bb,it_box,p_true_pb,runtime_bb,runtime_box,runtime_pb,zeta_box,θ_bb,θ_box,θ_pb
20,34016,161,1,3600.126,886.013,8.921,0.0,3.443816908555472e7,2.9340689094847642e7,3.443816908555472e7
