instance,it_bb,it_box,p_true_pb,runtime_bb,runtime_box,runtime_pb,zeta_box,θ_bb,θ_box,θ_pb
49,36291,137,1,3600.001,3600.027,8.919,0.0,2.819190354669616e7,2.402634186188466e7,2.8191903546696153e7
