instance,it_bb,it_box,p_true_pb,runtime_bb,runtime_box,runtime_pb,zeta_box,θ_bb,θ_box,θ_pb
19,37208,92,1,3600.135,145.181,10.063,6.734659938211476e-6,3.029489483328909e7,2.647563583151907e7,3.055830708104828e7
