instance,it_bb,it_box,p_true_pb,runtime_bb,runtime_box,runtime_pb,zeta_box,θ_bb,θ_box,θ_pb
34,21431,43,1,3600.209,3600.032,10.024,11.333333333333332,1.0e20,1.4883032333302727e7,3.1299513303699996e7
