instance,it_bb,it_box,p_true_pb,runtime_bb,runtime_box,runtime_pb,zeta_box,θ_bb,θ_box,θ_pb
16,25784,35,1,3600.219,3600.063,10.303,10.642857142857142,1.0e20,1.392315157947925e7,2.6343257451726142e7
