instance,it_bb,it_box,p_true_pb,runtime_bb,runtime_box,runtime_pb,zeta_box,θ_bb,θ_box,θ_pb
19,13,12,1,0.512,3.306,13.616,1.0,3.0558307081048287e7,3.0558307081048287e7,3.055830708104828e7
