instance,it_bb,it_box,p_true_pb,runtime_bb,runtime_box,runtime_pb,zeta_box,θ_bb,θ_box,θ_pb
50,38193,157,1,3600.079,3600.088,8.923,0.0,3.238772189942411e7,2.8491598698086668e7,3.2387721899424113e7
