instance,it_bb,it_box,p_true_pb,runtime_bb,runtime_box,runtime_pb,zeta_box,θ_bb,θ_box,θ_pb
13,14,11,1,0.599,3.223,12.543,2.0,3.0132975358277906e7,3.0132975358277906e7,3.0132975358277902e7
