instance,it_bb,it_box,p_true_pb,runtime_bb,runtime_box,runtime_pb,zeta_box,θ_bb,θ_box,θ_pb
41,22659,45,1,3600.084,3600.024,9.698,10.454545454545455,1.0e20,1.4243746804737741e7,3.0208128369439404e7
