instance,it_bb,it_box,p_true_pb,runtime_bb,runtime_box,runtime_pb,zeta_box,θ_bb,θ_box,θ_pb
7,25614,60,1,3600.058,3600.033,10.328,8.545454545454543,1.0e20,2.3707538043215018e7,4.0906641704874374e7
