instance,it_bb,it_box,p_true_pb,runtime_bb,runtime_box,runtime_pb,zeta_box,θ_bb,θ_box,θ_pb
3,20655,58,1,3600.041,3600.03,10.782,9.153846153846153,1.0e20,2.180962624008346e7,3.875913035571566e7
