instance,it_bb,it_box,p_true_pb,runtime_bb,runtime_box,runtime_pb,zeta_box,θ_bb,θ_box,θ_pb
13,24195,57,1,3600.203,3600.05,11.789,0.0,3.013599425350395e7,2.0644576213658802e7,3.0132975358277902e7
