instance,it_bb,it_box,p_true_pb,runtime_bb,runtime_box,runtime_pb,zeta_box,θ_bb,θ_box,θ_pb
47,24899,62,1,3600.191,3600.022,10.119,11.230769230769232,1.0e20,2.5325989803771082e7,4.52074029372181e7
