instance,it_bb,it_box,p_true_pb,runtime_bb,runtime_box,runtime_pb,zeta_box,θ_bb,θ_box,θ_pb
33,26192,63,1,3600.179,3600.025,9.638,7.666666666666666,1.0e20,2.025818573462812e7,3.0724301776407897e7
