instance,it_bb,it_box,p_true_pb,runtime_bb,runtime_box,runtime_pb,zeta_box,θ_bb,θ_box,θ_pb
20,16763,27,1,3600.131,3600.054,10.156,12.999999999999996,1.0e20,1.1782589117797356e7,3.443816908555472e7
