instance,it_bb,it_box,p_true_pb,runtime_bb,runtime_box,runtime_pb,zeta_box,θ_bb,θ_box,θ_pb
37,31055,79,1,3600.001,3600.042,9.121,6.0,2.1787378924148865e7,1.8602462729649622e7,2.4462804496373005e7
