instance,it_bb,it_box,p_true_pb,runtime_bb,runtime_box,runtime_pb,zeta_box,θ_bb,θ_box,θ_pb
10,12,11,1,0.483,2.804,12.244,1.0000000002000036,3.1529393560833253e7,3.1529393560833253e7,3.1529393560833253e7
