instance,it_bb,it_box,p_true_pb,runtime_bb,runtime_box,runtime_pb,zeta_box,θ_bb,θ_box,θ_pb
30,10,10,1,0.326,2.022,9.069,1.0000000002000036,3.0181426469540842e7,3.0181426469540842e7,3.0181426469540834e7
