instance,it_bb,it_box,p_true_pb,runtime_bb,runtime_box,runtime_pb,zeta_box,θ_bb,θ_box,θ_pb
20,22201,44,1,3600.051,3600.042,9.955,11.764705882352946,1.0e20,1.6087236543988733e7,3.443816908555472e7
