instance,it_bb,it_box,p_true_pb,runtime_bb,runtime_box,runtime_pb,zeta_box,θ_bb,θ_box,θ_pb
36,10,13,1,0.301,2.011,9.028,0.8333333333333321,2.6257670327304006e7,2.6257670327304006e7,2.6257670327304006e7
