instance,it_bb,it_box,p_true_pb,runtime_bb,runtime_box,runtime_pb,zeta_box,θ_bb,θ_box,θ_pb
4,28833,148,1,3600.027,2218.946,11.028,0.3999999999999986,2.848289548488075e7,2.513882954653564e7,2.848289548488076e7
