instance,it_bb,it_box,p_true_pb,runtime_bb,runtime_box,runtime_pb,zeta_box,θ_bb,θ_box,θ_pb
50,20833,41,1,3600.171,3600.048,10.371,11.1875,1.0e20,1.5830261628231049e7,3.2387721899424113e7
