instance,it_bb,it_box,p_true_pb,runtime_bb,runtime_box,runtime_pb,zeta_box,θ_bb,θ_box,θ_pb
27,32258,117,1,3600.093,3600.029,10.813,0.0,4.103011171136481e7,3.4071370271690995e7,4.102686730507045e7
