instance,it_bb,it_box,p_true_pb,runtime_bb,runtime_box,runtime_pb,zeta_box,θ_bb,θ_box,θ_pb
19,27199,81,1,3600.001,3600.048,9.623,6.0,2.2128796790537816e7,2.1602179773443982e7,3.055830708104828e7
