instance,it_bb,it_box,p_true_pb,runtime_bb,runtime_box,runtime_pb,zeta_box,θ_bb,θ_box,θ_pb
39,26803,81,1,3600.243,3600.077,10.87,5.0,1.972177369838127e7,1.5495849236975428e7,1.9721773698381275e7
