instance,it_bb,it_box,p_true_pb,runtime_bb,runtime_box,runtime_pb,zeta_box,θ_bb,θ_box,θ_pb
37,22898,44,1,3600.127,3600.046,11.087,10.846153846153847,2.4462804496373005e7,1.4398139455263875e7,2.4462804496373005e7
