instance,it_bb,it_box,p_true_pb,runtime_bb,runtime_box,runtime_pb,zeta_box,θ_bb,θ_box,θ_pb
2,14,13,1,0.726,3.237,12.59,0.500000000000009,2.6510354318149246e7,2.6510354318149246e7,2.6510354318149246e7
