instance,it_bb,it_box,p_true_pb,runtime_bb,runtime_box,runtime_pb,zeta_box,θ_bb,θ_box,θ_pb
47,18059,30,1,3600.001,3600.026,9.634,14.90909090909091,1.7873401374010183e7,1.4321277334290184e7,4.52074029372181e7
