instance,it_bb,it_box,p_true_pb,runtime_bb,runtime_box,runtime_pb,zeta_box,θ_bb,θ_box,θ_pb
39,64499,84,1,3600.002,41.43,9.512,0.8000001988034491,1.8903992662377473e7,1.8547891251114942e7,1.9721773698381275e7
