instance,it_bb,it_box,p_true_pb,runtime_bb,runtime_box,runtime_pb,zeta_box,θ_bb,θ_box,θ_pb
17,27697,135,1,3600.131,3600.037,12.504,1.0000000000000024,3.699211939051354e7,3.145454494290072e7,3.699211939051355e7
