instance,it_bb,it_box,p_true_pb,runtime_bb,runtime_box,runtime_pb,zeta_box,θ_bb,θ_box,θ_pb
16,20942,26,1,3600.188,3600.051,10.3,10.538461538461538,2.6343257451726146e7,1.0920222534936491e7,2.6343257451726142e7
