instance,it_bb,it_box,p_true_pb,runtime_bb,runtime_box,runtime_pb,zeta_box,θ_bb,θ_box,θ_pb
28,15928,31,1,3600.002,3600.027,9.461,15.33333333333333,1.0e20,1.825989018067864e7,5.011559867446363e7
