instance,it_bb,it_box,p_true_pb,runtime_bb,runtime_box,runtime_pb,zeta_box,θ_bb,θ_box,θ_pb
19,28883,82,1,3600.103,3600.046,9.315,0.0,3.0558307081048287e7,2.160228124432038e7,3.055830708104828e7
