instance,it_bb,it_box,p_true_pb,runtime_bb,runtime_box,runtime_pb,zeta_box,θ_bb,θ_box,θ_pb
35,20178,43,1,3600.04,3600.039,10.262,13.928571428571429,1.0e20,2.0370638751804326e7,4.8237063959891394e7
