instance,it_bb,it_box,p_true_pb,runtime_bb,runtime_box,runtime_pb,zeta_box,θ_bb,θ_box,θ_pb
26,31858,159,1,3600.129,3600.032,9.969,2.23076923076923,2.672530009647819e7,2.3411764784615982e7,2.6832192565810695e7
