instance,it_bb,it_box,p_true_pb,runtime_bb,runtime_box,runtime_pb,zeta_box,θ_bb,θ_box,θ_pb
19,25520,80,1,3600.092,3600.034,13.748,6.0,3.0558307081048287e7,2.1207672166826595e7,3.055830708104828e7
