instance,it_bb,it_box,p_true_pb,runtime_bb,runtime_box,runtime_pb,zeta_box,θ_bb,θ_box,θ_pb
21,17760,33,1,3600.088,3600.031,11.975,13.99999999999999,1.0e20,1.331119273408698e7,4.116295929027569e7
