instance,it_bb,it_box,p_true_pb,runtime_bb,runtime_box,runtime_pb,zeta_box,θ_bb,θ_box,θ_pb
48,25565,72,1,3600.112,3600.054,11.897,8.0,2.4237056379126523e7,1.6341906480367532e7,2.4237056379126523e7
