instance,it_bb,it_box,p_true_pb,runtime_bb,runtime_box,runtime_pb,zeta_box,θ_bb,θ_box,θ_pb
4,22122,41,1,3600.214,3600.046,10.218,11.666666666666671,1.0e20,1.4070416788057517e7,2.848289548488076e7
