instance,it_bb,it_box,p_true_pb,runtime_bb,runtime_box,runtime_pb,zeta_box,θ_bb,θ_box,θ_pb
35,18,17,1,0.726,2.615,9.399,1.0,4.8237063959891394e7,4.8237063959891394e7,4.8237063959891394e7
