instance,it_bb,it_box,p_true_pb,runtime_bb,runtime_box,runtime_pb,zeta_box,θ_bb,θ_box,θ_pb
48,26529,72,1,3600.069,3600.043,9.166,0.0,2.4237056379126523e7,1.6122695558558926e7,2.4237056379126523e7
