instance,it_bb,it_box,p_true_pb,runtime_bb,runtime_box,runtime_pb,zeta_box,θ_bb,θ_box,θ_pb
5,12,12,1,0.557,2.821,12.497,2.0,2.4745898361904055e7,2.4745898361904055e7,2.4745898361904055e7
