instance,it_bb,it_box,p_true_pb,runtime_bb,runtime_box,runtime_pb,zeta_box,θ_bb,θ_box,θ_pb
11,14,13,1,0.551,3.186,13.755,1.4444444444444429,3.43069168442236e7,3.43069168442236e7,3.43069168442236e7
