instance,it_bb,it_box,p_true_pb,runtime_bb,runtime_box,runtime_pb,zeta_box,θ_bb,θ_box,θ_pb
43,32952,148,1,3600.001,3600.02,9.228,0.0,4.289262235331333e7,3.5978737267614365e7,4.289262235331333e7
