instance,it_bb,it_box,p_true_pb,runtime_bb,runtime_box,runtime_pb,zeta_box,θ_bb,θ_box,θ_pb
32,25771,57,1,3600.019,3600.044,10.42,9.666666666666664,1.0e20,1.92669923760431e7,3.1242250824206837e7
