instance,it_bb,it_box,p_true_pb,runtime_bb,runtime_box,runtime_pb,zeta_box,θ_bb,θ_box,θ_pb
34,32940,163,1,3600.013,3600.019,10.604,0.0,3.12995133037e7,2.752012499340427e7,3.1299513303699996e7
