instance,it_bb,it_box,p_true_pb,runtime_bb,runtime_box,runtime_pb,zeta_box,θ_bb,θ_box,θ_pb
2,35832,129,1,3600.113,628.417,9.8,0.3999999999999897,2.6510354318149243e7,2.3523351739288084e7,2.6510354318149246e7
