instance,it_bb,it_box,p_true_pb,runtime_bb,runtime_box,runtime_pb,zeta_box,θ_bb,θ_box,θ_pb
24,17874,41,1,3600.071,3600.046,9.777,10.285714285714288,1.0e20,1.5013596996895825e7,3.422068018489677e7
