instance,it_bb,it_box,p_true_pb,runtime_bb,runtime_box,runtime_pb,zeta_box,θ_bb,θ_box,θ_pb
25,25075,70,1,3600.073,3600.054,14.503,8.538461538461538,2.3479168885365956e7,1.6457541506482463e7,2.347916888536596e7
