instance,it_bb,it_box,p_true_pb,runtime_bb,runtime_box,runtime_pb,zeta_box,θ_bb,θ_box,θ_pb
15,19942,44,1,3600.217,3600.052,10.501,11.285714285714283,1.0e20,1.634958880130629e7,3.6039196450050615e7
