instance,it_bb,it_box,p_true_pb,runtime_bb,runtime_box,runtime_pb,zeta_box,θ_bb,θ_box,θ_pb
50,26154,59,1,3600.277,3600.042,11.849,10.333333333333332,1.0e20,2.09428820554234e7,3.2387721899424113e7
