instance,it_bb,it_box,p_true_pb,runtime_bb,runtime_box,runtime_pb,zeta_box,θ_bb,θ_box,θ_pb
41,19223,36,1,3600.215,3600.029,9.759,12.384615384615385,1.0e20,1.1257358325018672e7,3.0208128369439404e7
