instance,it_bb,it_box,p_true_pb,runtime_bb,runtime_box,runtime_pb,zeta_box,θ_bb,θ_box,θ_pb
5,34598,173,1,3600.081,3600.034,9.889,0.36363636363636354,2.4745898361904047e7,2.2607504338343382e7,2.4745898361904055e7
