it_bb,it_box,p_true_pb,runtime_bb,runtime_box,runtime_pb,zeta_box,θ_bb,θ_box,θ_pb
46693,135,1,7200.088,7200.036,4.056,4619.0,2.7253222951100002e10,1.6126302353e10,2.72532229511e10
