it_bb,it_box,p_true_pb,runtime_bb,runtime_box,runtime_pb,zeta_box,θ_bb,θ_box,θ_pb
26042,90,1,347.941,28.339,4.724,0.5,1.95762978092e10,1.9576286594600002e10,2.72532229511e10
