it_bb,it_box,p_true_pb,runtime_bb,runtime_box,runtime_pb,zeta_box,θ_bb,θ_box,θ_pb
10,6,1,0.277,1.358,4.51,7450.342899999989,2.72563903558e10,2.72563903558e10,2.72532229511e10
