it_bb,it_box,p_true_pb,runtime_bb,runtime_box,runtime_pb,zeta_box,θ_bb,θ_box,θ_pb
39959,85,1,7200.049,7200.208,4.295,6213.333333333334,2.7253222951100002e10,1.09294563157e10,2.72532229511e10
