it_bb,it_box,p_true_pb,runtime_bb,runtime_box,runtime_pb,zeta_box,θ_bb,θ_box,θ_pb
38120,57,7,7200.058,7200.029,4.106,7450.333333333334,2.7253222951100002e10,8.125391466700001e9,1.57378523856e10
