instance,it_bb,it_box,p_true_pb,runtime_bb,runtime_box,runtime_pb,zeta_box,θ_bb,θ_box,θ_pb
23,32412,102,1,3600.018,3600.07,9.771,4.0,1.799142531257892e7,1.1840381716671314e7,1.810189724257906e7
