instance,it_bb,it_box,p_true_pb,runtime_bb,runtime_box,runtime_pb,zeta_box,θ_bb,θ_box,θ_pb
34,32033,82,1,3600.011,3600.062,12.852,0.0,1.4844520235222008e7,1.0229187014612144e7,1.4844520235222012e7
