instance,it_bb,it_box,p_true_pb,runtime_bb,runtime_box,runtime_pb,zeta_box,θ_bb,θ_box,θ_pb
29,24926,36,1,3600.109,3600.045,10.19,10.800000001180003,1.8649274432141673e7,6.962624537959497e6,1.8649274432141677e7
