instance,it_bb,it_box,p_true_pb,runtime_bb,runtime_box,runtime_pb,zeta_box,θ_bb,θ_box,θ_pb
11,32684,50,1,3600.19,3600.072,10.165,7.142857142857142,1.5870275997912716e7,8.51873323408959e6,1.5870275997912716e7
