instance,it_bb,it_box,p_true_pb,runtime_bb,runtime_box,runtime_pb,zeta_box,θ_bb,θ_box,θ_pb
21,23584,36,1,3600.07,3600.038,10.253,13.142857144271431,2.7358676144571036e7,9.284746475930236e6,2.7358676144571036e7
