instance,it_bb,it_box,p_true_pb,runtime_bb,runtime_box,runtime_pb,zeta_box,θ_bb,θ_box,θ_pb
4,30247,53,1,3600.063,3600.043,10.737,9.200000001020001,2.278917246192929e7,1.1203929083161458e7,2.2789172461929295e7
