instance,it_bb,it_box,p_true_pb,runtime_bb,runtime_box,runtime_pb,zeta_box,θ_bb,θ_box,θ_pb
50,36180,86,1,3600.08,3600.049,8.72,0.0,2.393898684079921e7,1.4801341048352225e7,2.3938986840799216e7
