instance,it_bb,it_box,p_true_pb,runtime_bb,runtime_box,runtime_pb,zeta_box,θ_bb,θ_box,θ_pb
44,34109,108,1,3600.015,3600.052,9.638,0.0,1.4942312036287803e7,1.0182061129015736e7,1.4942312036287801e7
