instance,it_bb,it_box,p_true_pb,runtime_bb,runtime_box,runtime_pb,zeta_box,θ_bb,θ_box,θ_pb
40,24255,35,1,3600.162,3600.045,10.034,10.750000001175003,1.808635961296585e7,5.993915998591327e6,1.8086359612965845e7
