instance,it_bb,it_box,p_true_pb,runtime_bb,runtime_box,runtime_pb,zeta_box,θ_bb,θ_box,θ_pb
7,35642,77,1,3600.054,3600.055,9.253,11.0,2.250189160741965e7,1.3866134040771028e7,2.250189160741965e7
