instance,it_bb,it_box,p_true_pb,runtime_bb,runtime_box,runtime_pb,zeta_box,θ_bb,θ_box,θ_pb
39,31117,98,1,3600.13,3600.107,12.198,0.0,1.309682074831536e7,1.0115702929649051e7,1.320329140154901e7
