instance,it_bb,it_box,p_true_pb,runtime_bb,runtime_box,runtime_pb,zeta_box,θ_bb,θ_box,θ_pb
12,8,8,1,0.317,2.486,10.735,3.666666666666668,1.9681988076863516e7,1.9681988076863516e7,1.9681988076863516e7
