instance,it_bb,it_box,p_true_pb,runtime_bb,runtime_box,runtime_pb,zeta_box,θ_bb,θ_box,θ_pb
5,31233,88,1,3600.119,3600.042,11.357,0.0,2.108138566946154e7,1.2193313054557135e7,2.108138566946154e7
