instance,it_bb,it_box,p_true_pb,runtime_bb,runtime_box,runtime_pb,zeta_box,θ_bb,θ_box,θ_pb
4,31646,86,1,3600.165,3600.074,12.683,0.0,2.278917246192929e7,1.4896058456100097e7,2.2789172461929295e7
