instance,it_bb,it_box,p_true_pb,runtime_bb,runtime_box,runtime_pb,zeta_box,θ_bb,θ_box,θ_pb
13,35349,86,1,3600.169,3600.046,9.105,6.000000000000027,2.4666194985802673e7,1.4676609309750278e7,2.4666194985802673e7
