instance,it_bb,it_box,p_true_pb,runtime_bb,runtime_box,runtime_pb,zeta_box,θ_bb,θ_box,θ_pb
15,53096,142,1,3600.118,330.758,8.92,0.499999301526599,2.0766058223815497e7,1.7266201083873928e7,2.134936774713909e7
