instance,it_bb,it_box,p_true_pb,runtime_bb,runtime_box,runtime_pb,zeta_box,θ_bb,θ_box,θ_pb
34,32519,56,1,3600.186,3600.05,9.605,8.0,1.4844520235222008e7,7.983928706113313e6,1.4844520235222012e7
