instance,it_bb,it_box,p_true_pb,runtime_bb,runtime_box,runtime_pb,zeta_box,θ_bb,θ_box,θ_pb
43,34647,94,1,3600.059,3600.064,9.739,0.0,1.113279925168699e7,8.56385546164922e6,1.1499793802055247e7
