instance,it_bb,it_box,p_true_pb,runtime_bb,runtime_box,runtime_pb,zeta_box,θ_bb,θ_box,θ_pb
33,23289,38,1,3600.051,3600.086,11.511,9.75,1.8758754034785554e7,6.546778925520323e6,1.8758754034785554e7
