instance,it_bb,it_box,p_true_pb,runtime_bb,runtime_box,runtime_pb,zeta_box,θ_bb,θ_box,θ_pb
10,30138,82,1,3600.07,3600.057,10.953,0.0,2.3286741316262413e7,1.447574041194379e7,2.3286741316262413e7
