instance,it_bb,it_box,p_true_pb,runtime_bb,runtime_box,runtime_pb,zeta_box,θ_bb,θ_box,θ_pb
24,27337,40,1,3600.183,3600.042,20.253,9.199999999999998,1.5657292358062223e7,6.285295505736677e6,1.5657292358062226e7
