instance,it_bb,it_box,p_true_pb,runtime_bb,runtime_box,runtime_pb,zeta_box,θ_bb,θ_box,θ_pb
9,33731,87,1,3600.108,3600.031,9.408,0.0,1.5350711659527801e7,1.0233960327697583e7,1.53507116595278e7
