instance,it_bb,it_box,p_true_pb,runtime_bb,runtime_box,runtime_pb,zeta_box,θ_bb,θ_box,θ_pb
50,47983,111,1,3600.029,168.128,11.626,0.9999999999999926,2.316678558540577e7,1.9563167672860734e7,2.3938986840799216e7
