instance,it_bb,it_box,p_true_pb,runtime_bb,runtime_box,runtime_pb,zeta_box,θ_bb,θ_box,θ_pb
16,25244,35,1,3600.223,3600.06,10.076,11.5,2.2022823619037822e7,7.220891178208077e6,2.202282361903782e7
