instance,it_bb,it_box,p_true_pb,runtime_bb,runtime_box,runtime_pb,zeta_box,θ_bb,θ_box,θ_pb
25,32437,110,1,3600.14,3600.051,10.717,2.0,1.3616627421736717e7,9.707737934930166e6,1.3993792541624032e7
