instance,it_bb,it_box,p_true_pb,runtime_bb,runtime_box,runtime_pb,zeta_box,θ_bb,θ_box,θ_pb
31,31639,88,1,3600.008,3600.077,9.695,0.0,1.3491731265130565e7,8.45515465000795e6,1.3491731265130566e7
