instance,it_bb,it_box,p_true_pb,runtime_bb,runtime_box,runtime_pb,zeta_box,θ_bb,θ_box,θ_pb
8,30686,91,1,3600.132,3600.029,12.471,7.75,1.6921059088727824e7,1.1280837406516585e7,1.6921059088727828e7
