instance,it_bb,it_box,p_true_pb,runtime_bb,runtime_box,runtime_pb,zeta_box,θ_bb,θ_box,θ_pb
44,32940,75,1,410.625,21.64,9.803,0.8,1.2562156579180012e7,1.256215657918001e7,1.4942312036287801e7
