instance,it_bb,it_box,p_true_pb,runtime_bb,runtime_box,runtime_pb,zeta_box,θ_bb,θ_box,θ_pb
45,36534,84,1,3600.045,3600.115,11.213,7.4,1.7927393362780776e7,1.135087021677054e7,1.7927393362780776e7
