instance,it_bb,it_box,p_true_pb,runtime_bb,runtime_box,runtime_pb,zeta_box,θ_bb,θ_box,θ_pb
39,38994,101,1,3600.103,3600.045,9.726,7.0,1.2777408788614413e7,1.011566428186424e7,1.320329140154901e7
