instance,it_bb,it_box,p_true_pb,runtime_bb,runtime_box,runtime_pb,zeta_box,θ_bb,θ_box,θ_pb
34,35864,91,1,3600.077,3600.044,10.19,6.399999999999999,1.4844520235222008e7,1.0353922039843028e7,1.4844520235222012e7
