instance,it_bb,it_box,p_true_pb,runtime_bb,runtime_box,runtime_pb,zeta_box,θ_bb,θ_box,θ_pb
36,30603,74,1,3600.094,3600.051,11.778,0.0,2.1484647821136218e7,1.32308370648855e7,2.1484647821136214e7
