instance,it_bb,it_box,p_true_pb,runtime_bb,runtime_box,runtime_pb,zeta_box,θ_bb,θ_box,θ_pb
4,34959,82,1,3600.059,3600.062,9.932,6.5000000000000036,2.278917246192929e7,1.4895912552360881e7,2.2789172461929295e7
