instance,it_bb,it_box,p_true_pb,runtime_bb,runtime_box,runtime_pb,zeta_box,θ_bb,θ_box,θ_pb
27,36979,81,1,3600.013,3600.029,9.301,7.2499999999999964,2.133575193178398e7,1.3063044938860567e7,2.133575193178399e7
