instance,it_bb,it_box,p_true_pb,runtime_bb,runtime_box,runtime_pb,zeta_box,θ_bb,θ_box,θ_pb
6,33072,74,1,3600.01,3600.173,10.756,0.0,2.4883343318555765e7,1.4586948279408436e7,2.4883343318555765e7
