instance,it_bb,it_box,p_true_pb,runtime_bb,runtime_box,runtime_pb,zeta_box,θ_bb,θ_box,θ_pb
38,64446,65,1,1660.691,32.141,10.781,0.666666666666667,1.5242465747769644e7,1.5242465747769648e7,1.934108990716753e7
