instance,it_bb,it_box,p_true_pb,runtime_bb,runtime_box,runtime_pb,zeta_box,θ_bb,θ_box,θ_pb
26,33969,107,1,3600.06,3600.051,10.422,0.0,2.1226774264846735e7,1.3146758722262423e7,2.1226774264846735e7
