instance,it_bb,it_box,p_true_pb,runtime_bb,runtime_box,runtime_pb,zeta_box,θ_bb,θ_box,θ_pb
41,31729,53,1,3600.071,3600.083,10.433,8.2,1.6547143656877717e7,8.010193243404703e6,1.6547143656877715e7
