instance,it_bb,it_box,p_true_pb,runtime_bb,runtime_box,runtime_pb,zeta_box,θ_bb,θ_box,θ_pb
30,23514,31,1,3600.155,3600.036,10.277,9.714285714285715,1.9968585281847328e7,6.46756095211922e6,1.9968585281847328e7
