instance,it_bb,it_box,p_true_pb,runtime_bb,runtime_box,runtime_pb,zeta_box,θ_bb,θ_box,θ_pb
43,13680,64,1,133.021,17.417,9.486,1.5999999999999956,1.0276486160219401e7,1.0276486160219401e7,1.1499793802055247e7
