instance,it_bb,it_box,p_true_pb,runtime_bb,runtime_box,runtime_pb,zeta_box,θ_bb,θ_box,θ_pb
2,38166,93,1,3600.078,3600.021,8.948,6.750000000000007,1.5152066702086143e7,9.866560509401595e6,1.5152066702086143e7
