instance,it_bb,it_box,p_true_pb,runtime_bb,runtime_box,runtime_pb,zeta_box,θ_bb,θ_box,θ_pb
27,34625,77,1,3600.098,3600.072,10.548,0.0,2.133575193178398e7,1.3062963712036636e7,2.133575193178399e7
