instance,it_bb,it_box,p_true_pb,runtime_bb,runtime_box,runtime_pb,zeta_box,θ_bb,θ_box,θ_pb
20,38047,82,1,3600.034,3600.077,10.001,0.0,2.122793530704389e7,1.331472772482505e7,2.1227935307043895e7
