instance,it_bb,it_box,p_true_pb,runtime_bb,runtime_box,runtime_pb,zeta_box,θ_bb,θ_box,θ_pb
3,33995,111,1,3600.002,3600.049,9.119,2.3333333333333344,1.4327406806882747e7,9.827996479526076e6,1.432740680688275e7
