instance,it_bb,it_box,p_true_pb,runtime_bb,runtime_box,runtime_pb,zeta_box,θ_bb,θ_box,θ_pb
50,29850,60,1,3600.047,3600.058,10.158,11.4,2.393898684079921e7,1.1712992925797824e7,2.3938986840799216e7
