instance,it_bb,it_box,p_true_pb,runtime_bb,runtime_box,runtime_pb,zeta_box,θ_bb,θ_box,θ_pb
45,36458,85,1,3600.089,3600.06,8.777,0.0,1.7927393362780776e7,1.1350788712460306e7,1.7927393362780776e7
