instance,it_bb,it_box,p_true_pb,runtime_bb,runtime_box,runtime_pb,zeta_box,θ_bb,θ_box,θ_pb
38,32459,108,1,3600.068,3600.042,10.967,4.2,1.9341089907167528e7,1.2425240401856054e7,1.934108990716753e7
