instance,it_bb,it_box,p_true_pb,runtime_bb,runtime_box,runtime_pb,zeta_box,θ_bb,θ_box,θ_pb
5,32273,84,1,3600.105,3600.047,10.753,5.166666666666668,2.108138566946154e7,1.2193153891936542e7,2.108138566946154e7
