instance,it_bb,it_box,p_true_pb,runtime_bb,runtime_box,runtime_pb,zeta_box,θ_bb,θ_box,θ_pb
26,53820,107,1,3600.022,108.896,9.192,0.19999999999993154,2.0623760997994337e7,1.6885270150675736e7,2.1226774264846735e7
