instance,it_bb,it_box,p_true_pb,runtime_bb,runtime_box,runtime_pb,zeta_box,θ_bb,θ_box,θ_pb
3,31671,103,1,3600.184,3600.091,10.716,0.0,1.4327406806882747e7,9.827976149819732e6,1.432740680688275e7
