instance,it_bb,it_box,p_true_pb,runtime_bb,runtime_box,runtime_pb,zeta_box,θ_bb,θ_box,θ_pb
6,30000,52,1,3600.13,3600.03,9.504,10.285714286842861,2.488334331855577e7,1.090973850044949e7,2.4883343318555765e7
