instance,it_bb,it_box,p_true_pb,runtime_bb,runtime_box,runtime_pb,zeta_box,θ_bb,θ_box,θ_pb
30,36875,86,1,3600.11,3600.021,9.11,5.875,1.9968585281847328e7,1.2367169850949619e7,1.9968585281847328e7
