instance,it_bb,it_box,p_true_pb,runtime_bb,runtime_box,runtime_pb,zeta_box,θ_bb,θ_box,θ_pb
7,30581,76,1,3600.087,3600.054,10.916,0.0,2.250189160741965e7,1.3744603213900914e7,2.250189160741965e7
