instance,it_bb,it_box,p_true_pb,runtime_bb,runtime_box,runtime_pb,zeta_box,θ_bb,θ_box,θ_pb
21,31726,87,1,3600.12,3600.029,11.312,5.833333333333336,2.7358676144571036e7,1.6712419629270308e7,2.7358676144571036e7
