instance,it_bb,it_box,p_true_pb,runtime_bb,runtime_box,runtime_pb,zeta_box,θ_bb,θ_box,θ_pb
28,24134,36,1,3600.08,3600.044,11.695,10.333333333333332,1.9986732980411146e7,6.777254690119797e6,1.998673298041115e7
