instance,it_bb,it_box,p_true_pb,runtime_bb,runtime_box,runtime_pb,zeta_box,θ_bb,θ_box,θ_pb
10,30660,82,1,3600.194,3600.068,12.179,4.750000000000003,2.3286741316262413e7,1.4475739449499382e7,2.3286741316262413e7
