instance,it_bb,it_box,p_true_pb,runtime_bb,runtime_box,runtime_pb,zeta_box,θ_bb,θ_box,θ_pb
13,29120,84,1,3600.176,3600.063,10.539,0.0,2.4666194985802673e7,1.4676576126985876e7,2.4666194985802673e7
