instance,it_bb,it_box,p_true_pb,runtime_bb,runtime_box,runtime_pb,zeta_box,θ_bb,θ_box,θ_pb
28,35085,83,1,3600.138,3600.04,9.366,0.0,1.9986732980411146e7,1.2061038436713418e7,1.998673298041115e7
