instance,it_bb,it_box,p_true_pb,runtime_bb,runtime_box,runtime_pb,zeta_box,θ_bb,θ_box,θ_pb
6,30319,76,1,3600.043,3600.08,11.049,8.499999999999998,2.4883343318555765e7,1.4709524253338313e7,2.4883343318555765e7
