instance,it_bb,it_box,p_true_pb,runtime_bb,runtime_box,runtime_pb,zeta_box,θ_bb,θ_box,θ_pb
42,37619,103,1,3600.124,3600.05,8.986,5.199999999999999,1.26867935633309e7,8.991796946282383e6,1.2809960117232518e7
