instance,it_bb,it_box,p_true_pb,runtime_bb,runtime_box,runtime_pb,zeta_box,θ_bb,θ_box,θ_pb
35,30390,87,1,3600.076,3600.053,11.599,6.0,2.8948196416712712e7,1.700730371642491e7,2.894819641671272e7
