instance,it_bb,it_box,p_true_pb,runtime_bb,runtime_box,runtime_pb,zeta_box,θ_bb,θ_box,θ_pb
33,33952,79,1,3600.036,3600.056,9.311,0.0,1.8758754034785554e7,1.1330843706233602e7,1.8758754034785554e7
