instance,it_bb,it_box,p_true_pb,runtime_bb,runtime_box,runtime_pb,zeta_box,θ_bb,θ_box,θ_pb
16,32804,76,1,3600.048,3600.032,9.742,0.0,2.2022823619037822e7,1.2636231972561501e7,2.202282361903782e7
