instance,it_bb,it_box,p_true_pb,runtime_bb,runtime_box,runtime_pb,zeta_box,θ_bb,θ_box,θ_pb
3,25013,35,1,3600.049,3600.091,10.277,9.714285714285714,1.4327406806882747e7,5.565506053270721e6,1.432740680688275e7
