instance,it_bb,it_box,p_true_pb,runtime_bb,runtime_box,runtime_pb,zeta_box,θ_bb,θ_box,θ_pb
17,9,8,1,0.356,2.742,11.476,3.3999999999999986,1.9372216846974783e7,1.9372216846974783e7,1.9372216846974783e7
