instance,it_bb,it_box,p_true_pb,runtime_bb,runtime_box,runtime_pb,zeta_box,θ_bb,θ_box,θ_pb
48,31506,87,1,3600.126,3600.079,9.266,6.571428571428571,2.0346584062492393e7,1.2948267273692803e7,2.0346584062492397e7
