instance,it_bb,it_box,p_true_pb,runtime_bb,runtime_box,runtime_pb,zeta_box,θ_bb,θ_box,θ_pb
23,36410,105,1,3600.09,3600.058,9.052,4.333333333333333,1.799142531257892e7,1.1840380521306349e7,1.810189724257906e7
