instance,it_bb,it_box,p_true_pb,runtime_bb,runtime_box,runtime_pb,zeta_box,θ_bb,θ_box,θ_pb
37,32835,80,1,3600.01,3600.044,11.171,0.0,2.153491770650269e7,1.3737920015083257e7,2.1534917706502695e7
