instance,it_bb,it_box,p_true_pb,runtime_bb,runtime_box,runtime_pb,zeta_box,θ_bb,θ_box,θ_pb
40,32375,86,1,3600.189,3600.038,10.158,0.0,1.8086359612965845e7,1.0725867979745759e7,1.8086359612965845e7
