instance,it_bb,it_box,p_true_pb,runtime_bb,runtime_box,runtime_pb,zeta_box,θ_bb,θ_box,θ_pb
45,38300,86,1,3600.049,3600.051,8.991,7.0,1.7927393362780776e7,1.135081574649239e7,1.7927393362780776e7
