instance,it_bb,it_box,p_true_pb,runtime_bb,runtime_box,runtime_pb,zeta_box,θ_bb,θ_box,θ_pb
7,31914,71,1,3600.134,3600.056,9.779,7.857142857142858,2.250189160741965e7,1.3622891762334373e7,2.250189160741965e7
