instance,it_bb,it_box,p_true_pb,runtime_bb,runtime_box,runtime_pb,zeta_box,θ_bb,θ_box,θ_pb
12,54187,97,1,3600.143,62.956,9.832,0.39999999999999686,1.9324144535633557e7,1.5865043145551683e7,1.9681988076863516e7
