instance,it_bb,it_box,p_true_pb,runtime_bb,runtime_box,runtime_pb,zeta_box,θ_bb,θ_box,θ_pb
39,37889,99,1,3600.072,3600.046,11.058,4.333333333333332,1.2777408788614413e7,1.000924811674158e7,1.320329140154901e7
