instance,it_bb,it_box,p_true_pb,runtime_bb,runtime_box,runtime_pb,zeta_box,θ_bb,θ_box,θ_pb
25,30320,107,1,3600.125,3600.048,11.876,0.0,1.3616627421736717e7,9.707734973018993e6,1.3993792541624032e7
