instance,it_bb,it_box,p_true_pb,runtime_bb,runtime_box,runtime_pb,zeta_box,θ_bb,θ_box,θ_pb
9,25731,40,1,3600.212,3600.065,11.272,9.0,1.5350711659527801e7,5.726385497798243e6,1.53507116595278e7
