instance,it_bb,it_box,p_true_pb,runtime_bb,runtime_box,runtime_pb,zeta_box,θ_bb,θ_box,θ_pb
32,23737,35,1,3600.192,3600.044,12.266,10.333333333333332,1.679136538197044e7,6.020029405501778e6,1.6791365381970443e7
