instance,it_bb,it_box,p_true_pb,runtime_bb,runtime_box,runtime_pb,zeta_box,θ_bb,θ_box,θ_pb
22,33108,92,1,3600.075,3600.076,9.436,3.2,1.657057633025472e7,1.0459945501022948e7,1.6570576330254719e7
