instance,it_bb,it_box,p_true_pb,runtime_bb,runtime_box,runtime_pb,zeta_box,θ_bb,θ_box,θ_pb
22,109014,108,1,2828.582,51.741,8.819,1.25,1.3280129552080061e7,1.3280129552080061e7,1.6570576330254719e7
