instance,it_bb,it_box,p_true_pb,runtime_bb,runtime_box,runtime_pb,zeta_box,θ_bb,θ_box,θ_pb
6,44959,141,1,3600.052,711.333,10.387,1.1999999999999993,2.4760766811834455e7,2.022543606314589e7,2.4883343318555765e7
