instance,it_bb,it_box,p_true_pb,runtime_bb,runtime_box,runtime_pb,zeta_box,θ_bb,θ_box,θ_pb
17,53701,127,1,3600.138,107.662,10.459,0.1999999999999993,1.8908220755764935e7,1.589221680832563e7,1.9372216846974783e7
