instance,it_bb,it_box,p_true_pb,runtime_bb,runtime_box,runtime_pb,zeta_box,θ_bb,θ_box,θ_pb
14,33173,53,1,3600.019,3600.043,9.034,12.0,2.1164588407332793e7,1.001242525909943e7,2.1164588407332797e7
