instance,it_bb,it_box,p_true_pb,runtime_bb,runtime_box,runtime_pb,zeta_box,θ_bb,θ_box,θ_pb
32,33051,83,1,3600.015,3600.03,11.779,6.833333333333333,1.679136538197044e7,1.024397741653582e7,1.6791365381970443e7
