instance,it_bb,it_box,p_true_pb,runtime_bb,runtime_box,runtime_pb,zeta_box,θ_bb,θ_box,θ_pb
9,37043,85,1,3600.072,3600.04,9.605,5.5,1.5350711659527801e7,1.0112118527779544e7,1.53507116595278e7
