instance,it_bb,it_box,p_true_pb,runtime_bb,runtime_box,runtime_pb,zeta_box,θ_bb,θ_box,θ_pb
27,34480,77,1,3600.001,3600.06,12.43,9.000000000000002,1.4044183081165243e7,1.3062963712036636e7,2.133575193178399e7
