instance,it_bb,it_box,p_true_pb,runtime_bb,runtime_box,runtime_pb,zeta_box,θ_bb,θ_box,θ_pb
21,25154,57,1,3600.023,3600.038,10.531,12.0,2.7358676144571036e7,1.21320247493783e7,2.7358676144571036e7
