instance,it_bb,it_box,p_true_pb,runtime_bb,runtime_box,runtime_pb,zeta_box,θ_bb,θ_box,θ_pb
38,26968,56,1,3600.001,3600.075,10.964,6.333333333333332,1.9341089907167528e7,9.606874047666859e6,1.934108990716753e7
