instance,it_bb,it_box,p_true_pb,runtime_bb,runtime_box,runtime_pb,zeta_box,θ_bb,θ_box,θ_pb
16,30403,74,1,3600.05,3600.049,12.446,8.0,2.2022823619037822e7,1.2636231972561494e7,2.202282361903782e7
