instance,it_bb,it_box,p_true_pb,runtime_bb,runtime_box,runtime_pb,zeta_box,θ_bb,θ_box,θ_pb
13,29637,51,1,3600.031,3600.023,9.541,10.571428571428577,2.4666194985802677e7,1.060674489687493e7,2.4666194985802673e7
