instance,it_bb,it_box,p_true_pb,runtime_bb,runtime_box,runtime_pb,zeta_box,θ_bb,θ_box,θ_pb
49,29938,57,1,3600.099,3600.044,9.728,10.2,2.2312748526964445e7,1.1040398416283514e7,2.231274852696445e7
