instance,it_bb,it_box,p_true_pb,runtime_bb,runtime_box,runtime_pb,zeta_box,θ_bb,θ_box,θ_pb
14,34353,92,1,3600.109,3600.071,12.225,4.0,2.1164588407332793e7,1.3560763854585387e7,2.1164588407332797e7
