instance,it_bb,it_box,p_true_pb,runtime_bb,runtime_box,runtime_pb,zeta_box,θ_bb,θ_box,θ_pb
23,37138,100,1,3600.129,3600.071,8.93,0.0,1.799142531257892e7,1.1840476564916883e7,1.810189724257906e7
