instance,it_bb,it_box,p_true_pb,runtime_bb,runtime_box,runtime_pb,zeta_box,θ_bb,θ_box,θ_pb
38,9,8,1,0.322,2.456,10.763,1.9999999999999334,1.9341089907167528e7,1.9341089907167528e7,1.934108990716753e7
