instance,it_bb,it_box,p_true_pb,runtime_bb,runtime_box,runtime_pb,zeta_box,θ_bb,θ_box,θ_pb
22,37621,87,1,3600.027,3600.023,8.769,0.0,1.657057633025472e7,1.0459746599358926e7,1.6570576330254719e7
