instance,it_bb,it_box,p_true_pb,runtime_bb,runtime_box,runtime_pb,zeta_box,θ_bb,θ_box,θ_pb
6,34593,77,1,3600.1,3600.09,9.439,13.8,2.4883343318555765e7,1.4709517016394826e7,2.4883343318555765e7
