instance,it_bb,it_box,p_true_pb,runtime_bb,runtime_box,runtime_pb,zeta_box,θ_bb,θ_box,θ_pb
17,31764,92,1,3600.214,3600.056,11.797,7.0,1.9372216846974783e7,1.2528228522419462e7,1.9372216846974783e7
