instance,it_bb,it_box,p_true_pb,runtime_bb,runtime_box,runtime_pb,zeta_box,θ_bb,θ_box,θ_pb
37,51611,152,1,3600.032,226.375,10.036,1.5492246099313438e-6,2.0297299025325008e7,1.8317110028409936e7,2.1534917706502695e7
