instance,it_bb,it_box,p_true_pb,runtime_bb,runtime_box,runtime_pb,zeta_box,θ_bb,θ_box,θ_pb
45,28566,57,1,3600.234,3600.065,11.742,8.8,1.792739336278078e7,8.486794862735476e6,1.7927393362780776e7
