instance,it_bb,it_box,p_true_pb,runtime_bb,runtime_box,runtime_pb,zeta_box,θ_bb,θ_box,θ_pb
16,31348,49,1,3600.071,3600.068,9.298,10.4,2.2022823619037822e7,9.386999546188438e6,2.202282361903782e7
