instance,it_bb,it_box,p_true_pb,runtime_bb,runtime_box,runtime_pb,zeta_box,θ_bb,θ_box,θ_pb
32,29605,46,1,3600.152,3600.056,10.323,7.666666666666666,1.679136538197044e7,7.604345382306956e6,1.6791365381970443e7
