instance,it_bb,it_box,p_true_pb,runtime_bb,runtime_box,runtime_pb,zeta_box,θ_bb,θ_box,θ_pb
15,28965,72,1,3600.094,3600.044,15.616,7.0,2.134936774713909e7,1.2833148429175783e7,2.134936774713909e7
