instance,it_bb,it_box,p_true_pb,runtime_bb,runtime_box,runtime_pb,zeta_box,θ_bb,θ_box,θ_pb
47,37175,76,1,3600.071,3600.024,19.095,6.5,2.25996195855954e7,1.3343796734573781e7,2.2599619585595403e7
