instance,it_bb,it_box,p_true_pb,runtime_bb,runtime_box,runtime_pb,zeta_box,θ_bb,θ_box,θ_pb
21,50047,159,1,3600.016,453.08,9.205,0.20000000000000284,2.723488196053963e7,2.1664160336203918e7,2.7358676144571036e7
