instance,it_bb,it_box,p_true_pb,runtime_bb,runtime_box,runtime_pb,zeta_box,θ_bb,θ_box,θ_pb
41,36279,79,1,3600.019,3600.054,11.749,5.5,1.6547143656877717e7,1.053965892911379e7,1.6547143656877715e7
