instance,it_bb,it_box,p_true_pb,runtime_bb,runtime_box,runtime_pb,zeta_box,θ_bb,θ_box,θ_pb
22,37585,95,1,3600.09,3600.026,9.988,7.5,1.657057633025472e7,1.057750702967568e7,1.6570576330254719e7
