instance,it_bb,it_box,p_true_pb,runtime_bb,runtime_box,runtime_pb,zeta_box,θ_bb,θ_box,θ_pb
31,11,10,1,0.351,2.387,10.709,2.0,1.3491731265130566e7,1.3491731265130566e7,1.3491731265130566e7
