instance,it_bb,it_box,p_true_pb,runtime_bb,runtime_box,runtime_pb,zeta_box,θ_bb,θ_box,θ_pb
13,10,9,1,0.257,1.865,8.383,2.75,2.4666194985802677e7,2.4666194985802677e7,2.4666194985802673e7
