instance,it_bb,it_box,p_true_pb,runtime_bb,runtime_box,runtime_pb,zeta_box,θ_bb,θ_box,θ_pb
23,29834,54,1,3600.171,3600.071,10.232,8.0,1.810189724257906e7,9.222014056785157e6,1.810189724257906e7
