instance,it_bb,it_box,p_true_pb,runtime_bb,runtime_box,runtime_pb,zeta_box,θ_bb,θ_box,θ_pb
36,39353,114,1,3600.165,218.084,13.248,1.200003199123928,2.136326825119135e7,1.7964640292735178e7,2.1484647821136214e7
