instance,it_bb,it_box,p_true_pb,runtime_bb,runtime_box,runtime_pb,zeta_box,θ_bb,θ_box,θ_pb
35,29257,56,1,3600.032,3600.028,11.266,10.000000001100005,2.894819641671272e7,1.2665365392434914e7,2.894819641671272e7
