instance,it_bb,it_box,p_true_pb,runtime_bb,runtime_box,runtime_pb,zeta_box,θ_bb,θ_box,θ_pb
39,31885,57,1,3600.137,3600.033,9.832,7.28571428571429,1.3203291401549008e7,7.8797876815573545e6,1.320329140154901e7
