instance,it_bb,it_box,p_true_pb,runtime_bb,runtime_box,runtime_pb,zeta_box,θ_bb,θ_box,θ_pb
36,33734,80,1,3600.182,3600.039,9.557,7.6,2.1484647821136218e7,1.3231235552403685e7,2.1484647821136214e7
