instance,it_bb,it_box,p_true_pb,runtime_bb,runtime_box,runtime_pb,zeta_box,θ_bb,θ_box,θ_pb
30,27551,56,1,3600.107,3600.058,8.836,9.375,1.9968585281847328e7,9.190431103087666e6,1.9968585281847328e7
