instance,it_bb,it_box,p_true_pb,runtime_bb,runtime_box,runtime_pb,zeta_box,θ_bb,θ_box,θ_pb
50,37378,91,1,3600.037,3600.046,9.216,5.500000000000001,2.393898684079921e7,1.505878088057437e7,2.3938986840799216e7
