instance,it_bb,it_box,p_true_pb,runtime_bb,runtime_box,runtime_pb,zeta_box,θ_bb,θ_box,θ_pb
25,15044,59,1,261.475,47.525,10.811,0.25,1.1346532500401894e7,1.1346532500401894e7,1.3993792541624032e7
