instance,it_bb,it_box,p_true_pb,runtime_bb,runtime_box,runtime_pb,zeta_box,θ_bb,θ_box,θ_pb
27,31005,52,1,3600.119,3600.057,10.33,9.833333333333332,2.1335751931783985e7,1.2845580192306371e7,2.133575193178399e7
