instance,it_bb,it_box,p_true_pb,runtime_bb,runtime_box,runtime_pb,zeta_box,θ_bb,θ_box,θ_pb
25,27534,56,1,3600.097,3600.059,9.355,7.2,1.3993792541624034e7,7.312467650194546e6,1.3993792541624032e7
