instance,it_bb,it_box,p_true_pb,runtime_bb,runtime_box,runtime_pb,zeta_box,θ_bb,θ_box,θ_pb
1,31819,103,1,3600.035,3600.044,11.647,0.0,2.02628260473599e7,1.3754414560501857e7,2.0262826047359906e7
