instance,it_bb,it_box,p_true_pb,runtime_bb,runtime_box,runtime_pb,zeta_box,θ_bb,θ_box,θ_pb
1,26178,33,1,3600.077,3600.029,11.582,12.600001594561633,2.02628260473599e7,7.9828134665348865e6,2.0262826047359906e7
