instance,it_bb,it_box,p_true_pb,runtime_bb,runtime_box,runtime_pb,zeta_box,θ_bb,θ_box,θ_pb
1,244001,90,1,3600.002,44.28,9.912,4.499854497908018e-6,1.6701607154901873e7,1.670160715490184e7,2.0262826047359906e7
