instance,it_bb,it_box,p_true_pb,runtime_bb,runtime_box,runtime_pb,zeta_box,θ_bb,θ_box,θ_pb
38,28462,36,1,3600.203,3600.04,11.053,10.0,1.9341089907167528e7,7.430079539556547e6,1.934108990716753e7
