instance,it_bb,it_box,p_true_pb,runtime_bb,runtime_box,runtime_pb,zeta_box,θ_bb,θ_box,θ_pb
11,31234,87,1,3600.044,3600.049,10.594,0.0,1.5870275997912716e7,1.0735849905051457e7,1.5870275997912716e7
