instance,it_bb,it_box,p_true_pb,runtime_bb,runtime_box,runtime_pb,zeta_box,θ_bb,θ_box,θ_pb
24,30986,103,1,3600.06,3600.035,11.25,0.0,1.5657292358062223e7,1.069564686541004e7,1.5657292358062226e7
