instance,it_bb,it_box,p_true_pb,runtime_bb,runtime_box,runtime_pb,zeta_box,θ_bb,θ_box,θ_pb
47,50067,212,1,3600.135,1831.322,9.643,0.42857142857145636,2.2238995127190262e7,1.8272126084733732e7,2.2599619585595403e7
