instance,it_bb,it_box,p_true_pb,runtime_bb,runtime_box,runtime_pb,zeta_box,θ_bb,θ_box,θ_pb
8,26460,39,1,3600.001,3600.06,9.973,10.833333334516666,1.2298192004705966e7,6.994311263774251e6,1.6921059088727828e7
