instance,it_bb,it_box,p_true_pb,runtime_bb,runtime_box,runtime_pb,zeta_box,θ_bb,θ_box,θ_pb
5,11,10,1,0.358,2.7,11.952,0.6666666666666679,2.108138566946154e7,2.108138566946154e7,2.108138566946154e7
