instance,it_bb,it_box,p_true_pb,runtime_bb,runtime_box,runtime_pb,zeta_box,θ_bb,θ_box,θ_pb
12,30402,49,1,3600.155,3600.059,9.556,8.5,1.9681988076863516e7,9.304700790814523e6,1.9681988076863516e7
