instance,it_bb,it_box,p_true_pb,runtime_bb,runtime_box,runtime_pb,zeta_box,θ_bb,θ_box,θ_pb
40,31897,52,1,3600.097,3600.023,9.516,8.999999999999993,1.808635961296585e7,7.886614564408156e6,1.8086359612965845e7
