instance,it_bb,it_box,p_true_pb,runtime_bb,runtime_box,runtime_pb,zeta_box,θ_bb,θ_box,θ_pb
48,56963,107,1,3600.009,204.066,9.677,1.3333333333333357,1.965696882130254e7,1.6531823591365434e7,2.0346584062492397e7
