instance,it_bb,it_box,p_true_pb,runtime_bb,runtime_box,runtime_pb,zeta_box,θ_bb,θ_box,θ_pb
41,31455,80,1,3600.058,3600.07,10.632,0.0,1.6547143656877717e7,1.0539659527765736e7,1.6547143656877715e7
