instance,it_bb,it_box,p_true_pb,runtime_bb,runtime_box,runtime_pb,zeta_box,θ_bb,θ_box,θ_pb
29,26776,49,1,3600.046,3600.066,10.324,9.333333335764708,1.8649274432141673e7,8.703191234243238e6,1.8649274432141677e7
