instance,it_bb,it_box,p_true_pb,runtime_bb,runtime_box,runtime_pb,zeta_box,θ_bb,θ_box,θ_pb
12,23060,31,1,3600.001,3600.042,13.356,9.833333333333334,1.956270689645353e7,7.0382484173846e6,1.9681988076863516e7
