instance,it_bb,it_box,p_true_pb,runtime_bb,runtime_box,runtime_pb,zeta_box,θ_bb,θ_box,θ_pb
6,26564,36,1,3600.172,3600.038,9.452,12.000000001300005,2.488334331855577e7,8.825865585395344e6,2.4883343318555765e7
