instance,it_bb,it_box,p_true_pb,runtime_bb,runtime_box,runtime_pb,zeta_box,θ_bb,θ_box,θ_pb
43,31464,60,1,3600.126,3600.084,9.786,7.0,1.1499793802055245e7,6.851263800485528e6,1.1499793802055247e7
