instance,it_bb,it_box,p_true_pb,runtime_bb,runtime_box,runtime_pb,zeta_box,θ_bb,θ_box,θ_pb
25,26220,39,1,3600.001,3600.087,10.116,8.666666666666666,1.3993792541624034e7,5.799901659661944e6,1.3993792541624032e7
