instance,it_bb,it_box,p_true_pb,runtime_bb,runtime_box,runtime_pb,zeta_box,θ_bb,θ_box,θ_pb
10,30303,55,1,3600.096,3600.044,9.941,8.142857142857144,2.3286741316262413e7,1.082538342203244e7,2.3286741316262413e7
