instance,it_bb,it_box,p_true_pb,runtime_bb,runtime_box,runtime_pb,zeta_box,θ_bb,θ_box,θ_pb
42,66912,78,1,1476.771,35.516,10.222,0.14285714285714413,1.0839295254806641e7,1.0839295254806638e7,1.2809960117232518e7
