instance,it_bb,it_box,p_true_pb,runtime_bb,runtime_box,runtime_pb,zeta_box,θ_bb,θ_box,θ_pb
17,20963,37,1,3600.033,3600.065,12.727,10.0,1.9372216846974783e7,7.308594530873276e6,1.9372216846974783e7
