instance,it_bb,it_box,p_true_pb,runtime_bb,runtime_box,runtime_pb,zeta_box,θ_bb,θ_box,θ_pb
41,52340,119,1,3600.132,213.625,10.363,0.8333333333333339,1.6230960165847586e7,1.3806888656786837e7,1.6547143656877715e7
