instance,it_bb,it_box,p_true_pb,runtime_bb,runtime_box,runtime_pb,zeta_box,θ_bb,θ_box,θ_pb
27,25422,38,1,3600.1,3600.043,9.848,11.166666667883337,2.1335751931783985e7,8.056096912296094e6,2.133575193178399e7
