instance,it_bb,it_box,p_true_pb,runtime_bb,runtime_box,runtime_pb,zeta_box,θ_bb,θ_box,θ_pb
47,37674,75,1,3600.023,3600.04,8.989,6.166666666666666,2.25996195855954e7,1.3343591819863494e7,2.2599619585595403e7
