instance,it_bb,it_box,p_true_pb,runtime_bb,runtime_box,runtime_pb,zeta_box,θ_bb,θ_box,θ_pb
23,25376,44,1,3600.026,3600.107,10.131,11.166666666666666,1.810189724257906e7,7.172660785712587e6,1.810189724257906e7
