instance,it_bb,it_box,p_true_pb,runtime_bb,runtime_box,runtime_pb,zeta_box,θ_bb,θ_box,θ_pb
28,35654,75,1,3600.127,3600.045,10.329,8.000000000900002,1.9986732980411146e7,1.1716688857924271e7,1.998673298041115e7
