instance,it_bb,it_box,p_true_pb,runtime_bb,runtime_box,runtime_pb,zeta_box,θ_bb,θ_box,θ_pb
46,24370,40,1,3600.178,3600.044,9.941,8.125,1.292998212511519e7,4.8358389162243e6,1.292998212511519e7
