instance,it_bb,it_box,p_true_pb,runtime_bb,runtime_box,runtime_pb,zeta_box,θ_bb,θ_box,θ_pb
20,53760,114,1,3600.074,116.524,9.401,0.6000000000000014,2.097672225005839e7,1.7334132881916538e7,2.1227935307043895e7
