instance,it_bb,it_box,p_true_pb,runtime_bb,runtime_box,runtime_pb,zeta_box,θ_bb,θ_box,θ_pb
37,37096,77,1,3600.062,3600.044,16.241,10.0,2.153491770650269e7,1.3614177045319356e7,2.1534917706502695e7
