instance,it_bb,it_box,p_true_pb,runtime_bb,runtime_box,runtime_pb,zeta_box,θ_bb,θ_box,θ_pb
14,25992,39,1,3600.161,3600.045,9.712,10.5,2.1164588407332793e7,8.491674889322277e6,2.1164588407332797e7
