instance,it_bb,it_box,p_true_pb,runtime_bb,runtime_box,runtime_pb,zeta_box,θ_bb,θ_box,θ_pb
35,42011,132,1,3600.039,453.852,12.474,0.5,2.8586352482261647e7,2.2193806336340196e7,2.894819641671272e7
