instance,it_bb,it_box,p_true_pb,runtime_bb,runtime_box,runtime_pb,zeta_box,θ_bb,θ_box,θ_pb
19,50832,126,1,3600.085,160.456,10.989,0.19999999999999707,1.604137957340248e7,1.4435312324808866e7,1.7413538647215843e7
