instance,it_bb,it_box,p_true_pb,runtime_bb,runtime_box,runtime_pb,zeta_box,θ_bb,θ_box,θ_pb
1,32831,56,1,3600.166,3600.052,9.183,8.5,2.02628260473599e7,1.031612271239846e7,2.0262826047359906e7
