instance,it_bb,it_box,p_true_pb,runtime_bb,runtime_box,runtime_pb,zeta_box,θ_bb,θ_box,θ_pb
49,48536,114,1,3600.009,195.59,9.663,0.16666655003501774,2.1847908929771412e7,1.847779107293584e7,2.231274852696445e7
