instance,it_bb,it_box,p_true_pb,runtime_bb,runtime_box,runtime_pb,zeta_box,θ_bb,θ_box,θ_pb
11,36518,87,1,3600.069,3600.043,9.182,4.833333333333334,1.5870275997912716e7,1.0735849905051457e7,1.5870275997912716e7
