instance,it_bb,it_box,p_true_pb,runtime_bb,runtime_box,runtime_pb,zeta_box,θ_bb,θ_box,θ_pb
13,33734,83,1,3600.067,3600.068,11.145,9.5,2.4666194985802673e7,1.4676576126985876e7,2.4666194985802673e7
