instance,it_bb,it_box,p_true_pb,runtime_bb,runtime_box,runtime_pb,zeta_box,θ_bb,θ_box,θ_pb
31,49359,110,1,3600.051,205.848,9.559,0.2857142857142865,1.3221914660748996e7,1.0793646554613335e7,1.3491731265130566e7
