instance,it_bb,it_box,p_true_pb,runtime_bb,runtime_box,runtime_pb,zeta_box,θ_bb,θ_box,θ_pb
18,53204,127,1,3600.135,236.122,9.203,0.3333333333333366,2.071111672064652e7,1.742176750869351e7,2.095477221514644e7
