instance,it_bb,it_box,p_true_pb,runtime_bb,runtime_box,runtime_pb,zeta_box,θ_bb,θ_box,θ_pb
40,50572,132,1,3600.001,285.803,9.241,0.5,1.7876055071883157e7,1.4721486955642838e7,1.8086359612965845e7
