instance,it_bb,it_box,p_true_pb,runtime_bb,runtime_box,runtime_pb,zeta_box,θ_bb,θ_box,θ_pb
24,32544,105,1,3600.061,3600.027,9.821,6.0,1.5657292358062223e7,1.0695933306126166e7,1.5657292358062226e7
