instance,it_bb,it_box,p_true_pb,runtime_bb,runtime_box,runtime_pb,zeta_box,θ_bb,θ_box,θ_pb
12,35882,88,1,3600.005,3600.032,9.319,6.750000000775003,1.9681988076863516e7,1.2525190204138892e7,1.9681988076863516e7
