instance,it_bb,it_box,p_true_pb,runtime_bb,runtime_box,runtime_pb,zeta_box,θ_bb,θ_box,θ_pb
36,30809,52,1,3600.173,3600.052,10.563,10.60000000284976,2.1484647821136218e7,9.832614465696232e6,2.1484647821136214e7
