instance,it_bb,it_box,p_true_pb,runtime_bb,runtime_box,runtime_pb,zeta_box,θ_bb,θ_box,θ_pb
11,34326,85,1,3600.1,3600.036,10.631,3.833333333333332,1.5870275997912716e7,1.0619192921703013e7,1.5870275997912716e7
