instance,it_bb,it_box,p_true_pb,runtime_bb,runtime_box,runtime_pb,zeta_box,θ_bb,θ_box,θ_pb
28,26145,48,1,3600.152,3600.058,10.708,8.714285714285714,1.9986732980411146e7,8.729949425594082e6,1.998673298041115e7
