instance,it_bb,it_box,p_true_pb,runtime_bb,runtime_box,runtime_pb,zeta_box,θ_bb,θ_box,θ_pb
19,36318,88,1,3600.026,3600.043,10.323,0.0,1.741353864721584e7,1.1113287211943356e7,1.7413538647215843e7
