instance,it_bb,it_box,p_true_pb,runtime_bb,runtime_box,runtime_pb,zeta_box,θ_bb,θ_box,θ_pb
24,8,7,1,0.346,2.689,11.478,1.0,1.5657292358062224e7,1.5657292358062224e7,1.5657292358062226e7
