instance,it_bb,it_box,p_true_pb,runtime_bb,runtime_box,runtime_pb,zeta_box,θ_bb,θ_box,θ_pb
47,32981,75,1,3600.047,3600.058,10.693,0.0,2.25996195855954e7,1.3343591819863494e7,2.2599619585595403e7
