instance,it_bb,it_box,p_true_pb,runtime_bb,runtime_box,runtime_pb,zeta_box,θ_bb,θ_box,θ_pb
19,26428,50,1,3600.149,3600.036,9.726,7.500000000850001,1.741353864721584e7,8.36330530091163e6,1.7413538647215843e7
