instance,it_bb,it_box,p_true_pb,runtime_bb,runtime_box,runtime_pb,zeta_box,θ_bb,θ_box,θ_pb
2,31291,62,1,3600.04,3600.055,9.485,8.6,1.5152066702086143e7,7.282517154055602e6,1.5152066702086143e7
