instance,it_bb,it_box,p_true_pb,runtime_bb,runtime_box,runtime_pb,zeta_box,θ_bb,θ_box,θ_pb
29,9,8,1,0.303,2.419,10.363,7.0,1.8649274432141677e7,1.8649274432141677e7,1.8649274432141677e7
