instance,it_bb,it_box,p_true_pb,runtime_bb,runtime_box,runtime_pb,zeta_box,θ_bb,θ_box,θ_pb
32,37098,85,1,3600.031,3600.018,9.075,5.0,1.679136538197044e7,1.0243977505878173e7,1.6791365381970443e7
