instance,it_bb,it_box,p_true_pb,runtime_bb,runtime_box,runtime_pb,zeta_box,θ_bb,θ_box,θ_pb
29,47826,158,1,3600.003,807.299,8.925,0.40000000000000036,1.5294503601521105e7,1.5914168878547784e7,1.8649274432141677e7
