instance,it_bb,it_box,p_true_pb,runtime_bb,runtime_box,runtime_pb,zeta_box,θ_bb,θ_box,θ_pb
27,48581,128,1,3600.127,302.169,10.045,1.9999020306471493e-6,2.1226898819747623e7,1.730818676226072e7,2.133575193178399e7
