instance,it_bb,it_box,p_true_pb,runtime_bb,runtime_box,runtime_pb,zeta_box,θ_bb,θ_box,θ_pb
30,45123,142,1,3600.024,421.051,12.118,0.6250000000000019,1.9628220771358937e7,1.6224614653505158e7,1.9968585281847328e7
