instance,it_bb,it_box,p_true_pb,runtime_bb,runtime_box,runtime_pb,zeta_box,θ_bb,θ_box,θ_pb
30,31792,84,1,3600.133,3600.072,10.503,0.0,1.9968585281847328e7,1.2253825688274872e7,1.9968585281847328e7
