instance,it_bb,it_box,p_true_pb,runtime_bb,runtime_box,runtime_pb,zeta_box,θ_bb,θ_box,θ_pb
46,29996,81,1,3600.029,3600.066,11.853,0.0,1.292998212511519e7,8.19984854879896e6,1.292998212511519e7
