instance,it_bb,it_box,p_true_pb,runtime_bb,runtime_box,runtime_pb,zeta_box,θ_bb,θ_box,θ_pb
15,31420,54,1,3600.174,3600.053,9.081,8.600000000960002,2.134936774713909e7,1.0033253935134554e7,2.134936774713909e7
