instance,it_bb,it_box,p_true_pb,runtime_bb,runtime_box,runtime_pb,zeta_box,θ_bb,θ_box,θ_pb
7,28314,37,1,3600.185,3600.044,9.561,12.75,2.2501891607419644e7,8.271312340865461e6,2.250189160741965e7
