instance,it_bb,it_box,p_true_pb,runtime_bb,runtime_box,runtime_pb,zeta_box,θ_bb,θ_box,θ_pb
9,30793,54,1,3600.193,3600.03,11.2,8.999999999999972,1.5350711659527801e7,7.675563582780356e6,1.53507116595278e7
