instance,it_bb,it_box,p_true_pb,runtime_bb,runtime_box,runtime_pb,zeta_box,θ_bb,θ_box,θ_pb
44,28121,60,1,3600.038,3600.037,10.619,8.0,1.4942312036287803e7,7.537383947508006e6,1.4942312036287801e7
