instance,it_bb,it_box,p_true_pb,runtime_bb,runtime_box,runtime_pb,zeta_box,θ_bb,θ_box,θ_pb
33,30482,49,1,3600.169,3600.049,10.028,7.75,1.8758754034785554e7,8.1834923784124125e6,1.8758754034785554e7
