instance,it_bb,it_box,p_true_pb,runtime_bb,runtime_box,runtime_pb,zeta_box,θ_bb,θ_box,θ_pb
20,10,9,1,0.336,2.481,10.544,2.0,2.1227935307043895e7,2.1227935307043895e7,2.1227935307043895e7
