instance,it_bb,it_box,p_true_pb,runtime_bb,runtime_box,runtime_pb,zeta_box,θ_bb,θ_box,θ_pb
27,11,10,1,0.322,2.298,10.064,1.0,2.1335751931783985e7,2.1335751931783985e7,2.133575193178399e7
