instance,it_bb,it_box,p_true_pb,runtime_bb,runtime_box,runtime_pb,zeta_box,θ_bb,θ_box,θ_pb
26,30581,57,1,3600.079,3600.019,10.479,7.999999999999997,2.122677426484674e7,1.013143657479246e7,2.1226774264846735e7
