instance,it_bb,it_box,p_true_pb,runtime_bb,runtime_box,runtime_pb,zeta_box,θ_bb,θ_box,θ_pb
18,22577,36,1,3600.005,3600.106,13.417,11.6,2.095477221514644e7,8.041463620387064e6,2.095477221514644e7
