instance,it_bb,it_box,p_true_pb,runtime_bb,runtime_box,runtime_pb,zeta_box,θ_bb,θ_box,θ_pb
39,18414,58,1,259.536,18.593,12.707,2.0,1.171270225627792e7,1.1712702256277919e7,1.320329140154901e7
