instance,it_bb,it_box,p_true_pb,runtime_bb,runtime_box,runtime_pb,zeta_box,θ_bb,θ_box,θ_pb
30,30009,83,1,3600.183,3600.058,12.276,7.5,1.9968585281847328e7,1.2253831112376444e7,1.9968585281847328e7
