instance,it_bb,it_box,p_true_pb,runtime_bb,runtime_box,runtime_pb,zeta_box,θ_bb,θ_box,θ_pb
5,49839,153,1,3600.06,358.765,10.021,0.5999999999999996,2.0853482181116145e7,1.6409475872482443e7,2.108138566946154e7
