instance,it_bb,it_box,p_true_pb,runtime_bb,runtime_box,runtime_pb,zeta_box,θ_bb,θ_box,θ_pb
9,38090,87,1,3600.02,3600.033,10.129,6.8,1.5350711659527801e7,1.0112118521383347e7,1.53507116595278e7
