instance,it_bb,it_box,p_true_pb,runtime_bb,runtime_box,runtime_pb,zeta_box,θ_bb,θ_box,θ_pb
35,24434,37,1,3600.212,3600.031,10.03,11.142857144071435,2.8948196416712712e7,1.0252858761751093e7,2.894819641671272e7
