instance,it_bb,it_box,p_true_pb,runtime_bb,runtime_box,runtime_pb,zeta_box,θ_bb,θ_box,θ_pb
5,23818,37,1,3600.219,3600.025,10.254,10.750000001175003,2.108138566946154e7,6.837582273377043e6,2.108138566946154e7
