instance,it_bb,it_box,p_true_pb,runtime_bb,runtime_box,runtime_pb,zeta_box,θ_bb,θ_box,θ_pb
18,10,9,1,0.256,1.868,8.494,5.75,2.0954772215146437e7,2.0954772215146437e7,2.095477221514644e7
