instance,it_bb,it_box,p_true_pb,runtime_bb,runtime_box,runtime_pb,zeta_box,θ_bb,θ_box,θ_pb
17,36184,84,1,3600.022,3600.03,9.942,0.0,1.9372216846974783e7,1.2412238268931953e7,1.9372216846974783e7
