instance,it_bb,it_box,p_true_pb,runtime_bb,runtime_box,runtime_pb,zeta_box,θ_bb,θ_box,θ_pb
29,38003,80,1,3600.104,3600.026,15.984,7.999999999999999,1.8649274432141673e7,1.1687019647540502e7,1.8649274432141677e7
