instance,it_bb,it_box,p_true_pb,runtime_bb,runtime_box,runtime_pb,zeta_box,θ_bb,θ_box,θ_pb
33,29275,71,1,3600.158,3600.053,12.698,7.799999999999999,1.8758754034785554e7,1.0953156881701048e7,1.8758754034785554e7
