instance,it_bb,it_box,p_true_pb,runtime_bb,runtime_box,runtime_pb,zeta_box,θ_bb,θ_box,θ_pb
14,57918,106,1,3600.064,143.806,9.735,0.39999999999999575,2.0530945765481863e7,1.748943847244091e7,2.1164588407332797e7
