instance,it_bb,it_box,p_true_pb,runtime_bb,runtime_box,runtime_pb,zeta_box,θ_bb,θ_box,θ_pb
47,25021,37,1,3600.182,3600.031,10.376,11.428571428571429,2.2599619585595403e7,7.33367518790953e6,2.2599619585595403e7
