instance,it_bb,it_box,p_true_pb,runtime_bb,runtime_box,runtime_pb,zeta_box,θ_bb,θ_box,θ_pb
37,24585,33,1,3600.186,3600.044,11.082,14.25,2.153491770650269e7,7.921116231909905e6,2.1534917706502695e7
