instance,it_bb,it_box,p_true_pb,runtime_bb,runtime_box,runtime_pb,zeta_box,θ_bb,θ_box,θ_pb
48,28975,52,1,3600.103,3600.048,9.784,9.600000000000001,2.0346584062492393e7,9.595879585018892e6,2.0346584062492397e7
