instance,it_bb,it_box,p_true_pb,runtime_bb,runtime_box,runtime_pb,zeta_box,θ_bb,θ_box,θ_pb
20,25868,36,1,3600.212,3600.069,10.199,11.800000001280011,2.122793530704389e7,7.788116701703117e6,2.1227935307043895e7
