instance,it_bb,it_box,p_true_pb,runtime_bb,runtime_box,runtime_pb,zeta_box,θ_bb,θ_box,θ_pb
35,36583,84,1,3600.103,3600.025,9.014,5.25,2.8948196416712712e7,1.6886720857832085e7,2.894819641671272e7
