instance,it_bb,it_box,p_true_pb,runtime_bb,runtime_box,runtime_pb,zeta_box,θ_bb,θ_box,θ_pb
26,23571,31,1,3600.023,3600.582,10.821,11.600000000000001,2.1226774264846735e7,7.719424335709446e6,2.1226774264846735e7
