instance,it_bb,it_box,p_true_pb,runtime_bb,runtime_box,runtime_pb,zeta_box,θ_bb,θ_box,θ_pb
44,23301,44,1,3600.225,3600.164,10.034,8.000000000900002,1.4942312036287803e7,5.818554590693172e6,1.4942312036287801e7
