instance,it_bb,it_box,p_true_pb,runtime_bb,runtime_box,runtime_pb,zeta_box,θ_bb,θ_box,θ_pb
47,26524,52,1,3600.038,3600.033,9.86,9.33333333436667,2.25996195855954e7,9.617248575541884e6,2.2599619585595403e7
