instance,it_bb,it_box,p_true_pb,runtime_bb,runtime_box,runtime_pb,zeta_box,θ_bb,θ_box,θ_pb
42,31925,59,1,3600.018,3600.049,10.449,7.399999999999999,1.2809960117232518e7,6.651739381430051e6,1.2809960117232518e7
