instance,it_bb,it_box,p_true_pb,runtime_bb,runtime_box,runtime_pb,zeta_box,θ_bb,θ_box,θ_pb
17,31997,52,1,3600.127,3600.037,9.577,10.166666666666666,1.9372216846974783e7,9.280314971860066e6,1.9372216846974783e7
