instance,it_bb,it_box,p_true_pb,runtime_bb,runtime_box,runtime_pb,zeta_box,θ_bb,θ_box,θ_pb
20,29397,80,1,3600.033,3600.097,11.128,6.000000000000004,2.122793530704389e7,1.3063603050293654e7,2.1227935307043895e7
