instance,it_bb,it_box,p_true_pb,runtime_bb,runtime_box,runtime_pb,zeta_box,θ_bb,θ_box,θ_pb
5,31927,90,1,3600.209,3600.039,11.929,5.399999999999999,2.108138566946154e7,1.23072749891917e7,2.108138566946154e7
