instance,it_bb,it_box,p_true_pb,runtime_bb,runtime_box,runtime_pb,zeta_box,θ_bb,θ_box,θ_pb
35,11,10,1,0.328,2.487,10.349,0.25,2.894819641671272e7,2.894819641671272e7,2.894819641671272e7
