instance,it_bb,it_box,p_true_pb,runtime_bb,runtime_box,runtime_pb,zeta_box,θ_bb,θ_box,θ_pb
42,31220,99,1,3600.001,3600.07,9.044,3.399999999999997,1.1578294578216346e7,8.86864551096527e6,1.2809960117232518e7
