instance,it_bb,it_box,p_true_pb,runtime_bb,runtime_box,runtime_pb,zeta_box,θ_bb,θ_box,θ_pb
18,35526,83,1,3600.061,3600.053,9.121,6.0,2.0954772215146437e7,1.3523279632898916e7,2.095477221514644e7
