instance,it_bb,it_box,p_true_pb,runtime_bb,runtime_box,runtime_pb,zeta_box,θ_bb,θ_box,θ_pb
2,31535,85,1,3600.104,3600.059,12.106,0.0,1.5152066702086143e7,9.51423687281998e6,1.5152066702086143e7
