instance,it_bb,it_box,p_true_pb,runtime_bb,runtime_box,runtime_pb,zeta_box,θ_bb,θ_box,θ_pb
19,32764,86,1,3600.001,3600.059,12.241,6.5,1.741353864721584e7,1.1113148304369874e7,1.7413538647215843e7
