instance,it_bb,it_box,p_true_pb,runtime_bb,runtime_box,runtime_pb,zeta_box,θ_bb,θ_box,θ_pb
26,32825,98,1,3600.06,3600.052,10.826,8.0,2.1226774264846735e7,1.302589739449013e7,2.1226774264846735e7
