instance,it_bb,it_box,p_true_pb,runtime_bb,runtime_box,runtime_pb,zeta_box,θ_bb,θ_box,θ_pb
24,51474,79,1,808.952,41.875,8.952,0.4999999999999982,1.3121340268609429e7,1.312134026860943e7,1.5657292358062226e7
