instance,it_bb,it_box,p_true_pb,runtime_bb,runtime_box,runtime_pb,zeta_box,θ_bb,θ_box,θ_pb
38,33602,107,1,3600.001,3600.038,10.411,0.0,1.4091354097225761e7,1.2424858105247306e7,1.934108990716753e7
