instance,it_bb,it_box,p_true_pb,runtime_bb,runtime_box,runtime_pb,zeta_box,θ_bb,θ_box,θ_pb
5,29956,53,1,3600.015,3600.058,9.84,9.200000001020001,2.108138566946154e7,9.116788495041799e6,2.108138566946154e7
