instance,it_bb,it_box,p_true_pb,runtime_bb,runtime_box,runtime_pb,zeta_box,θ_bb,θ_box,θ_pb
49,35575,86,1,3600.098,3600.033,9.225,10.0,2.2312748526964445e7,1.4178002769868448e7,2.231274852696445e7
