instance,it_bb,it_box,p_true_pb,runtime_bb,runtime_box,runtime_pb,zeta_box,θ_bb,θ_box,θ_pb
50,38169,88,1,3600.136,3600.028,9.074,6.8,2.393898684079921e7,1.5058626886876984e7,2.3938986840799216e7
