instance,it_bb,it_box,p_true_pb,runtime_bb,runtime_box,runtime_pb,zeta_box,θ_bb,θ_box,θ_pb
13,24050,36,1,3600.212,3600.075,9.961,11.285714285714285,2.4666194985802677e7,8.6334549329142e6,2.4666194985802673e7
