instance,it_bb,it_box,p_true_pb,runtime_bb,runtime_box,runtime_pb,zeta_box,θ_bb,θ_box,θ_pb
46,38662,88,1,3600.076,3600.04,9.012,4.6,1.292998212511519e7,8.304893019331922e6,1.292998212511519e7
