instance,it_bb,it_box,p_true_pb,runtime_bb,runtime_box,runtime_pb,zeta_box,θ_bb,θ_box,θ_pb
18,32475,81,1,3600.002,3600.052,11.638,7.499999999999999,2.0954772215146437e7,1.340176794811551e7,2.095477221514644e7
