instance,it_bb,it_box,p_true_pb,runtime_bb,runtime_box,runtime_pb,zeta_box,θ_bb,θ_box,θ_pb
17,31700,92,1,3600.18,3600.051,10.992,7.0,1.9372216846974783e7,1.25282597418149e7,1.9372216846974783e7
