instance,it_bb,it_box,p_true_pb,runtime_bb,runtime_box,runtime_pb,zeta_box,θ_bb,θ_box,θ_pb
2,25034,38,1,3600.099,3600.182,10.757,10.0,1.5152066702086143e7,5.520669554241915e6,1.5152066702086143e7
