instance,it_bb,it_box,p_true_pb,runtime_bb,runtime_box,runtime_pb,zeta_box,θ_bb,θ_box,θ_pb
29,36748,81,1,3600.027,3600.042,9.249,7.599999999999996,1.8649274432141673e7,1.16870196475405e7,1.8649274432141677e7
