instance,it_bb,it_box,p_true_pb,runtime_bb,runtime_box,runtime_pb,zeta_box,θ_bb,θ_box,θ_pb
36,35470,79,1,3600.106,3600.079,12.322,8.000000000900002,2.1484647821136218e7,1.323123668050703e7,2.1484647821136214e7
