instance,it_bb,it_box,p_true_pb,runtime_bb,runtime_box,runtime_pb,zeta_box,θ_bb,θ_box,θ_pb
49,36806,81,1,3600.115,3600.037,11.902,7.600000000000001,2.2312748526964445e7,1.4061793180507125e7,2.231274852696445e7
