instance,it_bb,it_box,p_true_pb,runtime_bb,runtime_box,runtime_pb,zeta_box,θ_bb,θ_box,θ_pb
4,78260,128,1,3600.019,139.788,10.432,0.33333333333333426,2.0370274089598417e7,1.89698531508478e7,2.2789172461929295e7
