instance,it_bb,it_box,p_true_pb,runtime_bb,runtime_box,runtime_pb,zeta_box,θ_bb,θ_box,θ_pb
34,45362,79,1,603.984,27.987,9.092,0.25,1.2848730193642126e7,1.2848686532150999e7,1.4844520235222012e7
