instance,it_bb,it_box,p_true_pb,runtime_bb,runtime_box,runtime_pb,zeta_box,θ_bb,θ_box,θ_pb
31,36773,89,1,3600.041,3600.023,9.082,3.7142857142857144,1.3491731265130565e7,8.455154650007948e6,1.3491731265130566e7
