instance,it_bb,it_box,p_true_pb,runtime_bb,runtime_box,runtime_pb,zeta_box,θ_bb,θ_box,θ_pb
8,34950,94,1,3600.152,3600.033,10.208,4.0,1.6921059088727824e7,1.1281025974382699e7,1.6921059088727828e7
