instance,it_bb,it_box,p_true_pb,runtime_bb,runtime_box,runtime_pb,zeta_box,θ_bb,θ_box,θ_pb
2,62577,109,1,3600.021,78.954,9.419,0.4,1.456478850792879e7,1.2920397555972738e7,1.5152066702086143e7
