instance,it_bb,it_box,p_true_pb,runtime_bb,runtime_box,runtime_pb,zeta_box,θ_bb,θ_box,θ_pb
28,35923,81,1,3600.038,3600.046,9.24,6.399999999999999,1.9986732980411146e7,1.1946173298398957e7,1.998673298041115e7
