instance,it_bb,it_box,p_true_pb,runtime_bb,runtime_box,runtime_pb,zeta_box,θ_bb,θ_box,θ_pb
45,24421,41,1,3600.084,3600.094,9.408,11.0,1.792739336278078e7,6.789471457607369e6,1.7927393362780776e7
