instance,it_bb,it_box,p_true_pb,runtime_bb,runtime_box,runtime_pb,zeta_box,θ_bb,θ_box,θ_pb
29,33268,81,1,3600.062,3600.048,10.284,0.0,1.8649274432141673e7,1.16870196475405e7,1.8649274432141677e7
