instance,it_bb,it_box,p_true_pb,runtime_bb,runtime_box,runtime_pb,zeta_box,θ_bb,θ_box,θ_pb
40,35927,83,1,3600.106,3600.03,10.147,9.6,1.8086359612965845e7,1.0620573598483099e7,1.8086359612965845e7
