instance,it_bb,it_box,p_true_pb,runtime_bb,runtime_box,runtime_pb,zeta_box,θ_bb,θ_box,θ_pb
16,47752,177,1,3600.131,1758.372,10.092,0.5,2.202282361903782e7,1.7931223443067543e7,2.202282361903782e7
