instance,it_bb,it_box,p_true_pb,runtime_bb,runtime_box,runtime_pb,zeta_box,θ_bb,θ_box,θ_pb
37,26809,49,1,3600.158,3600.076,9.907,10.0,2.153491770650269e7,1.0272615987334158e7,2.1534917706502695e7
