instance,it_bb,it_box,p_true_pb,runtime_bb,runtime_box,runtime_pb,zeta_box,θ_bb,θ_box,θ_pb
21,30056,80,1,3600.127,3600.052,12.761,5.800000000000001,2.7358676144571036e7,1.6341026947657779e7,2.7358676144571036e7
