instance,it_bb,it_box,p_true_pb,runtime_bb,runtime_box,runtime_pb,zeta_box,θ_bb,θ_box,θ_pb
7,32838,46,1,3600.085,3600.023,9.792,11.25,2.250189160741965e7,1.021725024370298e7,2.250189160741965e7
