instance,it_bb,it_box,p_true_pb,runtime_bb,runtime_box,runtime_pb,zeta_box,θ_bb,θ_box,θ_pb
46,28021,52,1,3600.124,3600.186,9.758,6.0,1.292998212511519e7,6.097262111937984e6,1.292998212511519e7
