instance,it_bb,it_box,p_true_pb,runtime_bb,runtime_box,runtime_pb,zeta_box,θ_bb,θ_box,θ_pb
10,36702,83,1,3600.066,3600.04,9.035,8.666666666666666,2.3286741316262413e7,1.4601507640649531e7,2.3286741316262413e7
