instance,it_bb,it_box,p_true_pb,runtime_bb,runtime_box,runtime_pb,zeta_box,θ_bb,θ_box,θ_pb
9,10,8,1,0.312,2.295,10.417,2.666666666666668,1.5350711659527801e7,1.5350711659527801e7,1.53507116595278e7
