instance,it_bb,it_box,p_true_pb,runtime_bb,runtime_box,runtime_pb,zeta_box,θ_bb,θ_box,θ_pb
11,67051,112,1,3600.051,178.531,9.706,0.5000000000000012,1.4586678255390916e7,1.3536458222509539e7,1.5870275997912716e7
