instance,it_bb,it_box,p_true_pb,runtime_bb,runtime_box,runtime_pb,zeta_box,θ_bb,θ_box,θ_pb
3,9,8,1,0.298,2.181,9.487,0.8000000000000007,1.4327406806882747e7,1.4327406806882747e7,1.432740680688275e7
