instance,it_bb,it_box,p_true_pb,runtime_bb,runtime_box,runtime_pb,zeta_box,θ_bb,θ_box,θ_pb
3,32730,50,1,3600.115,3600.026,9.327,7.333333333333336,1.4327406806882747e7,7.341523530974801e6,1.432740680688275e7
