instance,it_bb,it_box,p_true_pb,runtime_bb,runtime_box,runtime_pb,zeta_box,θ_bb,θ_box,θ_pb
48,33993,85,1,3600.014,3600.051,10.218,0.0,2.0346584062492393e7,1.2948006873089353e7,2.0346584062492397e7
