instance,it_bb,it_box,p_true_pb,runtime_bb,runtime_box,runtime_pb,zeta_box,θ_bb,θ_box,θ_pb
39,28332,47,1,3600.181,3600.047,9.786,9.0,1.3203291401549008e7,5.963287722940194e6,1.320329140154901e7
