instance,it_bb,it_box,p_true_pb,runtime_bb,runtime_box,runtime_pb,zeta_box,θ_bb,θ_box,θ_pb
22,25004,35,1,3600.17,3600.084,12.072,8.000000000900002,1.657057633025472e7,5.876825830593067e6,1.6570576330254719e7
