instance,it_bb,it_box,p_true_pb,runtime_bb,runtime_box,runtime_pb,zeta_box,θ_bb,θ_box,θ_pb
15,23248,28,1,3600.186,3600.029,10.357,10.8,2.134936774713909e7,6.999964529106738e6,2.134936774713909e7
