instance,it_bb,it_box,p_true_pb,runtime_bb,runtime_box,runtime_pb,zeta_box,θ_bb,θ_box,θ_pb
3,31811,106,1,3600.062,3600.042,12.485,2.666666666666666,1.4327406806882747e7,9.827984140502933e6,1.432740680688275e7
