instance,it_bb,it_box,p_true_pb,runtime_bb,runtime_box,runtime_pb,zeta_box,θ_bb,θ_box,θ_pb
19,25536,36,1,3600.095,3600.057,9.952,9.166666666666666,1.741353864721584e7,6.415784914961729e6,1.7413538647215843e7
