instance,it_bb,it_box,p_true_pb,runtime_bb,runtime_box,runtime_pb,zeta_box,θ_bb,θ_box,θ_pb
16,11,10,1,0.508,3.487,13.772,3.75,2.2022823619037822e7,2.2022823619037822e7,2.202282361903782e7
