instance,it_bb,it_box,p_true_pb,runtime_bb,runtime_box,runtime_pb,zeta_box,θ_bb,θ_box,θ_pb
30,11,10,1,0.488,3.473,14.402,1.0,1.9968585281847328e7,1.9968585281847328e7,1.9968585281847328e7
