instance,it_bb,it_box,p_true_pb,runtime_bb,runtime_box,runtime_pb,zeta_box,θ_bb,θ_box,θ_pb
33,48272,146,1,3600.11,443.163,9.548,0.2499999999999991,1.863285725166541e7,1.5359540890541725e7,1.8758754034785554e7
