instance,it_bb,it_box,p_true_pb,runtime_bb,runtime_box,runtime_pb,zeta_box,θ_bb,θ_box,θ_pb
31,36739,85,1,3600.085,3600.04,19.781,3.1666666670833337,1.3491731265130565e7,8.455154650007948e6,1.3491731265130566e7
