instance,it_bb,it_box,p_true_pb,runtime_bb,runtime_box,runtime_pb,zeta_box,θ_bb,θ_box,θ_pb
20,26368,50,1,3600.054,3600.045,11.652,9.5,2.122793530704389e7,9.797788887159975e6,2.1227935307043895e7
