instance,it_bb,it_box,p_true_pb,runtime_bb,runtime_box,runtime_pb,zeta_box,θ_bb,θ_box,θ_pb
7,52706,131,1,3600.009,697.186,8.932,0.5000000000000031,2.0312543638491284e7,1.885301377441449e7,2.250189160741965e7
