instance,it_bb,it_box,p_true_pb,runtime_bb,runtime_box,runtime_pb,zeta_box,θ_bb,θ_box,θ_pb
4,32034,87,1,3600.197,3600.057,11.939,5.000000000000001,2.278917246192929e7,1.5023234770125803e7,2.2789172461929295e7
