instance,it_bb,it_box,p_true_pb,runtime_bb,runtime_box,runtime_pb,zeta_box,θ_bb,θ_box,θ_pb
12,34620,89,1,3600.137,3600.06,19.261,7.8333333333333375,1.9681988076863516e7,1.2525243929873398e7,1.9681988076863516e7
