instance,it_bb,it_box,p_true_pb,runtime_bb,runtime_box,runtime_pb,zeta_box,θ_bb,θ_box,θ_pb
11,9,8,1,0.277,2.057,9.303,2.833333333333332,1.5870275997912716e7,1.5870275997912716e7,1.5870275997912716e7
