instance,it_bb,it_box,p_true_pb,runtime_bb,runtime_box,runtime_pb,zeta_box,θ_bb,θ_box,θ_pb
28,50632,184,1,3600.166,1165.76,9.422,1.0,1.964213756546777e7,1.6311048554348433e7,1.998673298041115e7
