instance,it_bb,it_box,p_true_pb,runtime_bb,runtime_box,runtime_pb,zeta_box,θ_bb,θ_box,θ_pb
48,24765,33,1,3600.196,3600.049,10.838,11.0,2.0346584062492393e7,7.283699040937002e6,2.0346584062492397e7
