instance,it_bb,it_box,p_true_pb,runtime_bb,runtime_box,runtime_pb,zeta_box,θ_bb,θ_box,θ_pb
43,25054,35,1,3600.076,3600.052,11.324,8.625,1.1499793802055245e7,5.138572967145249e6,1.1499793802055247e7
