instance,it_bb,it_box,p_true_pb,runtime_bb,runtime_box,runtime_pb,zeta_box,θ_bb,θ_box,θ_pb
50,24374,31,1,3600.173,3600.062,10.873,13.200000001420001,2.393898684079921e7,8.494851528468478e6,2.3938986840799216e7
