instance,it_bb,it_box,p_true_pb,runtime_bb,runtime_box,runtime_pb,zeta_box,θ_bb,θ_box,θ_pb
41,35537,84,1,3600.169,3600.052,9.041,7.0,1.6547143656877717e7,1.053974484981068e7,1.6547143656877715e7
