instance,it_bb,it_box,p_true_pb,runtime_bb,runtime_box,runtime_pb,zeta_box,θ_bb,θ_box,θ_pb
8,31486,58,1,3600.115,3600.043,9.573,8.6,1.6921059088727824e7,8.12254020465874e6,1.6921059088727828e7
