instance,it_bb,it_box,p_true_pb,runtime_bb,runtime_box,runtime_pb,zeta_box,θ_bb,θ_box,θ_pb
8,44352,87,1,916.1,60.34,10.343,0.7499999999999993,1.398812540383142e7,1.3988125403831422e7,1.6921059088727828e7
