instance,it_bb,it_box,p_true_pb,runtime_bb,runtime_box,runtime_pb,zeta_box,θ_bb,θ_box,θ_pb
2,31140,88,1,3600.109,3600.051,11.93,10.0,1.5152066702086143e7,9.514271114618517e6,1.5152066702086143e7
