instance,it_bb,it_box,p_true_pb,runtime_bb,runtime_box,runtime_pb,zeta_box,θ_bb,θ_box,θ_pb
41,27347,42,1,3600.145,3600.075,9.936,8.42857142857143,1.6547143656877717e7,6.218644406016184e6,1.6547143656877715e7
