instance,it_bb,it_box,p_true_pb,runtime_bb,runtime_box,runtime_pb,zeta_box,θ_bb,θ_box,θ_pb
9,107684,91,1,3461.711,103.141,10.236,2.0,1.2914156714528613e7,1.2914156714528615e7,1.53507116595278e7
