instance,it_bb,it_box,p_true_pb,runtime_bb,runtime_box,runtime_pb,zeta_box,θ_bb,θ_box,θ_pb
31,22525,36,1,3600.096,3600.049,11.951,7.3333333333333925,1.0e20,5.217444682396185e6,1.3491731265130566e7
