instance,it_bb,it_box,p_true_pb,runtime_bb,runtime_box,runtime_pb,zeta_box,θ_bb,θ_box,θ_pb
34,24450,32,1,3600.168,3600.104,12.536,8.000000000900002,1.4844520235222008e7,6.237586729963539e6,1.4844520235222012e7
