instance,it_bb,it_box,p_true_pb,runtime_bb,runtime_box,runtime_pb,zeta_box,θ_bb,θ_box,θ_pb
11,24402,41,1,3600.149,3600.087,10.654,8.875,1.5870275997912716e7,6.885189750141246e6,1.5870275997912716e7
