instance,it_bb,it_box,p_true_pb,runtime_bb,runtime_box,runtime_pb,zeta_box,θ_bb,θ_box,θ_pb
22,30011,54,1,3600.031,3600.055,9.347,6.714285714285715,1.657057633025472e7,7.992436100716548e6,1.6570576330254719e7
