instance,it_bb,it_box,p_true_pb,runtime_bb,runtime_box,runtime_pb,zeta_box,θ_bb,θ_box,θ_pb
10,23920,34,1,3600.157,3600.035,10.43,9.714285714285714,2.3286741316262413e7,8.307900306274725e6,2.3286741316262413e7
