instance,it_bb,it_box,p_true_pb,runtime_bb,runtime_box,runtime_pb,zeta_box,θ_bb,θ_box,θ_pb
8,32706,93,1,3600.052,3600.059,9.257,0.0,1.6921059088727824e7,1.1280883315949053e7,1.6921059088727828e7
