instance,it_bb,it_box,p_true_pb,runtime_bb,runtime_box,runtime_pb,zeta_box,θ_bb,θ_box,θ_pb
21,37399,89,1,3600.003,3600.059,8.832,0.0,2.7358676144571036e7,1.6341050014717693e7,2.7358676144571036e7
