instance,it_bb,it_box,p_true_pb,runtime_bb,runtime_box,runtime_pb,zeta_box,θ_bb,θ_box,θ_pb
3,60162,57,1,1115.3,23.818,9.477,0.5,1.1604093281070706e7,1.160409295546209e7,1.432740680688275e7
