instance,it_bb,it_box,p_true_pb,runtime_bb,runtime_box,runtime_pb,zeta_box,θ_bb,θ_box,θ_pb
42,34061,99,1,3600.002,3600.058,9.429,0.0,1.26867935633309e7,8.86864551096527e6,1.2809960117232518e7
