instance,it_bb,it_box,p_true_pb,runtime_bb,runtime_box,runtime_pb,zeta_box,θ_bb,θ_box,θ_pb
38,35709,105,1,3600.139,3600.038,10.612,5.833333333333335,1.9341089907167528e7,1.2424858105247308e7,1.934108990716753e7
