instance,it_bb,it_box,p_true_pb,runtime_bb,runtime_box,runtime_pb,zeta_box,θ_bb,θ_box,θ_pb
42,27284,42,1,3600.065,3600.052,10.448,8.0,1.2809960117232518e7,5.543162352323594e6,1.2809960117232518e7
