instance,it_bb,it_box,p_true_pb,runtime_bb,runtime_box,runtime_pb,zeta_box,θ_bb,θ_box,θ_pb
4,23760,34,1,3600.084,3600.084,10.641,12.166666666666668,2.278917246192929e7,8.275875380822438e6,2.2789172461929295e7
