instance,it_bb,it_box,p_true_pb,runtime_bb,runtime_box,runtime_pb,zeta_box,θ_bb,θ_box,θ_pb
40,37841,89,1,3600.044,3600.048,9.066,7.1999999999999975,1.8086359612965845e7,1.0936024910110446e7,1.8086359612965845e7
