instance,it_bb,it_box,p_true_pb,runtime_bb,runtime_box,runtime_pb,zeta_box,θ_bb,θ_box,θ_pb
41,11,9,1,0.303,2.32,10.373,1.5,1.6547143656877717e7,1.6547143656877717e7,1.6547143656877715e7
