instance,it_bb,it_box,p_true_pb,runtime_bb,runtime_box,runtime_pb,zeta_box,θ_bb,θ_box,θ_pb
33,33943,79,1,3600.049,3600.082,9.616,6.25,1.8758754034785554e7,1.1330843706233602e7,1.8758754034785554e7
