instance,it_bb,it_box,p_true_pb,runtime_bb,runtime_box,runtime_pb,zeta_box,θ_bb,θ_box,θ_pb
23,84387,92,1,3600.067,65.142,9.099,0.25,1.6166508651107054e7,1.468650561056964e7,1.810189724257906e7
