instance,it_bb,it_box,p_true_pb,runtime_bb,runtime_box,runtime_pb,zeta_box,θ_bb,θ_box,θ_pb
31,29704,56,1,3600.174,3600.165,10.399,6.600000000000001,1.3491731265130566e7,6.476711602729917e6,1.3491731265130566e7
