instance,it_bb,it_box,p_true_pb,runtime_bb,runtime_box,runtime_pb,zeta_box,θ_bb,θ_box,θ_pb
12,32352,88,1,3600.151,3600.049,11.087,0.0,1.9681988076863516e7,1.2525190204138892e7,1.9681988076863516e7
