instance,it_bb,it_box,p_true_pb,runtime_bb,runtime_box,runtime_pb,zeta_box,θ_bb,θ_box,θ_pb
34,36575,90,1,3600.134,3600.051,9.009,6.333333333333333,1.4844520235222008e7,1.0353920405254187e7,1.4844520235222012e7
