instance,it_bb,it_box,p_true_pb,runtime_bb,runtime_box,runtime_pb,zeta_box,θ_bb,θ_box,θ_pb
22,9,9,1,0.28,2.223,9.912,0.6666666666666643,1.657057633025472e7,1.657057633025472e7,1.6570576330254719e7
