instance,it_bb,it_box,p_true_pb,runtime_bb,runtime_box,runtime_pb,zeta_box,θ_bb,θ_box,θ_pb
18,31195,82,1,3600.134,3600.162,9.37,0.0,2.0954772215146437e7,1.3523297230252773e7,2.095477221514644e7
