instance,it_bb,it_box,p_true_pb,runtime_bb,runtime_box,runtime_pb,zeta_box,θ_bb,θ_box,θ_pb
49,23256,36,1,3600.167,3600.048,10.066,10.714285715457152,2.231274852696445e7,8.251321037891704e6,2.231274852696445e7
