instance,it_bb,it_box,p_true_pb,runtime_bb,runtime_box,runtime_pb,zeta_box,θ_bb,θ_box,θ_pb
32,33866,84,1,3600.174,3600.037,9.372,0.0,1.679136538197044e7,1.0243977505878173e7,1.6791365381970443e7
