instance,it_bb,it_box,p_true_pb,runtime_bb,runtime_box,runtime_pb,zeta_box,θ_bb,θ_box,θ_pb
26,36881,106,1,3600.047,3600.026,9.218,5.285714285714288,2.1226774264846735e7,1.3146487892357156e7,2.1226774264846735e7
