instance,it_bb,it_box,p_true_pb,runtime_bb,runtime_box,runtime_pb,zeta_box,θ_bb,θ_box,θ_pb
36,25253,29,1,3600.079,3600.031,10.827,12.857142857142856,2.1484647821136218e7,6.5553557847780045e6,2.1484647821136214e7
