instance,it_bb,it_box,p_true_pb,runtime_bb,runtime_box,runtime_pb,zeta_box,θ_bb,θ_box,θ_pb
24,27057,63,1,3600.153,3600.065,9.524,8.5,1.5657292358062223e7,8.049945858019303e6,1.5657292358062226e7
