instance,it_bb,it_box,p_true_pb,runtime_bb,runtime_box,runtime_pb,zeta_box,θ_bb,θ_box,θ_pb
44,39086,107,1,3600.008,3600.036,9.055,4.000000000000002,1.4942312036287803e7,1.0049954842393458e7,1.4942312036287801e7
