instance,it_bb,it_box,p_true_pb,runtime_bb,runtime_box,runtime_pb,zeta_box,θ_bb,θ_box,θ_pb
46,78972,96,1,3600.022,92.085,8.855,0.40000000000000036,1.1563444515977398e7,1.061736448056253e7,1.292998212511519e7
