instance,it_bb,it_box,p_true_pb,runtime_bb,runtime_box,runtime_pb,zeta_box,θ_bb,θ_box,θ_pb
37,35494,80,1,3600.156,3600.053,9.031,7.599999999999995,2.153491770650269e7,1.3737920015083257e7,2.1534917706502695e7
