instance,it_bb,it_box,p_true_pb,runtime_bb,runtime_box,runtime_pb,zeta_box,θ_bb,θ_box,θ_pb
49,30448,84,1,3600.025,3600.059,11.982,0.0,2.2312748526964445e7,1.4177997161893075e7,2.231274852696445e7
