instance,it_bb,it_box,p_true_pb,runtime_bb,runtime_box,runtime_pb,zeta_box,θ_bb,θ_box,θ_pb
15,32327,84,1,3600.018,3600.054,9.892,0.0,2.134936774713909e7,1.318309993076983e7,2.134936774713909e7
