instance,it_bb,it_box,p_true_pb,runtime_bb,runtime_box,runtime_pb,zeta_box,θ_bb,θ_box,θ_pb
35,29985,79,1,3600.188,3600.042,11.95,0.0,2.8948196416712712e7,1.6886688726409517e7,2.894819641671272e7
