instance,it_bb,it_box,p_true_pb,runtime_bb,runtime_box,runtime_pb,zeta_box,θ_bb,θ_box,θ_pb
18,27649,48,1,3600.017,3600.077,10.769,9.0,2.0954772215146437e7,1.0112386124858454e7,2.095477221514644e7
