instance,it_bb,it_box,p_true_pb,runtime_bb,runtime_box,runtime_pb,zeta_box,θ_bb,θ_box,θ_pb
24,35468,108,1,3600.025,3600.08,9.068,7.0,1.5657292358062223e7,1.069589630895872e7,1.5657292358062226e7
