instance,it_bb,it_box,p_true_pb,runtime_bb,runtime_box,runtime_pb,zeta_box,θ_bb,θ_box,θ_pb
15,37284,87,1,3600.152,3600.044,8.916,4.4999999999999964,2.134936774713909e7,1.3183167615632754e7,2.134936774713909e7
