instance,it_bb,it_box,p_true_pb,runtime_bb,runtime_box,runtime_pb,zeta_box,θ_bb,θ_box,θ_pb
45,43907,123,1,3600.087,158.377,13.392,1.0,1.7503118511927135e7,1.4745192773595924e7,1.7927393362780776e7
