instance,it_bb,it_box,p_true_pb,runtime_bb,runtime_box,runtime_pb,zeta_box,θ_bb,θ_box,θ_pb
14,31616,87,1,3600.182,3600.047,10.332,5.333333333333336,2.1164588407332793e7,1.3560677046480557e7,2.1164588407332797e7
