instance,it_bb,it_box,p_true_pb,runtime_bb,runtime_box,runtime_pb,zeta_box,θ_bb,θ_box,θ_pb
31,34772,172,1,3600.146,3600.027,8.962,0.0,3.437825468770552e7,3.178372945127039e7,3.450798132336682e7
