instance,it_bb,it_box,p_true_pb,runtime_bb,runtime_box,runtime_pb,zeta_box,θ_bb,θ_box,θ_pb
32,33868,165,1,3600.1,3600.026,9.19,0.0,3.1239759699581623e7,2.7132618357967004e7,3.1239759699581634e7
