instance,it_bb,it_box,p_true_pb,runtime_bb,runtime_box,runtime_pb,zeta_box,θ_bb,θ_box,θ_pb
46,20834,41,1,3600.165,3600.028,9.63,12.727272727272728,1.0e20,1.720120698267416e7,3.524354695576886e7
