instance,it_bb,it_box,p_true_pb,runtime_bb,runtime_box,runtime_pb,zeta_box,θ_bb,θ_box,θ_pb
12,25254,63,1,3600.008,3600.05,9.351,11.545454545454549,1.0e20,2.3901344160412494e7,3.8600054148320496e7
