instance,it_bb,it_box,p_true_pb,runtime_bb,runtime_box,runtime_pb,zeta_box,θ_bb,θ_box,θ_pb
30,23266,42,1,3600.217,3600.041,9.051,11.416666666666737,1.0e20,1.3942832951121733e7,3.0695764125462983e7
