instance,it_bb,it_box,p_true_pb,runtime_bb,runtime_box,runtime_pb,zeta_box,θ_bb,θ_box,θ_pb
23,20268,42,1,3600.103,3600.027,9.006,13.916666666666666,1.0e20,2.0128397732195772e7,5.262133725016698e7
