instance,it_bb,it_box,p_true_pb,runtime_bb,runtime_box,runtime_pb,zeta_box,θ_bb,θ_box,θ_pb
28,25901,85,1,3600.03,3600.02,10.805,6.0,1.7555770056055993e7,1.3828327391762525e7,1.7555770056055997e7
