instance,it_bb,it_box,p_true_pb,runtime_bb,runtime_box,runtime_pb,zeta_box,θ_bb,θ_box,θ_pb
19,19211,40,1,3600.127,3600.027,11.054,9.615384615384615,1.0e20,1.5872890853662124e7,3.4433428932090074e7
