instance,it_bb,it_box,p_true_pb,runtime_bb,runtime_box,runtime_pb,zeta_box,θ_bb,θ_box,θ_pb
43,29286,99,1,3600.138,354.241,10.212,0.0,2.909246592783234e7,2.600307763886638e7,2.9221190439872585e7
