instance,it_bb,it_box,p_true_pb,runtime_bb,runtime_box,runtime_pb,zeta_box,θ_bb,θ_box,θ_pb
25,15,15,1,0.469,2.213,9.23,2.1999999999999993,3.770389639974573e7,3.770389639974573e7,3.770389639974575e7
