instance,it_bb,it_box,p_true_pb,runtime_bb,runtime_box,runtime_pb,zeta_box,θ_bb,θ_box,θ_pb
13,20555,39,1,3600.036,3600.051,10.757,13.222222222222221,1.0e20,1.8033909586869948e7,4.03603456405874e7
