instance,it_bb,it_box,p_true_pb,runtime_bb,runtime_box,runtime_pb,zeta_box,θ_bb,θ_box,θ_pb
3,22845,64,1,3600.223,3600.039,10.233,11.444444444444443,1.0e20,3.071196910005446e7,5.6429779848744035e7
