instance,it_bb,it_box,p_true_pb,runtime_bb,runtime_box,runtime_pb,zeta_box,θ_bb,θ_box,θ_pb
36,29706,137,1,3600.085,3600.029,11.326,0.0,4.06888969654783e7,3.510434415676653e7,4.0688896965478316e7
