instance,it_bb,it_box,p_true_pb,runtime_bb,runtime_box,runtime_pb,zeta_box,θ_bb,θ_box,θ_pb
8,20708,57,1,3600.143,3600.033,9.964,9.166666666666668,2.874479097747805e7,1.928035759320372e7,2.874479097747806e7
