instance,it_bb,it_box,p_true_pb,runtime_bb,runtime_box,runtime_pb,zeta_box,θ_bb,θ_box,θ_pb
8,36134,144,1,3600.058,1403.615,10.729,0.0,2.863235263048251e7,2.617421154169652e7,2.874479097747806e7
