instance,it_bb,it_box,p_true_pb,runtime_bb,runtime_box,runtime_pb,zeta_box,θ_bb,θ_box,θ_pb
15,30068,115,1,3600.055,3600.073,9.589,0.0,3.3910277063147716e7,2.8755075806164622e7,3.3910277063147716e7
