instance,it_bb,it_box,p_true_pb,runtime_bb,runtime_box,runtime_pb,zeta_box,θ_bb,θ_box,θ_pb
5,20859,33,1,3600.221,3600.039,8.957,11.857142857142858,1.0e20,1.1596760950208606e7,2.7094191393037483e7
