instance,it_bb,it_box,p_true_pb,runtime_bb,runtime_box,runtime_pb,zeta_box,θ_bb,θ_box,θ_pb
47,31651,249,1,3600.091,3600.024,9.309,0.7000000001700037,1.0e20,3.54429022741176e7,4.215085106340996e7
