instance,it_bb,it_box,p_true_pb,runtime_bb,runtime_box,runtime_pb,zeta_box,θ_bb,θ_box,θ_pb
15,33181,120,1,3600.021,3600.036,9.487,4.875000000000016,3.3910277063147716e7,2.8755113784724478e7,3.3910277063147716e7
