instance,it_bb,it_box,p_true_pb,runtime_bb,runtime_box,runtime_pb,zeta_box,θ_bb,θ_box,θ_pb
39,23725,60,1,3600.081,3600.036,10.473,9.846153846153847,1.0e20,2.6679415634926785e7,4.305857355621829e7
