instance,it_bb,it_box,p_true_pb,runtime_bb,runtime_box,runtime_pb,zeta_box,θ_bb,θ_box,θ_pb
48,33747,223,1,3600.142,1912.648,9.212,0.11111111122222184,3.962384034422545e7,3.320528398139456e7,3.962384034422545e7
