instance,it_bb,it_box,p_true_pb,runtime_bb,runtime_box,runtime_pb,zeta_box,θ_bb,θ_box,θ_pb
10,18727,28,1,3600.19,3600.023,8.984,11.399999999999999,1.0e20,1.4565938123058489e7,3.852658643046284e7
