instance,it_bb,it_box,p_true_pb,runtime_bb,runtime_box,runtime_pb,zeta_box,θ_bb,θ_box,θ_pb
5,24199,59,1,3600.191,3600.054,10.22,0.0,2.7094191393037483e7,1.853265406968036e7,2.7094191393037483e7
