instance,it_bb,it_box,p_true_pb,runtime_bb,runtime_box,runtime_pb,zeta_box,θ_bb,θ_box,θ_pb
35,33612,143,1,3600.02,3600.041,9.232,2.5,3.677002956409577e7,3.1913805032464307e7,3.677002956409578e7
