instance,it_bb,it_box,p_true_pb,runtime_bb,runtime_box,runtime_pb,zeta_box,θ_bb,θ_box,θ_pb
7,28415,59,1,3600.007,3600.036,8.977,8.0,3.306540775207836e7,2.252112676979917e7,3.306540775207836e7
