instance,it_bb,it_box,p_true_pb,runtime_bb,runtime_box,runtime_pb,zeta_box,θ_bb,θ_box,θ_pb
23,21,20,1,0.78,2.868,10.597,0.8571428571428577,5.262133725016698e7,5.262133725016698e7,5.262133725016698e7
