instance,it_bb,it_box,p_true_pb,runtime_bb,runtime_box,runtime_pb,zeta_box,θ_bb,θ_box,θ_pb
37,17584,30,1,3600.205,3600.034,9.975,14.666666666666652,1.0e20,1.5027814975352164e7,4.0276706615649745e7
