instance,it_bb,it_box,p_true_pb,runtime_bb,runtime_box,runtime_pb,zeta_box,θ_bb,θ_box,θ_pb
17,29487,72,1,3600.068,3600.035,19.465,8.666666666666668,2.3540440075627048e7,1.677922342922586e7,2.3540440075627048e7
