instance,it_bb,it_box,p_true_pb,runtime_bb,runtime_box,runtime_pb,zeta_box,θ_bb,θ_box,θ_pb
14,25019,64,1,3600.002,3600.035,13.932,8.454545454545453,1.0e20,2.0248533089351036e7,3.0551858121240586e7
