instance,it_bb,it_box,p_true_pb,runtime_bb,runtime_box,runtime_pb,zeta_box,θ_bb,θ_box,θ_pb
28,11,7,1,0.354,2.26,9.985,1.0000000002000036,1.7555770056056e7,1.7555770056056e7,1.7555770056055997e7
