instance,it_bb,it_box,p_true_pb,runtime_bb,runtime_box,runtime_pb,zeta_box,θ_bb,θ_box,θ_pb
40,32791,138,1,3600.001,3600.063,9.65,0.0,3.747371821429285e7,3.2139020460858207e7,3.760383354774745e7
