instance,it_bb,it_box,p_true_pb,runtime_bb,runtime_box,runtime_pb,zeta_box,θ_bb,θ_box,θ_pb
37,27311,72,1,3600.196,3600.054,9.166,11.538461538461538,1.0e20,2.4880986007477086e7,4.0276706615649745e7
