instance,it_bb,it_box,p_true_pb,runtime_bb,runtime_box,runtime_pb,zeta_box,θ_bb,θ_box,θ_pb
13,16924,25,1,3600.239,3600.036,9.766,14.818181818181818,1.0e20,1.3126897488610711e7,4.03603456405874e7
