instance,it_bb,it_box,p_true_pb,runtime_bb,runtime_box,runtime_pb,zeta_box,θ_bb,θ_box,θ_pb
26,22260,43,1,3600.144,3600.034,8.993,12.266666666666666,1.0e20,1.5210354444291476e7,3.0884256044282243e7
