instance,it_bb,it_box,p_true_pb,runtime_bb,runtime_box,runtime_pb,zeta_box,θ_bb,θ_box,θ_pb
8,24287,67,1,3600.146,3600.065,15.16,0.0,2.874479097747805e7,1.9864525243978232e7,2.874479097747806e7
