instance,it_bb,it_box,p_true_pb,runtime_bb,runtime_box,runtime_pb,zeta_box,θ_bb,θ_box,θ_pb
35,26029,60,1,3600.192,3600.057,9.345,11.545454545454547,3.677002956409578e7,2.3820197288840182e7,3.677002956409578e7
