instance,it_bb,it_box,p_true_pb,runtime_bb,runtime_box,runtime_pb,zeta_box,θ_bb,θ_box,θ_pb
44,28824,180,1,3600.17,3600.033,11.023,0.0,3.2544947841689706e7,2.8402991289230138e7,3.2544947841689713e7
