instance,it_bb,it_box,p_true_pb,runtime_bb,runtime_box,runtime_pb,zeta_box,θ_bb,θ_box,θ_pb
43,11,11,1,0.428,2.391,10.07,0.33333333333333215,2.922119043987259e7,2.922119043987259e7,2.9221190439872585e7
