instance,it_bb,it_box,p_true_pb,runtime_bb,runtime_box,runtime_pb,zeta_box,θ_bb,θ_box,θ_pb
27,22446,33,1,3600.013,3600.072,8.971,10.363636363636365,1.8720692667751163e7,8.963784631110698e6,1.8720692667751163e7
