instance,it_bb,it_box,p_true_pb,runtime_bb,runtime_box,runtime_pb,zeta_box,θ_bb,θ_box,θ_pb
42,14,14,1,0.478,2.32,9.989,1.0000000002000036,3.811252523461838e7,3.811252523461838e7,3.811252523461838e7
