instance,it_bb,it_box,p_true_pb,runtime_bb,runtime_box,runtime_pb,zeta_box,θ_bb,θ_box,θ_pb
26,20166,31,1,3600.061,3600.067,9.647,13.454545454545455,1.0e20,1.1727256035738375e7,3.0884256044282243e7
