instance,it_bb,it_box,p_true_pb,runtime_bb,runtime_box,runtime_pb,zeta_box,θ_bb,θ_box,θ_pb
38,23862,60,1,3600.059,3600.029,9.218,9.083333333333336,1.0e20,2.814584398892712e7,4.804370849560823e7
