instance,it_bb,it_box,p_true_pb,runtime_bb,runtime_box,runtime_pb,zeta_box,θ_bb,θ_box,θ_pb
8,21752,27,1,3600.183,3600.035,9.095,13.533333333333335,1.0e20,1.0750734544113183e7,2.874479097747806e7
