instance,it_bb,it_box,p_true_pb,runtime_bb,runtime_box,runtime_pb,zeta_box,θ_bb,θ_box,θ_pb
2,13,12,1,0.377,2.242,9.574,1.0,2.6608093266653188e7,2.6608093266653188e7,2.6608093266653184e7
