instance,it_bb,it_box,p_true_pb,runtime_bb,runtime_box,runtime_pb,zeta_box,θ_bb,θ_box,θ_pb
13,15,14,1,0.445,2.174,9.313,1.0000000002000036,4.036034564058739e7,4.036034564058739e7,4.03603456405874e7
