instance,it_bb,it_box,p_true_pb,runtime_bb,runtime_box,runtime_pb,zeta_box,θ_bb,θ_box,θ_pb
20,36317,193,1,3600.004,3600.02,9.163,0.7999999999999984,2.8964633067565165e7,2.5019906437932976e7,2.9068445398239322e7
