instance,it_bb,it_box,p_true_pb,runtime_bb,runtime_box,runtime_pb,zeta_box,θ_bb,θ_box,θ_pb
11,18,16,1,0.71,2.625,10.301,0.33333333333333215,3.474976555172504e7,3.474976555172504e7,3.474976555172504e7
