instance,it_bb,it_box,p_true_pb,runtime_bb,runtime_box,runtime_pb,zeta_box,θ_bb,θ_box,θ_pb
50,31790,156,1,3600.126,2057.051,13.004,0.0,2.517053004242918e7,2.430261721869206e7,2.5170530042429194e7
