instance,it_bb,it_box,p_true_pb,runtime_bb,runtime_box,runtime_pb,zeta_box,θ_bb,θ_box,θ_pb
20,23106,79,1,3600.318,3600.057,13.318,0.0,2.9068445398239322e7,1.7856994327968284e7,2.9068445398239322e7
