instance,it_bb,it_box,p_true_pb,runtime_bb,runtime_box,runtime_pb,zeta_box,θ_bb,θ_box,θ_pb
49,12,11,1,0.351,2.204,9.442,1.0000000002000036,3.830341004664973e7,3.830341004664973e7,3.830341004664974e7
