instance,it_bb,it_box,p_true_pb,runtime_bb,runtime_box,runtime_pb,zeta_box,θ_bb,θ_box,θ_pb
37,15,14,1,0.391,2.04,8.823,1.1111111111111107,4.027670661564974e7,4.027670661564974e7,4.0276706615649745e7
