instance,it_bb,it_box,p_true_pb,runtime_bb,runtime_box,runtime_pb,zeta_box,θ_bb,θ_box,θ_pb
50,24269,67,1,3600.182,3600.035,10.639,0.0,2.5170530042429186e7,1.8971259972347524e7,2.5170530042429194e7
