instance,it_bb,it_box,p_true_pb,runtime_bb,runtime_box,runtime_pb,zeta_box,θ_bb,θ_box,θ_pb
4,33597,140,1,3600.119,3600.02,9.137,2.5,4.79930269230789e7,4.041529881149637e7,4.79930269230789e7
