instance,it_bb,it_box,p_true_pb,runtime_bb,runtime_box,runtime_pb,zeta_box,θ_bb,θ_box,θ_pb
25,19893,26,1,3600.077,3600.027,9.421,12.249999999999996,1.0e20,1.236076651617659e7,3.770389639974575e7
