instance,it_bb,it_box,p_true_pb,runtime_bb,runtime_box,runtime_pb,zeta_box,θ_bb,θ_box,θ_pb
31,19746,27,1,3600.149,3600.03,8.975,12.214285714285714,1.0e20,1.5049218506464332e7,3.450798132336682e7
