instance,it_bb,it_box,p_true_pb,runtime_bb,runtime_box,runtime_pb,zeta_box,θ_bb,θ_box,θ_pb
5,31956,157,1,3600.022,3600.023,10.011,0.9090909090908958,2.698924527476225e7,2.4493224674099892e7,2.7094191393037483e7
