instance,it_bb,it_box,p_true_pb,runtime_bb,runtime_box,runtime_pb,zeta_box,θ_bb,θ_box,θ_pb
42,18988,31,1,3600.067,3600.071,10.061,14.416666666666668,1.0e20,1.4669485999566076e7,3.811252523461838e7
