instance,it_bb,it_box,p_true_pb,runtime_bb,runtime_box,runtime_pb,zeta_box,θ_bb,θ_box,θ_pb
39,16225,44,1,3600.2,3600.054,10.637,14.076923076923043,1.0e20,1.9730757891450822e7,4.305857355621829e7
