instance,it_bb,it_box,p_true_pb,runtime_bb,runtime_box,runtime_pb,zeta_box,θ_bb,θ_box,θ_pb
17,11,11,1,0.341,2.116,9.229,0.1666666666666643,2.3540440075627048e7,2.3540440075627048e7,2.3540440075627048e7
