instance,it_bb,it_box,p_true_pb,runtime_bb,runtime_box,runtime_pb,zeta_box,θ_bb,θ_box,θ_pb
43,26076,68,1,3600.069,3600.061,11.226,5.636363636363612,2.9221190439872585e7,2.0725811853877317e7,2.9221190439872585e7
