instance,it_bb,it_box,p_true_pb,runtime_bb,runtime_box,runtime_pb,zeta_box,θ_bb,θ_box,θ_pb
2,17669,27,1,3600.293,3600.084,10.761,11.000000249700248,1.0e20,8.63018261089342e6,2.6608093266653184e7
