instance,it_bb,it_box,p_true_pb,runtime_bb,runtime_box,runtime_pb,zeta_box,θ_bb,θ_box,θ_pb
20,30863,185,1,3600.123,3600.103,15.39,0.0,2.8964633067565165e7,2.5019892081197415e7,2.9068445398239322e7
