instance,it_bb,it_box,p_true_pb,runtime_bb,runtime_box,runtime_pb,zeta_box,θ_bb,θ_box,θ_pb
37,24126,46,1,3600.138,3600.033,9.121,13.000000000000002,1.0e20,1.921543207967781e7,4.0276706615649745e7
