instance,it_bb,it_box,p_true_pb,runtime_bb,runtime_box,runtime_pb,zeta_box,θ_bb,θ_box,θ_pb
7,23651,56,1,3600.021,3600.057,12.839,0.0,3.306540775207836e7,2.2130858750382684e7,3.306540775207836e7
