instance,it_bb,it_box,p_true_pb,runtime_bb,runtime_box,runtime_pb,zeta_box,θ_bb,θ_box,θ_pb
19,29495,135,1,3600.125,3600.031,9.351,0.0,3.443342893209008e7,2.944130155716538e7,3.4433428932090074e7
