instance,it_bb,it_box,p_true_pb,runtime_bb,runtime_box,runtime_pb,zeta_box,θ_bb,θ_box,θ_pb
43,24029,50,1,3600.112,3600.041,13.278,10.933333333333334,2.922119043987259e7,1.5834170792254359e7,2.9221190439872585e7
