instance,it_bb,it_box,p_true_pb,runtime_bb,runtime_box,runtime_pb,zeta_box,θ_bb,θ_box,θ_pb
15,17,17,1,0.665,2.767,11.032,3.000000000400007,3.3910277063147716e7,3.3910277063147716e7,3.3910277063147716e7
