instance,it_bb,it_box,p_true_pb,runtime_bb,runtime_box,runtime_pb,zeta_box,θ_bb,θ_box,θ_pb
8,29155,69,1,3600.058,3600.04,9.093,10.666666666666668,2.874479097747805e7,1.9981347797388975e7,2.874479097747806e7
