instance,it_bb,it_box,p_true_pb,runtime_bb,runtime_box,runtime_pb,zeta_box,θ_bb,θ_box,θ_pb
6,20984,29,1,3600.23,3600.051,9.001,13.999999999999977,1.0e20,1.2998729316443637e7,3.4455609456206724e7
