instance,it_bb,it_box,p_true_pb,runtime_bb,runtime_box,runtime_pb,zeta_box,θ_bb,θ_box,θ_pb
49,24982,59,1,3600.112,3600.045,9.38,11.363636363636367,3.8303410046649724e7,2.4713395740667555e7,3.830341004664974e7
