instance,it_bb,it_box,p_true_pb,runtime_bb,runtime_box,runtime_pb,zeta_box,θ_bb,θ_box,θ_pb
50,34544,156,1,3600.101,1237.418,12.409,0.30000000012999806,2.517053004242918e7,2.430261721869206e7,2.5170530042429194e7
