instance,it_bb,it_box,p_true_pb,runtime_bb,runtime_box,runtime_pb,zeta_box,θ_bb,θ_box,θ_pb
42,27666,138,1,3600.137,3600.043,11.069,0.0,3.8112525234618366e7,3.313569428839662e7,3.811252523461838e7
