instance,it_bb,it_box,p_true_pb,runtime_bb,runtime_box,runtime_pb,zeta_box,θ_bb,θ_box,θ_pb
21,30136,155,1,3600.028,3600.036,9.205,1.0,2.3362408956677087e7,2.0745115219648737e7,2.3362408956677094e7
