instance,it_bb,it_box,p_true_pb,runtime_bb,runtime_box,runtime_pb,zeta_box,θ_bb,θ_box,θ_pb
3,27457,132,1,3600.037,3600.022,9.104,4.000000000000001,1.0e20,4.357092176754864e7,5.6429779848744035e7
