instance,it_bb,it_box,p_true_pb,runtime_bb,runtime_box,runtime_pb,zeta_box,θ_bb,θ_box,θ_pb
36,14,14,1,0.512,2.405,9.341,0.75,4.068889696547831e7,4.068889696547831e7,4.0688896965478316e7
