instance,it_bb,it_box,p_true_pb,runtime_bb,runtime_box,runtime_pb,zeta_box,θ_bb,θ_box,θ_pb
24,17680,43,1,3600.183,3600.025,10.283,10.846153846153847,1.0e20,1.7616497997419387e7,4.3428194966687836e7
