instance,it_bb,it_box,p_true_pb,runtime_bb,runtime_box,runtime_pb,zeta_box,θ_bb,θ_box,θ_pb
7,37451,212,1,3600.008,3600.025,9.21,1.249999999999998,3.2805062024684507e7,2.9941242466640916e7,3.306540775207836e7
