instance,it_bb,it_box,p_true_pb,runtime_bb,runtime_box,runtime_pb,zeta_box,θ_bb,θ_box,θ_pb
14,31677,190,1,3600.001,3018.745,10.666,0.2727272727272693,3.0551858121240575e7,2.695761272060361e7,3.0551858121240586e7
