instance,it_bb,it_box,p_true_pb,runtime_bb,runtime_box,runtime_pb,zeta_box,θ_bb,θ_box,θ_pb
15,18866,31,1,3600.068,3600.035,9.441,12.90909090909091,1.0e20,1.157150670219285e7,3.3910277063147716e7
