instance,it_bb,it_box,p_true_pb,runtime_bb,runtime_box,runtime_pb,zeta_box,θ_bb,θ_box,θ_pb
49,33410,120,1,3600.07,3600.022,9.569,7.153846153846153,3.8303410046649724e7,3.435008110829512e7,3.830341004664974e7
