instance,it_bb,it_box,p_true_pb,runtime_bb,runtime_box,runtime_pb,zeta_box,θ_bb,θ_box,θ_pb
39,22411,57,1,3600.001,3600.053,12.507,0.0,2.1095724668140046e7,2.630718709395045e7,4.305857355621829e7
