instance,it_bb,it_box,p_true_pb,runtime_bb,runtime_box,runtime_pb,zeta_box,θ_bb,θ_box,θ_pb
21,19886,45,1,3600.149,3600.048,9.404,9.769230769230768,1.0e20,1.1535971540060192e7,2.3362408956677094e7
