instance,it_bb,it_box,p_true_pb,runtime_bb,runtime_box,runtime_pb,zeta_box,θ_bb,θ_box,θ_pb
27,24283,81,1,3600.179,3600.051,11.614,7.0,1.8720692667751156e7,1.4976717200868811e7,1.8720692667751163e7
