instance,it_bb,it_box,p_true_pb,runtime_bb,runtime_box,runtime_pb,zeta_box,θ_bb,θ_box,θ_pb
44,24726,67,1,3600.217,3600.058,9.821,11.166666666666666,1.0e20,2.0710712303331524e7,3.2544947841689713e7
