instance,it_bb,it_box,p_true_pb,runtime_bb,runtime_box,runtime_pb,zeta_box,θ_bb,θ_box,θ_pb
32,23365,62,1,3600.013,3600.055,11.836,7.222222222222221,1.0e20,1.9416346957739353e7,3.1239759699581634e7
