instance,it_bb,it_box,p_true_pb,runtime_bb,runtime_box,runtime_pb,zeta_box,θ_bb,θ_box,θ_pb
28,50462,84,1,3600.006,84.66,10.785,0.0,1.695458696372477e7,1.6353355774045048e7,1.7555770056055997e7
