instance,it_bb,it_box,p_true_pb,runtime_bb,runtime_box,runtime_pb,zeta_box,θ_bb,θ_box,θ_pb
33,34813,125,1,3600.037,506.792,9.078,0.09090909101818134,2.7773682517592616e7,2.402069678627059e7,2.7773682517592624e7
