instance,it_bb,it_box,p_true_pb,runtime_bb,runtime_box,runtime_pb,zeta_box,θ_bb,θ_box,θ_pb
7,26969,58,1,3600.027,3600.026,9.191,12.0,3.306540775207836e7,2.2260962185384627e7,3.306540775207836e7
