instance,it_bb,it_box,p_true_pb,runtime_bb,runtime_box,runtime_pb,zeta_box,θ_bb,θ_box,θ_pb
22,29332,70,1,3600.131,3600.052,9.13,6.099999999999994,2.1130770105375618e7,1.5965728777062608e7,2.113077010537562e7
