instance,it_bb,it_box,p_true_pb,runtime_bb,runtime_box,runtime_pb,zeta_box,θ_bb,θ_box,θ_pb
31,25311,64,1,3600.24,3600.057,10.565,9.399999999999993,3.450798132336682e7,2.4908259146604028e7,3.450798132336682e7
