instance,it_bb,it_box,p_true_pb,runtime_bb,runtime_box,runtime_pb,zeta_box,θ_bb,θ_box,θ_pb
10,26674,153,1,3600.125,3600.096,11.634,0.41666666680833586,1.0e20,3.1479239604412746e7,3.852658643046284e7
