instance,it_bb,it_box,p_true_pb,runtime_bb,runtime_box,runtime_pb,zeta_box,θ_bb,θ_box,θ_pb
35,13,12,1,0.453,2.54,10.442,1.0000000002000036,3.677002956409578e7,3.677002956409578e7,3.677002956409578e7
