instance,it_bb,it_box,p_true_pb,runtime_bb,runtime_box,runtime_pb,zeta_box,θ_bb,θ_box,θ_pb
25,33932,137,1,3600.136,3600.031,9.213,3.1111111111111107,3.770389639974573e7,3.146171796408231e7,3.770389639974575e7
