instance,it_bb,it_box,p_true_pb,runtime_bb,runtime_box,runtime_pb,zeta_box,θ_bb,θ_box,θ_pb
4,27078,57,1,3600.216,3600.031,9.279,10.636363636363638,1.0e20,2.8982096549302854e7,4.79930269230789e7
