instance,it_bb,it_box,p_true_pb,runtime_bb,runtime_box,runtime_pb,zeta_box,θ_bb,θ_box,θ_pb
6,27037,58,1,3600.126,3600.037,9.498,10.000000000000009,1.0e20,2.3052602714651015e7,3.4455609456206724e7
