instance,it_bb,it_box,p_true_pb,runtime_bb,runtime_box,runtime_pb,zeta_box,θ_bb,θ_box,θ_pb
29,29420,139,1,3600.141,3600.053,12.752,0.3333333333333286,3.184168313194398e7,2.821422534445699e7,3.184168313194398e7
