instance,it_bb,it_box,p_true_pb,runtime_bb,runtime_box,runtime_pb,zeta_box,θ_bb,θ_box,θ_pb
41,24223,165,1,3600.157,3600.034,12.738,1.0,3.8174757191795506e7,3.2667721627340246e7,3.817475719179552e7
