instance,it_bb,it_box,p_true_pb,runtime_bb,runtime_box,runtime_pb,zeta_box,θ_bb,θ_box,θ_pb
34,31234,174,1,3600.067,3600.032,9.192,4.300000000529998,1.0e20,4.107193859969474e7,4.953512873899473e7
