instance,it_bb,it_box,p_true_pb,runtime_bb,runtime_box,runtime_pb,zeta_box,θ_bb,θ_box,θ_pb
38,27589,146,1,3600.058,3600.024,11.602,2.916666666666663,1.0e20,3.9927421812492706e7,4.804370849560823e7
