instance,it_bb,it_box,p_true_pb,runtime_bb,runtime_box,runtime_pb,zeta_box,θ_bb,θ_box,θ_pb
49,26318,60,1,3600.063,3600.04,10.195,0.0,3.8303410046649724e7,2.4959485809707046e7,3.830341004664974e7
