instance,it_bb,it_box,p_true_pb,runtime_bb,runtime_box,runtime_pb,zeta_box,θ_bb,θ_box,θ_pb
7,19653,30,1,3600.117,3600.031,9.027,13.285714285714285,1.0e20,1.3278605080904804e7,3.306540775207836e7
