instance,it_bb,it_box,p_true_pb,runtime_bb,runtime_box,runtime_pb,zeta_box,θ_bb,θ_box,θ_pb
50,9,9,1,0.322,2.281,9.561,1.0000000002000036,2.5170530042429186e7,2.5170530042429186e7,2.5170530042429194e7
