instance,it_bb,it_box,p_true_pb,runtime_bb,runtime_box,runtime_pb,zeta_box,θ_bb,θ_box,θ_pb
27,25043,77,1,3600.042,3600.058,12.207,0.0,1.8720692667751156e7,1.486336698880985e7,1.8720692667751163e7
