instance,it_bb,it_box,p_true_pb,runtime_bb,runtime_box,runtime_pb,zeta_box,θ_bb,θ_box,θ_pb
34,18,17,1,0.581,2.394,9.559,0.9999999999999867,4.953512873899474e7,4.953512873899474e7,4.953512873899473e7
