instance,it_bb,it_box,p_true_pb,runtime_bb,runtime_box,runtime_pb,zeta_box,θ_bb,θ_box,θ_pb
31,38326,185,1,3600.09,3436.0,9.402,2.1428164875490597e-6,3.437825468770552e7,3.1913448610140797e7,3.450798132336682e7
