instance,it_bb,it_box,p_true_pb,runtime_bb,runtime_box,runtime_pb,zeta_box,θ_bb,θ_box,θ_pb
33,11,10,1,0.344,1.989,9.035,2.0,2.7773682517592624e7,2.7773682517592624e7,2.7773682517592624e7
