instance,it_bb,it_box,p_true_pb,runtime_bb,runtime_box,runtime_pb,zeta_box,θ_bb,θ_box,θ_pb
24,17,16,1,0.638,2.492,9.95,0.5,4.3428194966687836e7,4.3428194966687836e7,4.3428194966687836e7
