instance,it_bb,it_box,p_true_pb,runtime_bb,runtime_box,runtime_pb,zeta_box,θ_bb,θ_box,θ_pb
38,16277,22,1,3600.146,3600.05,9.55,16.454545454545453,1.0e20,1.5972414849999985e7,4.804370849560823e7
