instance,it_bb,it_box,p_true_pb,runtime_bb,runtime_box,runtime_pb,zeta_box,θ_bb,θ_box,θ_pb
2,39835,174,1,3600.035,3262.868,8.925,0.0,2.6368390156348385e7,2.385144947392261e7,2.6608093266653184e7
