instance,it_bb,it_box,p_true_pb,runtime_bb,runtime_box,runtime_pb,zeta_box,θ_bb,θ_box,θ_pb
37,34119,175,1,3600.113,3600.023,9.469,0.0,4.027670661564974e7,3.448787979730585e7,4.0276706615649745e7
