instance,it_bb,it_box,p_true_pb,runtime_bb,runtime_box,runtime_pb,zeta_box,θ_bb,θ_box,θ_pb
50,26139,67,1,3600.118,3600.046,10.386,7.0,2.5170530042429186e7,1.872327879001769e7,2.5170530042429194e7
