instance,it_bb,it_box,p_true_pb,runtime_bb,runtime_box,runtime_pb,zeta_box,θ_bb,θ_box,θ_pb
10,26514,70,1,3600.141,3600.04,9.21,7.6666666666666625,1.0e20,2.3257380933332253e7,3.852658643046284e7
