instance,it_bb,it_box,p_true_pb,runtime_bb,runtime_box,runtime_pb,zeta_box,θ_bb,θ_box,θ_pb
43,26906,69,1,3600.12,3600.048,10.923,6.0,2.9221190439872585e7,2.0854309247556373e7,2.9221190439872585e7
