instance,it_bb,it_box,p_true_pb,runtime_bb,runtime_box,runtime_pb,zeta_box,θ_bb,θ_box,θ_pb
17,25898,67,1,3600.126,3600.058,11.833,7.333333333333334,2.3540440075627048e7,1.6654046389218103e7,2.3540440075627048e7
