instance,it_bb,it_box,p_true_pb,runtime_bb,runtime_box,runtime_pb,zeta_box,θ_bb,θ_box,θ_pb
22,33098,144,1,3600.191,320.563,9.417,0.0,2.113077010537561e7,1.9839506217193656e7,2.113077010537562e7
