instance,it_bb,it_box,p_true_pb,runtime_bb,runtime_box,runtime_pb,zeta_box,θ_bb,θ_box,θ_pb
18,27757,66,1,3600.144,3600.031,9.556,11.769230769230768,1.0e20,2.254889009668837e7,3.587751097153891e7
