instance,it_bb,it_box,p_true_pb,runtime_bb,runtime_box,runtime_pb,zeta_box,θ_bb,θ_box,θ_pb
36,17645,39,1,3600.316,3600.061,9.185,11.571428571428571,1.0e20,1.91497313617063e7,4.0688896965478316e7
