instance,it_bb,it_box,p_true_pb,runtime_bb,runtime_box,runtime_pb,zeta_box,θ_bb,θ_box,θ_pb
26,25072,64,1,3600.224,3600.039,9.613,10.833333333333334,1.0e20,2.0318896311392922e7,3.0884256044282243e7
