instance,it_bb,it_box,p_true_pb,runtime_bb,runtime_box,runtime_pb,zeta_box,θ_bb,θ_box,θ_pb
36,18763,27,1,3600.2,3600.034,12.433,13.500000000000028,1.0e20,1.3698108198585037e7,4.0688896965478316e7
