instance,it_bb,it_box,p_true_pb,runtime_bb,runtime_box,runtime_pb,zeta_box,θ_bb,θ_box,θ_pb
48,14435,29,1,3600.221,3600.062,10.823,12.066666666666666,1.0e20,1.3457062435958266e7,3.962384034422545e7
