instance,it_bb,it_box,p_true_pb,runtime_bb,runtime_box,runtime_pb,zeta_box,θ_bb,θ_box,θ_pb
35,24862,59,1,3600.143,3600.049,9.706,0.0,3.677002956409578e7,2.3820194511651374e7,3.677002956409578e7
