instance,it_bb,it_box,p_true_pb,runtime_bb,runtime_box,runtime_pb,zeta_box,θ_bb,θ_box,θ_pb
7,20897,39,1,3600.041,3600.071,9.756,11.0,3.306540775207837e7,1.6793934464753434e7,3.306540775207836e7
