instance,it_bb,it_box,p_true_pb,runtime_bb,runtime_box,runtime_pb,zeta_box,θ_bb,θ_box,θ_pb
42,33955,142,1,3600.073,3600.029,9.731,2.166666666666668,3.8112525234618366e7,3.313574635757735e7,3.811252523461838e7
