instance,it_bb,it_box,p_true_pb,runtime_bb,runtime_box,runtime_pb,zeta_box,θ_bb,θ_box,θ_pb
4,18854,23,1,3600.208,3600.026,8.983,14.444444444444445,1.0e20,1.5156004919851914e7,4.79930269230789e7
