instance,it_bb,it_box,p_true_pb,runtime_bb,runtime_box,runtime_pb,zeta_box,θ_bb,θ_box,θ_pb
49,35192,112,1,3600.106,3600.023,11.662,0.0,3.8303410046649724e7,3.434962902521205e7,3.830341004664974e7
