instance,it_bb,it_box,p_true_pb,runtime_bb,runtime_box,runtime_pb,zeta_box,θ_bb,θ_box,θ_pb
50,26507,67,1,3600.186,3600.039,9.26,7.0,2.5170530042429186e7,1.8723226545512546e7,2.5170530042429194e7
