instance,it_bb,it_box,p_true_pb,runtime_bb,runtime_box,runtime_pb,zeta_box,θ_bb,θ_box,θ_pb
21,31477,157,1,3600.058,2880.908,10.838,0.0,2.3362408956677087e7,2.074511751204335e7,2.3362408956677094e7
