instance,it_bb,it_box,p_true_pb,runtime_bb,runtime_box,runtime_pb,zeta_box,θ_bb,θ_box,θ_pb
12,15,13,1,0.624,2.444,9.819,1.1666666666666679,3.8600054148320496e7,3.8600054148320496e7,3.8600054148320496e7
