instance,it_bb,it_box,p_true_pb,runtime_bb,runtime_box,runtime_pb,zeta_box,θ_bb,θ_box,θ_pb
11,30021,138,1,3600.136,3600.031,9.497,1.083333333333334,1.0e20,2.8754832509328738e7,3.474976555172504e7
