instance,it_bb,it_box,p_true_pb,runtime_bb,runtime_box,runtime_pb,zeta_box,θ_bb,θ_box,θ_pb
49,23102,58,1,3600.239,3600.048,13.986,14.5,3.8303410046649724e7,2.4713395740667555e7,3.830341004664974e7
