instance,it_bb,it_box,p_true_pb,runtime_bb,runtime_box,runtime_pb,zeta_box,θ_bb,θ_box,θ_pb
14,23223,46,1,3600.14,3600.053,9.018,8.90909090909091,1.0e20,1.5336733548306404e7,3.0551858121240586e7
