instance,it_bb,it_box,p_true_pb,runtime_bb,runtime_box,runtime_pb,zeta_box,θ_bb,θ_box,θ_pb
1,20355,28,1,3600.159,3600.054,10.2,10.0,2.2067616878063265e7,8.774242270103151e6,2.2067616878063265e7
