instance,it_bb,it_box,p_true_pb,runtime_bb,runtime_box,runtime_pb,zeta_box,θ_bb,θ_box,θ_pb
23,22010,58,1,3600.026,3600.043,10.988,11.59999999999993,1.0e20,2.788972602163182e7,5.262133725016698e7
