instance,it_bb,it_box,p_true_pb,runtime_bb,runtime_box,runtime_pb,zeta_box,θ_bb,θ_box,θ_pb
42,21326,44,1,3600.117,3600.048,9.421,11.083333333333334,1.0e20,1.8598244715326913e7,3.811252523461838e7
