instance,it_bb,it_box,p_true_pb,runtime_bb,runtime_box,runtime_pb,zeta_box,θ_bb,θ_box,θ_pb
24,26336,59,1,3600.078,3600.039,9.047,9.133333333333322,1.0e20,2.4466912758067418e7,4.3428194966687836e7
