instance,it_bb,it_box,p_true_pb,runtime_bb,runtime_box,runtime_pb,zeta_box,θ_bb,θ_box,θ_pb
37,31852,159,1,3600.075,3600.031,9.979,0.5555555557111234,4.027670661564974e7,3.436476559403447e7,4.0276706615649745e7
