instance,it_bb,it_box,p_true_pb,runtime_bb,runtime_box,runtime_pb,zeta_box,θ_bb,θ_box,θ_pb
9,20875,35,1,3600.208,3600.057,9.052,11.11111111111111,1.0e20,1.1330389258857874e7,3.159139851673015e7
