instance,it_bb,it_box,p_true_pb,runtime_bb,runtime_box,runtime_pb,zeta_box,θ_bb,θ_box,θ_pb
18,31735,158,1,3600.025,3600.035,9.775,0.0,3.587751097153891e7,3.0990340829217285e7,3.587751097153891e7
