instance,it_bb,it_box,p_true_pb,runtime_bb,runtime_box,runtime_pb,zeta_box,θ_bb,θ_box,θ_pb
41,27069,74,1,3600.183,3600.041,9.302,10.222222222222221,1.0e20,2.340620087859093e7,3.817475719179552e7
