instance,it_bb,it_box,p_true_pb,runtime_bb,runtime_box,runtime_pb,zeta_box,θ_bb,θ_box,θ_pb
1,24290,39,1,3600.173,3600.02,9.151,10.0,2.2067616878063265e7,1.1831642556654507e7,2.2067616878063265e7
