instance,it_bb,it_box,p_true_pb,runtime_bb,runtime_box,runtime_pb,zeta_box,θ_bb,θ_box,θ_pb
41,14,15,1,0.403,2.046,8.843,0.5714285714285694,3.8174757191795506e7,3.8174757191795506e7,3.817475719179552e7
