instance,it_bb,it_box,p_true_pb,runtime_bb,runtime_box,runtime_pb,zeta_box,θ_bb,θ_box,θ_pb
48,17,16,1,0.675,2.823,10.811,0.571428571428573,3.962384034422545e7,3.962384034422545e7,3.962384034422545e7
