instance,it_bb,it_box,p_true_pb,runtime_bb,runtime_box,runtime_pb,zeta_box,θ_bb,θ_box,θ_pb
16,17178,36,1,3600.173,3600.027,8.006,13.833333333333329,1.0e20,1.286365023941238e7,3.3466745317785364e7
