instance,it_bb,it_box,p_true_pb,runtime_bb,runtime_box,runtime_pb,zeta_box,θ_bb,θ_box,θ_pb
45,20258,40,1,3600.209,3600.038,12.163,14.214285714285715,1.0e20,1.85161501188019e7,4.339765311953627e7
