instance,it_bb,it_box,p_true_pb,runtime_bb,runtime_box,runtime_pb,zeta_box,θ_bb,θ_box,θ_pb
17,23128,37,1,3600.002,3600.023,9.02,10.153846153846153,1.4275081115790602e7,1.1145030502158146e7,2.3540440075627048e7
