instance,it_bb,it_box,p_true_pb,runtime_bb,runtime_box,runtime_pb,zeta_box,θ_bb,θ_box,θ_pb
26,21709,63,1,3600.007,3600.039,10.403,8.272727272727273,2.4266396893367887e7,2.0202819012023814e7,3.0884256044282243e7
