instance,it_bb,it_box,p_true_pb,runtime_bb,runtime_box,runtime_pb,zeta_box,θ_bb,θ_box,θ_pb
12,17710,30,1,3600.246,3600.026,9.956,14.230769230769226,1.0e20,1.5894810586126784e7,3.8600054148320496e7
