instance,it_bb,it_box,p_true_pb,runtime_bb,runtime_box,runtime_pb,zeta_box,θ_bb,θ_box,θ_pb
41,22701,48,1,3600.098,3600.032,13.087,10.166666666666666,1.0e20,1.7523700447870575e7,3.817475719179552e7
