instance,it_bb,it_box,p_true_pb,runtime_bb,runtime_box,runtime_pb,zeta_box,θ_bb,θ_box,θ_pb
15,21410,39,1,3600.203,3600.042,9.035,12.09090909090909,1.0e20,1.500802070670608e7,3.3910277063147716e7
