instance,it_bb,it_box,p_true_pb,runtime_bb,runtime_box,runtime_pb,zeta_box,θ_bb,θ_box,θ_pb
28,47444,84,1,3600.033,176.35,10.945,4.0,1.695458696372477e7,1.6353355774045048e7,1.7555770056055997e7
