instance,it_bb,it_box,p_true_pb,runtime_bb,runtime_box,runtime_pb,zeta_box,θ_bb,θ_box,θ_pb
44,13,14,1,0.441,2.447,10.308,1.0,3.2544947841689713e7,3.2544947841689713e7,3.2544947841689713e7
