instance,it_bb,it_box,p_true_pb,runtime_bb,runtime_box,runtime_pb,zeta_box,θ_bb,θ_box,θ_pb
9,34017,148,1,3600.111,1514.052,9.723,0.0,3.148246806215153e7,2.7452022826591022e7,3.159139851673015e7
