instance,it_bb,it_box,p_true_pb,runtime_bb,runtime_box,runtime_pb,zeta_box,θ_bb,θ_box,θ_pb
35,31998,132,1,3600.11,3600.031,8.92,0.0,3.677002956409577e7,3.1798180712813195e7,3.677002956409578e7
