instance,it_bb,it_box,p_true_pb,runtime_bb,runtime_box,runtime_pb,zeta_box,θ_bb,θ_box,θ_pb
22,25611,70,1,3600.051,3600.046,11.158,6.099999999999994,2.1130770105375618e7,1.5965746079519322e7,2.113077010537562e7
