instance,it_bb,it_box,p_true_pb,runtime_bb,runtime_box,runtime_pb,zeta_box,θ_bb,θ_box,θ_pb
17,23548,67,1,3600.042,3600.065,13.424,0.0,2.3540440075627048e7,1.6528871332047543e7,2.3540440075627048e7
