instance,it_bb,it_box,p_true_pb,runtime_bb,runtime_box,runtime_pb,zeta_box,θ_bb,θ_box,θ_pb
49,19390,26,1,3600.063,3600.026,9.426,15.999999999999998,1.0e20,1.4334665946993781e7,3.830341004664974e7
