instance,it_bb,it_box,p_true_pb,runtime_bb,runtime_box,runtime_pb,zeta_box,θ_bb,θ_box,θ_pb
42,25230,62,1,3600.027,3600.045,11.624,10.181818181818182,1.0e20,2.344404075469226e7,3.811252523461838e7
