instance,it_bb,it_box,p_true_pb,runtime_bb,runtime_box,runtime_pb,zeta_box,θ_bb,θ_box,θ_pb
28,22747,30,1,3600.161,3600.043,8.996,9.461538461538435,1.7555770056056e7,7.816254326623307e6,1.7555770056055997e7
