instance,it_bb,it_box,p_true_pb,runtime_bb,runtime_box,runtime_pb,zeta_box,θ_bb,θ_box,θ_pb
18,19676,43,1,3600.028,3600.023,11.901,13.333333333333334,1.0e20,1.6995301267326422e7,3.587751097153891e7
