instance,it_bb,it_box,p_true_pb,runtime_bb,runtime_box,runtime_pb,zeta_box,θ_bb,θ_box,θ_pb
20,24430,80,1,3600.002,3600.045,11.385,7.0,1.920657328984132e7,1.7960726629894976e7,2.9068445398239322e7
