instance,it_bb,it_box,p_true_pb,runtime_bb,runtime_box,runtime_pb,zeta_box,θ_bb,θ_box,θ_pb
46,24056,62,1,3600.195,3600.051,9.409,9.545454545454545,1.0e20,2.2613853677089505e7,3.524354695576886e7
