instance,it_bb,it_box,p_true_pb,runtime_bb,runtime_box,runtime_pb,zeta_box,θ_bb,θ_box,θ_pb
45,23787,59,1,3600.087,3600.047,9.234,12.466666666666669,1.0e20,2.4765804349445492e7,4.339765311953627e7
