instance,it_bb,it_box,p_true_pb,runtime_bb,runtime_box,runtime_pb,zeta_box,θ_bb,θ_box,θ_pb
17,33004,128,1,3600.076,1091.013,9.59,2.0,2.3290024699984908e7,2.1537114839925166e7,2.3540440075627048e7
