instance,it_bb,it_box,p_true_pb,runtime_bb,runtime_box,runtime_pb,zeta_box,θ_bb,θ_box,θ_pb
5,13,12,1,0.382,2.083,8.991,1.0,2.7094191393037483e7,2.7094191393037483e7,2.7094191393037483e7
