instance,it_bb,it_box,p_true_pb,runtime_bb,runtime_box,runtime_pb,zeta_box,θ_bb,θ_box,θ_pb
36,26556,58,1,3600.059,3600.035,9.294,9.100000000000001,1.0e20,2.5663834858769774e7,4.0688896965478316e7
