instance,it_bb,it_box,p_true_pb,runtime_bb,runtime_box,runtime_pb,zeta_box,θ_bb,θ_box,θ_pb
26,29563,128,1,3600.121,1153.861,12.834,0.0,3.088425604428223e7,2.658843305374302e7,3.0884256044282243e7
