instance,it_bb,it_box,p_true_pb,runtime_bb,runtime_box,runtime_pb,zeta_box,θ_bb,θ_box,θ_pb
1,28281,67,1,3600.124,3600.064,9.934,7.09090909090909,2.206761687806326e7,1.6218613501096489e7,2.2067616878063265e7
