instance,it_bb,it_box,p_true_pb,runtime_bb,runtime_box,runtime_pb,zeta_box,θ_bb,θ_box,θ_pb
22,24053,68,1,3600.042,3600.065,11.814,0.0,2.1130770105375618e7,1.596572877706261e7,2.113077010537562e7
