instance,it_bb,it_box,p_true_pb,runtime_bb,runtime_box,runtime_pb,zeta_box,θ_bb,θ_box,θ_pb
1,28740,69,1,3600.112,3600.045,9.333,7.0,2.206761687806326e7,1.6351445712331034e7,2.2067616878063265e7
