instance,it_bb,it_box,p_true_pb,runtime_bb,runtime_box,runtime_pb,zeta_box,θ_bb,θ_box,θ_pb
45,26206,130,1,3600.164,3600.038,13.136,3.3636363636363633,1.0e20,3.502510486505837e7,4.339765311953627e7
