instance,it_bb,it_box,p_true_pb,runtime_bb,runtime_box,runtime_pb,zeta_box,θ_bb,θ_box,θ_pb
22,39913,144,1,3600.125,276.628,9.393,0.18181818181817988,2.1013381860648982e7,1.9839506217193656e7,2.113077010537562e7
