instance,it_bb,it_box,p_true_pb,runtime_bb,runtime_box,runtime_pb,zeta_box,θ_bb,θ_box,θ_pb
16,29220,166,1,3600.199,1095.608,14.829,0.0,3.3466745317785352e7,2.98938473343551e7,3.3466745317785364e7
