instance,it_bb,it_box,p_true_pb,runtime_bb,runtime_box,runtime_pb,zeta_box,θ_bb,θ_box,θ_pb
50,20912,39,1,3600.014,3600.041,9.377,12.272727272727272,2.5170530042429186e7,1.2151816448989404e7,2.5170530042429194e7
