instance,it_bb,it_box,p_true_pb,runtime_bb,runtime_box,runtime_pb,zeta_box,θ_bb,θ_box,θ_pb
12,20384,40,1,3600.176,3600.042,10.299,13.333333333333334,1.0e20,1.7089773868585814e7,3.8600054148320496e7
