instance,it_bb,it_box,p_true_pb,runtime_bb,runtime_box,runtime_pb,zeta_box,θ_bb,θ_box,θ_pb
31,12,12,1,0.447,2.808,11.355,1.0000000002000036,3.450798132336682e7,3.450798132336682e7,3.450798132336682e7
