instance,it_bb,it_box,p_true_pb,runtime_bb,runtime_box,runtime_pb,zeta_box,θ_bb,θ_box,θ_pb
19,17629,31,1,3600.218,3600.046,10.203,11.583333333333353,1.0e20,1.2160840943484781e7,3.4433428932090074e7
