instance,it_bb,it_box,p_true_pb,runtime_bb,runtime_box,runtime_pb,zeta_box,θ_bb,θ_box,θ_pb
8,35160,144,1,3600.077,970.439,9.842,2.4997525610584948e-6,2.863235263048251e7,2.617421154169652e7,2.874479097747806e7
