instance,it_bb,it_box,p_true_pb,runtime_bb,runtime_box,runtime_pb,zeta_box,θ_bb,θ_box,θ_pb
1,27586,66,1,3600.091,3600.078,10.357,0.0,2.206761687806326e7,1.6218522892812591e7,2.2067616878063265e7
