instance,it_bb,it_box,p_true_pb,runtime_bb,runtime_box,runtime_pb,zeta_box,θ_bb,θ_box,θ_pb
3,17462,41,1,3600.182,3600.03,10.734,14.333333333333293,1.0e20,2.2846847756925374e7,5.6429779848744035e7
