instance,it_bb,it_box,p_true_pb,runtime_bb,runtime_box,runtime_pb,zeta_box,θ_bb,θ_box,θ_pb
17,36106,128,1,3600.13,630.294,9.801,0.0,2.3290024421164315e7,2.1537114839925166e7,2.3540440075627048e7
