instance,it_bb,it_box,p_true_pb,runtime_bb,runtime_box,runtime_pb,zeta_box,θ_bb,θ_box,θ_pb
47,17356,30,1,3600.114,3600.029,11.471,14.083333333333332,1.0e20,1.3865752205538632e7,4.215085106340996e7
