instance,it_bb,it_box,p_true_pb,runtime_bb,runtime_box,runtime_pb,zeta_box,θ_bb,θ_box,θ_pb
3,20,19,1,0.807,2.784,10.245,1.1250000000000016,5.642977984874406e7,5.642977984874406e7,5.6429779848744035e7
