instance,it_bb,it_box,p_true_pb,runtime_bb,runtime_box,runtime_pb,zeta_box,θ_bb,θ_box,θ_pb
6,30356,161,1,3600.118,3600.028,9.834,0.9999999999999964,3.445560945620672e7,3.0777225852156002e7,3.4455609456206724e7
