instance,it_bb,it_box,p_true_pb,runtime_bb,runtime_box,runtime_pb,zeta_box,θ_bb,θ_box,θ_pb
22,23627,48,1,3600.099,3600.053,9.813,10.0,2.1130770105375618e7,1.2209568962282242e7,2.113077010537562e7
