instance,it_bb,it_box,p_true_pb,runtime_bb,runtime_box,runtime_pb,zeta_box,θ_bb,θ_box,θ_pb
13,26345,62,1,3600.033,3600.035,9.728,9.999999999999972,1.0e20,2.4044973414730657e7,4.03603456405874e7
