instance,it_bb,it_box,p_true_pb,runtime_bb,runtime_box,runtime_pb,zeta_box,θ_bb,θ_box,θ_pb
11,17029,26,1,3600.12,3600.034,9.13,12.100000000000003,1.0e20,1.2102248988251764e7,3.474976555172504e7
