instance,it_bb,it_box,p_true_pb,runtime_bb,runtime_box,runtime_pb,zeta_box,θ_bb,θ_box,θ_pb
8,21936,47,1,3600.2,3600.032,9.137,11.083333333333334,1.0e20,1.5074019008448768e7,2.874479097747806e7
