instance,it_bb,it_box,p_true_pb,runtime_bb,runtime_box,runtime_pb,zeta_box,θ_bb,θ_box,θ_pb
13,22974,56,1,3600.001,3600.055,9.243,0.0,2.8218840615610354e7,2.3431536502283223e7,4.03603456405874e7
