instance,it_bb,it_box,p_true_pb,runtime_bb,runtime_box,runtime_pb,zeta_box,θ_bb,θ_box,θ_pb
43,21574,63,1,3600.015,3600.029,9.495,0.0,2.9221190439872585e7,2.0725584081191834e7,2.9221190439872585e7
