instance,it_bb,it_box,p_true_pb,runtime_bb,runtime_box,runtime_pb,zeta_box,θ_bb,θ_box,θ_pb
1,33695,100,1,3600.119,209.165,10.916,0.25000000000001266,2.206761687806326e7,1.9940665985222165e7,2.2067616878063265e7
