instance,it_bb,it_box,p_true_pb,runtime_bb,runtime_box,runtime_pb,zeta_box,θ_bb,θ_box,θ_pb
10,20259,46,1,3600.059,3600.036,9.102,9.866666666666642,1.0e20,1.7502309228053123e7,3.852658643046284e7
