instance,it_bb,it_box,p_true_pb,runtime_bb,runtime_box,runtime_pb,zeta_box,θ_bb,θ_box,θ_pb
46,17838,31,1,3600.195,3600.023,10.442,13.200000000000003,1.0e20,1.3953773581688588e7,3.524354695576886e7
