instance,it_bb,it_box,p_true_pb,runtime_bb,runtime_box,runtime_pb,zeta_box,θ_bb,θ_box,θ_pb
34,17681,33,1,3600.167,3600.034,8.95,13.933333334826646,1.0e20,1.6802558032775834e7,4.953512873899473e7
