instance,it_bb,it_box,p_true_pb,runtime_bb,runtime_box,runtime_pb,zeta_box,θ_bb,θ_box,θ_pb
9,16238,48,1,3600.064,3600.039,9.155,10.727272727272716,1.0e20,1.5033974621645689e7,3.159139851673015e7
