instance,it_bb,it_box,p_true_pb,runtime_bb,runtime_box,runtime_pb,zeta_box,θ_bb,θ_box,θ_pb
31,21688,40,1,3600.001,3600.034,9.239,11.5,2.34813271517099e7,1.94597138855268e7,3.450798132336682e7
