instance,it_bb,it_box,p_true_pb,runtime_bb,runtime_box,runtime_pb,zeta_box,θ_bb,θ_box,θ_pb
35,22565,38,1,3600.143,3600.046,9.129,12.333333333333334,1.0e20,1.7460769504362393e7,3.677002956409578e7
