instance,it_bb,it_box,p_true_pb,runtime_bb,runtime_box,runtime_pb,zeta_box,θ_bb,θ_box,θ_pb
14,31351,174,1,3600.069,3600.037,9.396,0.0,3.0551858121240575e7,2.683786214525254e7,3.0551858121240586e7
