instance,it_bb,it_box,p_true_pb,runtime_bb,runtime_box,runtime_pb,zeta_box,θ_bb,θ_box,θ_pb
13,27307,141,1,3600.004,3600.061,11.18,4.399999999999999,4.036034564058739e7,3.373593936054739e7,4.03603456405874e7
