instance,it_bb,it_box,p_true_pb,runtime_bb,runtime_box,runtime_pb,zeta_box,θ_bb,θ_box,θ_pb
7,12,10,1,0.396,2.247,9.517,1.999999999999955,3.306540775207837e7,3.306540775207837e7,3.306540775207836e7
