instance,it_bb,it_box,p_true_pb,runtime_bb,runtime_box,runtime_pb,zeta_box,θ_bb,θ_box,θ_pb
5,37054,159,1,3600.089,3600.039,9.344,0.0,2.6985817426055245e7,2.449322630620799e7,2.7094191393037483e7
