instance,it_bb,it_box,p_true_pb,runtime_bb,runtime_box,runtime_pb,zeta_box,θ_bb,θ_box,θ_pb
6,31617,151,1,3600.074,3600.061,9.63,0.0,3.445560945620672e7,3.0654755644728463e7,3.4455609456206724e7
