instance,it_bb,it_box,p_true_pb,runtime_bb,runtime_box,runtime_pb,zeta_box,θ_bb,θ_box,θ_pb
26,16,15,1,0.464,2.22,9.277,1.0,3.0884256044282235e7,3.0884256044282235e7,3.0884256044282243e7
