instance,it_bb,it_box,p_true_pb,runtime_bb,runtime_box,runtime_pb,zeta_box,θ_bb,θ_box,θ_pb
12,30674,145,1,3600.132,3600.038,9.359,0.0,3.860005414832049e7,3.2983480116424434e7,3.8600054148320496e7
