instance,it_bb,it_box,p_true_pb,runtime_bb,runtime_box,runtime_pb,zeta_box,θ_bb,θ_box,θ_pb
28,24345,80,1,3600.236,3600.048,12.095,0.0,1.7555770056055993e7,1.3708118577333158e7,1.7555770056055997e7
