instance,it_bb,it_box,p_true_pb,runtime_bb,runtime_box,runtime_pb,zeta_box,θ_bb,θ_box,θ_pb
33,27860,67,1,3600.236,3600.039,9.277,0.0,2.7773682517592624e7,1.814107344898574e7,2.7773682517592624e7
