instance,it_bb,it_box,p_true_pb,runtime_bb,runtime_box,runtime_pb,zeta_box,θ_bb,θ_box,θ_pb
44,18199,28,1,3600.14,3600.034,9.201,13.230769230769232,1.0e20,1.1361922022590786e7,3.2544947841689713e7
