instance,it_bb,it_box,p_true_pb,runtime_bb,runtime_box,runtime_pb,zeta_box,θ_bb,θ_box,θ_pb
21,24173,64,1,3600.075,3600.051,12.636,8.000000000900002,1.0e20,1.5316594504938424e7,2.3362408956677094e7
