instance,it_bb,it_box,p_true_pb,runtime_bb,runtime_box,runtime_pb,zeta_box,θ_bb,θ_box,θ_pb
9,16,14,1,0.428,2.095,9.063,0.11111111111111072,3.1591398516730152e7,3.1591398516730152e7,3.159139851673015e7
