instance,it_bb,it_box,p_true_pb,runtime_bb,runtime_box,runtime_pb,zeta_box,θ_bb,θ_box,θ_pb
1,33059,100,1,3600.069,90.062,8.932,1.5736052968609977e-7,2.206761687806326e7,1.9940665985222165e7,2.2067616878063265e7
