instance,it_bb,it_box,p_true_pb,runtime_bb,runtime_box,runtime_pb,zeta_box,θ_bb,θ_box,θ_pb
34,24107,55,1,3600.063,3600.043,9.137,11.199999999999978,1.0e20,2.8626125550488345e7,4.953512873899473e7
