instance,it_bb,it_box,p_true_pb,runtime_bb,runtime_box,runtime_pb,zeta_box,θ_bb,θ_box,θ_pb
27,29161,83,1,3600.042,3600.055,9.109,7.199999999999999,1.8720692667751156e7,1.5090154765521267e7,1.8720692667751163e7
