instance,it_bb,it_box,p_true_pb,runtime_bb,runtime_box,runtime_pb,zeta_box,θ_bb,θ_box,θ_pb
49,18363,35,1,3600.07,3600.066,12.253,14.615384615384615,3.830341004664973e7,1.9152577229633912e7,3.830341004664974e7
