instance,it_bb,it_box,p_true_pb,runtime_bb,runtime_box,runtime_pb,zeta_box,θ_bb,θ_box,θ_pb
29,23519,41,1,3600.002,3600.038,9.122,10.0,2.0022007844869398e7,1.6257110717283985e7,3.184168313194398e7
