instance,it_bb,it_box,p_true_pb,runtime_bb,runtime_box,runtime_pb,zeta_box,θ_bb,θ_box,θ_pb
47,23528,69,1,3600.192,3600.038,9.422,8.272727272727272,1.0e20,2.5492813074013762e7,4.215085106340996e7
