instance,it_bb,it_box,p_true_pb,runtime_bb,runtime_box,runtime_pb,zeta_box,θ_bb,θ_box,θ_pb
41,29879,181,1,3600.002,3600.037,10.446,0.0,3.8174757191795506e7,3.2667770566821583e7,3.817475719179552e7
