instance,it_bb,it_box,p_true_pb,runtime_bb,runtime_box,runtime_pb,zeta_box,θ_bb,θ_box,θ_pb
48,18670,44,1,3600.001,3600.039,11.426,10.583333333333332,1.8763745448034015e7,1.8023005329385396e7,3.962384034422545e7
