instance,it_bb,it_box,p_true_pb,runtime_bb,runtime_box,runtime_pb,zeta_box,θ_bb,θ_box,θ_pb
7,29390,190,1,3600.035,3600.036,12.111,0.0,3.3065407752078354e7,2.994116438246146e7,3.306540775207836e7
