instance,it_bb,it_box,p_true_pb,runtime_bb,runtime_box,runtime_pb,zeta_box,θ_bb,θ_box,θ_pb
33,27182,67,1,3600.091,3600.035,9.709,8.545454545454547,2.7773682517592624e7,1.8141063654167395e7,2.7773682517592624e7
