instance,it_bb,it_box,p_true_pb,runtime_bb,runtime_box,runtime_pb,zeta_box,θ_bb,θ_box,θ_pb
18,17463,26,1,3600.397,3600.052,10.789,14.42857142857142,1.0e20,1.199806789150954e7,3.587751097153891e7
