instance,it_bb,it_box,p_true_pb,runtime_bb,runtime_box,runtime_pb,zeta_box,θ_bb,θ_box,θ_pb
24,31703,172,1,3600.017,3600.018,9.044,1.5000000002500045,1.0e20,3.44980401443415e7,4.3428194966687836e7
