instance,it_bb,it_box,p_true_pb,runtime_bb,runtime_box,runtime_pb,zeta_box,θ_bb,θ_box,θ_pb
35,24589,60,1,3600.174,3600.06,10.854,11.545454545454547,3.677002956409578e7,2.405141108682539e7,3.677002956409578e7
