instance,it_bb,it_box,p_true_pb,runtime_bb,runtime_box,runtime_pb,zeta_box,θ_bb,θ_box,θ_pb
27,53870,98,1,3600.066,74.239,9.213,0.125,1.826687332043331e7,1.7813053910188824e7,1.8720692667751163e7
