instance,it_bb,it_box,p_true_pb,runtime_bb,runtime_box,runtime_pb,zeta_box,θ_bb,θ_box,θ_pb
30,29700,177,1,3600.027,1212.698,11.711,0.0,3.069576412546298e7,2.6361079681954347e7,3.0695764125462983e7
