instance,it_bb,it_box,p_true_pb,runtime_bb,runtime_box,runtime_pb,zeta_box,θ_bb,θ_box,θ_pb
27,21985,36,1,3600.021,3600.043,10.369,10.500000374712883,1.8720692667751156e7,1.0778911723015305e7,1.8720692667751163e7
