instance,it_bb,it_box,p_true_pb,runtime_bb,runtime_box,runtime_pb,zeta_box,θ_bb,θ_box,θ_pb
4,20410,43,1,3600.221,3600.041,10.562,12.692307692307693,1.0e20,2.1670394079536334e7,4.79930269230789e7
