instance,it_bb,it_box,p_true_pb,runtime_bb,runtime_box,runtime_pb,zeta_box,θ_bb,θ_box,θ_pb
36,31906,136,1,3600.098,3600.03,9.665,1.4999999999999991,4.06888969654783e7,3.51043442639528e7,4.0688896965478316e7
