instance,it_bb,it_box,p_true_pb,runtime_bb,runtime_box,runtime_pb,zeta_box,θ_bb,θ_box,θ_pb
12,29652,149,1,3600.123,3600.025,10.072,2.0,3.860005414832049e7,3.405902498855807e7,3.8600054148320496e7
