instance,it_bb,it_box,p_true_pb,runtime_bb,runtime_box,runtime_pb,zeta_box,θ_bb,θ_box,θ_pb
28,23802,36,1,3600.072,3600.059,9.622,6.769230769230768,1.7555770056056e7,1.0100807357538547e7,1.7555770056055997e7
