instance,it_bb,it_box,p_true_pb,runtime_bb,runtime_box,runtime_pb,zeta_box,θ_bb,θ_box,θ_pb
13,26669,133,1,3600.154,3600.037,12.482,0.0,4.036034564058739e7,3.361331646967469e7,4.03603456405874e7
