instance,it_bb,it_box,p_true_pb,runtime_bb,runtime_box,runtime_pb,zeta_box,θ_bb,θ_box,θ_pb
28,28268,85,1,3600.055,3600.025,10.287,6.0,1.7555770056055993e7,1.3828325854092259e7,1.7555770056055997e7
