instance,it_bb,it_box,p_true_pb,runtime_bb,runtime_box,runtime_pb,zeta_box,θ_bb,θ_box,θ_pb
16,23908,40,1,3600.055,3600.04,9.298,11.769230769230743,1.0e20,1.7150524731354233e7,3.3466745317785364e7
