instance,it_bb,it_box,p_true_pb,runtime_bb,runtime_box,runtime_pb,zeta_box,θ_bb,θ_box,θ_pb
40,20667,42,1,3600.227,3600.036,10.1,12.928571428571429,1.0e20,1.7176136848895956e7,3.760383354774745e7
