instance,it_bb,it_box,p_true_pb,runtime_bb,runtime_box,runtime_pb,zeta_box,θ_bb,θ_box,θ_pb
40,27383,59,1,3600.002,3600.037,9.083,8.142857142857142,2.8625978258674182e7,2.3551475200677466e7,3.760383354774745e7
