instance,it_bb,it_box,p_true_pb,runtime_bb,runtime_box,runtime_pb,zeta_box,θ_bb,θ_box,θ_pb
19,29113,131,1,3600.027,3600.026,10.768,3.5,3.443342893209008e7,2.944129053427316e7,3.4433428932090074e7
