instance,it_bb,it_box,p_true_pb,runtime_bb,runtime_box,runtime_pb,zeta_box,θ_bb,θ_box,θ_pb
25,28096,136,1,3600.162,3600.037,12.515,0.0,3.770389639974573e7,3.146171482577498e7,3.770389639974575e7
