instance,it_bb,it_box,p_true_pb,runtime_bb,runtime_box,runtime_pb,zeta_box,θ_bb,θ_box,θ_pb
5,26916,60,1,3600.069,3600.045,9.851,8.0,2.7094191393037483e7,1.8532726213403333e7,2.7094191393037483e7
