instance,it_bb,it_box,p_true_pb,runtime_bb,runtime_box,runtime_pb,zeta_box,θ_bb,θ_box,θ_pb
43,23201,99,1,3600.096,310.655,12.82,1.0833333333333517,2.922119043987258e7,2.600307763886638e7,2.9221190439872585e7
