instance,it_bb,it_box,p_true_pb,runtime_bb,runtime_box,runtime_pb,zeta_box,θ_bb,θ_box,θ_pb
11,18144,42,1,3600.062,3600.044,9.713,11.307692307692307,1.0e20,1.5876788937932221e7,3.474976555172504e7
