instance,it_bb,it_box,p_true_pb,runtime_bb,runtime_box,runtime_pb,zeta_box,θ_bb,θ_box,θ_pb
31,27317,64,1,3600.097,3600.043,9.118,0.0,3.450798132336682e7,2.4908256695641298e7,3.450798132336682e7
