instance,it_bb,it_box,p_true_pb,runtime_bb,runtime_box,runtime_pb,zeta_box,θ_bb,θ_box,θ_pb
20,22460,46,1,3600.184,3600.025,9.588,10.92307692307692,1.0e20,1.3393059856623022e7,2.9068445398239322e7
