instance,it_bb,it_box,p_true_pb,runtime_bb,runtime_box,runtime_pb,zeta_box,θ_bb,θ_box,θ_pb
24,16218,31,1,3600.246,3600.031,10.69,11.799999999999997,1.0e20,1.3090978368356738e7,4.3428194966687836e7
