instance,it_bb,it_box,p_true_pb,runtime_bb,runtime_box,runtime_pb,zeta_box,θ_bb,θ_box,θ_pb
4,30731,130,1,3600.043,3600.034,11.344,0.0,4.79930269230789e7,4.02823581849385e7,4.79930269230789e7
