instance,it_bb,it_box,p_true_pb,runtime_bb,runtime_box,runtime_pb,zeta_box,θ_bb,θ_box,θ_pb
44,29542,174,1,3600.001,3600.032,11.325,0.8888888888888893,3.2544947841689706e7,2.8402988269975558e7,3.2544947841689713e7
