instance,it_bb,it_box,p_true_pb,runtime_bb,runtime_box,runtime_pb,zeta_box,θ_bb,θ_box,θ_pb
45,16077,32,1,3600.229,3600.029,13.664,13.142857142857142,1.0e20,1.462453432001092e7,4.339765311953627e7
