instance,it_bb,it_box,p_true_pb,runtime_bb,runtime_box,runtime_pb,zeta_box,θ_bb,θ_box,θ_pb
50,20226,45,1,3600.211,3600.062,11.833,10.0,2.5170530042429186e7,1.562359279246211e7,2.5170530042429194e7
