instance,it_bb,it_box,p_true_pb,runtime_bb,runtime_box,runtime_pb,zeta_box,θ_bb,θ_box,θ_pb
32,33322,167,1,3600.004,3600.03,9.58,0.3999999999999986,3.061746555691274e7,2.7132661104491435e7,3.1239759699581634e7
