instance,it_bb,it_box,p_true_pb,runtime_bb,runtime_box,runtime_pb,zeta_box,θ_bb,θ_box,θ_pb
39,16,15,1,0.499,2.359,9.736,0.3750000000000001,4.30585735562183e7,4.30585735562183e7,4.305857355621829e7
