instance,it_bb,it_box,p_true_pb,runtime_bb,runtime_box,runtime_pb,zeta_box,θ_bb,θ_box,θ_pb
5,27290,60,1,3600.125,3600.036,10.298,8.0,2.7094191393037483e7,1.864102797440485e7,2.7094191393037483e7
