instance,it_bb,it_box,p_true_pb,runtime_bb,runtime_box,runtime_pb,zeta_box,θ_bb,θ_box,θ_pb
9,29053,148,1,3600.028,2241.176,9.363,0.6666666666666679,3.148246806215154e7,2.7452022826591022e7,3.159139851673015e7
