instance,it_bb,it_box,p_true_pb,runtime_bb,runtime_box,runtime_pb,zeta_box,θ_bb,θ_box,θ_pb
3,15475,26,1,3600.121,3600.027,9.053,16.384615384615383,1.0e20,1.660506436957399e7,5.6429779848744035e7
