instance,it_bb,it_box,p_true_pb,runtime_bb,runtime_box,runtime_pb,zeta_box,θ_bb,θ_box,θ_pb
46,31598,180,1,3600.155,3600.027,11.093,0.0,3.5243546955768846e7,3.0913369109921526e7,3.524354695576886e7
