instance,it_bb,it_box,p_true_pb,runtime_bb,runtime_box,runtime_pb,zeta_box,θ_bb,θ_box,θ_pb
32,15,14,1,0.51,2.286,9.226,0.25000000012500045,3.1239759699581623e7,3.1239759699581623e7,3.1239759699581634e7
