instance,it_bb,it_box,p_true_pb,runtime_bb,runtime_box,runtime_pb,zeta_box,θ_bb,θ_box,θ_pb
20,26277,82,1,3600.167,3600.063,14.926,9.0,2.9068445398239322e7,1.827208144200235e7,2.9068445398239322e7
