instance,it_bb,it_box,p_true_pb,runtime_bb,runtime_box,runtime_pb,zeta_box,θ_bb,θ_box,θ_pb
14,17262,32,1,3600.299,3600.06,17.176,9.999999999999943,1.0e20,1.2221688091479091e7,3.0551858121240586e7
