instance,it_bb,it_box,p_true_pb,runtime_bb,runtime_box,runtime_pb,zeta_box,θ_bb,θ_box,θ_pb
31,23789,64,1,3600.155,3600.062,10.796,9.399999999999993,3.450798132336682e7,2.490826600136319e7,3.450798132336682e7
