instance,it_bb,it_box,p_true_pb,runtime_bb,runtime_box,runtime_pb,zeta_box,θ_bb,θ_box,θ_pb
23,29138,129,1,3600.001,3600.023,9.412,3.0,4.355040064499842e7,4.0650237975917704e7,5.262133725016698e7
