instance,it_bb,it_box,p_true_pb,runtime_bb,runtime_box,runtime_pb,zeta_box,θ_bb,θ_box,θ_pb
27,9,7,1,0.361,2.396,10.687,3.000000000400007,1.8720692667751163e7,1.8720692667751163e7,1.8720692667751163e7
