instance,it_bb,it_box,p_true_pb,runtime_bb,runtime_box,runtime_pb,zeta_box,θ_bb,θ_box,θ_pb
2,33372,158,1,3600.147,3600.055,10.25,1.0,2.6488240942497123e7,2.373166098029593e7,2.6608093266653184e7
