instance,it_bb,it_box,p_true_pb,runtime_bb,runtime_box,runtime_pb,zeta_box,θ_bb,θ_box,θ_pb
40,28629,126,1,3600.052,3600.045,12.214,2.2222222222222214,3.760383354774744e7,3.1878803497699708e7,3.760383354774745e7
