instance,it_bb,it_box,p_true_pb,runtime_bb,runtime_box,runtime_pb,zeta_box,θ_bb,θ_box,θ_pb
6,22354,44,1,3600.16,3600.025,9.466,12.000000000000005,1.0e20,2.2808509129512355e7,3.4455609456206724e7
