instance,it_bb,it_box,p_true_pb,runtime_bb,runtime_box,runtime_pb,zeta_box,θ_bb,θ_box,θ_pb
27,39154,98,1,3600.061,95.192,11.05,5.532118620976689e-7,1.826687332043331e7,1.7813053910188824e7,1.8720692667751163e7
