instance,it_bb,it_box,p_true_pb,runtime_bb,runtime_box,runtime_pb,zeta_box,θ_bb,θ_box,θ_pb
18,33853,161,1,3600.008,3600.028,9.212,2.0,3.587751097153891e7,3.099035147887005e7,3.587751097153891e7
