instance,it_bb,it_box,p_true_pb,runtime_bb,runtime_box,runtime_pb,zeta_box,θ_bb,θ_box,θ_pb
40,576,27,1,4.477,5.461,10.088,0.875,9.184062238402387e6,9.184062238402389e6,9.184062238402389e6
