instance,it_bb,it_box,p_true_pb,runtime_bb,runtime_box,runtime_pb,zeta_box,θ_bb,θ_box,θ_pb
4,32651,134,1,3600.042,3600.047,12.173,1.5,1.9863362695308223e7,1.3905365071716331e7,1.9863362695308223e7
