instance,it_bb,it_box,p_true_pb,runtime_bb,runtime_box,runtime_pb,zeta_box,θ_bb,θ_box,θ_pb
42,38716,132,1,3600.115,3600.073,11.179,1.4444444444444429,1.7231848336595725e7,1.4116107943885356e7,1.842238586322618e7
