instance,it_bb,it_box,p_true_pb,runtime_bb,runtime_box,runtime_pb,zeta_box,θ_bb,θ_box,θ_pb
13,994,23,1,8.981,4.605,11.559,0.0,1.3404305747505061e7,1.3404305747505058e7,1.4782104101156984e7
