instance,it_bb,it_box,p_true_pb,runtime_bb,runtime_box,runtime_pb,zeta_box,θ_bb,θ_box,θ_pb
22,33779,114,1,3600.2,3600.124,11.565,9.0,1.997847614890839e7,1.5759746640158197e7,2.308052551240907e7
