instance,it_bb,it_box,p_true_pb,runtime_bb,runtime_box,runtime_pb,zeta_box,θ_bb,θ_box,θ_pb
40,48111,111,1,3600.002,596.287,8.946,0.19999999999998863,8.12856897515224e6,8.550766034094505e6,9.184062238402389e6
