instance,it_bb,it_box,p_true_pb,runtime_bb,runtime_box,runtime_pb,zeta_box,θ_bb,θ_box,θ_pb
38,35892,69,1,3600.009,3600.035,8.847,3.1111111111111107,8.870982113607885e6,6.624076463608298e6,8.870982113607889e6
