instance,it_bb,it_box,p_true_pb,runtime_bb,runtime_box,runtime_pb,zeta_box,θ_bb,θ_box,θ_pb
16,23585,31,1,3600.102,3600.047,18.769,14.75,3.0141080281980716e7,1.305836455788191e7,3.0141080281980716e7
