instance,it_bb,it_box,p_true_pb,runtime_bb,runtime_box,runtime_pb,zeta_box,θ_bb,θ_box,θ_pb
23,36505,109,1,3600.001,3600.049,11.404,3.666666666666668,2.9077622972482666e7,2.0302702216406953e7,2.9208592434572116e7
