instance,it_bb,it_box,p_true_pb,runtime_bb,runtime_box,runtime_pb,zeta_box,θ_bb,θ_box,θ_pb
30,34551,100,1,3600.036,3600.02,9.43,5.25,3.2023025430999063e7,2.1904626878469244e7,3.2023025430999067e7
