instance,it_bb,it_box,p_true_pb,runtime_bb,runtime_box,runtime_pb,zeta_box,θ_bb,θ_box,θ_pb
3,33895,82,1,3600.109,3600.096,12.752,2.3333333333333357,4.83409479464946e6,3.908938054404667e6,5.142497129270974e6
