instance,it_bb,it_box,p_true_pb,runtime_bb,runtime_box,runtime_pb,zeta_box,θ_bb,θ_box,θ_pb
10,23674,52,1,306.16,13.935,10.17,0.5714285714285694,1.8341968264675632e7,1.8335461205056943e7,2.197826130044808e7
