instance,it_bb,it_box,p_true_pb,runtime_bb,runtime_box,runtime_pb,zeta_box,θ_bb,θ_box,θ_pb
23,75178,55,1,1625.736,16.914,9.801,0.0,2.37078750268152e7,2.3707875026815195e7,2.9208592434572116e7
