instance,it_bb,it_box,p_true_pb,runtime_bb,runtime_box,runtime_pb,zeta_box,θ_bb,θ_box,θ_pb
34,42412,88,1,673.197,48.367,10.783,0.14285714285714235,1.664879772571396e7,1.6648797725713963e7,1.9151468299321286e7
