instance,it_bb,it_box,p_true_pb,runtime_bb,runtime_box,runtime_pb,zeta_box,θ_bb,θ_box,θ_pb
9,55934,163,1,3600.025,3392.161,11.542,0.125,9.228641334972944e6,8.995008782511406e6,9.812448350910258e6
