instance,it_bb,it_box,p_true_pb,runtime_bb,runtime_box,runtime_pb,zeta_box,θ_bb,θ_box,θ_pb
15,50896,61,1,838.245,34.89,10.668,0.44444444444444287,2.1756006865696315e7,2.175600686569632e7,2.6518381332137614e7
