instance,it_bb,it_box,p_true_pb,runtime_bb,runtime_box,runtime_pb,zeta_box,θ_bb,θ_box,θ_pb
22,27638,45,1,475.605,13.435,11.988,0.0,1.811724703279332e7,1.811724703279332e7,2.308052551240907e7
