instance,it_bb,it_box,p_true_pb,runtime_bb,runtime_box,runtime_pb,zeta_box,θ_bb,θ_box,θ_pb
26,34691,116,1,3600.091,3600.072,9.712,0.0,2.5277434991709407e7,1.7021810416260622e7,2.5404450738764644e7
