instance,it_bb,it_box,p_true_pb,runtime_bb,runtime_box,runtime_pb,zeta_box,θ_bb,θ_box,θ_pb
13,994,23,1,8.968,5.046,10.444,0.3333333333333357,1.3404305747505061e7,1.3404305747505058e7,1.4782104101156984e7
