instance,it_bb,it_box,p_true_pb,runtime_bb,runtime_box,runtime_pb,zeta_box,θ_bb,θ_box,θ_pb
8,38418,59,1,3600.094,3600.053,9.237,3.0,4.565577437157188e6,3.512584859022645e6,4.79957436887284e6
