instance,it_bb,it_box,p_true_pb,runtime_bb,runtime_box,runtime_pb,zeta_box,θ_bb,θ_box,θ_pb
13,6,4,1,0.288,2.306,10.077,5.0,1.4782104101156984e7,1.4782104101156984e7,1.4782104101156984e7
