instance,it_bb,it_box,p_true_pb,runtime_bb,runtime_box,runtime_pb,zeta_box,θ_bb,θ_box,θ_pb
48,34321,92,1,3600.054,3600.053,12.084,2.0,1.1477057571356803e7,9.328420843438469e6,1.197498674048031e7
