instance,it_bb,it_box,p_true_pb,runtime_bb,runtime_box,runtime_pb,zeta_box,θ_bb,θ_box,θ_pb
48,26327,41,1,3600.15,3600.087,9.193,6.999999999999999,1.1974986740480307e7,6.177497913776506e6,1.197498674048031e7
