instance,it_bb,it_box,p_true_pb,runtime_bb,runtime_box,runtime_pb,zeta_box,θ_bb,θ_box,θ_pb
45,8134,51,1,81.861,13.369,9.045,0.37500000013750423,1.4806540836498613e7,1.4806540836498614e7,1.6657146538666522e7
