instance,it_bb,it_box,p_true_pb,runtime_bb,runtime_box,runtime_pb,zeta_box,θ_bb,θ_box,θ_pb
43,31378,54,1,3600.166,3600.062,8.942,8.222222222222221,1.3719016084686343e7,9.432314256213974e6,1.3826181691797199e7
