instance,it_bb,it_box,p_true_pb,runtime_bb,runtime_box,runtime_pb,zeta_box,θ_bb,θ_box,θ_pb
12,37340,129,1,3600.043,3600.034,11.116,3.111111111522227,2.5141038043849524e7,1.786419781161332e7,2.525129683034748e7
