instance,it_bb,it_box,p_true_pb,runtime_bb,runtime_box,runtime_pb,zeta_box,θ_bb,θ_box,θ_pb
15,26987,38,1,3600.187,3600.064,10.599,12.555555555555557,2.6518381332137614e7,1.1457812438538551e7,2.6518381332137614e7
