instance,it_bb,it_box,p_true_pb,runtime_bb,runtime_box,runtime_pb,zeta_box,θ_bb,θ_box,θ_pb
39,32510,67,1,3600.086,3600.083,8.742,5.600000000000001,1.270215382282821e7,8.219398298792269e6,1.282667691305649e7
