instance,it_bb,it_box,p_true_pb,runtime_bb,runtime_box,runtime_pb,zeta_box,θ_bb,θ_box,θ_pb
21,28264,40,1,3600.141,3600.056,9.581,8.714285714285706,1.4584720955758449e7,7.518915190204382e6,1.4696874924518917e7
