instance,it_bb,it_box,p_true_pb,runtime_bb,runtime_box,runtime_pb,zeta_box,θ_bb,θ_box,θ_pb
25,53103,105,1,3600.005,3600.041,10.753,5.0,9.8841950759268e6,8.761331470239487e6,1.044565185169942e7
