instance,it_bb,it_box,p_true_pb,runtime_bb,runtime_box,runtime_pb,zeta_box,θ_bb,θ_box,θ_pb
50,66670,136,1,3600.016,3600.031,8.99,2.8999999999999986,1.902208618058513e7,1.5714173243399514e7,2.2329999117770758e7
