instance,it_bb,it_box,p_true_pb,runtime_bb,runtime_box,runtime_pb,zeta_box,θ_bb,θ_box,θ_pb
30,36878,100,1,3600.038,3600.025,9.076,5.25,3.2023025430999063e7,2.1904730126674395e7,3.2023025430999067e7
