instance,it_bb,it_box,p_true_pb,runtime_bb,runtime_box,runtime_pb,zeta_box,θ_bb,θ_box,θ_pb
18,31803,71,1,3600.056,3600.137,9.95,4.0,8.351529088013928e6,6.009392181715627e6,8.758854288710766e6
