instance,it_bb,it_box,p_true_pb,runtime_bb,runtime_box,runtime_pb,zeta_box,θ_bb,θ_box,θ_pb
3,116503,104,1,3600.001,498.723,10.15,0.29999999999999716,4.422947385785621e6,4.422946428380031e6,5.142497129270974e6
