instance,it_bb,it_box,p_true_pb,runtime_bb,runtime_box,runtime_pb,zeta_box,θ_bb,θ_box,θ_pb
44,49599,149,1,3600.157,2226.273,8.969,1.9999686600158384e-6,7.018128370030101e6,6.339173290514527e6,7.697083449545676e6
