instance,it_bb,it_box,p_true_pb,runtime_bb,runtime_box,runtime_pb,zeta_box,θ_bb,θ_box,θ_pb
32,26845,32,1,3600.024,3600.08,11.309,12.099999999999998,1.7110624221871078e7,8.61223758430699e6,1.7334275736509368e7
