instance,it_bb,it_box,p_true_pb,runtime_bb,runtime_box,runtime_pb,zeta_box,θ_bb,θ_box,θ_pb
16,110446,80,1,2946.768,58.52,9.787,0.11111111111111427,2.5016284897426963e7,2.501628489742696e7,3.0141080281980716e7
