instance,it_bb,it_box,p_true_pb,runtime_bb,runtime_box,runtime_pb,zeta_box,θ_bb,θ_box,θ_pb
48,8,7,1,0.258,2.034,8.944,2.3999999999999986,1.1974986740480307e7,1.1974986740480307e7,1.197498674048031e7
