instance,it_bb,it_box,p_true_pb,runtime_bb,runtime_box,runtime_pb,zeta_box,θ_bb,θ_box,θ_pb
18,2624,35,1,20.18,5.491,8.844,0.0,7.944220661271037e6,7.9442206612710375e6,8.758854288710766e6
