instance,it_bb,it_box,p_true_pb,runtime_bb,runtime_box,runtime_pb,zeta_box,θ_bb,θ_box,θ_pb
3,88398,104,1,3600.002,730.981,12.217,0.0,4.525710425428575e6,4.422946428380031e6,5.142497129270974e6
