instance,it_bb,it_box,p_true_pb,runtime_bb,runtime_box,runtime_pb,zeta_box,θ_bb,θ_box,θ_pb
1,32582,123,1,3600.185,3600.076,10.233,0.0,2.5230054538493577e7,1.8327152679799818e7,2.5430095141768754e7
