instance,it_bb,it_box,p_true_pb,runtime_bb,runtime_box,runtime_pb,zeta_box,θ_bb,θ_box,θ_pb
8,35833,48,1,428.757,39.369,9.07,0.0,4.33163047035492e6,4.331627105824914e6,4.79957436887284e6
