instance,it_bb,it_box,p_true_pb,runtime_bb,runtime_box,runtime_pb,zeta_box,θ_bb,θ_box,θ_pb
28,26568,40,1,3600.254,3600.084,11.978,6.0,7.961121902375132e6,5.347581659602937e6,8.198720947183211e6
