instance,it_bb,it_box,p_true_pb,runtime_bb,runtime_box,runtime_pb,zeta_box,θ_bb,θ_box,θ_pb
46,7,5,1,0.247,1.943,8.64,2.857142857142861,1.5084181670024265e7,1.5084181670024265e7,1.5084181670024266e7
