instance,it_bb,it_box,p_true_pb,runtime_bb,runtime_box,runtime_pb,zeta_box,θ_bb,θ_box,θ_pb
39,33826,94,1,3600.093,3600.036,11.886,0.0,1.2453138127374323e7,9.713822630867748e6,1.282667691305649e7
