instance,it_bb,it_box,p_true_pb,runtime_bb,runtime_box,runtime_pb,zeta_box,θ_bb,θ_box,θ_pb
28,43264,110,1,3600.058,3600.062,9.056,0.0,7.961121902375131e6,7.485912371302402e6,8.198720947183211e6
