instance,it_bb,it_box,p_true_pb,runtime_bb,runtime_box,runtime_pb,zeta_box,θ_bb,θ_box,θ_pb
29,43979,161,1,3600.056,3600.039,10.167,3.5,1.0291734143807665e7,9.443185276453944e6,1.0609941780755993e7
