instance,it_bb,it_box,p_true_pb,runtime_bb,runtime_box,runtime_pb,zeta_box,θ_bb,θ_box,θ_pb
4,26093,54,1,3600.168,3600.062,12.152,6.5,1.9863362695308223e7,1.0868048261171624e7,1.9863362695308223e7
