instance,it_bb,it_box,p_true_pb,runtime_bb,runtime_box,runtime_pb,zeta_box,θ_bb,θ_box,θ_pb
17,36562,195,1,3600.05,2833.755,8.818,0.44444444444444287,1.7394752846232946e6,1.6236758307824288e6,1.739475284623336e6
