instance,it_bb,it_box,p_true_pb,runtime_bb,runtime_box,runtime_pb,zeta_box,θ_bb,θ_box,θ_pb
43,25539,35,1,3600.254,3600.061,10.994,8.75,1.3719016084686343e7,7.717613831728091e6,1.3826181691797199e7
