instance,it_bb,it_box,p_true_pb,runtime_bb,runtime_box,runtime_pb,zeta_box,θ_bb,θ_box,θ_pb
47,34411,89,1,3600.209,3600.053,9.656,1.0,2.4283974451791532e6,1.966382231100912e6,2.4283974451793744e6
