instance,it_bb,it_box,p_true_pb,runtime_bb,runtime_box,runtime_pb,zeta_box,θ_bb,θ_box,θ_pb
38,70018,129,1,3600.051,2357.441,19.233,0.375,8.279691153081685e6,7.806680322855599e6,8.870982113607889e6
