instance,it_bb,it_box,p_true_pb,runtime_bb,runtime_box,runtime_pb,zeta_box,θ_bb,θ_box,θ_pb
19,46512,131,1,3600.151,3600.078,9.217,0.0,1.1457564687530512e7,9.321821337068759e6,1.2428293143451858e7
