instance,it_bb,it_box,p_true_pb,runtime_bb,runtime_box,runtime_pb,zeta_box,θ_bb,θ_box,θ_pb
1,32876,127,1,3600.082,3600.046,9.99,4.0,2.5230054538493577e7,1.8327229652205728e7,2.5430095141768754e7
