instance,it_bb,it_box,p_true_pb,runtime_bb,runtime_box,runtime_pb,zeta_box,θ_bb,θ_box,θ_pb
19,4291,47,1,50.759,13.113,11.728,0.0,1.0486669211602278e7,1.0486669211602246e7,1.2428293143451858e7
