instance,it_bb,it_box,p_true_pb,runtime_bb,runtime_box,runtime_pb,zeta_box,θ_bb,θ_box,θ_pb
14,538,23,1,4.393,4.112,11.137,0.0,7.566414842390815e6,7.566414842390816e6,7.676004987933197e6
