instance,it_bb,it_box,p_true_pb,runtime_bb,runtime_box,runtime_pb,zeta_box,θ_bb,θ_box,θ_pb
10,23196,47,1,3600.068,3600.15,12.518,13.125,2.174322938772132e7,1.1989947922856817e7,2.197826130044808e7
