instance,it_bb,it_box,p_true_pb,runtime_bb,runtime_box,runtime_pb,zeta_box,θ_bb,θ_box,θ_pb
20,1448,37,1,10.878,6.406,9.415,2.0,7.842322379971093e6,7.842322379971093e6,8.198720947183211e6
