instance,it_bb,it_box,p_true_pb,runtime_bb,runtime_box,runtime_pb,zeta_box,θ_bb,θ_box,θ_pb
6,31168,42,1,3600.053,3600.08,9.307,7.0,1.213615406012494e7,7.257427412378687e6,1.2136154060124941e7
