instance,it_bb,it_box,p_true_pb,runtime_bb,runtime_box,runtime_pb,zeta_box,θ_bb,θ_box,θ_pb
32,38317,110,1,3600.081,3600.032,8.918,3.1999999999999993,1.7110624221871078e7,1.3420478911959609e7,1.7334275736509368e7
