instance,it_bb,it_box,p_true_pb,runtime_bb,runtime_box,runtime_pb,zeta_box,θ_bb,θ_box,θ_pb
21,41617,130,1,3600.227,3600.024,10.112,0.75,1.436039487294094e7,1.1780919127092343e7,1.4696874924518917e7
