instance,it_bb,it_box,p_true_pb,runtime_bb,runtime_box,runtime_pb,zeta_box,θ_bb,θ_box,θ_pb
29,3189,46,1,26.765,8.919,9.265,1.9999019968963694e-6,1.0291715446207767e7,1.029171544620777e7,1.0609941780755993e7
