instance,it_bb,it_box,p_true_pb,runtime_bb,runtime_box,runtime_pb,zeta_box,θ_bb,θ_box,θ_pb
21,4232,37,1,60.126,9.806,11.145,3.999713271696237e-8,1.3126765258073358e7,1.312676329999421e7,1.4696874924518917e7
