instance,it_bb,it_box,p_true_pb,runtime_bb,runtime_box,runtime_pb,zeta_box,θ_bb,θ_box,θ_pb
45,24967,34,1,3600.088,3600.065,12.04,9.0,1.665714653866652e7,8.098703014127437e6,1.6657146538666522e7
