instance,it_bb,it_box,p_true_pb,runtime_bb,runtime_box,runtime_pb,zeta_box,θ_bb,θ_box,θ_pb
39,35382,112,1,3600.167,3600.035,9.086,2.25,1.2453138127374323e7,9.838376299035471e6,1.282667691305649e7
