instance,it_bb,it_box,p_true_pb,runtime_bb,runtime_box,runtime_pb,zeta_box,θ_bb,θ_box,θ_pb
7,32514,83,1,3600.126,3600.041,10.269,0.0,1.7011665184642248e7,1.297321862372761e7,1.7256414142797124e7
