instance,it_bb,it_box,p_true_pb,runtime_bb,runtime_box,runtime_pb,zeta_box,θ_bb,θ_box,θ_pb
18,28381,36,1,3600.066,3600.063,12.19,4.555555555555557,8.459691844583966e6,4.889467587931828e6,8.758854288710766e6
