instance,it_bb,it_box,p_true_pb,runtime_bb,runtime_box,runtime_pb,zeta_box,θ_bb,θ_box,θ_pb
43,54089,98,1,3600.051,3600.076,9.985,1.8999999999999986,1.2968848912528649e7,1.1254173520658292e7,1.3826181691797199e7
