instance,it_bb,it_box,p_true_pb,runtime_bb,runtime_box,runtime_pb,zeta_box,θ_bb,θ_box,θ_pb
4,9,8,1,0.306,2.111,9.188,0.6666666666666643,1.9863362695308223e7,1.9863362695308223e7,1.9863362695308223e7
