instance,it_bb,it_box,p_true_pb,runtime_bb,runtime_box,runtime_pb,zeta_box,θ_bb,θ_box,θ_pb
49,41703,113,1,3600.025,3600.022,9.818,1.5555555555555554,6.901749416403587e6,5.981692030097912e6,7.085744528288458e6
