instance,it_bb,it_box,p_true_pb,runtime_bb,runtime_box,runtime_pb,zeta_box,θ_bb,θ_box,θ_pb
12,8,8,1,0.245,1.889,8.368,2.3999999999999986,2.5251296830347475e7,2.5251296830347475e7,2.525129683034748e7
