instance,it_bb,it_box,p_true_pb,runtime_bb,runtime_box,runtime_pb,zeta_box,θ_bb,θ_box,θ_pb
2,36852,88,1,3600.146,3600.06,10.276,10.222222223344446,3.4622849970484555e7,2.4058078459187344e7,3.475013605929239e7
