instance,it_bb,it_box,p_true_pb,runtime_bb,runtime_box,runtime_pb,zeta_box,θ_bb,θ_box,θ_pb
44,1408,25,1,10.891,4.304,9.054,0.75,6.791994418324376e6,6.791994418324376e6,7.697083449545676e6
