instance,it_bb,it_box,p_true_pb,runtime_bb,runtime_box,runtime_pb,zeta_box,θ_bb,θ_box,θ_pb
46,44752,104,1,3600.016,3600.025,8.934,2.1999999999999993,1.4209846796986943e7,1.486909698414601e7,1.5084181670024266e7
