instance,it_bb,it_box,p_true_pb,runtime_bb,runtime_box,runtime_pb,zeta_box,θ_bb,θ_box,θ_pb
41,39420,93,1,3600.078,3600.042,8.828,2.0999999999999943,7.065425054272994e6,6.178800071121095e6,7.439434831866648e6
