instance,it_bb,it_box,p_true_pb,runtime_bb,runtime_box,runtime_pb,zeta_box,θ_bb,θ_box,θ_pb
47,41402,150,1,3600.122,3600.04,9.334,0.5,2.4283974451793744e6,2.312876838589864e6,2.4283974451793744e6
