instance,it_bb,it_box,p_true_pb,runtime_bb,runtime_box,runtime_pb,zeta_box,θ_bb,θ_box,θ_pb
47,40937,37,1,502.07,19.601,10.089,0.20000032678508717,2.4283974451793744e6,2.428397445179375e6,2.4283974451793744e6
