instance,it_bb,it_box,p_true_pb,runtime_bb,runtime_box,runtime_pb,zeta_box,θ_bb,θ_box,θ_pb
29,39087,147,1,3600.138,3600.053,11.509,0.0,1.0397790891057178e7,9.443143050078994e6,1.0609941780755993e7
