instance,it_bb,it_box,p_true_pb,runtime_bb,runtime_box,runtime_pb,zeta_box,θ_bb,θ_box,θ_pb
5,36247,129,1,3600.036,3600.039,9.061,6.857142857142861,3.36625946940838e7,2.2122612025119353e7,3.366259469408381e7
