instance,it_bb,it_box,p_true_pb,runtime_bb,runtime_box,runtime_pb,zeta_box,θ_bb,θ_box,θ_pb
21,6,5,1,0.303,2.229,10.305,1.0,1.4696874924518913e7,1.4696874924518913e7,1.4696874924518917e7
