instance,it_bb,it_box,p_true_pb,runtime_bb,runtime_box,runtime_pb,zeta_box,θ_bb,θ_box,θ_pb
24,32485,44,1,3600.182,3600.044,9.026,6.875,1.4686897861920234e7,7.833669163827021e6,1.5054035544615922e7
