instance,it_bb,it_box,p_true_pb,runtime_bb,runtime_box,runtime_pb,zeta_box,θ_bb,θ_box,θ_pb
34,32366,74,1,3600.15,3600.043,9.209,7.600000000000001,1.915146829932128e7,1.1317192769062435e7,1.9151468299321286e7
