instance,it_bb,it_box,p_true_pb,runtime_bb,runtime_box,runtime_pb,zeta_box,θ_bb,θ_box,θ_pb
50,30881,38,1,3600.189,3600.236,9.514,11.600000001260003,2.173930037898761e7,1.0397889386544753e7,2.2329999117770758e7
