instance,it_bb,it_box,p_true_pb,runtime_bb,runtime_box,runtime_pb,zeta_box,θ_bb,θ_box,θ_pb
1,35990,125,1,3600.084,3600.043,10.392,4.199999999999989,2.5230054538493577e7,1.8327170043621104e7,2.5430095141768754e7
