instance,it_bb,it_box,p_true_pb,runtime_bb,runtime_box,runtime_pb,zeta_box,θ_bb,θ_box,θ_pb
28,43328,124,1,3600.018,3600.104,9.969,1.2999999999999972,7.961121902375131e6,7.485923812758978e6,8.198720947183211e6
