instance,it_bb,it_box,p_true_pb,runtime_bb,runtime_box,runtime_pb,zeta_box,θ_bb,θ_box,θ_pb
14,105419,97,1,3600.067,770.191,18.928,0.44444444444444464,7.128054260221297e6,6.908949145266084e6,7.676004987933197e6
