instance,it_bb,it_box,p_true_pb,runtime_bb,runtime_box,runtime_pb,zeta_box,θ_bb,θ_box,θ_pb
26,20996,56,1,245.649,14.152,10.226,0.0,1.96889626751903e7,1.9688962675190303e7,2.5404450738764644e7
