instance,it_bb,it_box,p_true_pb,runtime_bb,runtime_box,runtime_pb,zeta_box,θ_bb,θ_box,θ_pb
7,32199,78,1,3600.126,3600.08,11.601,3.3999999999999986,1.7011665184642248e7,1.285092360201864e7,1.7256414142797124e7
