instance,it_bb,it_box,p_true_pb,runtime_bb,runtime_box,runtime_pb,zeta_box,θ_bb,θ_box,θ_pb
35,29338,49,1,3600.002,3600.072,9.346,9.100000000000001,1.3652895666140657e7,1.2497886758711576e7,2.3043657276484136e7
