instance,it_bb,it_box,p_true_pb,runtime_bb,runtime_box,runtime_pb,zeta_box,θ_bb,θ_box,θ_pb
23,29563,37,1,3600.084,3600.048,8.918,11.666666666666657,2.9208592434572116e7,1.2576114468864782e7,2.9208592434572116e7
