instance,it_bb,it_box,p_true_pb,runtime_bb,runtime_box,runtime_pb,zeta_box,θ_bb,θ_box,θ_pb
50,36558,72,1,3600.122,3600.058,8.857,4.999999999999986,2.1975596321298946e7,1.2996963837190602e7,2.2329999117770758e7
