instance,it_bb,it_box,p_true_pb,runtime_bb,runtime_box,runtime_pb,zeta_box,θ_bb,θ_box,θ_pb
2,28536,92,1,3600.048,3600.057,14.155,7.0,3.4622849970484555e7,2.354892419566825e7,3.475013605929239e7
