instance,it_bb,it_box,p_true_pb,runtime_bb,runtime_box,runtime_pb,zeta_box,θ_bb,θ_box,θ_pb
45,38076,112,1,3600.001,3600.031,10.354,0.0,1.2261971490073822e7,1.2955992491051482e7,1.6657146538666522e7
