instance,it_bb,it_box,p_true_pb,runtime_bb,runtime_box,runtime_pb,zeta_box,θ_bb,θ_box,θ_pb
5,29507,36,1,3600.173,3600.05,8.922,14.799999999999999,3.366259469408381e7,1.3467719898034401e7,3.366259469408381e7
