instance,it_bb,it_box,p_true_pb,runtime_bb,runtime_box,runtime_pb,zeta_box,θ_bb,θ_box,θ_pb
31,50361,111,1,3600.13,3600.049,9.117,1.0,1.1220047266655434e7,9.566829818124156e6,1.2400881278358178e7
