instance,it_bb,it_box,p_true_pb,runtime_bb,runtime_box,runtime_pb,zeta_box,θ_bb,θ_box,θ_pb
16,34014,94,1,3600.177,3600.063,10.806,8.888888888888886,3.0019055694294464e7,2.0989546988297265e7,3.0141080281980716e7
