instance,it_bb,it_box,p_true_pb,runtime_bb,runtime_box,runtime_pb,zeta_box,θ_bb,θ_box,θ_pb
35,31934,119,1,3600.182,3600.078,10.592,0.0,2.3043657276484136e7,1.6165617365228457e7,2.3043657276484136e7
