instance,it_bb,it_box,p_true_pb,runtime_bb,runtime_box,runtime_pb,zeta_box,θ_bb,θ_box,θ_pb
35,10,9,1,0.415,3.067,13.976,1.0,2.3043657276484136e7,2.3043657276484136e7,2.3043657276484136e7
