instance,it_bb,it_box,p_true_pb,runtime_bb,runtime_box,runtime_pb,zeta_box,θ_bb,θ_box,θ_pb
50,5574,36,1,77.393,13.729,12.581,0.11111111111111427,1.7486269459748954e7,1.7486269459748954e7,2.2329999117770758e7
