instance,it_bb,it_box,p_true_pb,runtime_bb,runtime_box,runtime_pb,zeta_box,θ_bb,θ_box,θ_pb
35,73453,98,1,3600.069,102.687,10.502,0.5714285715857166,2.0521704858217686e7,1.93756504748348e7,2.3043657276484136e7
