instance,it_bb,it_box,p_true_pb,runtime_bb,runtime_box,runtime_pb,zeta_box,θ_bb,θ_box,θ_pb
4,22397,34,1,3600.158,3600.165,12.412,11.3,1.9863362695308223e7,8.41468064884166e6,1.9863362695308223e7
