instance,it_bb,it_box,p_true_pb,runtime_bb,runtime_box,runtime_pb,zeta_box,θ_bb,θ_box,θ_pb
1,55038,71,1,1210.7,27.272,10.493,0.0,2.12094948495309e7,2.120949484953091e7,2.5430095141768754e7
