instance,it_bb,it_box,p_true_pb,runtime_bb,runtime_box,runtime_pb,zeta_box,θ_bb,θ_box,θ_pb
19,33019,45,1,3600.028,3600.038,8.9,9.0,1.184585606989905e7,7.380038532232617e6,1.2428293143451858e7
