instance,it_bb,it_box,p_true_pb,runtime_bb,runtime_box,runtime_pb,zeta_box,θ_bb,θ_box,θ_pb
24,28465,56,1,3600.022,3600.062,10.826,5.75,1.4686897861920234e7,9.547113377572693e6,1.5054035544615922e7
