instance,it_bb,it_box,p_true_pb,runtime_bb,runtime_box,runtime_pb,zeta_box,θ_bb,θ_box,θ_pb
32,24926,71,1,311.92,35.061,9.426,0.12500000011250023,1.5545063619403066e7,1.5545063619403068e7,1.7334275736509368e7
