instance,it_bb,it_box,p_true_pb,runtime_bb,runtime_box,runtime_pb,zeta_box,θ_bb,θ_box,θ_pb
39,9,6,1,0.312,2.373,10.413,0.4285714285714306,1.282667691305649e7,1.282667691305649e7,1.282667691305649e7
