instance,it_bb,it_box,p_true_pb,runtime_bb,runtime_box,runtime_pb,zeta_box,θ_bb,θ_box,θ_pb
2,26712,35,1,3600.034,3600.056,18.14,16.33333333333333,3.4622849970484555e7,1.4257400776058152e7,3.475013605929239e7
