instance,it_bb,it_box,p_true_pb,runtime_bb,runtime_box,runtime_pb,zeta_box,θ_bb,θ_box,θ_pb
30,35195,102,1,3600.074,3600.051,9.723,0.0,3.2023025430999063e7,2.203269314510265e7,3.2023025430999067e7
