instance,it_bb,it_box,p_true_pb,runtime_bb,runtime_box,runtime_pb,zeta_box,θ_bb,θ_box,θ_pb
11,3704,52,1,29.151,10.505,9.743,0.7142857142857082,1.381330893841355e7,1.3813308938413544e7,1.514612588008258e7
