instance,it_bb,it_box,p_true_pb,runtime_bb,runtime_box,runtime_pb,zeta_box,θ_bb,θ_box,θ_pb
12,25983,36,1,3600.094,3600.08,12.276,11.42857142857143,2.525129683034747e7,1.3123603896175312e7,2.525129683034748e7
