instance,it_bb,it_box,p_true_pb,runtime_bb,runtime_box,runtime_pb,zeta_box,θ_bb,θ_box,θ_pb
15,29578,48,1,3600.164,3600.095,8.887,12.625,2.6518381332137614e7,1.4032106494997934e7,2.6518381332137614e7
