instance,it_bb,it_box,p_true_pb,runtime_bb,runtime_box,runtime_pb,zeta_box,θ_bb,θ_box,θ_pb
45,32871,57,1,3600.142,3600.07,8.769,6.875,1.665714653866652e7,1.0411444605435442e7,1.6657146538666522e7
