instance,it_bb,it_box,p_true_pb,runtime_bb,runtime_box,runtime_pb,zeta_box,θ_bb,θ_box,θ_pb
6,30297,72,1,3600.084,3600.043,11.227,4.444444444444447,1.213615406012494e7,8.758483985415898e6,1.2136154060124941e7
