instance,it_bb,it_box,p_true_pb,runtime_bb,runtime_box,runtime_pb,zeta_box,θ_bb,θ_box,θ_pb
45,6,6,1,0.262,2.125,10.361,2.0,1.6657146538666522e7,1.6657146538666522e7,1.6657146538666522e7
