instance,it_bb,it_box,p_true_pb,runtime_bb,runtime_box,runtime_pb,zeta_box,θ_bb,θ_box,θ_pb
44,33696,87,1,3600.051,3600.078,8.779,2.0000000003000005,7.244446729868626e6,5.433899851160428e6,7.697083449545676e6
