instance,it_bb,it_box,p_true_pb,runtime_bb,runtime_box,runtime_pb,zeta_box,θ_bb,θ_box,θ_pb
35,33688,120,1,3600.214,3600.03,9.12,6.1999999999999975,2.3043657276484136e7,1.6165613443229392e7,2.3043657276484136e7
