instance,it_bb,it_box,p_true_pb,runtime_bb,runtime_box,runtime_pb,zeta_box,θ_bb,θ_box,θ_pb
30,31535,58,1,3600.108,3600.087,9.277,10.444449209328269,3.2023025430999067e7,1.7165859360494494e7,3.2023025430999067e7
