instance,it_bb,it_box,p_true_pb,runtime_bb,runtime_box,runtime_pb,zeta_box,θ_bb,θ_box,θ_pb
25,34583,91,1,3600.056,3600.177,10.004,2.666666666666667,9.8841950759268e6,8.761260059146723e6,1.044565185169942e7
