instance,it_bb,it_box,p_true_pb,runtime_bb,runtime_box,runtime_pb,zeta_box,θ_bb,θ_box,θ_pb
11,27179,56,1,3600.119,3600.067,11.232,8.000000000900002,1.5146125880082577e7,9.936109676912816e6,1.514612588008258e7
