instance,it_bb,it_box,p_true_pb,runtime_bb,runtime_box,runtime_pb,zeta_box,θ_bb,θ_box,θ_pb
31,35360,45,1,3600.117,3600.098,9.149,6.428571428571429,1.134110702243708e7,6.378506963089552e6,1.2400881278358178e7
