instance,it_bb,it_box,p_true_pb,runtime_bb,runtime_box,runtime_pb,zeta_box,θ_bb,θ_box,θ_pb
37,7,5,1,0.293,2.353,10.374,0.0,1.7838568598450363e7,1.7838568598450363e7,1.7838568598450363e7
