instance,it_bb,it_box,p_true_pb,runtime_bb,runtime_box,runtime_pb,zeta_box,θ_bb,θ_box,θ_pb
42,150627,57,1,3600.001,20.3,10.729,0.0,1.5910367158769997e7,1.5910367158769913e7,1.842238586322618e7
