instance,it_bb,it_box,p_true_pb,runtime_bb,runtime_box,runtime_pb,zeta_box,θ_bb,θ_box,θ_pb
32,24926,71,1,376.838,31.731,11.797,0.0,1.5545063619403066e7,1.5545063619403068e7,1.7334275736509368e7
