instance,it_bb,it_box,p_true_pb,runtime_bb,runtime_box,runtime_pb,zeta_box,θ_bb,θ_box,θ_pb
33,5,4,1,0.287,2.346,10.618,0.0,1.0905000396232435e7,1.0905000396232435e7,1.0905000396232434e7
