instance,it_bb,it_box,p_true_pb,runtime_bb,runtime_box,runtime_pb,zeta_box,θ_bb,θ_box,θ_pb
41,214,21,1,2.289,3.766,8.952,1.0999999999999979,7.061248313400336e6,7.061248313400336e6,7.439434831866648e6
