instance,it_bb,it_box,p_true_pb,runtime_bb,runtime_box,runtime_pb,zeta_box,θ_bb,θ_box,θ_pb
17,51949,106,1,3600.041,377.046,9.038,0.6666666666666667,1.7394752846233358e6,1.6236758307824288e6,1.739475284623336e6
