instance,it_bb,it_box,p_true_pb,runtime_bb,runtime_box,runtime_pb,zeta_box,θ_bb,θ_box,θ_pb
6,46038,160,1,3600.042,1952.543,9.441,0.25,1.1885954140061004e7,1.0509906123116894e7,1.2136154060124941e7
