instance,it_bb,it_box,p_true_pb,runtime_bb,runtime_box,runtime_pb,zeta_box,θ_bb,θ_box,θ_pb
15,33660,94,1,3600.159,3600.06,8.853,0.0,2.6518381332137614e7,1.866730335400704e7,2.6518381332137614e7
