instance,it_bb,it_box,p_true_pb,runtime_bb,runtime_box,runtime_pb,zeta_box,θ_bb,θ_box,θ_pb
13,57774,169,1,3600.059,3600.042,11.031,0.5555555555555571,1.3654820787944308e7,1.2652793428412458e7,1.4782104101156984e7
