instance,it_bb,it_box,p_true_pb,runtime_bb,runtime_box,runtime_pb,zeta_box,θ_bb,θ_box,θ_pb
44,1408,25,1,11.253,4.134,10.437,0.0,6.791994418324376e6,6.791994418324376e6,7.697083449545676e6
