instance,it_bb,it_box,p_true_pb,runtime_bb,runtime_box,runtime_pb,zeta_box,θ_bb,θ_box,θ_pb
29,48275,172,1,3600.159,3600.046,8.948,0.29999999999999716,1.0291734143807665e7,9.549187332261905e6,1.0609941780755993e7
