instance,it_bb,it_box,p_true_pb,runtime_bb,runtime_box,runtime_pb,zeta_box,θ_bb,θ_box,θ_pb
18,46249,163,1,3600.172,3600.106,20.851,1.0999999999999943,8.0460351874913e6,7.333229066684582e6,8.758854288710766e6
