instance,it_bb,it_box,p_true_pb,runtime_bb,runtime_box,runtime_pb,zeta_box,θ_bb,θ_box,θ_pb
15,35871,94,1,3600.171,3600.036,9.043,5.0,2.6518381332137614e7,1.8667021611834522e7,2.6518381332137614e7
