instance,it_bb,it_box,p_true_pb,runtime_bb,runtime_box,runtime_pb,zeta_box,θ_bb,θ_box,θ_pb
5,36871,127,1,3600.149,3600.031,10.3,5.0,3.36625946940838e7,2.2002691822871484e7,3.366259469408381e7
