instance,it_bb,it_box,p_true_pb,runtime_bb,runtime_box,runtime_pb,zeta_box,θ_bb,θ_box,θ_pb
42,149474,57,1,3600.002,18.325,8.978,1.999959849285915e-6,1.5910399429420996e7,1.5910367158769913e7,1.842238586322618e7
