instance,it_bb,it_box,p_true_pb,runtime_bb,runtime_box,runtime_pb,zeta_box,θ_bb,θ_box,θ_pb
36,28679,32,1,3600.147,3600.066,9.285,14.625,2.6311786317456108e7,1.1372356941974482e7,2.6311786317456115e7
