instance,it_bb,it_box,p_true_pb,runtime_bb,runtime_box,runtime_pb,zeta_box,θ_bb,θ_box,θ_pb
17,9381,25,1,90.529,8.12,11.713,0.0,1.7394752846233358e6,1.739475284623336e6,1.739475284623336e6
