instance,it_bb,it_box,p_true_pb,runtime_bb,runtime_box,runtime_pb,zeta_box,θ_bb,θ_box,θ_pb
24,43173,86,1,3600.022,3600.115,11.484,2.0,1.4074991112529203e7,1.1504999478301575e7,1.5054035544615922e7
