instance,it_bb,it_box,p_true_pb,runtime_bb,runtime_box,runtime_pb,zeta_box,θ_bb,θ_box,θ_pb
31,2232,34,1,17.789,5.24,9.642,0.0,1.0511566795280851e7,1.0511566795280809e7,1.2400881278358178e7
