instance,it_bb,it_box,p_true_pb,runtime_bb,runtime_box,runtime_pb,zeta_box,θ_bb,θ_box,θ_pb
22,9,8,1,0.264,1.873,8.472,1.8571428571428612,2.308052551240907e7,2.308052551240907e7,2.308052551240907e7
