instance,it_bb,it_box,p_true_pb,runtime_bb,runtime_box,runtime_pb,zeta_box,θ_bb,θ_box,θ_pb
7,30039,46,1,3600.15,3600.214,10.749,8.999999999999995,1.7256414142797124e7,1.0038068322567083e7,1.7256414142797124e7
