instance,it_bb,it_box,p_true_pb,runtime_bb,runtime_box,runtime_pb,zeta_box,θ_bb,θ_box,θ_pb
22,33581,106,1,3600.105,3600.068,11.794,0.0,1.997847614890839e7,1.5759701277380224e7,2.308052551240907e7
