instance,it_bb,it_box,p_true_pb,runtime_bb,runtime_box,runtime_pb,zeta_box,θ_bb,θ_box,θ_pb
34,34589,126,1,3600.148,3600.084,10.672,4.000000000000012,1.915146829932128e7,1.3928598855238214e7,1.9151468299321286e7
