instance,it_bb,it_box,p_true_pb,runtime_bb,runtime_box,runtime_pb,zeta_box,θ_bb,θ_box,θ_pb
2,52101,1387,1,3600.1,3600.025,12.474,0.0,3.2713543813787837e7,2.8894950231398392e7,3.475013605929239e7
