instance,it_bb,it_box,p_true_pb,runtime_bb,runtime_box,runtime_pb,zeta_box,θ_bb,θ_box,θ_pb
48,38174,99,1,3600.001,3600.061,9.889,2.4285714285714284,1.1477057571356803e7,9.32842515715321e6,1.197498674048031e7
