instance,it_bb,it_box,p_true_pb,runtime_bb,runtime_box,runtime_pb,zeta_box,θ_bb,θ_box,θ_pb
46,10819,61,1,130.429,15.793,11.203,8.522764609608657e-7,1.3226197547379509e7,1.3226197481814789e7,1.5084181670024266e7
