instance,it_bb,it_box,p_true_pb,runtime_bb,runtime_box,runtime_pb,zeta_box,θ_bb,θ_box,θ_pb
1,26645,37,1,3600.046,3600.03,10.725,14.199999999999989,2.5327153410677806e7,1.1430181927424787e7,2.5430095141768754e7
