instance,it_bb,it_box,p_true_pb,runtime_bb,runtime_box,runtime_pb,zeta_box,θ_bb,θ_box,θ_pb
26,29738,37,1,3600.053,3600.057,8.798,11.249999999999988,2.5283356465809416e7,1.092551988837038e7,2.5404450738764644e7
