instance,it_bb,it_box,p_true_pb,runtime_bb,runtime_box,runtime_pb,zeta_box,θ_bb,θ_box,θ_pb
37,28331,60,1,3600.002,3600.047,10.139,7.399999999999999,1.7201615966820277e7,1.1723427775469884e7,1.7838568598450363e7
