instance,it_bb,it_box,p_true_pb,runtime_bb,runtime_box,runtime_pb,zeta_box,θ_bb,θ_box,θ_pb
33,32745,55,1,3600.171,3600.256,10.667,6.899999999999999,1.0905000396232434e7,8.380184847628016e6,1.0905000396232434e7
