instance,it_bb,it_box,p_true_pb,runtime_bb,runtime_box,runtime_pb,zeta_box,θ_bb,θ_box,θ_pb
33,2424,28,1,18.983,4.209,10.003,0.0,1.0905000396232434e7,1.0905000396232437e7,1.0905000396232434e7
