instance,it_bb,it_box,p_true_pb,runtime_bb,runtime_box,runtime_pb,zeta_box,θ_bb,θ_box,θ_pb
42,30711,56,1,3600.161,3600.045,8.903,7.333333333333329,1.8422385863226175e7,1.112562813406764e7,1.842238586322618e7
