instance,it_bb,it_box,p_true_pb,runtime_bb,runtime_box,runtime_pb,zeta_box,θ_bb,θ_box,θ_pb
23,26522,40,1,3600.035,3600.053,10.884,9.714285714285712,2.9208592434572116e7,1.4671779563040584e7,2.9208592434572116e7
