instance,it_bb,it_box,p_true_pb,runtime_bb,runtime_box,runtime_pb,zeta_box,θ_bb,θ_box,θ_pb
27,41013,163,1,3600.143,3600.038,8.696,0.7999999999999972,6.009361578743361e6,5.396431340689447e6,6.254466887738636e6
