instance,it_bb,it_box,p_true_pb,runtime_bb,runtime_box,runtime_pb,zeta_box,θ_bb,θ_box,θ_pb
42,23388,49,1,3600.196,3600.169,11.514,7.555555555555557,1.8422385863226175e7,9.331297528162042e6,1.842238586322618e7
