instance,it_bb,it_box,p_true_pb,runtime_bb,runtime_box,runtime_pb,zeta_box,θ_bb,θ_box,θ_pb
46,39581,97,1,3600.179,3600.03,10.04,0.0,1.4209846796986943e7,1.1258974869136378e7,1.5084181670024266e7
