instance,it_bb,it_box,p_true_pb,runtime_bb,runtime_box,runtime_pb,zeta_box,θ_bb,θ_box,θ_pb
1,6,5,1,0.388,2.912,12.647,5.375,2.5430095141768746e7,2.5430095141768746e7,2.5430095141768754e7
