instance,it_bb,it_box,p_true_pb,runtime_bb,runtime_box,runtime_pb,zeta_box,θ_bb,θ_box,θ_pb
5,27983,58,1,3600.216,3600.04,12.048,9.142857142857139,3.366259469408381e7,1.719426326072661e7,3.366259469408381e7
