instance,it_bb,it_box,p_true_pb,runtime_bb,runtime_box,runtime_pb,zeta_box,θ_bb,θ_box,θ_pb
15,36268,94,1,3600.143,3600.044,11.19,5.0,2.6518381332137614e7,1.866702181051101e7,2.6518381332137614e7
