instance,it_bb,it_box,p_true_pb,runtime_bb,runtime_box,runtime_pb,zeta_box,θ_bb,θ_box,θ_pb
3,31736,59,1,3600.133,3600.296,9.689,3.0,4.936901561323507e6,3.292168028343134e6,5.142497129270974e6
