instance,it_bb,it_box,p_true_pb,runtime_bb,runtime_box,runtime_pb,zeta_box,θ_bb,θ_box,θ_pb
11,38489,85,1,3600.178,3600.022,9.595,0.0,1.4661489174021112e7,1.211699846377974e7,1.514612588008258e7
