instance,it_bb,it_box,p_true_pb,runtime_bb,runtime_box,runtime_pb,zeta_box,θ_bb,θ_box,θ_pb
21,32681,63,1,3600.18,3600.066,8.82,9.249999999999996,1.436041301823753e7,9.313600185388157e6,1.4696874924518917e7
