instance,it_bb,it_box,p_true_pb,runtime_bb,runtime_box,runtime_pb,zeta_box,θ_bb,θ_box,θ_pb
38,59764,129,1,3600.036,1124.265,10.86,7.499257641541135e-7,8.397949345186925e6,7.806680322855599e6,8.870982113607889e6
