instance,it_bb,it_box,p_true_pb,runtime_bb,runtime_box,runtime_pb,zeta_box,θ_bb,θ_box,θ_pb
26,8,7,1,0.347,2.657,11.873,0.0,2.5404450738764644e7,2.5404450738764644e7,2.5404450738764644e7
