instance,it_bb,it_box,p_true_pb,runtime_bb,runtime_box,runtime_pb,zeta_box,θ_bb,θ_box,θ_pb
49,37256,107,1,3600.174,3600.094,12.056,3.0,6.901749416403587e6,5.889768421663036e6,7.085744528288458e6
