instance,it_bb,it_box,p_true_pb,runtime_bb,runtime_box,runtime_pb,zeta_box,θ_bb,θ_box,θ_pb
32,6,5,1,0.304,2.415,10.429,4.111111111111114,1.7334275736509364e7,1.7334275736509364e7,1.7334275736509368e7
