instance,it_bb,it_box,p_true_pb,runtime_bb,runtime_box,runtime_pb,zeta_box,θ_bb,θ_box,θ_pb
18,47818,159,1,3600.116,3600.047,11.262,0.0,8.0460351874913e6,7.333229066684582e6,8.758854288710766e6
