instance,it_bb,it_box,p_true_pb,runtime_bb,runtime_box,runtime_pb,zeta_box,θ_bb,θ_box,θ_pb
18,47522,160,1,3600.016,3600.055,9.961,0.11111111122222539,8.0460351874913e6,7.333229046150084e6,8.758854288710766e6
