instance,it_bb,it_box,p_true_pb,runtime_bb,runtime_box,runtime_pb,zeta_box,θ_bb,θ_box,θ_pb
23,35155,109,1,3600.077,3600.048,9.815,0.0,2.9077622972482666e7,2.0303340561807293e7,2.9208592434572116e7
