instance,it_bb,it_box,p_true_pb,runtime_bb,runtime_box,runtime_pb,zeta_box,θ_bb,θ_box,θ_pb
23,10,8,1,0.33,2.298,9.895,1.1666666666666714,2.9208592434572116e7,2.9208592434572116e7,2.9208592434572116e7
