instance,it_bb,it_box,p_true_pb,runtime_bb,runtime_box,runtime_pb,zeta_box,θ_bb,θ_box,θ_pb
47,46,11,1,0.678,3.323,12.846,-0.0,2.428397445179375e6,2.428397445179375e6,2.4283974451793744e6
