instance,it_bb,it_box,p_true_pb,runtime_bb,runtime_box,runtime_pb,zeta_box,θ_bb,θ_box,θ_pb
2,29978,45,1,3600.107,3600.061,10.02,13.0,3.4622849970484555e7,1.76937451735741e7,3.475013605929239e7
