instance,it_bb,it_box,p_true_pb,runtime_bb,runtime_box,runtime_pb,zeta_box,θ_bb,θ_box,θ_pb
29,29704,66,1,3600.1,3600.085,10.045,6.0,1.0397790891057178e7,7.852157524122257e6,1.0609941780755993e7
