instance,it_bb,it_box,p_true_pb,runtime_bb,runtime_box,runtime_pb,zeta_box,θ_bb,θ_box,θ_pb
41,82761,114,1,3600.108,987.813,10.423,4.4998545656316224e-6,6.809123316129904e6,6.809117451493871e6,7.439434831866648e6
