instance,it_bb,it_box,p_true_pb,runtime_bb,runtime_box,runtime_pb,zeta_box,θ_bb,θ_box,θ_pb
13,33802,71,1,3600.098,3600.057,9.826,5.0,1.403056967080798e7,1.0648701561174007e7,1.4782104101156984e7
