instance,it_bb,it_box,p_true_pb,runtime_bb,runtime_box,runtime_pb,zeta_box,θ_bb,θ_box,θ_pb
14,34884,65,1,3600.08,3601.407,9.96,2.7777777777777803,7.676004987933194e6,6.032365745324427e6,7.676004987933197e6
