instance,it_bb,it_box,p_true_pb,runtime_bb,runtime_box,runtime_pb,zeta_box,θ_bb,θ_box,θ_pb
24,6,6,1,0.323,2.602,11.711,0.0,1.5054035544615919e7,1.5054035544615919e7,1.5054035544615922e7
