instance,it_bb,it_box,p_true_pb,runtime_bb,runtime_box,runtime_pb,zeta_box,θ_bb,θ_box,θ_pb
22,37997,107,1,3600.109,3600.08,10.349,2.0,1.997847614890839e7,1.575970127738022e7,2.308052551240907e7
