instance,it_bb,it_box,p_true_pb,runtime_bb,runtime_box,runtime_pb,zeta_box,θ_bb,θ_box,θ_pb
37,8940,70,1,86.486,19.421,12.228,0.0,1.6437264323582798e7,1.64372643235828e7,1.7838568598450363e7
