instance,it_bb,it_box,p_true_pb,runtime_bb,runtime_box,runtime_pb,zeta_box,θ_bb,θ_box,θ_pb
10,34515,118,1,3600.137,3600.042,9.251,0.0,2.1633348759895064e7,1.6102586325451426e7,2.197826130044808e7
