instance,it_bb,it_box,p_true_pb,runtime_bb,runtime_box,runtime_pb,zeta_box,θ_bb,θ_box,θ_pb
43,56238,99,1,3600.002,3600.027,20.027,0.8999999999999982,1.2968848912528649e7,1.1254182738696238e7,1.3826181691797199e7
