instance,it_bb,it_box,p_true_pb,runtime_bb,runtime_box,runtime_pb,zeta_box,θ_bb,θ_box,θ_pb
8,44546,97,1,3600.126,3600.063,9.971,2.0,4.448599685097377e6,3.9806582965523563e6,4.79957436887284e6
