instance,it_bb,it_box,p_true_pb,runtime_bb,runtime_box,runtime_pb,zeta_box,θ_bb,θ_box,θ_pb
24,45746,91,1,3600.1,3600.043,9.873,0.0,1.4074991112529203e7,1.1505096075413015e7,1.5054035544615922e7
