instance,it_bb,it_box,p_true_pb,runtime_bb,runtime_box,runtime_pb,zeta_box,θ_bb,θ_box,θ_pb
25,27923,59,1,3600.233,3600.051,10.604,6.666666666666668,1.0221072625257215e7,7.301465438164866e6,1.044565185169942e7
