instance,it_bb,it_box,p_true_pb,runtime_bb,runtime_box,runtime_pb,zeta_box,θ_bb,θ_box,θ_pb
50,54979,130,1,3600.04,3600.039,12.392,0.6666666666666643,1.902208618058513e7,1.5714173160438031e7,2.2329999117770758e7
