instance,it_bb,it_box,p_true_pb,runtime_bb,runtime_box,runtime_pb,zeta_box,θ_bb,θ_box,θ_pb
39,14456,80,1,133.685,23.603,9.163,0.12499999999999822,1.1457039289496936e7,1.1457039289496938e7,1.282667691305649e7
