instance,it_bb,it_box,p_true_pb,runtime_bb,runtime_box,runtime_pb,zeta_box,θ_bb,θ_box,θ_pb
20,47938,117,1,3600.013,3600.046,10.257,3.0,7.961121902375131e6,7.485916805909342e6,8.198720947183211e6
