instance,it_bb,it_box,p_true_pb,runtime_bb,runtime_box,runtime_pb,zeta_box,θ_bb,θ_box,θ_pb
40,43591,111,1,3600.157,1051.501,9.693,0.19999999999998863,9.184062238402387e6,8.550766034094505e6,9.184062238402389e6
