instance,it_bb,it_box,p_true_pb,runtime_bb,runtime_box,runtime_pb,zeta_box,θ_bb,θ_box,θ_pb
41,30519,53,1,3600.087,3600.161,11.26,3.9999999999999987,7.313371355792093e6,5.29643790895447e6,7.439434831866648e6
