instance,it_bb,it_box,p_true_pb,runtime_bb,runtime_box,runtime_pb,zeta_box,θ_bb,θ_box,θ_pb
33,50394,158,1,3600.02,3600.039,9.042,1.9999999999999998,1.0445950425440608e7,1.0216405263593946e7,1.0905000396232434e7
