instance,it_bb,it_box,p_true_pb,runtime_bb,runtime_box,runtime_pb,zeta_box,θ_bb,θ_box,θ_pb
12,29080,34,1,3600.158,3600.034,8.887,14.199999999999998,2.525129683034747e7,1.1248988712805951e7,2.525129683034748e7
