instance,it_bb,it_box,p_true_pb,runtime_bb,runtime_box,runtime_pb,zeta_box,θ_bb,θ_box,θ_pb
36,35063,119,1,3600.11,3600.149,10.09,0.0,2.588653355311047e7,1.8517525865227625e7,2.6311786317456115e7
