instance,it_bb,it_box,p_true_pb,runtime_bb,runtime_box,runtime_pb,zeta_box,θ_bb,θ_box,θ_pb
46,30525,35,1,3600.044,3600.047,8.984,7.875,1.4756302118969308e7,7.324545016389933e6,1.5084181670024266e7
