instance,it_bb,it_box,p_true_pb,runtime_bb,runtime_box,runtime_pb,zeta_box,θ_bb,θ_box,θ_pb
23,10,8,1,0.343,2.468,10.831,0.0,2.9208592434572116e7,2.9208592434572116e7,2.9208592434572116e7
