instance,it_bb,it_box,p_true_pb,runtime_bb,runtime_box,runtime_pb,zeta_box,θ_bb,θ_box,θ_pb
25,26347,39,1,3600.081,3600.152,9.321,7.7777777777777795,1.0445651851699417e7,6.291131877652172e6,1.044565185169942e7
