instance,it_bb,it_box,p_true_pb,runtime_bb,runtime_box,runtime_pb,zeta_box,θ_bb,θ_box,θ_pb
23,29448,108,1,3600.052,3600.093,13.31,7.428571428571431,2.9077622972482666e7,2.0302911689684387e7,2.9208592434572116e7
