instance,it_bb,it_box,p_true_pb,runtime_bb,runtime_box,runtime_pb,zeta_box,θ_bb,θ_box,θ_pb
38,25729,55,1,3600.255,3600.05,12.91,5.0,8.870982113607885e6,5.44178648279931e6,8.870982113607889e6
