instance,it_bb,it_box,p_true_pb,runtime_bb,runtime_box,runtime_pb,zeta_box,θ_bb,θ_box,θ_pb
5,85750,56,1,3375.453,19.502,13.815,0.0,2.5728856609170746e7,2.5728856609170754e7,3.366259469408381e7
