instance,it_bb,it_box,p_true_pb,runtime_bb,runtime_box,runtime_pb,zeta_box,θ_bb,θ_box,θ_pb
39,25889,43,1,3600.209,3600.056,12.543,7.888888888888889,1.2826676913056487e7,6.974331389237738e6,1.282667691305649e7
