instance,it_bb,it_box,p_true_pb,runtime_bb,runtime_box,runtime_pb,zeta_box,θ_bb,θ_box,θ_pb
34,37103,127,1,3600.12,3600.041,9.174,3.2500028497478866,1.915146829932128e7,1.3928597313937133e7,1.9151468299321286e7
