instance,it_bb,it_box,p_true_pb,runtime_bb,runtime_box,runtime_pb,zeta_box,θ_bb,θ_box,θ_pb
12,33752,129,1,3600.032,3600.047,10.356,0.0,2.5141038043849524e7,1.7864085226677824e7,2.525129683034748e7
