instance,it_bb,it_box,p_true_pb,runtime_bb,runtime_box,runtime_pb,zeta_box,θ_bb,θ_box,θ_pb
36,35372,119,1,3600.096,3600.148,9.601,3.500000000450001,2.588653355311047e7,1.8733871932572473e7,2.6311786317456115e7
