instance,it_bb,it_box,p_true_pb,runtime_bb,runtime_box,runtime_pb,zeta_box,θ_bb,θ_box,θ_pb
27,27507,71,1,3600.126,3600.089,12.862,3.0000000000000004,6.131914233240998e6,4.661253750736311e6,6.254466887738636e6
