instance,it_bb,it_box,p_true_pb,runtime_bb,runtime_box,runtime_pb,zeta_box,θ_bb,θ_box,θ_pb
34,26849,48,1,3600.128,3600.22,9.61,8.777777777777779,1.915146829932128e7,9.467321501978435e6,1.9151468299321286e7
