instance,it_bb,it_box,p_true_pb,runtime_bb,runtime_box,runtime_pb,zeta_box,θ_bb,θ_box,θ_pb
45,38826,114,1,3600.025,3600.045,8.887,4.0000000000000036,1.6425819929734476e7,1.2955982143837163e7,1.6657146538666522e7
