instance,it_bb,it_box,p_true_pb,runtime_bb,runtime_box,runtime_pb,zeta_box,θ_bb,θ_box,θ_pb
10,30539,36,1,3600.011,3600.056,9.006,10.5,2.1978261300448082e7,1.0226923301862441e7,2.197826130044808e7
