instance,it_bb,it_box,p_true_pb,runtime_bb,runtime_box,runtime_pb,zeta_box,θ_bb,θ_box,θ_pb
16,23057,43,1,3600.131,3600.115,11.802,13.200000000000003,3.0141080281980716e7,1.5986624908118164e7,3.0141080281980716e7
