instance,it_bb,it_box,p_true_pb,runtime_bb,runtime_box,runtime_pb,zeta_box,θ_bb,θ_box,θ_pb
4,15328,54,1,192.886,15.978,11.215,0.0,1.6008167108047212e7,1.600816710804721e7,1.9863362695308223e7
