instance,it_bb,it_box,p_true_pb,runtime_bb,runtime_box,runtime_pb,zeta_box,θ_bb,θ_box,θ_pb
13,62325,179,1,3600.024,3600.039,9.089,0.33333333333333215,1.365480983996077e7,1.252760490051377e7,1.4782104101156984e7
