instance,it_bb,it_box,p_true_pb,runtime_bb,runtime_box,runtime_pb,zeta_box,θ_bb,θ_box,θ_pb
26,29253,55,1,3600.075,3600.061,9.827,6.714285714285715,2.5283356465809416e7,1.3592000377096107e7,2.5404450738764644e7
