instance,it_bb,it_box,p_true_pb,runtime_bb,runtime_box,runtime_pb,zeta_box,θ_bb,θ_box,θ_pb
10,8,5,1,0.47,3.268,14.518,7.666666666666657,2.1978261300448082e7,2.1978261300448082e7,2.197826130044808e7
