instance,it_bb,it_box,p_true_pb,runtime_bb,runtime_box,runtime_pb,zeta_box,θ_bb,θ_box,θ_pb
48,35230,94,1,3600.045,3600.05,11.893,0.0,1.1477057571356803e7,9.32825125363298e6,1.197498674048031e7
