instance,it_bb,it_box,p_true_pb,runtime_bb,runtime_box,runtime_pb,zeta_box,θ_bb,θ_box,θ_pb
27,110,11,1,1.439,3.448,12.966,0.33333333333333215,6.254466887738635e6,6.254466887738636e6,6.254466887738636e6
