instance,it_bb,it_box,p_true_pb,runtime_bb,runtime_box,runtime_pb,zeta_box,θ_bb,θ_box,θ_pb
34,30982,124,1,3600.176,3600.06,11.66,0.0,1.915146829932128e7,1.3928572920658085e7,1.9151468299321286e7
