instance,it_bb,it_box,p_true_pb,runtime_bb,runtime_box,runtime_pb,zeta_box,θ_bb,θ_box,θ_pb
7,29140,34,1,3600.177,3600.075,8.936,11.0,1.7256414142797124e7,8.200580202417982e6,1.7256414142797124e7
