instance,it_bb,it_box,p_true_pb,runtime_bb,runtime_box,runtime_pb,zeta_box,θ_bb,θ_box,θ_pb
11,30930,39,1,3600.112,3600.055,9.346,10.0,1.4667459086889058e7,7.997403816565298e6,1.514612588008258e7
