instance,it_bb,it_box,p_true_pb,runtime_bb,runtime_box,runtime_pb,zeta_box,θ_bb,θ_box,θ_pb
48,5618,66,1,49.05,21.402,9.613,0.125,1.07146388411038e7,1.07146388411038e7,1.197498674048031e7
