instance,it_bb,it_box,p_true_pb,runtime_bb,runtime_box,runtime_pb,zeta_box,θ_bb,θ_box,θ_pb
27,112975,67,1,1659.162,38.22,9.039,0.9999999999999947,5.641703615250451e6,5.641703615250451e6,6.254466887738636e6
