instance,it_bb,it_box,p_true_pb,runtime_bb,runtime_box,runtime_pb,zeta_box,θ_bb,θ_box,θ_pb
10,37129,121,1,3600.132,3600.045,9.13,2.0,2.1633348759895064e7,1.610285161359002e7,2.197826130044808e7
