instance,it_bb,it_box,p_true_pb,runtime_bb,runtime_box,runtime_pb,zeta_box,θ_bb,θ_box,θ_pb
10,37105,110,1,3600.047,3600.04,10.116,3.1666666666666607,2.1633348759895064e7,1.6102586325451426e7,2.197826130044808e7
