instance,it_bb,it_box,p_true_pb,runtime_bb,runtime_box,runtime_pb,zeta_box,θ_bb,θ_box,θ_pb
22,32290,62,1,3600.163,3600.038,8.807,7.714285714285715,2.3080525512409065e7,1.2533659672792073e7,2.308052551240907e7
