instance,it_bb,it_box,p_true_pb,runtime_bb,runtime_box,runtime_pb,zeta_box,θ_bb,θ_box,θ_pb
37,34540,118,1,3600.215,3600.05,11.868,0.0,1.7201615966820277e7,1.4399011941251624e7,1.7838568598450363e7
