instance,it_bb,it_box,p_true_pb,runtime_bb,runtime_box,runtime_pb,zeta_box,θ_bb,θ_box,θ_pb
6,39736,160,1,3600.036,2321.194,10.415,7.499882492822962e-7,1.1885954140061004e7,1.0509906123116894e7,1.2136154060124941e7
