instance,it_bb,it_box,p_true_pb,runtime_bb,runtime_box,runtime_pb,zeta_box,θ_bb,θ_box,θ_pb
16,32874,97,1,3600.104,3600.062,10.825,0.0,3.0019055694294464e7,2.0989650487194262e7,3.0141080281980716e7
