instance,it_bb,it_box,p_true_pb,runtime_bb,runtime_box,runtime_pb,zeta_box,θ_bb,θ_box,θ_pb
24,8152,41,1,68.809,9.664,8.88,2.499952529433358e-6,1.29736200493798e7,1.29736200493798e7,1.5054035544615922e7
