instance,it_bb,it_box,p_true_pb,runtime_bb,runtime_box,runtime_pb,zeta_box,θ_bb,θ_box,θ_pb
11,42142,85,1,3600.035,3600.022,10.335,5.0,1.4540321997505745e7,1.211699846377974e7,1.514612588008258e7
