instance,it_bb,it_box,p_true_pb,runtime_bb,runtime_box,runtime_pb,zeta_box,θ_bb,θ_box,θ_pb
32,38155,112,1,3600.075,3600.06,10.225,4.5,1.7110624221871078e7,1.3420496660549225e7,1.7334275736509368e7
