instance,it_bb,it_box,p_true_pb,runtime_bb,runtime_box,runtime_pb,zeta_box,θ_bb,θ_box,θ_pb
11,43040,87,1,3600.012,3600.038,8.938,5.0,1.4540321997505745e7,1.2117101724945031e7,1.514612588008258e7
