instance,it_bb,it_box,p_true_pb,runtime_bb,runtime_box,runtime_pb,zeta_box,θ_bb,θ_box,θ_pb
28,1448,37,1,14.073,7.786,12.778,0.0,7.842322379971093e6,7.842322379971093e6,8.198720947183211e6
