instance,it_bb,it_box,p_true_pb,runtime_bb,runtime_box,runtime_pb,zeta_box,θ_bb,θ_box,θ_pb
40,34291,76,1,3600.016,3600.113,8.968,7.999999999999967,9.184062238402387e6,7.495262259678036e6,9.184062238402389e6
