instance,it_bb,it_box,p_true_pb,runtime_bb,runtime_box,runtime_pb,zeta_box,θ_bb,θ_box,θ_pb
28,50284,129,1,3600.154,3600.148,8.765,1.4444444444444429,7.961121902375131e6,7.485923699710215e6,8.198720947183211e6
