instance,it_bb,it_box,p_true_pb,runtime_bb,runtime_box,runtime_pb,zeta_box,θ_bb,θ_box,θ_pb
41,89814,114,1,3600.021,1125.043,10.011,0.0,6.809123316129903e6,6.809117451493871e6,7.439434831866648e6
