instance,it_bb,it_box,p_true_pb,runtime_bb,runtime_box,runtime_pb,zeta_box,θ_bb,θ_box,θ_pb
24,8152,41,1,76.679,10.214,9.465,0.0,1.29736200493798e7,1.29736200493798e7,1.5054035544615922e7
