instance,it_bb,it_box,p_true_pb,runtime_bb,runtime_box,runtime_pb,zeta_box,θ_bb,θ_box,θ_pb
31,5,4,1,0.274,2.352,10.268,3.0,1.2400881278358176e7,1.2400881278358176e7,1.2400881278358178e7
