instance,it_bb,it_box,p_true_pb,runtime_bb,runtime_box,runtime_pb,zeta_box,θ_bb,θ_box,θ_pb
35,32251,121,1,3600.055,3600.035,11.175,5.0,2.3043657276484136e7,1.6165700983443856e7,2.3043657276484136e7
