instance,it_bb,it_box,p_true_pb,runtime_bb,runtime_box,runtime_pb,zeta_box,θ_bb,θ_box,θ_pb
25,4880,33,1,44.873,7.726,9.506,0.125,9.659615849484596e6,9.659615849484598e6,1.044565185169942e7
