instance,it_bb,it_box,p_true_pb,runtime_bb,runtime_box,runtime_pb,zeta_box,θ_bb,θ_box,θ_pb
48,33073,56,1,3600.213,3600.109,8.951,4.999999999999972,1.1848952869830608e7,7.438097060419458e6,1.197498674048031e7
