instance,it_bb,it_box,p_true_pb,runtime_bb,runtime_box,runtime_pb,zeta_box,θ_bb,θ_box,θ_pb
3,350,23,1,2.837,3.865,10.249,0.44444444444444287,4.73130599337604e6,4.731305993376041e6,5.142497129270974e6
