instance,it_bb,it_box,p_true_pb,runtime_bb,runtime_box,runtime_pb,zeta_box,θ_bb,θ_box,θ_pb
43,9540,35,1,88.234,6.782,9.498,0.0,1.2325876356232882e7,1.2325876356232883e7,1.3826181691797199e7
