instance,it_bb,it_box,p_true_pb,runtime_bb,runtime_box,runtime_pb,zeta_box,θ_bb,θ_box,θ_pb
22,28948,49,1,3600.172,3600.112,17.205,9.125,2.3080525512409065e7,1.005215368626883e7,2.308052551240907e7
