instance,it_bb,it_box,p_true_pb,runtime_bb,runtime_box,runtime_pb,zeta_box,θ_bb,θ_box,θ_pb
13,28118,43,1,3600.214,3600.094,10.51,9.5,1.4782104101156982e7,8.51990627894268e6,1.4782104101156984e7
