instance,it_bb,it_box,p_true_pb,runtime_bb,runtime_box,runtime_pb,zeta_box,θ_bb,θ_box,θ_pb
30,27277,40,1,3600.193,3600.134,9.069,15.125,3.2023025430999067e7,1.3835758122927316e7,3.2023025430999067e7
