instance,it_bb,it_box,p_true_pb,runtime_bb,runtime_box,runtime_pb,zeta_box,θ_bb,θ_box,θ_pb
37,30176,42,1,3600.198,3600.05,10.397,8.899999999999999,1.7201615966820277e7,9.68514173106505e6,1.7838568598450363e7
