instance,it_bb,it_box,p_true_pb,runtime_bb,runtime_box,runtime_pb,zeta_box,θ_bb,θ_box,θ_pb
40,23210,53,1,3600.028,3600.022,18.838,6.700000000000003,9.184062238402387e6,6.228684182565494e6,9.184062238402389e6
