instance,it_bb,it_box,p_true_pb,runtime_bb,runtime_box,runtime_pb,zeta_box,θ_bb,θ_box,θ_pb
49,4417,31,1,46.896,6.411,12.18,0.0,6.349767271719044e6,6.349764080748974e6,7.085744528288458e6
