instance,it_bb,it_box,p_true_pb,runtime_bb,runtime_box,runtime_pb,zeta_box,θ_bb,θ_box,θ_pb
1,55038,71,1,1241.363,37.162,11.913,0.11111111111111427,2.12094948495309e7,2.120949484953091e7,2.5430095141768754e7
