instance,it_bb,it_box,p_true_pb,runtime_bb,runtime_box,runtime_pb,zeta_box,θ_bb,θ_box,θ_pb
19,51170,132,1,3600.007,3600.069,19.116,1.1428571428571348,1.1457474964515774e7,9.321830930671364e6,1.2428293143451858e7
