instance,it_bb,it_box,p_true_pb,runtime_bb,runtime_box,runtime_pb,zeta_box,θ_bb,θ_box,θ_pb
26,34154,116,1,3600.18,3600.082,10.585,1.8571428571428612,2.5277434991709407e7,1.7021810416260622e7,2.5404450738764644e7
