instance,it_bb,it_box,p_true_pb,runtime_bb,runtime_box,runtime_pb,zeta_box,θ_bb,θ_box,θ_pb
36,27168,54,1,365.987,14.366,11.608,4.2855757698134767e-7,2.165665151811893e7,2.1656651518118933e7,2.6311786317456115e7
