instance,it_bb,it_box,p_true_pb,runtime_bb,runtime_box,runtime_pb,zeta_box,θ_bb,θ_box,θ_pb
50,5574,36,1,62.384,8.616,11.923,0.0,1.7486269459748954e7,1.7486269459748954e7,2.2329999117770758e7
