instance,it_bb,it_box,p_true_pb,runtime_bb,runtime_box,runtime_pb,zeta_box,θ_bb,θ_box,θ_pb
13,58246,159,1,3600.075,3600.14,10.134,0.0,1.3654820787944308e7,1.25275509698292e7,1.4782104101156984e7
