instance,it_bb,it_box,p_true_pb,runtime_bb,runtime_box,runtime_pb,zeta_box,θ_bb,θ_box,θ_pb
5,32445,122,1,3600.053,3600.071,9.897,0.0,3.36625946940838e7,2.188249931342748e7,3.366259469408381e7
