instance,it_bb,it_box,p_true_pb,runtime_bb,runtime_box,runtime_pb,zeta_box,θ_bb,θ_box,θ_pb
6,3388,49,1,25.509,7.865,9.186,0.0,1.1635769887813173e7,1.1635769887813175e7,1.2136154060124941e7
