instance,it_bb,it_box,p_true_pb,runtime_bb,runtime_box,runtime_pb,zeta_box,θ_bb,θ_box,θ_pb
24,6,6,1,0.325,2.361,10.426,1.9999999999999982,1.5054035544615919e7,1.5054035544615919e7,1.5054035544615922e7
