instance,it_bb,it_box,p_true_pb,runtime_bb,runtime_box,runtime_pb,zeta_box,θ_bb,θ_box,θ_pb
42,34581,114,1,3600.001,3600.059,13.22,0.0,1.650848347084175e7,1.3996487687108137e7,1.842238586322618e7
