instance,it_bb,it_box,p_true_pb,runtime_bb,runtime_box,runtime_pb,zeta_box,θ_bb,θ_box,θ_pb
32,29614,44,1,3600.057,3600.08,9.96,8.9,1.7110624221871078e7,1.0289564679998135e7,1.7334275736509368e7
