instance,it_bb,it_box,p_true_pb,runtime_bb,runtime_box,runtime_pb,zeta_box,θ_bb,θ_box,θ_pb
1,31866,54,1,3600.011,3600.045,9.854,8.799999999999997,2.5327153410677806e7,1.4106991919859897e7,2.5430095141768754e7
