instance,it_bb,it_box,p_true_pb,runtime_bb,runtime_box,runtime_pb,zeta_box,θ_bb,θ_box,θ_pb
20,41049,123,1,3600.057,3600.091,12.152,0.0,7.961121902375131e6,7.485923708940268e6,8.198720947183211e6
