instance,it_bb,it_box,p_true_pb,runtime_bb,runtime_box,runtime_pb,zeta_box,θ_bb,θ_box,θ_pb
20,29470,59,1,3600.049,3600.084,10.042,5.0,7.961121902375132e6,6.298076054857276e6,8.198720947183211e6
