instance,it_bb,it_box,p_true_pb,runtime_bb,runtime_box,runtime_pb,zeta_box,θ_bb,θ_box,θ_pb
9,29638,58,1,3600.232,3600.387,10.912,5.199999999999999,9.812448350910254e6,7.477018006818648e6,9.812448350910258e6
