instance,it_bb,it_box,p_true_pb,runtime_bb,runtime_box,runtime_pb,zeta_box,θ_bb,θ_box,θ_pb
32,33988,108,1,3600.183,3600.034,9.865,0.0,1.7110624221871078e7,1.3420478175411107e7,1.7334275736509368e7
