instance,it_bb,it_box,p_true_pb,runtime_bb,runtime_box,runtime_pb,zeta_box,θ_bb,θ_box,θ_pb
36,28212,54,1,3600.087,3600.049,9.805,10.0,2.6311786317456108e7,1.4511568702715553e7,2.6311786317456115e7
