instance,it_bb,it_box,p_true_pb,runtime_bb,runtime_box,runtime_pb,zeta_box,θ_bb,θ_box,θ_pb
24,33200,87,1,3600.21,3600.062,18.565,1.4285767853517974,1.44421422975311e7,1.1505001269610938e7,1.5054035544615922e7
