instance,it_bb,it_box,p_true_pb,runtime_bb,runtime_box,runtime_pb,zeta_box,θ_bb,θ_box,θ_pb
31,2232,34,1,20.801,7.044,9.965,5.7717718497940496e-6,1.0511566795280851e7,1.0511566795280809e7,1.2400881278358178e7
