instance,it_bb,it_box,p_true_pb,runtime_bb,runtime_box,runtime_pb,zeta_box,θ_bb,θ_box,θ_pb
22,27638,45,1,348.242,13.572,9.467,0.375000000000003,1.811724703279332e7,1.811724703279332e7,2.308052551240907e7
