instance,it_bb,it_box,p_true_pb,runtime_bb,runtime_box,runtime_pb,zeta_box,θ_bb,θ_box,θ_pb
2,32140,91,1,3600.156,3600.045,9.679,0.0,3.4622849970484555e7,2.3548934136793748e7,3.475013605929239e7
