instance,it_bb,it_box,p_true_pb,runtime_bb,runtime_box,runtime_pb,zeta_box,θ_bb,θ_box,θ_pb
49,41057,105,1,3600.058,3600.06,10.233,0.0,6.901749416403587e6,5.889760366776548e6,7.085744528288458e6
