instance,it_bb,it_box,p_true_pb,runtime_bb,runtime_box,runtime_pb,zeta_box,θ_bb,θ_box,θ_pb
44,29876,54,1,3600.116,3600.053,10.034,3.3333333333333286,7.244446729868626e6,4.868821958258634e6,7.697083449545676e6
