instance,it_bb,it_box,p_true_pb,runtime_bb,runtime_box,runtime_pb,zeta_box,θ_bb,θ_box,θ_pb
5,10,9,1,0.332,2.319,10.102,1.2857142857142847,3.366259469408381e7,3.366259469408381e7,3.366259469408381e7
