instance,it_bb,it_box,p_true_pb,runtime_bb,runtime_box,runtime_pb,zeta_box,θ_bb,θ_box,θ_pb
33,46628,157,1,3600.032,3600.044,9.609,0.0,1.0790241497679647e7,1.0216404800495729e7,1.0905000396232434e7
