instance,it_bb,it_box,p_true_pb,runtime_bb,runtime_box,runtime_pb,zeta_box,θ_bb,θ_box,θ_pb
19,46544,137,1,3600.057,3600.061,8.796,0.3999999999999986,1.1457564687530512e7,9.321830930671364e6,1.2428293143451858e7
