instance,it_bb,it_box,p_true_pb,runtime_bb,runtime_box,runtime_pb,zeta_box,θ_bb,θ_box,θ_pb
9,33874,34,1,3600.078,3600.094,8.973,8.0,9.812448350910254e6,6.192349075639293e6,9.812448350910258e6
