instance,it_bb,it_box,p_true_pb,runtime_bb,runtime_box,runtime_pb,zeta_box,θ_bb,θ_box,θ_pb
40,42559,111,1,3600.22,668.848,10.752,0.0,9.184062238402387e6,8.550766034094505e6,9.184062238402389e6
