instance,it_bb,it_box,p_true_pb,runtime_bb,runtime_box,runtime_pb,zeta_box,θ_bb,θ_box,θ_pb
45,8134,51,1,98.867,13.694,12.061,0.0,1.4806540836498613e7,1.4806540836498614e7,1.6657146538666522e7
