instance,it_bb,it_box,p_true_pb,runtime_bb,runtime_box,runtime_pb,zeta_box,θ_bb,θ_box,θ_pb
42,43697,137,1,3600.022,3600.057,8.879,2.444444444444471,1.7231848336595725e7,1.4235685285287296e7,1.842238586322618e7
