instance,it_bb,it_box,p_true_pb,runtime_bb,runtime_box,runtime_pb,zeta_box,θ_bb,θ_box,θ_pb
35,26366,37,1,3600.19,3600.03,9.151,11.444444444444443,2.3043657276484136e7,9.975567512367746e6,2.3043657276484136e7
