instance,it_bb,it_box,p_true_pb,runtime_bb,runtime_box,runtime_pb,zeta_box,θ_bb,θ_box,θ_pb
7,24494,66,1,304.844,34.698,10.364,0.0,1.5175994426680563e7,1.5175994426680565e7,1.7256414142797124e7
