instance,it_bb,it_box,p_true_pb,runtime_bb,runtime_box,runtime_pb,zeta_box,θ_bb,θ_box,θ_pb
36,27168,54,1,583.137,30.176,9.988,0.3749999999999971,2.165665151811893e7,2.1656651518118933e7,2.6311786317456115e7
