instance,it_bb,it_box,p_true_pb,runtime_bb,runtime_box,runtime_pb,zeta_box,θ_bb,θ_box,θ_pb
16,32801,100,1,3600.02,3600.03,10.297,6.888888888888889,3.0019055694294464e7,2.1111350037326057e7,3.0141080281980716e7
