instance,it_bb,it_box,p_true_pb,runtime_bb,runtime_box,runtime_pb,zeta_box,θ_bb,θ_box,θ_pb
7,38666,87,1,3600.114,3600.021,9.137,4.714285714285714,1.7011665184642248e7,1.3095576405612322e7,1.7256414142797124e7
