instance,it_bb,it_box,p_true_pb,runtime_bb,runtime_box,runtime_pb,zeta_box,θ_bb,θ_box,θ_pb
38,714,29,1,5.885,5.188,9.004,0.375,8.397949345186925e6,8.397949345186926e6,8.870982113607889e6
