instance,it_bb,it_box,p_true_pb,runtime_bb,runtime_box,runtime_pb,zeta_box,θ_bb,θ_box,θ_pb
29,28625,54,1,3600.027,3600.077,9.969,6.199999999999999,1.0509290261125796e7,6.8973012110266825e6,1.0609941780755993e7
