instance,it_bb,it_box,p_true_pb,runtime_bb,runtime_box,runtime_pb,zeta_box,θ_bb,θ_box,θ_pb
49,28660,42,1,3600.11,3600.252,9.73,5.0,6.993746093666365e6,4.1418361732308627e6,7.085744528288458e6
