instance,it_bb,it_box,p_true_pb,runtime_bb,runtime_box,runtime_pb,zeta_box,θ_bb,θ_box,θ_pb
50,67945,124,1,3600.121,3600.092,9.279,0.0,1.843155305533988e7,1.55963308198337e7,2.2329999117770758e7
