instance,it_bb,it_box,p_true_pb,runtime_bb,runtime_box,runtime_pb,zeta_box,θ_bb,θ_box,θ_pb
28,33036,60,1,3600.029,3600.066,10.281,5.300000000000001,7.961121902375132e6,6.298069410662312e6,8.198720947183211e6
