instance,it_bb,it_box,p_true_pb,runtime_bb,runtime_box,runtime_pb,zeta_box,θ_bb,θ_box,θ_pb
37,35913,128,1,3600.194,3600.065,11.007,1.3333333333333357,1.7201615966820277e7,1.4399027695608232e7,1.7838568598450363e7
