instance,it_bb,it_box,p_true_pb,runtime_bb,runtime_box,runtime_pb,zeta_box,θ_bb,θ_box,θ_pb
21,36328,100,1,3600.024,3600.077,11.544,1.5714285714285712,1.436039487294094e7,1.1556559106404908e7,1.4696874924518917e7
