instance,it_bb,it_box,p_true_pb,runtime_bb,runtime_box,runtime_pb,zeta_box,θ_bb,θ_box,θ_pb
33,51165,141,1,3600.009,3600.045,11.775,0.9000000000000021,1.0445950425440608e7,1.0216384226168374e7,1.0905000396232434e7
