instance,it_bb,it_box,p_true_pb,runtime_bb,runtime_box,runtime_pb,zeta_box,θ_bb,θ_box,θ_pb
30,73750,118,1,3600.047,204.795,10.586,0.0,2.9333303326394204e7,2.70280021185038e7,3.2023025430999067e7
