instance,it_bb,it_box,p_true_pb,runtime_bb,runtime_box,runtime_pb,zeta_box,θ_bb,θ_box,θ_pb
14,31715,44,1,3600.149,3600.068,12.751,7.0,7.676004987933194e6,5.155761607660862e6,7.676004987933197e6
