instance,it_bb,it_box,p_true_pb,runtime_bb,runtime_box,runtime_pb,zeta_box,θ_bb,θ_box,θ_pb
20,48240,128,1,3600.113,3600.157,9.069,1.666666666666676,7.961121902375131e6,7.485923812758979e6,8.198720947183211e6
