instance,it_bb,it_box,p_true_pb,runtime_bb,runtime_box,runtime_pb,zeta_box,θ_bb,θ_box,θ_pb
19,24236,41,1,3600.203,3600.04,14.332,7.444444444444445,1.2137055145384587e7,6.312343637991453e6,1.2428293143451858e7
