instance,it_bb,it_box,p_true_pb,runtime_bb,runtime_box,runtime_pb,zeta_box,θ_bb,θ_box,θ_pb
39,34228,101,1,3600.013,3600.039,12.192,2.625,1.2453138127374323e7,9.713867730659284e6,1.282667691305649e7
