instance,it_bb,it_box,p_true_pb,runtime_bb,runtime_box,runtime_pb,zeta_box,θ_bb,θ_box,θ_pb
26,36772,109,1,3600.035,3600.037,11.905,3.0,2.5277434991709407e7,1.70214901533723e7,2.5404450738764644e7
