instance,it_bb,it_box,p_true_pb,runtime_bb,runtime_box,runtime_pb,zeta_box,θ_bb,θ_box,θ_pb
49,34809,63,1,3600.105,3600.036,9.157,4.0,6.993746093666365e6,4.87769137930429e6,7.085744528288458e6
