instance,it_bb,it_box,p_true_pb,runtime_bb,runtime_box,runtime_pb,zeta_box,θ_bb,θ_box,θ_pb
12,70755,70,1,2370.281,22.529,10.189,0.0,2.0620619158900265e7,2.0620619158900265e7,2.525129683034748e7
