instance,it_bb,it_box,p_true_pb,runtime_bb,runtime_box,runtime_pb,zeta_box,θ_bb,θ_box,θ_pb
46,30433,54,1,3600.161,3600.1,9.564,6.249999999999972,1.4756302118969308e7,9.07314088273936e6,1.5084181670024266e7
