instance,it_bb,it_box,p_true_pb,runtime_bb,runtime_box,runtime_pb,zeta_box,θ_bb,θ_box,θ_pb
2,53250,1560,1,3600.009,3600.023,10.135,3.6667669292000937e-6,3.2713543813787837e7,2.8894950352709442e7,3.475013605929239e7
