instance,it_bb,it_box,p_true_pb,runtime_bb,runtime_box,runtime_pb,zeta_box,θ_bb,θ_box,θ_pb
21,31561,125,1,3600.102,3600.063,16.336,0.0,1.436039487294094e7,1.1668937179687051e7,1.4696874924518917e7
