instance,it_bb,it_box,p_true_pb,runtime_bb,runtime_box,runtime_pb,zeta_box,θ_bb,θ_box,θ_pb
46,33793,91,1,3600.118,3600.057,12.364,2.9000000000000057,1.4209846796986943e7,1.1258964294476153e7,1.5084181670024266e7
