instance,it_bb,it_box,p_true_pb,runtime_bb,runtime_box,runtime_pb,zeta_box,θ_bb,θ_box,θ_pb
21,65004,84,1,3600.055,3600.041,9.061,6.533333333333331,1.6208483904193472e7,1.6430706034631481e7,2.0788654503854606e7
