instance,it_bb,it_box,p_true_pb,runtime_bb,runtime_box,runtime_pb,zeta_box,θ_bb,θ_box,θ_pb
33,80791,108,1,3600.002,233.068,9.147,0.0769230769230731,5.452226174757068e6,5.9475773984384835e6,5.947577398438484e6
