instance,it_bb,it_box,p_true_pb,runtime_bb,runtime_box,runtime_pb,zeta_box,θ_bb,θ_box,θ_pb
46,27462,42,1,3600.044,3600.032,9.063,5.0,1.3019821239807494e7,8.203391058632443e6,1.3149984724835485e7
