instance,it_bb,it_box,p_true_pb,runtime_bb,runtime_box,runtime_pb,zeta_box,θ_bb,θ_box,θ_pb
23,6444,59,1,94.489,19.099,9.309,0.1666666666666714,8.908377189379409e6,8.908377189379407e6,9.417203806293665e6
