instance,it_bb,it_box,p_true_pb,runtime_bb,runtime_box,runtime_pb,zeta_box,θ_bb,θ_box,θ_pb
20,29256,72,1,3600.036,3600.046,11.082,5.5384615384615365,2.4584966723867588e7,1.8567382799787447e7,2.4584966723867588e7
