instance,it_bb,it_box,p_true_pb,runtime_bb,runtime_box,runtime_pb,zeta_box,θ_bb,θ_box,θ_pb
15,25802,47,1,3600.062,3600.038,8.965,8.600000000000001,1.396195469114791e7,9.140997757207284e6,1.3961954691147912e7
