instance,it_bb,it_box,p_true_pb,runtime_bb,runtime_box,runtime_pb,zeta_box,θ_bb,θ_box,θ_pb
23,28659,57,1,3600.193,3600.071,9.092,7.0,9.332397054617083e6,6.788271028045111e6,9.417203806293665e6
