instance,it_bb,it_box,p_true_pb,runtime_bb,runtime_box,runtime_pb,zeta_box,θ_bb,θ_box,θ_pb
1,49863,143,1,3600.159,1163.826,8.921,1.0,8.671142468633875e6,8.671142468633877e6,8.671142468633877e6
