instance,it_bb,it_box,p_true_pb,runtime_bb,runtime_box,runtime_pb,zeta_box,θ_bb,θ_box,θ_pb
29,21529,40,1,3600.069,3600.046,9.149,6.6923076923076925,1.4089349317035194e7,8.605843968057748e6,1.4089349317035193e7
