instance,it_bb,it_box,p_true_pb,runtime_bb,runtime_box,runtime_pb,zeta_box,θ_bb,θ_box,θ_pb
44,30157,98,1,3600.094,3600.064,9.159,3.0000000000000018,3.1563393970007785e6,2.455673998968575e6,3.1563393970010453e6
