instance,it_bb,it_box,p_true_pb,runtime_bb,runtime_box,runtime_pb,zeta_box,θ_bb,θ_box,θ_pb
42,39930,65,1,933.848,28.127,9.367,0.2142857142857153,1.6118771175659195e7,1.6118771175659195e7,1.7080702566143986e7
