instance,it_bb,it_box,p_true_pb,runtime_bb,runtime_box,runtime_pb,zeta_box,θ_bb,θ_box,θ_pb
9,31927,90,1,3600.043,3600.033,9.199,5.933333333333334,2.976941651669083e7,2.8264377739324085e7,2.976941651669084e7
