instance,it_bb,it_box,p_true_pb,runtime_bb,runtime_box,runtime_pb,zeta_box,θ_bb,θ_box,θ_pb
25,7,5,1,0.302,2.279,10.123,2.0,1.5270185313937977e7,1.5270185313937977e7,1.5270185313937979e7
