instance,it_bb,it_box,p_true_pb,runtime_bb,runtime_box,runtime_pb,zeta_box,θ_bb,θ_box,θ_pb
7,24452,33,1,3600.017,3600.028,9.198,14.416666666666666,3.1125647913578667e7,1.5756601995527336e7,3.1125647913578667e7
