instance,it_bb,it_box,p_true_pb,runtime_bb,runtime_box,runtime_pb,zeta_box,θ_bb,θ_box,θ_pb
9,25937,86,1,3600.092,3600.056,9.985,5.466666666666667,2.976941651669083e7,2.22116013228369e7,2.976941651669084e7
