instance,it_bb,it_box,p_true_pb,runtime_bb,runtime_box,runtime_pb,zeta_box,θ_bb,θ_box,θ_pb
1,25965,61,1,3600.023,3600.058,9.204,6.0,8.671142468633875e6,6.342258919815489e6,8.671142468633877e6
