instance,it_bb,it_box,p_true_pb,runtime_bb,runtime_box,runtime_pb,zeta_box,θ_bb,θ_box,θ_pb
28,24324,35,1,3600.061,3600.036,9.115,14.200000199620206,1.788036619401617e7,1.0752172968552915e7,1.7880366194016173e7
