instance,it_bb,it_box,p_true_pb,runtime_bb,runtime_box,runtime_pb,zeta_box,θ_bb,θ_box,θ_pb
7,75986,93,1,3600.07,93.084,9.058,0.07142857142857295,2.9332600128490917e7,2.83078883528891e7,3.1125647913578667e7
