instance,it_bb,it_box,p_true_pb,runtime_bb,runtime_box,runtime_pb,zeta_box,θ_bb,θ_box,θ_pb
2,38520,141,1,3600.006,3600.028,8.966,0.5,1.4791269529160066e7,1.3928592300991852e7,1.479126952916007e7
