instance,it_bb,it_box,p_true_pb,runtime_bb,runtime_box,runtime_pb,zeta_box,θ_bb,θ_box,θ_pb
3,29943,48,1,3600.17,3600.49,9.429,8.0,2.0048869693637155e7,1.3930588045492774e7,2.004886969363716e7
