instance,it_bb,it_box,p_true_pb,runtime_bb,runtime_box,runtime_pb,zeta_box,θ_bb,θ_box,θ_pb
50,141,34,1,1.428,13.941,9.105,1.0,2.8699971655278495e6,2.8699970406662547e6,2.86999716552785e6
