instance,it_bb,it_box,p_true_pb,runtime_bb,runtime_box,runtime_pb,zeta_box,θ_bb,θ_box,θ_pb
24,30282,86,1,3600.194,3600.044,9.147,4.571428571428569,8.24905498013476e6,7.26452240263835e6,8.249054980134759e6
