instance,it_bb,it_box,p_true_pb,runtime_bb,runtime_box,runtime_pb,zeta_box,θ_bb,θ_box,θ_pb
48,29835,93,1,3600.128,3600.165,8.936,3.0,7.804046922105566e6,6.593822975887341e6,7.804046922105567e6
