instance,it_bb,it_box,p_true_pb,runtime_bb,runtime_box,runtime_pb,zeta_box,θ_bb,θ_box,θ_pb
27,26998,41,1,335.753,8.924,9.632,1.0,8.57858194133078e6,8.578581941330783e6,8.578581941330781e6
