instance,it_bb,it_box,p_true_pb,runtime_bb,runtime_box,runtime_pb,zeta_box,θ_bb,θ_box,θ_pb
9,84053,92,1,3600.047,80.362,11.518,0.07692272095744102,2.6397426006621152e7,2.6281150471791163e7,2.976941651669084e7
