instance,it_bb,it_box,p_true_pb,runtime_bb,runtime_box,runtime_pb,zeta_box,θ_bb,θ_box,θ_pb
8,25173,100,1,3600.089,3600.063,10.198,3.0,4.336603311444607e6,3.4701062679472174e6,4.336603311444607e6
