instance,it_bb,it_box,p_true_pb,runtime_bb,runtime_box,runtime_pb,zeta_box,θ_bb,θ_box,θ_pb
9,25396,41,1,3600.083,3600.052,9.818,10.0,2.9769416516690835e7,1.6630630731806634e7,2.976941651669084e7
