instance,it_bb,it_box,p_true_pb,runtime_bb,runtime_box,runtime_pb,zeta_box,θ_bb,θ_box,θ_pb
24,50843,101,1,3600.024,234.633,8.906,0.538461538461533,8.24905498013476e6,8.249054964436609e6,8.249054980134759e6
