instance,it_bb,it_box,p_true_pb,runtime_bb,runtime_box,runtime_pb,zeta_box,θ_bb,θ_box,θ_pb
3,28949,108,1,3600.142,3600.135,12.917,4.0,1.991869289078811e7,1.705494912257959e7,2.004886969363716e7
