instance,it_bb,it_box,p_true_pb,runtime_bb,runtime_box,runtime_pb,zeta_box,θ_bb,θ_box,θ_pb
16,4502,42,1,49.934,11.097,10.513,1.0,1.5886539949926326e7,1.5886539949926328e7,1.5886539949926328e7
