instance,it_bb,it_box,p_true_pb,runtime_bb,runtime_box,runtime_pb,zeta_box,θ_bb,θ_box,θ_pb
18,29262,58,1,3600.021,3600.076,8.824,9.0,1.6550617739058532e7,1.3486204957555026e7,1.6550617739058534e7
