instance,it_bb,it_box,p_true_pb,runtime_bb,runtime_box,runtime_pb,zeta_box,θ_bb,θ_box,θ_pb
13,32073,90,1,3600.103,3600.055,9.952,6.076923076923078,2.503087047397887e7,1.9455121914610717e7,2.5030870473978877e7
