instance,it_bb,it_box,p_true_pb,runtime_bb,runtime_box,runtime_pb,zeta_box,θ_bb,θ_box,θ_pb
2,4674,27,1,56.771,6.183,11.759,0.5833333333333286,1.4668040914308848e7,1.4668040914308848e7,1.479126952916007e7
