instance,it_bb,it_box,p_true_pb,runtime_bb,runtime_box,runtime_pb,zeta_box,θ_bb,θ_box,θ_pb
31,34482,118,1,3600.174,3600.233,9.754,2.0,2.294381098510406e6,2.2943810505314907e6,2.5356112790434393e6
