instance,it_bb,it_box,p_true_pb,runtime_bb,runtime_box,runtime_pb,zeta_box,θ_bb,θ_box,θ_pb
42,24638,40,1,3600.115,3600.092,9.036,9.733333333333361,1.7080702566143982e7,1.0473891009293009e7,1.7080702566143986e7
