instance,it_bb,it_box,p_true_pb,runtime_bb,runtime_box,runtime_pb,zeta_box,θ_bb,θ_box,θ_pb
36,26586,87,1,3600.096,3600.042,9.777,5.533335491097191,8.267684597371247e6,6.390046453319179e6,8.267684597371437e6
