instance,it_bb,it_box,p_true_pb,runtime_bb,runtime_box,runtime_pb,zeta_box,θ_bb,θ_box,θ_pb
40,26362,42,1,3600.015,3600.061,9.075,13.600000000000001,3.798946982786976e7,2.203551245437744e7,3.7989469827869765e7
