instance,it_bb,it_box,p_true_pb,runtime_bb,runtime_box,runtime_pb,zeta_box,θ_bb,θ_box,θ_pb
17,36116,132,1,3600.001,3600.064,9.606,2.0,1.3734769452346945e7,1.2978863151262654e7,1.4490715939422533e7
