instance,it_bb,it_box,p_true_pb,runtime_bb,runtime_box,runtime_pb,zeta_box,θ_bb,θ_box,θ_pb
10,25732,52,1,3600.15,3600.052,10.091,9.2,2.885027166239655e7,1.7860601446411517e7,2.8850271662396558e7
