instance,it_bb,it_box,p_true_pb,runtime_bb,runtime_box,runtime_pb,zeta_box,θ_bb,θ_box,θ_pb
33,28152,89,1,3600.054,3600.085,10.573,5.0,5.947577398438482e6,5.080695773604058e6,5.947577398438484e6
