instance,it_bb,it_box,p_true_pb,runtime_bb,runtime_box,runtime_pb,zeta_box,θ_bb,θ_box,θ_pb
39,32114,68,1,3600.09,3600.114,8.867,7.600000000000001,2.9410805570310377e7,1.9319878989582576e7,2.9409229306655336e7
