instance,it_bb,it_box,p_true_pb,runtime_bb,runtime_box,runtime_pb,zeta_box,θ_bb,θ_box,θ_pb
28,28665,48,1,3600.078,3600.032,9.12,16.933333333333337,1.788036619401617e7,1.3580981420935731e7,1.7880366194016173e7
