instance,it_bb,it_box,p_true_pb,runtime_bb,runtime_box,runtime_pb,zeta_box,θ_bb,θ_box,θ_pb
38,26622,58,1,3600.037,3600.091,9.249,10.866666666666667,3.5677590178341605e7,2.3040017221451618e7,3.567759017834161e7
