instance,it_bb,it_box,p_true_pb,runtime_bb,runtime_box,runtime_pb,zeta_box,θ_bb,θ_box,θ_pb
25,29089,47,1,3600.026,3600.025,9.105,5.0,1.5270185313937975e7,1.0981435844857117e7,1.5270185313937979e7
