instance,it_bb,it_box,p_true_pb,runtime_bb,runtime_box,runtime_pb,zeta_box,θ_bb,θ_box,θ_pb
33,117145,108,1,3600.001,263.384,11.964,0.0769230769230731,5.576057613326826e6,5.9475773984384835e6,5.947577398438484e6
