instance,it_bb,it_box,p_true_pb,runtime_bb,runtime_box,runtime_pb,zeta_box,θ_bb,θ_box,θ_pb
4,732,29,1,5.905,5.553,9.001,0.9999999345007495,7.804823790194644e6,7.804823790194645e6,7.8048237901946455e6
