instance,it_bb,it_box,p_true_pb,runtime_bb,runtime_box,runtime_pb,zeta_box,θ_bb,θ_box,θ_pb
37,5,3,1,0.309,2.485,10.914,14.0,1.2974471850335602e7,1.2974471850335602e7,1.2974471850335602e7
