instance,it_bb,it_box,p_true_pb,runtime_bb,runtime_box,runtime_pb,zeta_box,θ_bb,θ_box,θ_pb
35,27853,45,1,3600.118,3600.106,9.256,8.666666666666666,1.701527868738616e7,1.173103827765552e7,1.727305378315765e7
