instance,it_bb,it_box,p_true_pb,runtime_bb,runtime_box,runtime_pb,zeta_box,θ_bb,θ_box,θ_pb
47,19324,29,1,3600.125,3600.093,12.404,14.615384615384613,1.0e20,1.4146789287959605e7,3.408704589710038e7
