instance,it_bb,it_box,p_true_pb,runtime_bb,runtime_box,runtime_pb,zeta_box,θ_bb,θ_box,θ_pb
2,37826,133,1,3600.008,3600.033,9.133,0.7272727272727266,1.4791269529160066e7,1.3805484275407303e7,1.479126952916007e7
