instance,it_bb,it_box,p_true_pb,runtime_bb,runtime_box,runtime_pb,zeta_box,θ_bb,θ_box,θ_pb
37,34923,159,1,3600.154,3600.064,12.49,1.000000000000008,1.2974471850335596e7,1.2707014536880843e7,1.2974471850335602e7
