instance,it_bb,it_box,p_true_pb,runtime_bb,runtime_box,runtime_pb,zeta_box,θ_bb,θ_box,θ_pb
36,30728,91,1,3600.188,3600.056,8.917,3.000000000400007,8.26768459737128e6,7.141176627426021e6,8.267684597371437e6
