instance,it_bb,it_box,p_true_pb,runtime_bb,runtime_box,runtime_pb,zeta_box,θ_bb,θ_box,θ_pb
42,32313,98,1,3600.189,3600.045,8.923,3.4666666666666632,1.6960461142333385e7,1.4435474588249005e7,1.7080702566143986e7
