instance,it_bb,it_box,p_true_pb,runtime_bb,runtime_box,runtime_pb,zeta_box,θ_bb,θ_box,θ_pb
5,19883,53,1,3600.347,3600.292,15.775,6.071428571428559,1.2027128749344636e7,8.895959346882619e6,1.202712874934464e7
