instance,it_bb,it_box,p_true_pb,runtime_bb,runtime_box,runtime_pb,zeta_box,θ_bb,θ_box,θ_pb
41,33081,57,1,3600.131,3600.032,9.619,8.785714285714285,3.443559635917386e7,2.5024813692084074e7,3.5947978873698905e7
