instance,it_bb,it_box,p_true_pb,runtime_bb,runtime_box,runtime_pb,zeta_box,θ_bb,θ_box,θ_pb
37,44632,187,1,3600.064,3600.042,9.036,1.0,1.2974471850335596e7,1.2840737038113799e7,1.2974471850335602e7
