instance,it_bb,it_box,p_true_pb,runtime_bb,runtime_box,runtime_pb,zeta_box,θ_bb,θ_box,θ_pb
26,36514,79,1,3600.152,3600.036,9.158,4.0,2.1486948490503833e7,1.8617330741871294e7,2.2001855314270437e7
