instance,it_bb,it_box,p_true_pb,runtime_bb,runtime_box,runtime_pb,zeta_box,θ_bb,θ_box,θ_pb
4,35067,149,1,3600.071,3064.374,13.063,0.3076923076923066,7.804823790194643e6,7.6964494389855135e6,7.8048237901946455e6
