instance,it_bb,it_box,p_true_pb,runtime_bb,runtime_box,runtime_pb,zeta_box,θ_bb,θ_box,θ_pb
30,26992,44,1,3600.061,3600.049,9.234,11.499999999999968,3.0542938962678343e7,1.7704820621839676e7,3.0542938962678354e7
