instance,it_bb,it_box,p_true_pb,runtime_bb,runtime_box,runtime_pb,zeta_box,θ_bb,θ_box,θ_pb
37,1984,13,1,22.667,3.752,8.883,1.0,1.2974471850335596e7,1.29744718503356e7,1.2974471850335602e7
