instance,it_bb,it_box,p_true_pb,runtime_bb,runtime_box,runtime_pb,zeta_box,θ_bb,θ_box,θ_pb
19,70805,107,1,3600.058,136.699,9.039,1.714230315030818e-6,2.2666541867224306e7,2.1320080452920906e7,2.502270398225791e7
