instance,it_bb,it_box,p_true_pb,runtime_bb,runtime_box,runtime_pb,zeta_box,θ_bb,θ_box,θ_pb
40,9,7,1,0.344,2.234,9.967,2.8333333333333357,3.7989469827869765e7,3.7989469827869765e7,3.7989469827869765e7
