instance,it_bb,it_box,p_true_pb,runtime_bb,runtime_box,runtime_pb,zeta_box,θ_bb,θ_box,θ_pb
48,24513,72,1,3600.193,3600.074,12.08,3.0,7.804046922105566e6,6.055971057056845e6,7.804046922105567e6
