instance,it_bb,it_box,p_true_pb,runtime_bb,runtime_box,runtime_pb,zeta_box,θ_bb,θ_box,θ_pb
34,34342,108,1,3600.028,3600.03,9.247,4.0,1.542553683620241e7,1.3187473938199742e7,1.5925671739792824e7
