instance,it_bb,it_box,p_true_pb,runtime_bb,runtime_box,runtime_pb,zeta_box,θ_bb,θ_box,θ_pb
43,34790,129,1,3600.094,1979.123,8.874,2.49995354550947e-6,1.0549601307779914e7,9.95039120920762e6,1.0549601307779916e7
