instance,it_bb,it_box,p_true_pb,runtime_bb,runtime_box,runtime_pb,zeta_box,θ_bb,θ_box,θ_pb
25,42399,105,1,3600.022,3600.034,8.806,1.000000000200001,1.4891763130111946e7,1.3378075384462893e7,1.5270185313937979e7
