instance,it_bb,it_box,p_true_pb,runtime_bb,runtime_box,runtime_pb,zeta_box,θ_bb,θ_box,θ_pb
5,41103,136,1,3600.06,3600.06,9.123,2.0,1.1776641422389455e7,1.1025169680666119e7,1.202712874934464e7
