instance,it_bb,it_box,p_true_pb,runtime_bb,runtime_box,runtime_pb,zeta_box,θ_bb,θ_box,θ_pb
15,142671,79,1,3600.001,43.273,9.827,2.2856594483755543e-6,1.2857148335426725e7,1.2857148335426662e7,1.3961954691147912e7
