instance,it_bb,it_box,p_true_pb,runtime_bb,runtime_box,runtime_pb,zeta_box,θ_bb,θ_box,θ_pb
16,40506,143,1,3600.15,3600.051,10.697,1.4615384615384635,1.5886539949926326e7,1.4800387470267259e7,1.5886539949926328e7
