instance,it_bb,it_box,p_true_pb,runtime_bb,runtime_box,runtime_pb,zeta_box,θ_bb,θ_box,θ_pb
23,23578,38,1,3600.187,3600.076,12.119,6.714285714285715,9.417203806293663e6,5.685848980607359e6,9.417203806293665e6
