instance,it_bb,it_box,p_true_pb,runtime_bb,runtime_box,runtime_pb,zeta_box,θ_bb,θ_box,θ_pb
49,28481,52,1,3600.2,3600.022,8.898,9.0,2.414664208801718e7,1.493721519627253e7,2.4146642088017188e7
