instance,it_bb,it_box,p_true_pb,runtime_bb,runtime_box,runtime_pb,zeta_box,θ_bb,θ_box,θ_pb
29,26925,55,1,3600.096,3600.034,9.207,7.083333333333339,1.4089349317035194e7,9.976569578981556e6,1.4089349317035193e7
