instance,it_bb,it_box,p_true_pb,runtime_bb,runtime_box,runtime_pb,zeta_box,θ_bb,θ_box,θ_pb
23,6,6,1,0.247,1.855,8.416,3.6666666666666714,9.417203806293663e6,9.417203806293663e6,9.417203806293665e6
