instance,it_bb,it_box,p_true_pb,runtime_bb,runtime_box,runtime_pb,zeta_box,θ_bb,θ_box,θ_pb
22,99625,46,1,3600.027,41.348,9.164,1.0,4.386968176323082e6,4.51221486954984e6,4.512214869549839e6
