instance,it_bb,it_box,p_true_pb,runtime_bb,runtime_box,runtime_pb,zeta_box,θ_bb,θ_box,θ_pb
35,34382,112,1,3600.11,3600.088,12.974,3.4166666666666643,1.6757503591614675e7,1.4695348691776954e7,1.727305378315765e7
