instance,it_bb,it_box,p_true_pb,runtime_bb,runtime_box,runtime_pb,zeta_box,θ_bb,θ_box,θ_pb
11,26052,52,1,3600.066,3600.125,9.153,4.0,5.56147728620182e6,3.787604381179236e6,5.561477286201822e6
