instance,it_bb,it_box,p_true_pb,runtime_bb,runtime_box,runtime_pb,zeta_box,θ_bb,θ_box,θ_pb
40,21282,32,1,3600.037,3600.117,11.966,17.199999999999996,3.7989469827869765e7,1.7477819492000196e7,3.7989469827869765e7
