instance,it_bb,it_box,p_true_pb,runtime_bb,runtime_box,runtime_pb,zeta_box,θ_bb,θ_box,θ_pb
47,41665,112,1,3600.116,350.226,9.382,0.25,3.373923991670326e7,2.8638431724936444e7,3.408704589710038e7
