instance,it_bb,it_box,p_true_pb,runtime_bb,runtime_box,runtime_pb,zeta_box,θ_bb,θ_box,θ_pb
11,26545,52,1,3600.034,3600.06,9.834,5.846153846153847,5.56147728620182e6,4.260696086723831e6,5.561477286201822e6
