instance,it_bb,it_box,p_true_pb,runtime_bb,runtime_box,runtime_pb,zeta_box,θ_bb,θ_box,θ_pb
4,26533,63,1,3600.152,3600.324,9.357,6.466666666666667,7.804823790194644e6,5.854085468430292e6,7.8048237901946455e6
