instance,it_bb,it_box,p_true_pb,runtime_bb,runtime_box,runtime_pb,zeta_box,θ_bb,θ_box,θ_pb
3,35117,113,1,3600.168,3600.049,9.675,3.0,1.991869289078811e7,1.7054969037836015e7,2.004886969363716e7
