instance,it_bb,it_box,p_true_pb,runtime_bb,runtime_box,runtime_pb,zeta_box,θ_bb,θ_box,θ_pb
36,44335,88,1,3600.011,252.09,8.858,9.087500757232192e-6,8.267684597371435e6,8.267684597371435e6,8.267684597371437e6
