instance,it_bb,it_box,p_true_pb,runtime_bb,runtime_box,runtime_pb,zeta_box,θ_bb,θ_box,θ_pb
7,26751,44,1,3600.033,3600.033,9.947,10.133333333333333,3.1125647913578667e7,1.8958058331534684e7,3.1125647913578667e7
