instance,it_bb,it_box,p_true_pb,runtime_bb,runtime_box,runtime_pb,zeta_box,θ_bb,θ_box,θ_pb
20,22423,34,1,3600.081,3600.052,9.657,11.0,2.4584966723867588e7,1.2549733106361477e7,2.4584966723867588e7
