instance,it_bb,it_box,p_true_pb,runtime_bb,runtime_box,runtime_pb,zeta_box,θ_bb,θ_box,θ_pb
25,24458,38,1,3600.022,3600.065,9.512,8.0,1.5270185313937975e7,9.593465419186233e6,1.5270185313937979e7
