instance,it_bb,it_box,p_true_pb,runtime_bb,runtime_box,runtime_pb,zeta_box,θ_bb,θ_box,θ_pb
44,30,15,1,0.527,3.976,10.659,2.0,3.156339397001045e6,3.1563393970010453e6,3.1563393970010453e6
