instance,it_bb,it_box,p_true_pb,runtime_bb,runtime_box,runtime_pb,zeta_box,θ_bb,θ_box,θ_pb
49,21333,30,1,3600.08,3600.113,9.984,13.0,2.414664208801718e7,1.282116392868966e7,2.4146642088017188e7
