instance,it_bb,it_box,p_true_pb,runtime_bb,runtime_box,runtime_pb,zeta_box,θ_bb,θ_box,θ_pb
30,31033,85,1,3600.044,3600.044,13.826,5.785714285714285,3.042727565821232e7,2.2447156949723322e7,3.0542938962678354e7
