instance,it_bb,it_box,p_true_pb,runtime_bb,runtime_box,runtime_pb,zeta_box,θ_bb,θ_box,θ_pb
34,22583,42,1,3600.002,3600.036,10.529,9.357142857142854,1.592567173979282e7,9.029566406118115e6,1.5925671739792824e7
