instance,it_bb,it_box,p_true_pb,runtime_bb,runtime_box,runtime_pb,zeta_box,θ_bb,θ_box,θ_pb
44,29061,147,1,3600.154,3600.118,10.277,1.0,3.1563393970005363e6,3.0395618306623003e6,3.1563393970010453e6
