instance,it_bb,it_box,p_true_pb,runtime_bb,runtime_box,runtime_pb,zeta_box,θ_bb,θ_box,θ_pb
20,32612,73,1,3600.152,3600.034,8.897,5.00000000000001,2.4584966723867588e7,1.8567385403927833e7,2.4584966723867588e7
