instance,it_bb,it_box,p_true_pb,runtime_bb,runtime_box,runtime_pb,zeta_box,θ_bb,θ_box,θ_pb
21,77576,72,1,3600.015,52.777,11.914,1.1999611956720058e-6,1.900075494476588e7,1.90005158067732e7,2.0788654503854606e7
