instance,it_bb,it_box,p_true_pb,runtime_bb,runtime_box,runtime_pb,zeta_box,θ_bb,θ_box,θ_pb
12,28054,63,1,3600.014,3600.147,10.616,8.000000363473042,2.982144446543923e7,2.0002169464857526e7,2.982144446543923e7
