instance,it_bb,it_box,p_true_pb,runtime_bb,runtime_box,runtime_pb,zeta_box,θ_bb,θ_box,θ_pb
21,63196,45,1,3600.079,3600.102,9.215,9.866666666666667,1.1849357667184876e7,1.3078104637348255e7,2.0788654503854606e7
