instance,it_bb,it_box,p_true_pb,runtime_bb,runtime_box,runtime_pb,zeta_box,θ_bb,θ_box,θ_pb
14,26075,79,1,3600.118,3600.043,10.544,3.0,7.675971129433089e6,6.181408992788103e6,7.675971129433091e6
