instance,it_bb,it_box,p_true_pb,runtime_bb,runtime_box,runtime_pb,zeta_box,θ_bb,θ_box,θ_pb
12,21309,42,1,3600.135,3600.032,9.828,8.25,2.982144446543923e7,1.5092206920110153e7,2.982144446543923e7
