instance,it_bb,it_box,p_true_pb,runtime_bb,runtime_box,runtime_pb,zeta_box,θ_bb,θ_box,θ_pb
29,40950,69,1,985.973,35.516,10.731,1.0,1.3466242056517914e7,1.3466242056518182e7,1.4089349317035193e7
