instance,it_bb,it_box,p_true_pb,runtime_bb,runtime_box,runtime_pb,zeta_box,θ_bb,θ_box,θ_pb
43,184,28,1,4.074,7.799,9.193,1.0,1.0549601307779914e7,1.0549601307779917e7,1.0549601307779916e7
