instance,it_bb,it_box,p_true_pb,runtime_bb,runtime_box,runtime_pb,zeta_box,θ_bb,θ_box,θ_pb
37,29439,66,1,3600.081,3600.136,8.962,6.0,1.2974471850335596e7,1.0433532577052724e7,1.2974471850335602e7
