instance,it_bb,it_box,p_true_pb,runtime_bb,runtime_box,runtime_pb,zeta_box,θ_bb,θ_box,θ_pb
47,27798,74,1,3600.086,3600.051,10.329,11.230769230769232,3.408704589710038e7,2.307365920200655e7,3.408704589710038e7
