instance,it_bb,it_box,p_true_pb,runtime_bb,runtime_box,runtime_pb,zeta_box,θ_bb,θ_box,θ_pb
32,6192,54,1,114.675,24.003,12.088,0.5,1.5376966901769593e7,1.5376966901769597e7,1.5977487509242812e7
