instance,it_bb,it_box,p_true_pb,runtime_bb,runtime_box,runtime_pb,zeta_box,θ_bb,θ_box,θ_pb
1,24998,116,1,3600.084,3600.086,10.326,3.0,8.671142468633875e6,7.765325158134679e6,8.671142468633877e6
