instance,it_bb,it_box,p_true_pb,runtime_bb,runtime_box,runtime_pb,zeta_box,θ_bb,θ_box,θ_pb
46,30439,53,1,3600.146,3600.054,9.024,5.75,1.2759494269751523e7,9.765653156336058e6,1.3149984724835485e7
