instance,it_bb,it_box,p_true_pb,runtime_bb,runtime_box,runtime_pb,zeta_box,θ_bb,θ_box,θ_pb
16,22618,34,1,3600.112,3600.053,10.805,10.0,1.5886539949926326e7,9.641053867717966e6,1.5886539949926328e7
