instance,it_bb,it_box,p_true_pb,runtime_bb,runtime_box,runtime_pb,zeta_box,θ_bb,θ_box,θ_pb
13,27252,89,1,3600.152,3600.096,10.928,9.083333333333336,2.503087047397887e7,1.933128302545054e7,2.5030870473978877e7
