instance,it_bb,it_box,p_true_pb,runtime_bb,runtime_box,runtime_pb,zeta_box,θ_bb,θ_box,θ_pb
20,71380,98,1,3600.016,80.513,9.022,0.09999999999999905,2.3560699599887736e7,2.2280345614040244e7,2.4584966723867588e7
