instance,it_bb,it_box,p_true_pb,runtime_bb,runtime_box,runtime_pb,zeta_box,θ_bb,θ_box,θ_pb
38,33128,61,1,1078.15,42.642,10.07,0.2666677025456465,3.199160855548217e7,3.1991608555482175e7,3.567759017834161e7
