instance,it_bb,it_box,p_true_pb,runtime_bb,runtime_box,runtime_pb,zeta_box,θ_bb,θ_box,θ_pb
50,44844,96,1,3600.198,564.127,10.519,1.0,2.609413781501781e6,2.86999716552785e6,2.86999716552785e6
