instance,it_bb,it_box,p_true_pb,runtime_bb,runtime_box,runtime_pb,zeta_box,θ_bb,θ_box,θ_pb
26,24201,40,1,3600.12,3600.121,11.21,10.0,2.2001855314270437e7,1.4842183225430612e7,2.2001855314270437e7
