instance,it_bb,it_box,p_true_pb,runtime_bb,runtime_box,runtime_pb,zeta_box,θ_bb,θ_box,θ_pb
49,9,7,1,0.334,2.285,10.173,4.0,2.4146642088017184e7,2.4146642088017184e7,2.4146642088017188e7
