instance,it_bb,it_box,p_true_pb,runtime_bb,runtime_box,runtime_pb,zeta_box,θ_bb,θ_box,θ_pb
17,23208,38,1,3600.003,3600.905,10.683,7.0,1.4364725440774685e7,9.073183468135405e6,1.4490715939422533e7
