instance,it_bb,it_box,p_true_pb,runtime_bb,runtime_box,runtime_pb,zeta_box,θ_bb,θ_box,θ_pb
9,23420,31,1,3600.139,3600.048,10.072,14.533333333333331,2.976941651669083e7,1.3840311589900445e7,2.976941651669084e7
