instance,it_bb,it_box,p_true_pb,runtime_bb,runtime_box,runtime_pb,zeta_box,θ_bb,θ_box,θ_pb
6,46557,136,1,3600.199,1440.752,10.885,0.46666666666666856,8.244748131719328e6,8.24474800714946e6,8.244748131719329e6
