instance,it_bb,it_box,p_true_pb,runtime_bb,runtime_box,runtime_pb,zeta_box,θ_bb,θ_box,θ_pb
18,21784,33,1,3600.045,3600.036,10.795,12.0,1.6550617739058532e7,9.809168446429256e6,1.6550617739058534e7
