instance,it_bb,it_box,p_true_pb,runtime_bb,runtime_box,runtime_pb,zeta_box,θ_bb,θ_box,θ_pb
48,48012,119,1,3600.1,477.759,9.797,6.849526783980764e-6,7.804046922105566e6,7.669592711078472e6,7.804046922105567e6
