instance,it_bb,it_box,p_true_pb,runtime_bb,runtime_box,runtime_pb,zeta_box,θ_bb,θ_box,θ_pb
37,25981,59,1,3600.037,3600.098,8.899,8.599999999999996,1.2974471850335598e7,9.230184076657029e6,1.2974471850335602e7
