instance,it_bb,it_box,p_true_pb,runtime_bb,runtime_box,runtime_pb,zeta_box,θ_bb,θ_box,θ_pb
30,21693,37,1,3600.008,3600.128,10.277,13.071428571428541,3.0542938962678347e7,1.4119625785070721e7,3.0542938962678354e7
