instance,it_bb,it_box,p_true_pb,runtime_bb,runtime_box,runtime_pb,zeta_box,θ_bb,θ_box,θ_pb
39,40901,108,1,3600.075,231.381,9.802,0.18181818181817988,2.916314706358386e7,2.4610485621722605e7,2.9409229306655336e7
