instance,it_bb,it_box,p_true_pb,runtime_bb,runtime_box,runtime_pb,zeta_box,θ_bb,θ_box,θ_pb
38,22236,36,1,3600.128,3600.082,11.397,16.666666666666664,3.5677590178341605e7,1.8827665685950767e7,3.567759017834161e7
