instance,it_bb,it_box,p_true_pb,runtime_bb,runtime_box,runtime_pb,zeta_box,θ_bb,θ_box,θ_pb
27,35323,60,1,3600.055,3600.119,10.098,4.0,5.641039659327868e6,6.4030540675410675e6,8.578581941330781e6
