instance,it_bb,it_box,p_true_pb,runtime_bb,runtime_box,runtime_pb,zeta_box,θ_bb,θ_box,θ_pb
40,32003,84,1,3600.046,3600.044,10.485,7.071428571428572,3.786284834470044e7,2.861975400682456e7,3.7989469827869765e7
