instance,it_bb,it_box,p_true_pb,runtime_bb,runtime_box,runtime_pb,zeta_box,θ_bb,θ_box,θ_pb
5,7872,39,1,106.594,9.479,8.974,0.2307692307692264,1.1651399750630822e7,1.1651399750630822e7,1.202712874934464e7
