instance,it_bb,it_box,p_true_pb,runtime_bb,runtime_box,runtime_pb,zeta_box,θ_bb,θ_box,θ_pb
5,23992,50,1,3600.234,3600.032,9.507,9.928571428571429,1.2027128749344636e7,7.518221081921461e6,1.202712874934464e7
