instance,it_bb,it_box,p_true_pb,runtime_bb,runtime_box,runtime_pb,zeta_box,θ_bb,θ_box,θ_pb
2,28858,58,1,3600.001,3600.068,8.894,5.363636363636363,1.4791269529160066e7,1.134057916779703e7,1.479126952916007e7
