instance,it_bb,it_box,p_true_pb,runtime_bb,runtime_box,runtime_pb,zeta_box,θ_bb,θ_box,θ_pb
45,51742,147,1,3600.021,1317.35,8.895,0.33333333333333215,9.749900584181909e6,9.6249365893674e6,9.99982857381092e6
