instance,it_bb,it_box,p_true_pb,runtime_bb,runtime_box,runtime_pb,zeta_box,θ_bb,θ_box,θ_pb
27,39651,155,1,3600.089,3600.047,9.244,1.0,8.450632091608297e6,8.194699795892189e6,8.578581941330781e6
