instance,it_bb,it_box,p_true_pb,runtime_bb,runtime_box,runtime_pb,zeta_box,θ_bb,θ_box,θ_pb
39,11,10,1,0.333,1.964,8.734,0.6000000000000014,2.941111782038463e7,2.941111782038463e7,2.9409229306655336e7
