instance,it_bb,it_box,p_true_pb,runtime_bb,runtime_box,runtime_pb,zeta_box,θ_bb,θ_box,θ_pb
14,47221,163,1,3600.141,3600.062,8.961,0.9999999999999929,7.476702430119792e6,7.177779381149845e6,7.675971129433091e6
