instance,it_bb,it_box,p_true_pb,runtime_bb,runtime_box,runtime_pb,zeta_box,θ_bb,θ_box,θ_pb
25,3662,45,1,56.436,12.98,9.074,0.07692307692307665,1.4513341063696362e7,1.4513341063696366e7,1.5270185313937979e7
