instance,it_bb,it_box,p_true_pb,runtime_bb,runtime_box,runtime_pb,zeta_box,θ_bb,θ_box,θ_pb
3,17398,47,1,208.941,10.962,8.944,1.0,1.8877278467995718e7,1.887727846799572e7,2.004886969363716e7
