instance,it_bb,it_box,p_true_pb,runtime_bb,runtime_box,runtime_pb,zeta_box,θ_bb,θ_box,θ_pb
15,31709,66,1,3600.071,3600.02,10.312,4.727272727272727,1.396195469114791e7,1.0948868381008442e7,1.3961954691147912e7
