instance,it_bb,it_box,p_true_pb,runtime_bb,runtime_box,runtime_pb,zeta_box,θ_bb,θ_box,θ_pb
35,36176,112,1,3600.147,3600.081,10.08,3.4166666666666643,1.6757503591614675e7,1.4824197706849772e7,1.727305378315765e7
