instance,it_bb,it_box,p_true_pb,runtime_bb,runtime_box,runtime_pb,zeta_box,θ_bb,θ_box,θ_pb
21,52821,35,1,3600.084,3600.049,10.269,11.000000000000002,1.0399424822101664e7,1.0843544245852042e7,2.0788654503854606e7
