instance,it_bb,it_box,p_true_pb,runtime_bb,runtime_box,runtime_pb,zeta_box,θ_bb,θ_box,θ_pb
32,37829,73,1,3600.103,3600.035,12.412,6.0,1.5617175144758884e7,1.369567220167644e7,1.5977487509242812e7
