instance,it_bb,it_box,p_true_pb,runtime_bb,runtime_box,runtime_pb,zeta_box,θ_bb,θ_box,θ_pb
40,48389,130,1,3600.001,588.144,12.205,4.285632862366384e-6,3.697655333088677e7,3.4317543018352255e7,3.7989469827869765e7
