instance,it_bb,it_box,p_true_pb,runtime_bb,runtime_box,runtime_pb,zeta_box,θ_bb,θ_box,θ_pb
43,29446,74,1,3600.155,3600.064,9.946,6.000000000000001,1.0549601307779914e7,8.392386200354695e6,1.0549601307779916e7
