instance,it_bb,it_box,p_true_pb,runtime_bb,runtime_box,runtime_pb,zeta_box,θ_bb,θ_box,θ_pb
7,32018,66,1,3600.183,3600.045,10.091,6.666666666666667,3.1125647913578663e7,2.3696994643855847e7,3.1125647913578667e7
