instance,it_bb,it_box,p_true_pb,runtime_bb,runtime_box,runtime_pb,zeta_box,θ_bb,θ_box,θ_pb
31,507,49,1,4.142,30.319,9.223,1.0,2.535611279043439e6,2.5356112790434384e6,2.5356112790434393e6
