instance,it_bb,it_box,p_true_pb,runtime_bb,runtime_box,runtime_pb,zeta_box,θ_bb,θ_box,θ_pb
19,24837,40,1,3600.03,3600.072,9.686,7.692307692307693,2.503634236125347e7,1.3241989101212615e7,2.502270398225791e7
