instance,it_bb,it_box,p_true_pb,runtime_bb,runtime_box,runtime_pb,zeta_box,θ_bb,θ_box,θ_pb
6,22511,55,1,3600.07,3600.098,12.15,7.0,8.244748131719329e6,5.9271454202368725e6,8.244748131719329e6
