instance,it_bb,it_box,p_true_pb,runtime_bb,runtime_box,runtime_pb,zeta_box,θ_bb,θ_box,θ_pb
38,31596,103,1,3600.001,3600.044,10.225,5.0,3.5414317296818875e7,2.8042509106878925e7,3.567759017834161e7
