instance,it_bb,it_box,p_true_pb,runtime_bb,runtime_box,runtime_pb,zeta_box,θ_bb,θ_box,θ_pb
10,23889,36,1,3600.051,3600.033,10.027,9.615384615384613,2.8850271662396554e7,1.5228460957719548e7,2.8850271662396558e7
