instance,it_bb,it_box,p_true_pb,runtime_bb,runtime_box,runtime_pb,zeta_box,θ_bb,θ_box,θ_pb
41,22656,36,1,3600.153,3600.07,10.702,14.571428571428562,3.519735676031698e7,1.714977771120898e7,3.5947978873698905e7
