instance,it_bb,it_box,p_true_pb,runtime_bb,runtime_box,runtime_pb,zeta_box,θ_bb,θ_box,θ_pb
50,29323,124,1,3600.268,3600.208,9.95,2.0,2.8699971655275766e6,2.348885755118618e6,2.86999716552785e6
