instance,it_bb,it_box,p_true_pb,runtime_bb,runtime_box,runtime_pb,zeta_box,θ_bb,θ_box,θ_pb
19,29148,66,1,3600.214,3600.062,12.645,5.0,2.502270398225791e7,1.716885061751212e7,2.502270398225791e7
