instance,it_bb,it_box,p_true_pb,runtime_bb,runtime_box,runtime_pb,zeta_box,θ_bb,θ_box,θ_pb
45,30252,77,1,3600.201,3600.04,8.993,4.0,9.999828573810864e6,8.125507968588922e6,9.99982857381092e6
