instance,it_bb,it_box,p_true_pb,runtime_bb,runtime_box,runtime_pb,zeta_box,θ_bb,θ_box,θ_pb
18,37280,140,1,3600.035,3600.063,18.713,2.0,1.6550617739058532e7,1.5815190653293716e7,1.6550617739058534e7
