instance,it_bb,it_box,p_true_pb,runtime_bb,runtime_box,runtime_pb,zeta_box,θ_bb,θ_box,θ_pb
8,32338,141,1,3600.155,3600.051,9.429,2.0,4.336603311444104e6,3.8414861206629556e6,4.336603311444607e6
