instance,it_bb,it_box,p_true_pb,runtime_bb,runtime_box,runtime_pb,zeta_box,θ_bb,θ_box,θ_pb
29,33678,112,1,3600.106,3600.026,9.193,3.0,1.4089349317035193e7,1.2219916581092075e7,1.4089349317035193e7
