instance,it_bb,it_box,p_true_pb,runtime_bb,runtime_box,runtime_pb,zeta_box,θ_bb,θ_box,θ_pb
23,40110,98,1,3600.157,3600.024,9.302,2.357142857142854,9.162769138844434e6,8.229842024863928e6,9.417203806293665e6
