instance,it_bb,it_box,p_true_pb,runtime_bb,runtime_box,runtime_pb,zeta_box,θ_bb,θ_box,θ_pb
16,27529,37,1,3600.041,3600.24,10.068,7.692307692307693,1.5886539949926326e7,1.1270528060765434e7,1.5886539949926328e7
