instance,it_bb,it_box,p_true_pb,runtime_bb,runtime_box,runtime_pb,zeta_box,θ_bb,θ_box,θ_pb
15,9,7,1,0.288,2.039,8.659,1.0000000002000036,1.3961954691147912e7,1.3961954691147912e7,1.3961954691147912e7
