instance,it_bb,it_box,p_true_pb,runtime_bb,runtime_box,runtime_pb,zeta_box,θ_bb,θ_box,θ_pb
45,23401,39,1,3600.173,3600.1,12.598,5.0,9.999828573810916e6,6.376501877576396e6,9.99982857381092e6
