instance,it_bb,it_box,p_true_pb,runtime_bb,runtime_box,runtime_pb,zeta_box,θ_bb,θ_box,θ_pb
21,43631,83,1,3600.079,3600.072,9.092,4.857142857142851,1.6208483904193472e7,1.6430647139369797e7,2.0788654503854606e7
