instance,it_bb,it_box,p_true_pb,runtime_bb,runtime_box,runtime_pb,zeta_box,θ_bb,θ_box,θ_pb
8,65043,71,1,3600.002,137.059,10.532,0.6666666666666643,4.212809395017527e6,4.3366033114446085e6,4.336603311444607e6
