instance,it_bb,it_box,p_true_pb,runtime_bb,runtime_box,runtime_pb,zeta_box,θ_bb,θ_box,θ_pb
42,9,7,1,0.315,2.235,9.455,0.75,1.7080702566143982e7,1.7080702566143982e7,1.7080702566143986e7
