instance,it_bb,it_box,p_true_pb,runtime_bb,runtime_box,runtime_pb,zeta_box,θ_bb,θ_box,θ_pb
23,38202,89,1,3600.003,3600.049,9.694,3.6666666666666643,9.162769138844434e6,8.145125686386992e6,9.417203806293665e6
