instance,it_bb,it_box,p_true_pb,runtime_bb,runtime_box,runtime_pb,zeta_box,θ_bb,θ_box,θ_pb
24,25687,59,1,3600.068,3600.077,9.216,6.0,8.249054980134719e6,5.664839727574615e6,8.249054980134759e6
