instance,it_bb,it_box,p_true_pb,runtime_bb,runtime_box,runtime_pb,zeta_box,θ_bb,θ_box,θ_pb
22,48,15,1,0.61,3.295,8.896,1.0000000002000036,4.512214869549839e6,4.512214869549839e6,4.512214869549839e6
