instance,it_bb,it_box,p_true_pb,runtime_bb,runtime_box,runtime_pb,zeta_box,θ_bb,θ_box,θ_pb
32,37281,76,1,3600.224,3600.079,12.7,4.833333333333332,1.5617175144758884e7,1.3695771254706206e7,1.5977487509242812e7
