instance,it_bb,it_box,p_true_pb,runtime_bb,runtime_box,runtime_pb,zeta_box,θ_bb,θ_box,θ_pb
22,31213,141,1,3600.003,3600.059,9.606,1.0,4.512214869549838e6,4.136510750433595e6,4.512214869549839e6
