instance,it_bb,it_box,p_true_pb,runtime_bb,runtime_box,runtime_pb,zeta_box,θ_bb,θ_box,θ_pb
7,30292,66,1,3600.01,3600.031,9.698,6.666666666666667,3.1125647913578663e7,2.3696994763187133e7,3.1125647913578667e7
