instance,it_bb,it_box,p_true_pb,runtime_bb,runtime_box,runtime_pb,zeta_box,θ_bb,θ_box,θ_pb
12,38897,121,1,3600.02,265.551,11.438,0.2307692307692264,2.910887979371196e7,2.5271237755543515e7,2.982144446543923e7
