instance,it_bb,it_box,p_true_pb,runtime_bb,runtime_box,runtime_pb,zeta_box,θ_bb,θ_box,θ_pb
17,11262,47,1,233.523,27.182,10.06,1.0,1.3986768472266372e7,1.3986768357631152e7,1.4490715939422533e7
