instance,it_bb,it_box,p_true_pb,runtime_bb,runtime_box,runtime_pb,zeta_box,θ_bb,θ_box,θ_pb
28,36975,113,1,3600.126,3600.021,10.207,5.0,1.788036619401617e7,1.6635760977971738e7,1.7880366194016173e7
