instance,it_bb,it_box,p_true_pb,runtime_bb,runtime_box,runtime_pb,zeta_box,θ_bb,θ_box,θ_pb
2,23389,44,1,3600.171,3600.088,10.318,9.45454545454545,1.4791269529160066e7,9.739001696940308e6,1.479126952916007e7
