instance,it_bb,it_box,p_true_pb,runtime_bb,runtime_box,runtime_pb,zeta_box,θ_bb,θ_box,θ_pb
25,39413,99,1,3600.008,3600.027,15.236,2.0,1.4891763130111946e7,1.3377934819826938e7,1.5270185313937979e7
