instance,it_bb,it_box,p_true_pb,runtime_bb,runtime_box,runtime_pb,zeta_box,θ_bb,θ_box,θ_pb
10,32044,114,1,3600.139,3600.046,10.591,5.866666666666667,2.885027166239655e7,2.2325105900268223e7,2.8850271662396558e7
