instance,it_bb,it_box,p_true_pb,runtime_bb,runtime_box,runtime_pb,zeta_box,θ_bb,θ_box,θ_pb
32,23751,34,1,3600.109,3600.047,9.007,10.0,1.597748750924281e7,9.25229613590997e6,1.5977487509242812e7
