instance,it_bb,it_box,p_true_pb,runtime_bb,runtime_box,runtime_pb,zeta_box,θ_bb,θ_box,θ_pb
22,27954,96,1,3600.102,3600.112,9.538,3.0,4.512214869549839e6,3.760704390580983e6,4.512214869549839e6
