instance,it_bb,it_box,p_true_pb,runtime_bb,runtime_box,runtime_pb,zeta_box,θ_bb,θ_box,θ_pb
31,35384,178,1,3600.066,2824.3,9.869,1.0,2.5356112790431865e6,2.5356112790434393e6,2.5356112790434393e6
