instance,it_bb,it_box,p_true_pb,runtime_bb,runtime_box,runtime_pb,zeta_box,θ_bb,θ_box,θ_pb
49,31896,68,1,3600.076,3600.028,11.046,6.799999999999997,2.414664208801718e7,1.842186107976082e7,2.4146642088017188e7
