instance,it_bb,it_box,p_true_pb,runtime_bb,runtime_box,runtime_pb,zeta_box,θ_bb,θ_box,θ_pb
16,38498,136,1,3600.196,3600.027,9.483,1.76923076923077,1.5886539949926326e7,1.4800454707062222e7,1.5886539949926328e7
