instance,it_bb,it_box,p_true_pb,runtime_bb,runtime_box,runtime_pb,zeta_box,θ_bb,θ_box,θ_pb
4,39968,147,1,3600.013,3600.032,12.044,1.0,7.804823790194643e6,7.69644938595111e6,7.8048237901946455e6
