instance,it_bb,it_box,p_true_pb,runtime_bb,runtime_box,runtime_pb,zeta_box,θ_bb,θ_box,θ_pb
42,26658,39,1,3600.079,3600.036,9.279,8.933333333333337,1.7080702566143982e7,1.1910332198669659e7,1.7080702566143986e7
