instance,it_bb,it_box,p_true_pb,runtime_bb,runtime_box,runtime_pb,zeta_box,θ_bb,θ_box,θ_pb
30,45813,146,1,3600.077,304.629,8.91,0.6923076923076934,3.0080285744814254e7,2.753569297848751e7,3.0542938962678354e7
