instance,it_bb,it_box,p_true_pb,runtime_bb,runtime_box,runtime_pb,zeta_box,θ_bb,θ_box,θ_pb
29,7,7,1,0.299,2.263,10.011,1.0,1.4089349317035194e7,1.4089349317035194e7,1.4089349317035193e7
