instance,it_bb,it_box,p_true_pb,runtime_bb,runtime_box,runtime_pb,zeta_box,θ_bb,θ_box,θ_pb
10,30679,112,1,3600.095,3600.05,9.59,5.0,2.885027166239655e7,2.2210875095977336e7,2.8850271662396558e7
