instance,it_bb,it_box,p_true_pb,runtime_bb,runtime_box,runtime_pb,zeta_box,θ_bb,θ_box,θ_pb
46,45746,115,1,3600.171,3600.056,8.932,2.0,1.275949426975152e7,1.1587907501320465e7,1.3149984724835485e7
