instance,it_bb,it_box,p_true_pb,runtime_bb,runtime_box,runtime_pb,zeta_box,θ_bb,θ_box,θ_pb
32,27740,48,1,3600.131,3600.122,9.227,7.0,1.5977487509242808e7,1.1653745546655294e7,1.5977487509242812e7
