instance,it_bb,it_box,p_true_pb,runtime_bb,runtime_box,runtime_pb,zeta_box,θ_bb,θ_box,θ_pb
13,23640,45,1,3600.002,3600.143,11.447,9.0,2.5030870473978873e7,1.5490361495493136e7,2.5030870473978877e7
