instance,it_bb,it_box,p_true_pb,runtime_bb,runtime_box,runtime_pb,zeta_box,θ_bb,θ_box,θ_pb
34,30632,66,1,652.229,26.529,9.95,3.0,1.5012936838520823e7,1.5012936838520825e7,1.5925671739792824e7
