instance,it_bb,it_box,p_true_pb,runtime_bb,runtime_box,runtime_pb,zeta_box,θ_bb,θ_box,θ_pb
20,25485,43,1,3600.007,3600.061,10.087,10.583333333333263,2.4584966723867588e7,1.4598312144273225e7,2.4584966723867588e7
