instance,it_bb,it_box,p_true_pb,runtime_bb,runtime_box,runtime_pb,zeta_box,θ_bb,θ_box,θ_pb
26,33426,72,1,3600.121,3600.029,11.156,4.000000000000005,2.1486948490503833e7,1.8617266673608594e7,2.2001855314270437e7
