instance,it_bb,it_box,p_true_pb,runtime_bb,runtime_box,runtime_pb,zeta_box,θ_bb,θ_box,θ_pb
11,40090,144,1,3600.008,3600.121,11.987,1.0,5.443229337661784e6,5.443219094096579e6,5.561477286201822e6
