instance,it_bb,it_box,p_true_pb,runtime_bb,runtime_box,runtime_pb,zeta_box,θ_bb,θ_box,θ_pb
39,27140,66,1,3600.216,3600.075,11.903,8.888888888888886,2.9410805570310377e7,1.9196831080051467e7,2.9409229306655336e7
