instance,it_bb,it_box,p_true_pb,runtime_bb,runtime_box,runtime_pb,zeta_box,θ_bb,θ_box,θ_pb
27,55009,81,1,3600.006,3600.07,9.045,4.0,5.641039659327868e6,7.17071085348218e6,8.578581941330781e6
