instance,it_bb,it_box,p_true_pb,runtime_bb,runtime_box,runtime_pb,zeta_box,θ_bb,θ_box,θ_pb
6,25381,82,1,3600.291,3600.189,9.261,3.0,8.244748131719329e6,6.95715093717914e6,8.244748131719329e6
