instance,it_bb,it_box,p_true_pb,runtime_bb,runtime_box,runtime_pb,zeta_box,θ_bb,θ_box,θ_pb
47,28349,69,1,3600.002,3600.076,8.983,8.700000000000003,2.2609534720884122e7,2.771228419637044e7,3.408704589710038e7
