instance,it_bb,it_box,p_true_pb,runtime_bb,runtime_box,runtime_pb,zeta_box,θ_bb,θ_box,θ_pb
19,12,9,1,0.307,1.919,8.462,1.2857142857142847,2.502270398225791e7,2.502270398225791e7,2.502270398225791e7
