instance,it_bb,it_box,p_true_pb,runtime_bb,runtime_box,runtime_pb,zeta_box,θ_bb,θ_box,θ_pb
26,23931,35,1,3600.227,3600.075,10.679,13.666667878255753,2.2001855314270437e7,1.2889575288060345e7,2.2001855314270437e7
