instance,it_bb,it_box,p_true_pb,runtime_bb,runtime_box,runtime_pb,zeta_box,θ_bb,θ_box,θ_pb
34,28362,56,1,3600.063,3600.188,9.045,7.384615384615369,1.5925671739792818e7,1.0449460013786582e7,1.5925671739792824e7
