instance,it_bb,it_box,p_true_pb,runtime_bb,runtime_box,runtime_pb,zeta_box,θ_bb,θ_box,θ_pb
28,37704,119,1,3600.041,3600.125,9.196,2.0,1.788036619401617e7,1.663582400805805e7,1.7880366194016173e7
