instance,it_bb,it_box,p_true_pb,runtime_bb,runtime_box,runtime_pb,zeta_box,θ_bb,θ_box,θ_pb
30,28939,79,1,3600.045,3600.056,9.758,6.538461538461538,3.042727565821232e7,2.2330893708768047e7,3.0542938962678354e7
