instance,it_bb,it_box,p_true_pb,runtime_bb,runtime_box,runtime_pb,zeta_box,θ_bb,θ_box,θ_pb
12,30019,70,1,3600.207,3600.027,9.284,6.300000000729998,2.982144446543923e7,2.03616177876445e7,2.982144446543923e7
