instance,it_bb,it_box,p_true_pb,runtime_bb,runtime_box,runtime_pb,zeta_box,θ_bb,θ_box,θ_pb
41,27747,43,1,3600.162,3600.074,9.254,11.5,3.5185889342952535e7,2.0960426829257578e7,3.5947978873698905e7
