instance,it_bb,it_box,p_true_pb,runtime_bb,runtime_box,runtime_pb,zeta_box,θ_bb,θ_box,θ_pb
17,30027,59,1,3600.172,3600.06,8.904,6.0,1.4364725440774685e7,1.0836985033862641e7,1.4490715939422533e7
