instance,it_bb,it_box,p_true_pb,runtime_bb,runtime_box,runtime_pb,zeta_box,θ_bb,θ_box,θ_pb
27,36252,140,1,3600.109,3600.113,11.27,1.0714285714285694,8.450632091608297e6,8.194699878996312e6,8.578581941330781e6
