instance,it_bb,it_box,p_true_pb,runtime_bb,runtime_box,runtime_pb,zeta_box,θ_bb,θ_box,θ_pb
10,43872,70,1,1330.098,41.928,12.247,0.07142857142857072,2.518713354484554e7,2.5187133544845544e7,2.8850271662396558e7
