instance,it_bb,it_box,p_true_pb,runtime_bb,runtime_box,runtime_pb,zeta_box,θ_bb,θ_box,θ_pb
29,30483,91,1,3600.201,3600.074,10.715,5.5,1.4089349317035193e7,1.197077887906667e7,1.4089349317035193e7
