instance,it_bb,it_box,p_true_pb,runtime_bb,runtime_box,runtime_pb,zeta_box,θ_bb,θ_box,θ_pb
24,52267,101,1,3600.002,221.01,9.318,0.538461538461533,8.1259858938458e6,8.249054964436609e6,8.249054980134759e6
