instance,it_bb,it_box,p_true_pb,runtime_bb,runtime_box,runtime_pb,zeta_box,θ_bb,θ_box,θ_pb
49,25040,55,1,3600.253,3600.043,12.553,6.000000000000002,2.414664208801718e7,1.8172624575711124e7,2.4146642088017188e7
