instance,it_bb,it_box,p_true_pb,runtime_bb,runtime_box,runtime_pb,zeta_box,θ_bb,θ_box,θ_pb
34,35421,114,1,3600.003,3600.034,9.382,2.3076923076923066,1.542553683620241e7,1.3187530980420012e7,1.5925671739792824e7
