instance,it_bb,it_box,p_true_pb,runtime_bb,runtime_box,runtime_pb,zeta_box,θ_bb,θ_box,θ_pb
15,24851,34,1,3600.035,3600.062,9.508,9.583333333333336,1.396195469114791e7,7.1322346440558955e6,1.3961954691147912e7
