instance,it_bb,it_box,p_true_pb,runtime_bb,runtime_box,runtime_pb,zeta_box,θ_bb,θ_box,θ_pb
3,23323,39,1,3600.092,3600.051,9.955,9.461538461538462,2.0048869693637155e7,1.0936594309273824e7,2.004886969363716e7
