instance,it_bb,it_box,p_true_pb,runtime_bb,runtime_box,runtime_pb,zeta_box,θ_bb,θ_box,θ_pb
19,32957,71,1,3600.05,3600.024,9.049,7.0,2.502270398225791e7,1.7280864278886754e7,2.502270398225791e7
