instance,it_bb,it_box,p_true_pb,runtime_bb,runtime_box,runtime_pb,zeta_box,θ_bb,θ_box,θ_pb
17,32454,127,1,3600.128,3600.062,13.733,2.1999999999999993,1.4238749912689585e7,1.2978857710815204e7,1.4490715939422533e7
