instance,it_bb,it_box,p_true_pb,runtime_bb,runtime_box,runtime_pb,zeta_box,θ_bb,θ_box,θ_pb
47,25219,36,1,3600.157,3600.068,9.151,13.0,3.408704589710038e7,1.7276954173105136e7,3.408704589710038e7
