instance,it_bb,it_box,p_true_pb,runtime_bb,runtime_box,runtime_pb,zeta_box,θ_bb,θ_box,θ_pb
33,25982,67,1,3600.01,3600.065,10.401,3.0,5.947577398438483e6,4.213884917024932e6,5.947577398438484e6
