instance,it_bb,it_box,p_true_pb,runtime_bb,runtime_box,runtime_pb,zeta_box,θ_bb,θ_box,θ_pb
13,23404,37,1,3600.189,3600.073,10.623,12.142857142857142,2.503087047397887e7,1.2764373093817564e7,2.5030870473978877e7
