instance,it_bb,it_box,p_true_pb,runtime_bb,runtime_box,runtime_pb,zeta_box,θ_bb,θ_box,θ_pb
40,32401,84,1,3600.064,3600.045,8.855,7.071428571428572,3.786284834470044e7,2.861969756012514e7,3.7989469827869765e7
