instance,it_bb,it_box,p_true_pb,runtime_bb,runtime_box,runtime_pb,zeta_box,θ_bb,θ_box,θ_pb
14,2432,28,1,43.527,8.235,9.083,0.30769230769230305,7.377070054165552e6,7.377070054165553e6,7.675971129433091e6
