instance,it_bb,it_box,p_true_pb,runtime_bb,runtime_box,runtime_pb,zeta_box,θ_bb,θ_box,θ_pb
11,43536,150,1,3600.002,3600.083,10.124,1.0,5.443229337661784e6,5.324978219528826e6,5.561477286201822e6
