instance,it_bb,it_box,p_true_pb,runtime_bb,runtime_box,runtime_pb,zeta_box,θ_bb,θ_box,θ_pb
13,67386,135,1,3600.095,268.387,8.92,4.199191596399033e-6,2.4039627644230004e7,2.329627065605827e7,2.5030870473978877e7
