instance,it_bb,it_box,p_true_pb,runtime_bb,runtime_box,runtime_pb,zeta_box,θ_bb,θ_box,θ_pb
20,12,9,1,0.355,2.064,9.037,0.7000000000000028,2.4584966723867588e7,2.4584966723867588e7,2.4584966723867588e7
