instance,it_bb,it_box,p_true_pb,runtime_bb,runtime_box,runtime_pb,zeta_box,θ_bb,θ_box,θ_pb
43,25251,50,1,3600.027,3600.112,9.101,7.000000000000001,1.0549601307779914e7,7.433715109698136e6,1.0549601307779916e7
