instance,it_bb,it_box,p_true_pb,runtime_bb,runtime_box,runtime_pb,zeta_box,θ_bb,θ_box,θ_pb
35,26064,34,1,3600.207,3600.04,9.016,8.600000000000005,1.7273053783157647e7,9.79786183266813e6,1.727305378315765e7
