instance,it_bb,it_box,p_true_pb,runtime_bb,runtime_box,runtime_pb,zeta_box,θ_bb,θ_box,θ_pb
46,39288,107,1,3600.023,3600.193,9.451,1.6666666666666545,1.275949426975152e7,1.1457837166699348e7,1.3149984724835485e7
