instance,it_bb,it_box,p_true_pb,runtime_bb,runtime_box,runtime_pb,zeta_box,θ_bb,θ_box,θ_pb
14,25571,46,1,3600.107,3600.1,10.39,6.0,7.675971129433089e6,4.98582582026875e6,7.675971129433091e6
