instance,it_bb,it_box,p_true_pb,runtime_bb,runtime_box,runtime_pb,zeta_box,θ_bb,θ_box,θ_pb
38,10,7,1,0.316,2.063,8.862,2.999999999999943,3.567759017834161e7,3.567759017834161e7,3.567759017834161e7
