instance,it_bb,it_box,p_true_pb,runtime_bb,runtime_box,runtime_pb,zeta_box,θ_bb,θ_box,θ_pb
12,11,9,1,0.378,2.137,9.544,0.5555555555555571,2.982144446543923e7,2.982144446543923e7,2.982144446543923e7
