instance,it_bb,it_box,p_true_pb,runtime_bb,runtime_box,runtime_pb,zeta_box,θ_bb,θ_box,θ_pb
4,29522,99,1,3600.2,3600.061,10.118,3.0,7.804823790194644e6,6.721165243902718e6,7.8048237901946455e6
