instance,it_bb,it_box,p_true_pb,runtime_bb,runtime_box,runtime_pb,zeta_box,θ_bb,θ_box,θ_pb
44,41155,62,1,3600.075,55.908,10.754,1.0,3.156339397000934e6,3.156339397000715e6,3.1563393970010453e6
