instance,it_bb,it_box,p_true_pb,runtime_bb,runtime_box,runtime_pb,zeta_box,θ_bb,θ_box,θ_pb
19,49589,127,1,3600.042,3600.038,8.455,1.5,1.764154671946297e7,1.578485994620117e7,1.810571910123508e7
