instance,it_bb,it_box,p_true_pb,runtime_bb,runtime_box,runtime_pb,zeta_box,θ_bb,θ_box,θ_pb
17,24106,41,1,3600.035,3600.035,9.286,13.142857142857142,1.8395344065670405e7,1.0605872177585391e7,1.8395344065670405e7
