instance,it_bb,it_box,p_true_pb,runtime_bb,runtime_box,runtime_pb,zeta_box,θ_bb,θ_box,θ_pb
34,32961,52,1,3600.023,3600.022,9.568,8.153846153846157,2.1517993544841684e7,1.4122198048380507e7,2.1630041572535444e7
