instance,it_bb,it_box,p_true_pb,runtime_bb,runtime_box,runtime_pb,zeta_box,θ_bb,θ_box,θ_pb
26,18862,39,1,3600.108,3600.189,13.784,12.0,2.4729015353611823e7,1.2563741686312748e7,2.4729015353611823e7
