instance,it_bb,it_box,p_true_pb,runtime_bb,runtime_box,runtime_pb,zeta_box,θ_bb,θ_box,θ_pb
26,9,7,1,0.473,2.821,12.37,3.6666666666666643,2.4729015353611823e7,2.4729015353611823e7,2.4729015353611823e7
