instance,it_bb,it_box,p_true_pb,runtime_bb,runtime_box,runtime_pb,zeta_box,θ_bb,θ_box,θ_pb
12,37482,65,1,875.906,21.901,10.594,0.2142857142857153,2.5016747674154464e7,2.501674767415446e7,2.7974154201071758e7
