instance,it_bb,it_box,p_true_pb,runtime_bb,runtime_box,runtime_pb,zeta_box,θ_bb,θ_box,θ_pb
2,2474,36,1,23.977,7.795,9.804,0.3333333333333357,1.3888737695152847e7,1.388873769515285e7,1.4227432247810552e7
