instance,it_bb,it_box,p_true_pb,runtime_bb,runtime_box,runtime_pb,zeta_box,θ_bb,θ_box,θ_pb
19,25571,37,1,3600.236,3600.075,10.803,10.0,1.787365111086028e7,1.033115555026458e7,1.810571910123508e7
