instance,it_bb,it_box,p_true_pb,runtime_bb,runtime_box,runtime_pb,zeta_box,θ_bb,θ_box,θ_pb
41,34732,92,1,3600.008,3600.026,9.756,6.0,2.1637548578091796e7,1.8309531376040384e7,2.1893556390472595e7
