instance,it_bb,it_box,p_true_pb,runtime_bb,runtime_box,runtime_pb,zeta_box,θ_bb,θ_box,θ_pb
47,33196,78,1,3600.089,3600.044,9.014,4.846153846153822,1.8937603225121476e7,1.5330843974949805e7,1.893760322512148e7
