instance,it_bb,it_box,p_true_pb,runtime_bb,runtime_box,runtime_pb,zeta_box,θ_bb,θ_box,θ_pb
15,31501,62,1,3600.12,3600.132,8.988,7.714285714285715,2.926663275729001e7,1.995607545873079e7,2.9266632757290013e7
