instance,it_bb,it_box,p_true_pb,runtime_bb,runtime_box,runtime_pb,zeta_box,θ_bb,θ_box,θ_pb
45,29536,64,1,3600.182,3600.109,8.869,4.0,5.096363451178011e6,3.57917102833753e6,5.096363451178011e6
