instance,it_bb,it_box,p_true_pb,runtime_bb,runtime_box,runtime_pb,zeta_box,θ_bb,θ_box,θ_pb
18,39677,108,1,3600.032,3600.083,9.074,6.999999999999972,2.725695953059063e7,2.273759157450841e7,2.8187512054632135e7
