instance,it_bb,it_box,p_true_pb,runtime_bb,runtime_box,runtime_pb,zeta_box,θ_bb,θ_box,θ_pb
17,29659,46,1,3600.03,3600.047,17.228,10.0,1.8395344065670405e7,1.2985871479773607e7,1.8395344065670405e7
