instance,it_bb,it_box,p_true_pb,runtime_bb,runtime_box,runtime_pb,zeta_box,θ_bb,θ_box,θ_pb
40,38338,67,1,850.835,24.081,10.218,0.29999999999999716,1.3893838292562617e7,1.389383829256262e7,1.4502977028812416e7
