instance,it_bb,it_box,p_true_pb,runtime_bb,runtime_box,runtime_pb,zeta_box,θ_bb,θ_box,θ_pb
11,44831,121,1,3600.043,244.759,11.0,1.9841022158573196e-6,2.630318219904987e7,2.3056350730750006e7,2.738548559130811e7
