instance,it_bb,it_box,p_true_pb,runtime_bb,runtime_box,runtime_pb,zeta_box,θ_bb,θ_box,θ_pb
31,4216,48,1,74.497,16.211,12.696,0.13333333333334574,2.072517954284852e7,2.0725179542848527e7,2.2596774467404395e7
