instance,it_bb,it_box,p_true_pb,runtime_bb,runtime_box,runtime_pb,zeta_box,θ_bb,θ_box,θ_pb
47,34938,91,1,742.081,44.558,9.27,4.6664379856527684e-6,1.8035969185468964e7,1.803596918546887e7,1.893760322512148e7
