instance,it_bb,it_box,p_true_pb,runtime_bb,runtime_box,runtime_pb,zeta_box,θ_bb,θ_box,θ_pb
31,23877,53,1,3600.253,3600.121,11.548,7.733333333333332,2.2596774467404395e7,1.5377829101831708e7,2.2596774467404395e7
