instance,it_bb,it_box,p_true_pb,runtime_bb,runtime_box,runtime_pb,zeta_box,θ_bb,θ_box,θ_pb
32,48069,185,1,3600.188,3084.29,9.261,0.21428571428571613,7.830653573045662e6,7.720444680482494e6,8.051071358171998e6
