instance,it_bb,it_box,p_true_pb,runtime_bb,runtime_box,runtime_pb,zeta_box,θ_bb,θ_box,θ_pb
46,27238,34,1,3600.209,3600.057,8.815,7.999999999999986,1.5404580289430868e7,9.056885006722001e6,1.540458028943087e7
