instance,it_bb,it_box,p_true_pb,runtime_bb,runtime_box,runtime_pb,zeta_box,θ_bb,θ_box,θ_pb
40,35198,88,1,3600.189,3600.092,8.788,3.3076923076923084,1.4502977028812414e7,1.2066839952521699e7,1.4502977028812416e7
