instance,it_bb,it_box,p_true_pb,runtime_bb,runtime_box,runtime_pb,zeta_box,θ_bb,θ_box,θ_pb
28,33733,78,1,3600.154,3600.057,11.737,4.615384615384613,1.794772117089629e7,1.5546652695836175e7,1.8326783039098423e7
