instance,it_bb,it_box,p_true_pb,runtime_bb,runtime_box,runtime_pb,zeta_box,θ_bb,θ_box,θ_pb
37,718,27,1,6.123,5.998,10.046,1.0,9.695148604974702e6,9.695148604974704e6,9.695148604974706e6
