instance,it_bb,it_box,p_true_pb,runtime_bb,runtime_box,runtime_pb,zeta_box,θ_bb,θ_box,θ_pb
16,53266,160,1,3600.001,3600.051,9.429,1.0666666666666682,1.1786007287051782e7,1.1255267584840363e7,1.2210600031979885e7
