instance,it_bb,it_box,p_true_pb,runtime_bb,runtime_box,runtime_pb,zeta_box,θ_bb,θ_box,θ_pb
23,7,4,1,0.385,2.515,11.501,9.0,1.5304821958781965e7,1.5304821958781965e7,1.5304821958781965e7
