instance,it_bb,it_box,p_true_pb,runtime_bb,runtime_box,runtime_pb,zeta_box,θ_bb,θ_box,θ_pb
15,26298,41,1,3600.122,3600.098,9.706,9.400000471354753,1.0e20,1.5482299267166141e7,2.9266632757290013e7
