instance,it_bb,it_box,p_true_pb,runtime_bb,runtime_box,runtime_pb,zeta_box,θ_bb,θ_box,θ_pb
34,27689,35,1,3600.006,3600.028,9.995,12.692307692307695,2.1517993544841684e7,1.1657433811968807e7,2.1630041572535444e7
