instance,it_bb,it_box,p_true_pb,runtime_bb,runtime_box,runtime_pb,zeta_box,θ_bb,θ_box,θ_pb
8,37686,157,1,3600.169,3600.07,9.421,0.9999999999999997,1.230792601485883e7,1.1646435890665265e7,1.2440228840933306e7
