instance,it_bb,it_box,p_true_pb,runtime_bb,runtime_box,runtime_pb,zeta_box,θ_bb,θ_box,θ_pb
17,37320,137,1,3600.061,3600.044,9.047,1.999999999999993,1.8287154417367067e7,1.6556316010145783e7,1.8395344065670405e7
