instance,it_bb,it_box,p_true_pb,runtime_bb,runtime_box,runtime_pb,zeta_box,θ_bb,θ_box,θ_pb
37,24960,65,1,3600.065,3600.039,9.509,5.0,9.695148604974702e6,6.703411562893179e6,9.695148604974706e6
