instance,it_bb,it_box,p_true_pb,runtime_bb,runtime_box,runtime_pb,zeta_box,θ_bb,θ_box,θ_pb
2,44180,152,1,3600.142,3600.109,9.097,3.0,1.3888737695152847e7,1.3211402966108505e7,1.4227432247810552e7
