instance,it_bb,it_box,p_true_pb,runtime_bb,runtime_box,runtime_pb,zeta_box,θ_bb,θ_box,θ_pb
8,24276,51,1,3600.227,3600.07,10.197,8.0,1.2440228840933304e7,8.073616767483227e6,1.2440228840933306e7
