instance,it_bb,it_box,p_true_pb,runtime_bb,runtime_box,runtime_pb,zeta_box,θ_bb,θ_box,θ_pb
22,61089,170,1,3600.072,1378.67,9.985,0.9999999999999977,7.837070868733079e6,7.837069692576829e6,7.972141519279095e6
