instance,it_bb,it_box,p_true_pb,runtime_bb,runtime_box,runtime_pb,zeta_box,θ_bb,θ_box,θ_pb
16,54366,157,1,3600.004,3600.073,11.212,1.3333333335666708,1.1892150416740164e7,1.12552539164345e7,1.2210600031979885e7
