instance,it_bb,it_box,p_true_pb,runtime_bb,runtime_box,runtime_pb,zeta_box,θ_bb,θ_box,θ_pb
17,8,6,1,0.408,2.903,12.559,3.0,1.8395344065670405e7,1.8395344065670405e7,1.8395344065670405e7
