instance,it_bb,it_box,p_true_pb,runtime_bb,runtime_box,runtime_pb,zeta_box,θ_bb,θ_box,θ_pb
6,456,25,1,3.94,4.749,10.677,1.0,1.0451555190274665e7,1.0451555190274667e7,1.0451555190274669e7
