instance,it_bb,it_box,p_true_pb,runtime_bb,runtime_box,runtime_pb,zeta_box,θ_bb,θ_box,θ_pb
20,4,5,1,0.325,2.622,11.851,6.0,1.8186722944160674e7,1.8186722944160674e7,1.8186722944160677e7
