instance,it_bb,it_box,p_true_pb,runtime_bb,runtime_box,runtime_pb,zeta_box,θ_bb,θ_box,θ_pb
41,36462,92,1,3600.126,3600.028,8.875,6.0,2.1637548578091796e7,1.83095314780946e7,2.1893556390472595e7
