instance,it_bb,it_box,p_true_pb,runtime_bb,runtime_box,runtime_pb,zeta_box,θ_bb,θ_box,θ_pb
5,43880,146,1,3600.092,3600.034,8.825,3.9999999999999645,1.3960461991048934e7,1.2806835695121009e7,1.4191191269641837e7
