instance,it_bb,it_box,p_true_pb,runtime_bb,runtime_box,runtime_pb,zeta_box,θ_bb,θ_box,θ_pb
4,28757,46,1,3600.026,3600.079,11.17,8.000000000900002,2.0755480634950746e7,1.290978271014575e7,2.08587016796359e7
