instance,it_bb,it_box,p_true_pb,runtime_bb,runtime_box,runtime_pb,zeta_box,θ_bb,θ_box,θ_pb
30,242,27,1,2.326,5.077,10.308,0.6923076923076934,9.097042781049581e6,9.097042781049583e6,9.097042781049587e6
