instance,it_bb,it_box,p_true_pb,runtime_bb,runtime_box,runtime_pb,zeta_box,θ_bb,θ_box,θ_pb
47,25652,36,1,3600.052,3600.042,8.794,9.230769230769234,1.8937603225121476e7,9.663618751907928e6,1.893760322512148e7
