instance,it_bb,it_box,p_true_pb,runtime_bb,runtime_box,runtime_pb,zeta_box,θ_bb,θ_box,θ_pb
6,44151,235,1,3600.023,2728.094,8.813,1.0,1.0451555190274663e7,1.0330052706613123e7,1.0451555190274669e7
