instance,it_bb,it_box,p_true_pb,runtime_bb,runtime_box,runtime_pb,zeta_box,θ_bb,θ_box,θ_pb
13,25694,42,1,3600.001,3600.175,9.365,10.333333333333336,1.6893801224898413e7,1.051483783637807e7,1.8230847115207665e7
