instance,it_bb,it_box,p_true_pb,runtime_bb,runtime_box,runtime_pb,zeta_box,θ_bb,θ_box,θ_pb
50,2,1,1,0.278,2.428,11.096,30.0,3797.2545888069444,3797.2545888069444,3797.2545888069444
