instance,it_bb,it_box,p_true_pb,runtime_bb,runtime_box,runtime_pb,zeta_box,θ_bb,θ_box,θ_pb
18,24757,35,1,3600.289,3600.035,10.463,11.0,2.805457770816309e7,1.5692857818509223e7,2.8187512054632135e7
