instance,it_bb,it_box,p_true_pb,runtime_bb,runtime_box,runtime_pb,zeta_box,θ_bb,θ_box,θ_pb
1,47710,117,1,3600.014,444.452,9.885,1.0,9.120559158844193e6,9.006595552654311e6,9.234499040999707e6
