instance,it_bb,it_box,p_true_pb,runtime_bb,runtime_box,runtime_pb,zeta_box,θ_bb,θ_box,θ_pb
30,55967,177,1,3600.19,3600.017,7.7,0.6923076923076934,8.978981012129547e6,9.09731438156872e6,9.097042781049587e6
