instance,it_bb,it_box,p_true_pb,runtime_bb,runtime_box,runtime_pb,zeta_box,θ_bb,θ_box,θ_pb
5,26311,52,1,3600.054,3600.119,9.694,8.099999999999994,1.4191191269641835e7,8.769347137307597e6,1.4191191269641837e7
