instance,it_bb,it_box,p_true_pb,runtime_bb,runtime_box,runtime_pb,zeta_box,θ_bb,θ_box,θ_pb
27,32218,101,1,3600.127,3600.046,7.753,5.07692307692308,2.4148013118931483e7,1.885563308750029e7,2.4148013118931487e7
