instance,it_bb,it_box,p_true_pb,runtime_bb,runtime_box,runtime_pb,zeta_box,θ_bb,θ_box,θ_pb
39,34320,66,1,3600.138,3600.061,8.789,7.0,2.4602819466844752e7,1.8288616308284003e7,2.4602819466844752e7
