instance,it_bb,it_box,p_true_pb,runtime_bb,runtime_box,runtime_pb,zeta_box,θ_bb,θ_box,θ_pb
30,24985,48,1,3600.238,3600.095,10.845,5.0,9.097042781049581e6,5.909557382945053e6,9.097042781049587e6
