instance,it_bb,it_box,p_true_pb,runtime_bb,runtime_box,runtime_pb,zeta_box,θ_bb,θ_box,θ_pb
23,24263,39,1,3600.227,3600.157,10.577,8.0,1.5304821958781963e7,9.07018995077172e6,1.5304821958781965e7
