instance,it_bb,it_box,p_true_pb,runtime_bb,runtime_box,runtime_pb,zeta_box,θ_bb,θ_box,θ_pb
38,26114,46,1,3600.152,3600.04,9.216,9.133333333333306,2.603801534393025e7,1.5227285910762198e7,2.603801534393025e7
