instance,it_bb,it_box,p_true_pb,runtime_bb,runtime_box,runtime_pb,zeta_box,θ_bb,θ_box,θ_pb
14,11,9,1,0.388,2.449,10.87,3.0,2.8945220755180188e7,2.8945220755180188e7,2.8945220755180184e7
