instance,it_bb,it_box,p_true_pb,runtime_bb,runtime_box,runtime_pb,zeta_box,θ_bb,θ_box,θ_pb
12,5,4,1,0.348,2.819,12.374,1.0,2.7974154201071758e7,2.7974154201071758e7,2.7974154201071758e7
