instance,it_bb,it_box,p_true_pb,runtime_bb,runtime_box,runtime_pb,zeta_box,θ_bb,θ_box,θ_pb
39,22488,37,1,3600.002,3600.062,11.955,9.100000000000001,2.4602819466844752e7,1.4210608572380032e7,2.4602819466844752e7
