instance,it_bb,it_box,p_true_pb,runtime_bb,runtime_box,runtime_pb,zeta_box,θ_bb,θ_box,θ_pb
28,7,7,1,0.317,2.419,10.923,2.0,1.8326783039098427e7,1.8326783039098427e7,1.8326783039098423e7
