instance,it_bb,it_box,p_true_pb,runtime_bb,runtime_box,runtime_pb,zeta_box,θ_bb,θ_box,θ_pb
6,23667,43,1,3600.156,3600.167,11.316,7.642857142857142,1.0451555190274665e7,7.170749780070729e6,1.0451555190274669e7
