instance,it_bb,it_box,p_true_pb,runtime_bb,runtime_box,runtime_pb,zeta_box,θ_bb,θ_box,θ_pb
36,32544,80,1,3600.126,3600.042,9.05,8.0,3.583569456651813e7,2.6094650262881793e7,3.583569456651814e7
