instance,it_bb,it_box,p_true_pb,runtime_bb,runtime_box,runtime_pb,zeta_box,θ_bb,θ_box,θ_pb
29,33751,78,1,3600.085,3600.022,7.911,5.083333333333336,1.939475840400073e7,1.4619691770387722e7,1.9492209565335654e7
