instance,it_bb,it_box,p_true_pb,runtime_bb,runtime_box,runtime_pb,zeta_box,θ_bb,θ_box,θ_pb
12,39780,119,1,3600.003,3600.065,9.808,4.9999999999999964,2.74946955242444e7,2.2305721653521553e7,2.7974154201071758e7
