instance,it_bb,it_box,p_true_pb,runtime_bb,runtime_box,runtime_pb,zeta_box,θ_bb,θ_box,θ_pb
20,40260,109,1,3600.198,3600.023,9.51,5.0,1.807678931671122e7,1.6522853821628243e7,1.8186722944160677e7
