instance,it_bb,it_box,p_true_pb,runtime_bb,runtime_box,runtime_pb,zeta_box,θ_bb,θ_box,θ_pb
38,22996,34,1,3600.014,3600.054,10.383,13.571428571428571,2.6038015343930252e7,1.2800112136749066e7,2.603801534393025e7
