instance,it_bb,it_box,p_true_pb,runtime_bb,runtime_box,runtime_pb,zeta_box,θ_bb,θ_box,θ_pb
26,32476,102,1,3600.114,3600.042,9.38,6.0,2.4729015353611823e7,1.936576055273451e7,2.4729015353611823e7
