instance,it_bb,it_box,p_true_pb,runtime_bb,runtime_box,runtime_pb,zeta_box,θ_bb,θ_box,θ_pb
19,119173,44,1,3600.002,14.667,12.074,1.6666350017846554e-6,1.6829246428275097e7,1.682924642827497e7,1.810571910123508e7
