instance,it_bb,it_box,p_true_pb,runtime_bb,runtime_box,runtime_pb,zeta_box,θ_bb,θ_box,θ_pb
3,24817,56,1,3600.088,3600.11,11.204,10.384615384615387,1.9834949581853136e7,1.3115919815569934e7,1.9834949581853136e7
