instance,it_bb,it_box,p_true_pb,runtime_bb,runtime_box,runtime_pb,zeta_box,θ_bb,θ_box,θ_pb
28,21954,38,1,3600.19,3600.069,11.521,10.0,1.8209443542301737e7,1.137629744455181e7,1.8326783039098423e7
