instance,it_bb,it_box,p_true_pb,runtime_bb,runtime_box,runtime_pb,zeta_box,θ_bb,θ_box,θ_pb
10,29953,73,1,3600.099,3600.046,9.764,5.0,1.4477943243833343e7,1.1916361851383371e7,1.4477943243833344e7
