instance,it_bb,it_box,p_true_pb,runtime_bb,runtime_box,runtime_pb,zeta_box,θ_bb,θ_box,θ_pb
17,40141,137,1,3600.164,3600.037,8.426,1.999999999999993,1.8287154417367067e7,1.6664309692816995e7,1.8395344065670405e7
