instance,it_bb,it_box,p_true_pb,runtime_bb,runtime_box,runtime_pb,zeta_box,θ_bb,θ_box,θ_pb
45,69348,37,1,3600.001,45.424,19.963,1.0,5.096363451178011e6,5.0963634511780115e6,5.096363451178011e6
