instance,it_bb,it_box,p_true_pb,runtime_bb,runtime_box,runtime_pb,zeta_box,θ_bb,θ_box,θ_pb
23,30743,66,1,3600.024,3600.042,9.342,7.071428571428571,1.4851390596831778e7,1.1224169563638365e7,1.5304821958781965e7
