instance,it_bb,it_box,p_true_pb,runtime_bb,runtime_box,runtime_pb,zeta_box,θ_bb,θ_box,θ_pb
29,26094,44,1,3600.24,3600.065,9.97,8.571428571428571,1.9492209565335654e7,1.1891140500177553e7,1.9492209565335654e7
