instance,it_bb,it_box,p_true_pb,runtime_bb,runtime_box,runtime_pb,zeta_box,θ_bb,θ_box,θ_pb
26,17989,51,1,3600.047,3600.047,9.19,8.5,2.4729015353611823e7,1.5571950378241172e7,2.4729015353611823e7
