instance,it_bb,it_box,p_true_pb,runtime_bb,runtime_box,runtime_pb,zeta_box,θ_bb,θ_box,θ_pb
29,25491,37,1,3600.117,3600.067,9.503,10.153846153846157,1.9492209565335654e7,9.94209946699432e6,1.9492209565335654e7
