instance,it_bb,it_box,p_true_pb,runtime_bb,runtime_box,runtime_pb,zeta_box,θ_bb,θ_box,θ_pb
5,41872,139,1,3600.166,3600.024,19.487,1.27272727272727,1.3960461991048934e7,1.2806815598084435e7,1.4191191269641837e7
