instance,it_bb,it_box,p_true_pb,runtime_bb,runtime_box,runtime_pb,zeta_box,θ_bb,θ_box,θ_pb
41,22407,34,1,3600.169,3600.066,12.709,13.26666666666667,2.189355639047259e7,1.203726165379602e7,2.1893556390472595e7
