instance,it_bb,it_box,p_true_pb,runtime_bb,runtime_box,runtime_pb,zeta_box,θ_bb,θ_box,θ_pb
10,8,8,1,0.366,2.506,11.149,1.0000000002000036,1.4477943243833344e7,1.4477943243833344e7,1.4477943243833344e7
