instance,it_bb,it_box,p_true_pb,runtime_bb,runtime_box,runtime_pb,zeta_box,θ_bb,θ_box,θ_pb
49,26340,53,1,3600.058,3600.068,10.171,9.0,1.9117630565407995e7,1.2263589647462904e7,1.9117630565408e7
