instance,it_bb,it_box,p_true_pb,runtime_bb,runtime_box,runtime_pb,zeta_box,θ_bb,θ_box,θ_pb
3,23368,39,1,3600.001,3600.034,10.534,13.0,1.690885039794326e7,1.0514819898735756e7,1.9834949581853136e7
