instance,it_bb,it_box,p_true_pb,runtime_bb,runtime_box,runtime_pb,zeta_box,θ_bb,θ_box,θ_pb
12,25985,45,1,3600.128,3600.263,9.816,12.0,2.797415420107175e7,1.5775068077865068e7,2.7974154201071758e7
