instance,it_bb,it_box,p_true_pb,runtime_bb,runtime_box,runtime_pb,zeta_box,θ_bb,θ_box,θ_pb
46,30441,103,1,3600.143,3600.048,10.318,5.666666666666664,1.5404580289430868e7,1.332347150784792e7,1.540458028943087e7
