instance,it_bb,it_box,p_true_pb,runtime_bb,runtime_box,runtime_pb,zeta_box,θ_bb,θ_box,θ_pb
26,72514,98,1,2127.415,82.283,10.779,0.777777777777772,2.276676536953742e7,2.2766765248150527e7,2.4729015353611823e7
