instance,it_bb,it_box,p_true_pb,runtime_bb,runtime_box,runtime_pb,zeta_box,θ_bb,θ_box,θ_pb
2,32120,64,1,3600.153,3600.041,9.98,7.0,1.3888737695152847e7,1.1179286533838704e7,1.4227432247810552e7
