instance,it_bb,it_box,p_true_pb,runtime_bb,runtime_box,runtime_pb,zeta_box,θ_bb,θ_box,θ_pb
42,38068,102,1,3600.001,3600.074,10.074,4.0,1.9161802211330373e7,1.6239951457074767e7,1.937825543953453e7
