instance,it_bb,it_box,p_true_pb,runtime_bb,runtime_box,runtime_pb,zeta_box,θ_bb,θ_box,θ_pb
38,8,7,1,0.337,2.458,10.9,1.7777777777777837,2.603801534393025e7,2.603801534393025e7,2.603801534393025e7
