instance,it_bb,it_box,p_true_pb,runtime_bb,runtime_box,runtime_pb,zeta_box,θ_bb,θ_box,θ_pb
27,21954,31,1,3600.062,3600.082,10.603,14.099999999999994,2.4148013118931487e7,1.169006430203031e7,2.4148013118931487e7
