instance,it_bb,it_box,p_true_pb,runtime_bb,runtime_box,runtime_pb,zeta_box,θ_bb,θ_box,θ_pb
12,38787,116,1,3600.074,3600.046,9.005,6.733333333333331,2.74946955242444e7,2.2182561445101786e7,2.7974154201071758e7
