instance,it_bb,it_box,p_true_pb,runtime_bb,runtime_box,runtime_pb,zeta_box,θ_bb,θ_box,θ_pb
9,29262,87,1,3600.176,3600.025,9.605,8.923076923076923,3.823447160839998e7,2.6540378087590545e7,3.823447160839998e7
