instance,it_bb,it_box,p_true_pb,runtime_bb,runtime_box,runtime_pb,zeta_box,θ_bb,θ_box,θ_pb
13,173215,59,1,3600.001,19.478,10.248,1.1111111111111087,1.7118815192062777e7,1.7112672043858208e7,1.8230847115207665e7
