instance,it_bb,it_box,p_true_pb,runtime_bb,runtime_box,runtime_pb,zeta_box,θ_bb,θ_box,θ_pb
34,40789,83,1,3600.068,3600.051,9.119,3.846153846153843,2.106976146209883e7,1.7484202487669475e7,2.1630041572535444e7
