instance,it_bb,it_box,p_true_pb,runtime_bb,runtime_box,runtime_pb,zeta_box,θ_bb,θ_box,θ_pb
2,41939,151,1,3600.007,3600.081,10.003,1.2142857142857153,1.3888737695152847e7,1.3211398564476293e7,1.4227432247810552e7
