instance,it_bb,it_box,p_true_pb,runtime_bb,runtime_box,runtime_pb,zeta_box,θ_bb,θ_box,θ_pb
10,100131,69,1,3600.023,24.189,10.507,1.7999999999999972,1.3709451213946242e7,1.3709451104205217e7,1.4477943243833344e7
