instance,it_bb,it_box,p_true_pb,runtime_bb,runtime_box,runtime_pb,zeta_box,θ_bb,θ_box,θ_pb
24,22834,35,1,3600.053,3600.083,10.443,11.615384615384615,2.0260176902929064e7,1.1596710740095431e7,2.0260176902929064e7
