instance,it_bb,it_box,p_true_pb,runtime_bb,runtime_box,runtime_pb,zeta_box,θ_bb,θ_box,θ_pb
23,40018,148,1,3600.101,3600.042,11.468,1.5384615384615365,1.4851390596831778e7,1.3604643369704286e7,1.5304821958781965e7
