instance,it_bb,it_box,p_true_pb,runtime_bb,runtime_box,runtime_pb,zeta_box,θ_bb,θ_box,θ_pb
14,30353,70,1,3600.178,3600.109,9.839,5.428571428571431,2.8945220755180184e7,2.0731469298975214e7,2.8945220755180184e7
