instance,it_bb,it_box,p_true_pb,runtime_bb,runtime_box,runtime_pb,zeta_box,θ_bb,θ_box,θ_pb
35,36820,78,1,789.906,36.54,10.495,2.9999280221355414e-6,1.2178374566207161e7,1.2178374566207165e7,1.2997843404006224e7
