instance,it_bb,it_box,p_true_pb,runtime_bb,runtime_box,runtime_pb,zeta_box,θ_bb,θ_box,θ_pb
11,18850,36,1,3600.071,3600.037,11.395,10.399999999999977,1.0e20,1.277463967429769e7,2.738548559130811e7
