instance,it_bb,it_box,p_true_pb,runtime_bb,runtime_box,runtime_pb,zeta_box,θ_bb,θ_box,θ_pb
46,36865,106,1,3600.023,3600.088,9.036,3.3076923076923066,1.5404580289430868e7,1.3323472727752682e7,1.540458028943087e7
