instance,it_bb,it_box,p_true_pb,runtime_bb,runtime_box,runtime_pb,zeta_box,θ_bb,θ_box,θ_pb
49,26060,40,1,3600.111,3600.067,9.058,10.666666666666664,1.8828010124140464e7,1.0140851370499456e7,1.9117630565408e7
