instance,it_bb,it_box,p_true_pb,runtime_bb,runtime_box,runtime_pb,zeta_box,θ_bb,θ_box,θ_pb
9,11,10,1,0.461,2.954,12.36,4.384615384615387,3.823447160839998e7,3.823447160839998e7,3.823447160839998e7
