instance,it_bb,it_box,p_true_pb,runtime_bb,runtime_box,runtime_pb,zeta_box,θ_bb,θ_box,θ_pb
8,38664,155,1,3600.054,3600.078,9.233,1.0,1.230792601485883e7,1.1646429788391735e7,1.2440228840933306e7
