instance,it_bb,it_box,p_true_pb,runtime_bb,runtime_box,runtime_pb,zeta_box,θ_bb,θ_box,θ_pb
36,61732,92,1,3600.095,72.66,10.412,1.3333013434979613e-6,3.3516678455876406e7,3.119760514249752e7,3.583569456651814e7
