instance,it_bb,it_box,p_true_pb,runtime_bb,runtime_box,runtime_pb,zeta_box,θ_bb,θ_box,θ_pb
22,62306,170,1,3600.001,1279.711,8.402,0.9999999999999977,7.161717315678833e6,7.837069692576829e6,7.972141519279095e6
