instance,it_bb,it_box,p_true_pb,runtime_bb,runtime_box,runtime_pb,zeta_box,θ_bb,θ_box,θ_pb
39,30087,65,1,3600.001,3600.367,9.43,6.875,2.4602819466844752e7,1.828861355063007e7,2.4602819466844752e7
