instance,it_bb,it_box,p_true_pb,runtime_bb,runtime_box,runtime_pb,zeta_box,θ_bb,θ_box,θ_pb
35,7,5,1,0.475,3.701,15.448,1.7142857142857153,1.2997843404006224e7,1.2997843404006224e7,1.2997843404006224e7
