instance,it_bb,it_box,p_true_pb,runtime_bb,runtime_box,runtime_pb,zeta_box,θ_bb,θ_box,θ_pb
24,10,8,1,0.356,2.427,11.001,1.0,2.0260176902929068e7,2.0260176902929068e7,2.0260176902929064e7
