instance,it_bb,it_box,p_true_pb,runtime_bb,runtime_box,runtime_pb,zeta_box,θ_bb,θ_box,θ_pb
11,32529,67,1,3600.008,3600.024,9.97,7.727272728145458,2.738548559130811e7,1.8618990121931076e7,2.738548559130811e7
