instance,it_bb,it_box,p_true_pb,runtime_bb,runtime_box,runtime_pb,zeta_box,θ_bb,θ_box,θ_pb
25,20490,48,1,3600.172,3600.208,13.817,5.0,8.87532151716363e6,5.96491439441457e6,8.875321517163634e6
