instance,it_bb,it_box,p_true_pb,runtime_bb,runtime_box,runtime_pb,zeta_box,θ_bb,θ_box,θ_pb
14,59679,195,1,3600.074,622.359,10.095,0.3846152515229022,2.7049800509581175e7,2.6165026517361537e7,2.8945220755180184e7
