instance,it_bb,it_box,p_true_pb,runtime_bb,runtime_box,runtime_pb,zeta_box,θ_bb,θ_box,θ_pb
11,25337,44,1,3600.186,3600.133,9.285,9.384615384615389,2.7385485591308113e7,1.4506379696847463e7,2.738548559130811e7
