instance,it_bb,it_box,p_true_pb,runtime_bb,runtime_box,runtime_pb,zeta_box,θ_bb,θ_box,θ_pb
38,32762,68,1,3600.1,3600.046,9.067,7.444444444444443,2.603801534393025e7,1.875713830990864e7,2.603801534393025e7
