instance,it_bb,it_box,p_true_pb,runtime_bb,runtime_box,runtime_pb,zeta_box,θ_bb,θ_box,θ_pb
13,40488,121,1,3600.178,3600.044,9.117,4.083333333333329,1.778352620132145e7,1.5435253813065533e7,1.8230847115207665e7
