instance,it_bb,it_box,p_true_pb,runtime_bb,runtime_box,runtime_pb,zeta_box,θ_bb,θ_box,θ_pb
19,30514,63,1,3600.16,3600.116,9.883,8.0,1.787365111086028e7,1.300000790006932e7,1.810571910123508e7
