instance,it_bb,it_box,p_true_pb,runtime_bb,runtime_box,runtime_pb,zeta_box,θ_bb,θ_box,θ_pb
36,27997,82,1,3600.04,3600.056,10.267,6.4615384615384635,3.583569456651813e7,2.6094964491905004e7,3.583569456651814e7
