instance,it_bb,it_box,p_true_pb,runtime_bb,runtime_box,runtime_pb,zeta_box,θ_bb,θ_box,θ_pb
45,32010,139,1,3600.187,3600.148,9.432,2.0,5.096363451178011e6,4.662883585798784e6,5.096363451178011e6
