instance,it_bb,it_box,p_true_pb,runtime_bb,runtime_box,runtime_pb,zeta_box,θ_bb,θ_box,θ_pb
31,23804,36,1,3600.159,3600.025,19.067,10.307692307692307,2.2596774467404395e7,1.0832722466739183e7,2.2596774467404395e7
