instance,it_bb,it_box,p_true_pb,runtime_bb,runtime_box,runtime_pb,zeta_box,θ_bb,θ_box,θ_pb
32,25330,54,1,3600.23,3600.041,9.601,4.0,8.051071358171998e6,5.185853867427684e6,8.051071358171998e6
