instance,it_bb,it_box,p_true_pb,runtime_bb,runtime_box,runtime_pb,zeta_box,θ_bb,θ_box,θ_pb
33,90557,58,1,3600.001,23.951,10.192,0.45454545454546036,1.6118643070100958e7,1.5991714092605779e7,1.7895197389133327e7
