instance,it_bb,it_box,p_true_pb,runtime_bb,runtime_box,runtime_pb,zeta_box,θ_bb,θ_box,θ_pb
42,24703,35,1,3600.078,3600.165,10.528,12.07142857142857,1.9378255439534526e7,1.0721152706811558e7,1.937825543953453e7
