instance,it_bb,it_box,p_true_pb,runtime_bb,runtime_box,runtime_pb,zeta_box,θ_bb,θ_box,θ_pb
37,31506,78,1,3600.096,3600.044,9.735,5.0,9.695148604974702e6,7.900206798393623e6,9.695148604974706e6
