instance,it_bb,it_box,p_true_pb,runtime_bb,runtime_box,runtime_pb,zeta_box,θ_bb,θ_box,θ_pb
34,42071,86,1,3600.032,3600.025,9.455,6.0,2.106976146209883e7,1.7595972766885348e7,2.1630041572535444e7
