instance,it_bb,it_box,p_true_pb,runtime_bb,runtime_box,runtime_pb,zeta_box,θ_bb,θ_box,θ_pb
14,26019,43,1,3600.055,3600.042,9.349,9.769230769230768,2.8945220755180188e7,1.7193137268102895e7,2.8945220755180184e7
