instance,it_bb,it_box,p_true_pb,runtime_bb,runtime_box,runtime_pb,zeta_box,θ_bb,θ_box,θ_pb
40,27578,52,1,3600.098,3600.04,10.66,7.0,1.4502977028812416e7,9.386465031521333e6,1.4502977028812416e7
