instance,it_bb,it_box,p_true_pb,runtime_bb,runtime_box,runtime_pb,zeta_box,θ_bb,θ_box,θ_pb
6,28721,78,1,3600.013,3600.113,10.137,5.428571428571429,1.0451555190274665e7,8.628904681153757e6,1.0451555190274669e7
