instance,it_bb,it_box,p_true_pb,runtime_bb,runtime_box,runtime_pb,zeta_box,θ_bb,θ_box,θ_pb
47,23822,47,1,3600.003,3600.087,12.348,9.785714285714285,1.8937603225121476e7,1.2368110550689628e7,1.893760322512148e7
