instance,it_bb,it_box,p_true_pb,runtime_bb,runtime_box,runtime_pb,zeta_box,θ_bb,θ_box,θ_pb
12,28294,64,1,3600.091,3600.083,10.268,8.5,2.797415420107175e7,1.8858211581437334e7,2.7974154201071758e7
