instance,it_bb,it_box,p_true_pb,runtime_bb,runtime_box,runtime_pb,zeta_box,θ_bb,θ_box,θ_pb
28,40985,85,1,3600.038,3600.035,7.737,4.416666666666664,1.794772117089629e7,1.5672980794499218e7,1.8326783039098423e7
