instance,it_bb,it_box,p_true_pb,runtime_bb,runtime_box,runtime_pb,zeta_box,θ_bb,θ_box,θ_pb
35,34615,91,1,3600.1,3600.021,9.214,3.0,1.2763709135645181e7,1.0773557512545817e7,1.2997843404006224e7
