instance,it_bb,it_box,p_true_pb,runtime_bb,runtime_box,runtime_pb,zeta_box,θ_bb,θ_box,θ_pb
8,2320,34,1,20.458,6.357,9.646,1.0,1.230790726294997e7,1.230790726294997e7,1.2440228840933306e7
