instance,it_bb,it_box,p_true_pb,runtime_bb,runtime_box,runtime_pb,zeta_box,θ_bb,θ_box,θ_pb
4,38274,93,1,3600.009,3600.138,13.5,3.4666666666666615,2.0755480634950742e7,1.5800973690279193e7,2.08587016796359e7
