instance,it_bb,it_box,p_true_pb,runtime_bb,runtime_box,runtime_pb,zeta_box,θ_bb,θ_box,θ_pb
1,25043,73,1,3600.13,3600.035,10.098,5.0,9.234499040999705e6,7.183367645891145e6,9.234499040999707e6
