instance,it_bb,it_box,p_true_pb,runtime_bb,runtime_box,runtime_pb,zeta_box,θ_bb,θ_box,θ_pb
24,27945,35,1,3600.22,3600.085,13.79,10.133333333333335,2.0260176902929064e7,1.3508105297200087e7,2.0260176902929064e7
