instance,it_bb,it_box,p_true_pb,runtime_bb,runtime_box,runtime_pb,zeta_box,θ_bb,θ_box,θ_pb
25,33732,85,1,3600.045,3600.056,13.74,2.0,8.736737326681698e6,7.21229820845059e6,8.875321517163634e6
