instance,it_bb,it_box,p_true_pb,runtime_bb,runtime_box,runtime_pb,zeta_box,θ_bb,θ_box,θ_pb
3,34583,97,1,3600.002,3600.039,19.259,6.0000000000000036,1.9834949581853136e7,1.6258610429593641e7,1.9834949581853136e7
