instance,it_bb,it_box,p_true_pb,runtime_bb,runtime_box,runtime_pb,zeta_box,θ_bb,θ_box,θ_pb
36,22714,32,1,3600.124,3600.125,9.828,15.285714285714285,3.5835694566518135e7,1.6585543384694096e7,3.583569456651814e7
