instance,it_bb,it_box,p_true_pb,runtime_bb,runtime_box,runtime_pb,zeta_box,θ_bb,θ_box,θ_pb
48,29161,84,1,3600.227,3600.039,10.159,6.0,9.247789669235216e6,7.536268501042188e6,9.247789669235218e6
