instance,it_bb,it_box,p_true_pb,runtime_bb,runtime_box,runtime_pb,zeta_box,θ_bb,θ_box,θ_pb
35,28032,43,1,3600.113,3600.066,9.533,6.727272727272727,1.2880777491745366e7,8.315269920894011e6,1.2997843404006224e7
