instance,it_bb,it_box,p_true_pb,runtime_bb,runtime_box,runtime_pb,zeta_box,θ_bb,θ_box,θ_pb
32,2308,37,1,22.12,7.034,9.474,1.0,7.94086246560883e6,7.9408624656088315e6,8.051071358171998e6
