instance,it_bb,it_box,p_true_pb,runtime_bb,runtime_box,runtime_pb,zeta_box,θ_bb,θ_box,θ_pb
46,11764,49,1,141.204,10.246,9.933,2.0,1.4884267883274721e7,1.4884267883274723e7,1.540458028943087e7
