instance,it_bb,it_box,p_true_pb,runtime_bb,runtime_box,runtime_pb,zeta_box,θ_bb,θ_box,θ_pb
30,29600,100,1,3600.073,3600.031,11.031,4.0,9.097042781049581e6,7.68024021325058e6,9.097042781049587e6
