instance,it_bb,it_box,p_true_pb,runtime_bb,runtime_box,runtime_pb,zeta_box,θ_bb,θ_box,θ_pb
35,32457,88,1,3600.074,3600.037,9.666,3.8888888888888857,1.2763709135645181e7,1.0656513038618203e7,1.2997843404006224e7
