instance,it_bb,it_box,p_true_pb,runtime_bb,runtime_box,runtime_pb,zeta_box,θ_bb,θ_box,θ_pb
29,93400,81,1,3181.446,56.528,10.176,0.3999999999999986,1.7348257029016323e7,1.7348257029016327e7,1.9492209565335654e7
