instance,it_bb,it_box,p_true_pb,runtime_bb,runtime_box,runtime_pb,zeta_box,θ_bb,θ_box,θ_pb
24,35071,71,1,3600.113,3600.058,8.363,6.0,2.0260176902929064e7,1.6692965295820069e7,2.0260176902929064e7
