instance,it_bb,it_box,p_true_pb,runtime_bb,runtime_box,runtime_pb,zeta_box,θ_bb,θ_box,θ_pb
14,30835,72,1,3600.192,3600.046,9.201,6.642857142857145,2.8945220755180184e7,2.0857489777000275e7,2.8945220755180184e7
