instance,it_bb,it_box,p_true_pb,runtime_bb,runtime_box,runtime_pb,zeta_box,θ_bb,θ_box,θ_pb
8,28661,77,1,3600.203,3600.08,10.713,4.0,1.2440228840933304e7,9.926184944724575e6,1.2440228840933306e7
