instance,it_bb,it_box,p_true_pb,runtime_bb,runtime_box,runtime_pb,zeta_box,θ_bb,θ_box,θ_pb
10,28639,51,1,3600.053,3600.075,9.484,6.4615384615384635,1.4477943243833343e7,1.012322946426425e7,1.4477943243833344e7
