instance,it_bb,it_box,p_true_pb,runtime_bb,runtime_box,runtime_pb,zeta_box,θ_bb,θ_box,θ_pb
48,47510,124,1,3600.059,497.011,9.042,0.0714285714285694,9.247789669235216e6,9.01957918168504e6,9.247789669235218e6
