instance,it_bb,it_box,p_true_pb,runtime_bb,runtime_box,runtime_pb,zeta_box,θ_bb,θ_box,θ_pb
18,119875,52,1,3600.001,12.535,9.678,4.499779502680395e-6,2.5661726632233772e7,2.552906704819867e7,2.8187512054632135e7
