instance,it_bb,it_box,p_true_pb,runtime_bb,runtime_box,runtime_pb,zeta_box,θ_bb,θ_box,θ_pb
20,29174,47,1,3600.108,3600.053,9.381,8.642857142857142,1.8186722944160674e7,1.3789343170099545e7,1.8186722944160677e7
