instance,it_bb,it_box,p_true_pb,runtime_bb,runtime_box,runtime_pb,zeta_box,θ_bb,θ_box,θ_pb
30,57215,181,1,3600.194,1822.939,8.89,0.6153846153846128,8.978981012129547e6,8.860907226759259e6,9.097042781049587e6
