instance,it_bb,it_box,p_true_pb,runtime_bb,runtime_box,runtime_pb,zeta_box,θ_bb,θ_box,θ_pb
37,43980,204,1,3600.189,3600.182,9.043,1.0,9.695148604974702e6,9.455831112770166e6,9.695148604974706e6
