instance,it_bb,it_box,p_true_pb,runtime_bb,runtime_box,runtime_pb,zeta_box,θ_bb,θ_box,θ_pb
20,3236,49,1,37.271,12.294,9.819,0.2142847956905527,1.8067874300920628e7,1.8067874300920628e7,1.8186722944160677e7
