instance,it_bb,it_box,p_true_pb,runtime_bb,runtime_box,runtime_pb,zeta_box,θ_bb,θ_box,θ_pb
33,31320,81,1,3600.158,3600.075,9.359,4.0,1.7768297249846615e7,1.383458539886759e7,1.7895197389133327e7
