instance,it_bb,it_box,p_true_pb,runtime_bb,runtime_box,runtime_pb,zeta_box,θ_bb,θ_box,θ_pb
20,23847,35,1,3600.169,3600.057,10.212,10.266666666666667,1.8186722944160674e7,1.141277081523236e7,1.8186722944160677e7
