instance,it_bb,it_box,p_true_pb,runtime_bb,runtime_box,runtime_pb,zeta_box,θ_bb,θ_box,θ_pb
44,2,1,1,0.287,2.439,11.348,33.0,10569.368296311355,10569.368296311355,10569.368296311353
