instance,it_bb,it_box,p_true_pb,runtime_bb,runtime_box,runtime_pb,zeta_box,θ_bb,θ_box,θ_pb
18,29336,51,1,3600.224,3600.039,10.873,12.07142857142857,2.7788751553203106e7,1.848318634203008e7,2.8187512054632135e7
