instance,it_bb,it_box,p_true_pb,runtime_bb,runtime_box,runtime_pb,zeta_box,θ_bb,θ_box,θ_pb
38,53383,116,1,3600.112,145.425,9.114,4.3905602069571614e-6,2.5376119082628068e7,2.3390462542762663e7,2.603801534393025e7
