instance,it_bb,it_box,p_true_pb,runtime_bb,runtime_box,runtime_pb,zeta_box,θ_bb,θ_box,θ_pb
43,43165,167,1,3600.19,3600.118,9.776,1.0,3.5576151688918946e6,3.6801778919800473e6,3.8027453903671782e6
