instance,it_bb,it_box,p_true_pb,runtime_bb,runtime_box,runtime_pb,zeta_box,θ_bb,θ_box,θ_pb
7,39894,106,1,3600.052,3600.022,9.191,3.9999999999999893,9.860425760001818e6,8.719153578124618e6,1.0171679443430722e7
