instance,it_bb,it_box,p_true_pb,runtime_bb,runtime_box,runtime_pb,zeta_box,θ_bb,θ_box,θ_pb
9,36741,114,1,3600.062,213.362,10.786,0.07692374764480273,3.800959438571619e7,3.2275037183321357e7,3.823447160839998e7
