instance,it_bb,it_box,p_true_pb,runtime_bb,runtime_box,runtime_pb,zeta_box,θ_bb,θ_box,θ_pb
5,6,6,1,0.28,2.147,9.423,3.000000000400007,1.4191191269641835e7,1.4191191269641835e7,1.4191191269641837e7
