instance,it_bb,it_box,p_true_pb,runtime_bb,runtime_box,runtime_pb,zeta_box,θ_bb,θ_box,θ_pb
25,60551,146,1,3600.132,1547.466,9.258,1.0,8.598154330933504e6,8.59814260047475e6,8.875321517163634e6
