instance,it_bb,it_box,p_true_pb,runtime_bb,runtime_box,runtime_pb,zeta_box,θ_bb,θ_box,θ_pb
40,23703,42,1,3600.056,3600.062,10.202,7.636363636363637,1.4502977028812416e7,8.168578678294463e6,1.4502977028812416e7
