instance,it_bb,it_box,p_true_pb,runtime_bb,runtime_box,runtime_pb,zeta_box,θ_bb,θ_box,θ_pb
38,28960,67,1,3600.193,3600.06,9.621,7.06666666666667,2.603801534393025e7,1.875713704087602e7,2.603801534393025e7
