instance,it_bb,it_box,p_true_pb,runtime_bb,runtime_box,runtime_pb,zeta_box,θ_bb,θ_box,θ_pb
49,31867,104,1,3600.206,3600.081,9.949,5.785714285714285,1.911763056540799e7,1.5352585978686962e7,1.9117630565408e7
