instance,it_bb,it_box,p_true_pb,runtime_bb,runtime_box,runtime_pb,zeta_box,θ_bb,θ_box,θ_pb
5,26257,72,1,3600.133,3600.065,15.183,6.727272727272728,1.4191191269641835e7,1.0268949846933212e7,1.4191191269641837e7
