instance,it_bb,it_box,p_true_pb,runtime_bb,runtime_box,runtime_pb,zeta_box,θ_bb,θ_box,θ_pb
13,28891,63,1,3600.194,3600.042,9.694,6.846153846153847,1.8007186658264555e7,1.2528397272177216e7,1.8230847115207665e7
