instance,it_bb,it_box,p_true_pb,runtime_bb,runtime_box,runtime_pb,zeta_box,θ_bb,θ_box,θ_pb
10,32966,75,1,3600.09,3600.026,9.716,3.9230769230769234,1.4477943243833343e7,1.1916361851383375e7,1.4477943243833344e7
