instance,it_bb,it_box,p_true_pb,runtime_bb,runtime_box,runtime_pb,zeta_box,θ_bb,θ_box,θ_pb
31,40902,126,1,3600.143,3600.027,9.315,1.6666666666666643,2.1928355481424235e7,1.8987229912971154e7,2.2596774467404395e7
