instance,it_bb,it_box,p_true_pb,runtime_bb,runtime_box,runtime_pb,zeta_box,θ_bb,θ_box,θ_pb
15,21753,33,1,3600.091,3600.201,10.864,12.133333333333335,1.0e20,1.2580600741770012e7,2.9266632757290013e7
