instance,it_bb,it_box,p_true_pb,runtime_bb,runtime_box,runtime_pb,zeta_box,θ_bb,θ_box,θ_pb
16,2826,33,1,33.337,7.215,9.644,0.7333333333333343,1.1786015199507812e7,1.1786014186542695e7,1.2210600031979885e7
