instance,it_bb,it_box,p_true_pb,runtime_bb,runtime_box,runtime_pb,zeta_box,θ_bb,θ_box,θ_pb
33,23640,39,1,3600.008,3600.043,9.679,8.642857142857144,1.789519738913332e7,9.773884513602814e6,1.7895197389133327e7
