instance,it_bb,it_box,p_true_pb,runtime_bb,runtime_box,runtime_pb,zeta_box,θ_bb,θ_box,θ_pb
15,39999,89,1,3600.067,92.578,9.149,0.09090909090909349,2.90297217897041e7,2.4913657936866257e7,2.9266632757290013e7
