instance,it_bb,it_box,p_true_pb,runtime_bb,runtime_box,runtime_pb,zeta_box,θ_bb,θ_box,θ_pb
13,42165,124,1,3600.046,3600.046,9.252,3.133333333333333,1.778352620132145e7,1.5546921631890364e7,1.8230847115207665e7
