instance,it_bb,it_box,p_true_pb,runtime_bb,runtime_box,runtime_pb,zeta_box,θ_bb,θ_box,θ_pb
10,23871,40,1,3600.192,3600.089,10.581,10.0,1.4477943243833343e7,9.995203184059251e6,1.4477943243833344e7
