instance,it_bb,it_box,p_true_pb,runtime_bb,runtime_box,runtime_pb,zeta_box,θ_bb,θ_box,θ_pb
47,33302,78,1,3600.131,3600.042,9.815,4.846153846153822,1.8937603225121476e7,1.5330843974949805e7,1.893760322512148e7
