instance,it_bb,it_box,p_true_pb,runtime_bb,runtime_box,runtime_pb,zeta_box,θ_bb,θ_box,θ_pb
29,8,7,1,0.442,2.682,11.88,0.2727272727272734,1.9492209565335654e7,1.9492209565335654e7,1.9492209565335654e7
