instance,it_bb,it_box,p_true_pb,runtime_bb,runtime_box,runtime_pb,zeta_box,θ_bb,θ_box,θ_pb
16,31509,53,1,3600.144,3600.03,17.093,5.400000000000002,1.2210600031979688e7,9.344589193528958e6,1.2210600031979885e7
