instance,it_bb,it_box,p_true_pb,runtime_bb,runtime_box,runtime_pb,zeta_box,θ_bb,θ_box,θ_pb
35,23503,41,1,3600.177,3600.148,10.404,9.0,1.2997843404006222e7,7.144662753416093e6,1.2997843404006224e7
