instance,it_bb,it_box,p_true_pb,runtime_bb,runtime_box,runtime_pb,zeta_box,θ_bb,θ_box,θ_pb
40,32449,87,1,3600.062,3600.074,9.853,3.9999999999999964,1.4502977028812414e7,1.2066633830214595e7,1.4502977028812416e7
