instance,it_bb,it_box,p_true_pb,runtime_bb,runtime_box,runtime_pb,zeta_box,θ_bb,θ_box,θ_pb
7,39779,88,1,3600.034,3600.048,8.776,1.9999999999999793,9.860425760001818e6,8.615408121691206e6,1.0171679443430722e7
