instance,it_bb,it_box,p_true_pb,runtime_bb,runtime_box,runtime_pb,zeta_box,θ_bb,θ_box,θ_pb
17,19636,66,1,295.355,18.489,10.857,0.3076923076923066,1.8178988969464056e7,1.8178988969463926e7,1.8395344065670405e7
