instance,it_bb,it_box,p_true_pb,runtime_bb,runtime_box,runtime_pb,zeta_box,θ_bb,θ_box,θ_pb
36,24849,56,1,3600.113,3600.082,9.985,11.066666666666656,3.583569456651813e7,2.157273439561785e7,3.583569456651814e7
