instance,it_bb,it_box,p_true_pb,runtime_bb,runtime_box,runtime_pb,zeta_box,θ_bb,θ_box,θ_pb
22,31873,78,1,3600.162,3600.103,9.454,5.0,7.9721415192790935e6,6.486491572452611e6,7.972141519279095e6
