instance,it_bb,it_box,p_true_pb,runtime_bb,runtime_box,runtime_pb,zeta_box,θ_bb,θ_box,θ_pb
46,28839,45,1,3600.015,3600.077,9.911,9.333333333333334,1.5404580289430868e7,1.0721938598012295e7,1.540458028943087e7
