instance,it_bb,it_box,p_true_pb,runtime_bb,runtime_box,runtime_pb,zeta_box,θ_bb,θ_box,θ_pb
3,31857,89,1,3600.117,3600.062,9.935,7.0,1.9834949581853136e7,1.6041895253111634e7,1.9834949581853136e7
