instance,it_bb,it_box,p_true_pb,runtime_bb,runtime_box,runtime_pb,zeta_box,θ_bb,θ_box,θ_pb
49,34937,107,1,3600.005,3600.058,8.987,2.8333333333333144,1.911763056540799e7,1.5352585978686962e7,1.9117630565408e7
