instance,it_bb,it_box,p_true_pb,runtime_bb,runtime_box,runtime_pb,zeta_box,θ_bb,θ_box,θ_pb
27,24714,39,1,3600.173,3600.059,10.657,11.285714285714286,2.4148013118931487e7,1.4666414393936073e7,2.4148013118931487e7
