instance,it_bb,it_box,p_true_pb,runtime_bb,runtime_box,runtime_pb,zeta_box,θ_bb,θ_box,θ_pb
27,74981,100,1,3600.015,105.067,10.315,0.18181818181817988,2.238396932224556e7,2.1942837352261275e7,2.4148013118931487e7
