instance,it_bb,it_box,p_true_pb,runtime_bb,runtime_box,runtime_pb,zeta_box,θ_bb,θ_box,θ_pb
19,46120,128,1,3600.079,3600.025,9.564,2.7142857142857113,1.764154671946297e7,1.5784862700027844e7,1.810571910123508e7
