instance,it_bb,it_box,p_true_pb,runtime_bb,runtime_box,runtime_pb,zeta_box,θ_bb,θ_box,θ_pb
28,27376,44,1,3600.007,3600.045,9.76,7.000000000000003,1.8209443542301737e7,1.276715716377369e7,1.8326783039098423e7
