instance,it_bb,it_box,p_true_pb,runtime_bb,runtime_box,runtime_pb,zeta_box,θ_bb,θ_box,θ_pb
7,24990,33,1,3600.069,3600.106,10.143,7.0,1.0067928215621088e7,5.502821203168063e6,1.0171679443430722e7
