instance,it_bb,it_box,p_true_pb,runtime_bb,runtime_box,runtime_pb,zeta_box,θ_bb,θ_box,θ_pb
48,1014,11,1,7.759,2.441,8.841,2.0,9.247789669235216e6,9.247789669235216e6,9.247789669235218e6
