instance,it_bb,it_box,p_true_pb,runtime_bb,runtime_box,runtime_pb,zeta_box,θ_bb,θ_box,θ_pb
39,23766,29,1,3600.119,3600.063,9.788,11.416666666666671,2.4602819466844752e7,1.1843216556628548e7,2.4602819466844752e7
