instance,it_bb,it_box,p_true_pb,runtime_bb,runtime_box,runtime_pb,zeta_box,θ_bb,θ_box,θ_pb
4,25073,32,1,3600.153,3600.08,9.242,9.000000000000002,2.0858701679635897e7,1.0742734451453215e7,2.08587016796359e7
