instance,it_bb,it_box,p_true_pb,runtime_bb,runtime_box,runtime_pb,zeta_box,θ_bb,θ_box,θ_pb
22,4,6,1,0.472,3.757,15.871,1.0000000002000036,7.972141519279096e6,7.972141519279096e6,7.972141519279095e6
