instance,it_bb,it_box,p_true_pb,runtime_bb,runtime_box,runtime_pb,zeta_box,θ_bb,θ_box,θ_pb
27,26705,95,1,3600.064,3600.053,12.809,6.0000000000000036,2.4148013118931483e7,1.8745374260661744e7,2.4148013118931487e7
