instance,it_bb,it_box,p_true_pb,runtime_bb,runtime_box,runtime_pb,zeta_box,θ_bb,θ_box,θ_pb
49,90269,96,1,2503.479,46.836,9.114,0.45454545454544026,1.757299526190012e7,1.757299526190003e7,1.9117630565408e7
