instance,it_bb,it_box,p_true_pb,runtime_bb,runtime_box,runtime_pb,zeta_box,θ_bb,θ_box,θ_pb
33,23393,47,1,3600.066,3600.052,12.24,6.3076923076923075,1.789519738913332e7,1.1042863014425978e7,1.7895197389133327e7
