instance,it_bb,it_box,p_true_pb,runtime_bb,runtime_box,runtime_pb,zeta_box,θ_bb,θ_box,θ_pb
41,25284,48,1,495.839,14.366,10.317,1.42850145579132e-6,2.0485554752617087e7,2.04855464726071e7,2.1893556390472595e7
