instance,it_bb,it_box,p_true_pb,runtime_bb,runtime_box,runtime_pb,zeta_box,θ_bb,θ_box,θ_pb
43,29006,109,1,3600.016,3600.044,9.712,2.0,3.802745390367058e6,3.3124652059275922e6,3.8027453903671782e6
