instance,it_bb,it_box,p_true_pb,runtime_bb,runtime_box,runtime_pb,zeta_box,θ_bb,θ_box,θ_pb
48,28323,63,1,3600.111,3600.065,9.091,6.0,9.247789669235216e6,6.281473742533702e6,9.247789669235218e6
