instance,it_bb,it_box,p_true_pb,runtime_bb,runtime_box,runtime_pb,zeta_box,θ_bb,θ_box,θ_pb
9,18253,40,1,3600.198,3600.12,9.96,13.000000000000007,3.823447160839998e7,2.0130972831505526e7,3.823447160839998e7
