instance,it_bb,it_box,p_true_pb,runtime_bb,runtime_box,runtime_pb,zeta_box,θ_bb,θ_box,θ_pb
15,12,11,1,0.489,2.971,12.353,1.0,2.926663275729001e7,2.926663275729001e7,2.9266632757290013e7
