instance,it_bb,it_box,p_true_pb,runtime_bb,runtime_box,runtime_pb,zeta_box,θ_bb,θ_box,θ_pb
9,21961,33,1,3600.16,3600.038,10.487,12.0,3.823447160839998e7,1.6533037130169582e7,3.823447160839998e7
