instance,it_bb,it_box,p_true_pb,runtime_bb,runtime_box,runtime_pb,zeta_box,θ_bb,θ_box,θ_pb
22,26708,56,1,3600.175,3600.098,10.121,6.0,7.9721415192790935e6,5.405848097363852e6,7.972141519279095e6
