instance,it_bb,it_box,p_true_pb,runtime_bb,runtime_box,runtime_pb,zeta_box,θ_bb,θ_box,θ_pb
42,28292,50,1,3600.093,3600.116,9.321,10.461538461538462,1.9161819928122655e7,1.3101143950714491e7,1.937825543953453e7
