instance,it_bb,it_box,p_true_pb,runtime_bb,runtime_box,runtime_pb,zeta_box,θ_bb,θ_box,θ_pb
16,27971,47,1,3600.03,3600.17,9.476,6.0,1.2210600031979688e7,8.070950755683779e6,1.2210600031979885e7
