instance,it_bb,it_box,p_true_pb,runtime_bb,runtime_box,runtime_pb,zeta_box,θ_bb,θ_box,θ_pb
23,45050,154,1,3600.089,3600.033,8.439,2.0,1.4851390596831778e7,1.3717812111534907e7,1.5304821958781965e7
