instance,it_bb,it_box,p_true_pb,runtime_bb,runtime_box,runtime_pb,zeta_box,θ_bb,θ_box,θ_pb
43,6031,26,1,71.475,13.371,8.857,1.0,3.8027453903671773e6,3.802745390367178e6,3.8027453903671782e6
