instance,it_bb,it_box,p_true_pb,runtime_bb,runtime_box,runtime_pb,zeta_box,θ_bb,θ_box,θ_pb
33,33434,81,1,3600.17,3600.051,9.922,4.0,1.7768297249846615e7,1.3834585373280117e7,1.7895197389133327e7
