instance,it_bb,it_box,p_true_pb,runtime_bb,runtime_box,runtime_pb,zeta_box,θ_bb,θ_box,θ_pb
1,27987,85,1,3600.227,3600.127,10.276,5.0,9.234499040999705e6,7.867238658902103e6,9.234499040999707e6
