instance,it_bb,it_box,p_true_pb,runtime_bb,runtime_box,runtime_pb,zeta_box,θ_bb,θ_box,θ_pb
32,25715,85,1,3600.119,3600.051,11.524,5.692307692307693,8.051071358171998e6,6.728678815172351e6,8.051071358171998e6
