instance,it_bb,it_box,p_true_pb,runtime_bb,runtime_box,runtime_pb,zeta_box,θ_bb,θ_box,θ_pb
34,17492,60,1,360.768,26.926,10.428,0.6363636363636331,2.017328730362115e7,2.0173287303621154e7,2.1630041572535444e7
