instance,it_bb,it_box,p_true_pb,runtime_bb,runtime_box,runtime_pb,zeta_box,θ_bb,θ_box,θ_pb
3,45454,68,1,1109.635,30.789,10.98,0.18181818181817988,1.8426105255245224e7,1.842610521693176e7,1.9834949581853136e7
