instance,it_bb,it_box,p_true_pb,runtime_bb,runtime_box,runtime_pb,zeta_box,θ_bb,θ_box,θ_pb
14,22265,36,1,3600.123,3600.35,9.134,13.33333351734893,2.8945220755180188e7,1.3023153527934e7,2.8945220755180184e7
