instance,it_bb,it_box,p_true_pb,runtime_bb,runtime_box,runtime_pb,zeta_box,θ_bb,θ_box,θ_pb
42,10325,55,1,158.357,17.901,10.161,0.46153846153846345,1.8296100098123312e7,1.8296100098123316e7,1.937825543953453e7
