instance,it_bb,it_box,p_true_pb,runtime_bb,runtime_box,runtime_pb,zeta_box,θ_bb,θ_box,θ_pb
26,32427,100,1,3600.077,3600.045,7.728,4.272727272727259,2.4729015353611823e7,1.9365738413970973e7,2.4729015353611823e7
