instance,it_bb,it_box,p_true_pb,runtime_bb,runtime_box,runtime_pb,zeta_box,θ_bb,θ_box,θ_pb
25,63878,146,1,3600.105,3284.74,7.73,1.0,8.598154330933504e6,8.59814260047475e6,8.875321517163634e6
