instance,it_bb,it_box,p_true_pb,runtime_bb,runtime_box,runtime_pb,zeta_box,θ_bb,θ_box,θ_pb
22,764,25,1,8.148,5.118,10.927,1.0,7.9721415192790935e6,7.972141519279095e6,7.972141519279095e6
