instance,it_bb,it_box,p_true_pb,runtime_bb,runtime_box,runtime_pb,zeta_box,θ_bb,θ_box,θ_pb
18,42043,107,1,3600.024,3600.035,8.421,3.454545454990921,2.7124023455727562e7,2.2604791239099473e7,2.8187512054632135e7
