instance,it_bb,it_box,p_true_pb,runtime_bb,runtime_box,runtime_pb,zeta_box,θ_bb,θ_box,θ_pb
37,39597,196,1,3600.181,3600.06,11.317,1.0,9.695148604974702e6,9.455831874177396e6,9.695148604974706e6
