instance,it_bb,it_box,p_true_pb,runtime_bb,runtime_box,runtime_pb,zeta_box,θ_bb,θ_box,θ_pb
2,26382,39,1,3600.217,3600.075,11.502,8.400000000000002,1.3888737695152847e7,9.71151618202056e6,1.4227432247810552e7
