instance,it_bb,it_box,p_true_pb,runtime_bb,runtime_box,runtime_pb,zeta_box,θ_bb,θ_box,θ_pb
31,39937,127,1,3600.03,3600.247,11.548,1.7500000000000009,2.1928355481424235e7,1.8987229912971146e7,2.2596774467404395e7
