instance,it_bb,it_box,p_true_pb,runtime_bb,runtime_box,runtime_pb,zeta_box,θ_bb,θ_box,θ_pb
7,30915,51,1,3600.184,3600.101,10.218,5.333333333333336,1.0067928215621088e7,7.059138430837175e6,1.0171679443430722e7
