instance,it_bb,it_box,p_true_pb,runtime_bb,runtime_box,runtime_pb,θ_bb,θ_box,θ_pb
11,30688,94,1,3600.001,285.466,12.151,3.43069168442236e7,2.9579954126179375e7,3.43069168442236e7
16,28128,120,1,3600.135,253.643,18.498,2.6206769357007228e7,2.4568912220380228e7,2.6343257451726142e7
19,37564,92,1,3600.105,101.967,9.016,3.029489483328909e7,2.647563583151907e7,3.055830708104828e7
29,37306,116,1,3600.093,303.047,9.517,2.6901832753957987e7,2.415211930315423e7,2.7021386089335974e7
37,62778,92,1,3600.01,120.535,9.059,2.3192552394450378e7,2.229698766889588e7,2.4462804496373005e7
39,58119,84,1,3600.023,72.564,9.506,1.8903992662377473e7,1.8547891251114942e7,1.9721773698381275e7
42,45348,127,1,3600.102,165.046,9.852,2.1315451703922886e7,2.1195031605932564e7,2.143587180191321e7
