instance,it_bb,it_box,p_true_pb,runtime_bb,runtime_box,runtime_pb,zeta_box,θ_bb,θ_box,θ_pb
39,19644,36,1,3600.27,3600.054,12.712,11.153846153846153,1.4676156824379744e7,9.263602416538397e6,1.4676156824379748e7
