instance,it_bb,it_box,p_true_pb,runtime_bb,runtime_box,runtime_pb,zeta_box,θ_bb,θ_box,θ_pb
19,9,7,1,0.389,2.666,11.916,2.0,1.5855900361828897e7,1.5855900361828897e7,1.5855900361828899e7
