instance,it_bb,it_box,p_true_pb,runtime_bb,runtime_box,runtime_pb,zeta_box,θ_bb,θ_box,θ_pb
16,26991,60,1,3600.099,3600.115,9.556,5.0,1.5532271144630048e7,1.2249674611396033e7,1.5532271144630056e7
