instance,it_bb,it_box,p_true_pb,runtime_bb,runtime_box,runtime_pb,zeta_box,θ_bb,θ_box,θ_pb
9,33277,87,1,3600.116,3600.034,9.026,7.214285714285715,3.387306664340667e7,2.5867308478234895e7,3.3873066643406674e7
