instance,it_bb,it_box,p_true_pb,runtime_bb,runtime_box,runtime_pb,zeta_box,θ_bb,θ_box,θ_pb
28,32789,84,1,3600.057,3600.039,9.615,8.0,3.371786577890755e7,2.5386689951891307e7,3.436874953300326e7
