instance,it_bb,it_box,p_true_pb,runtime_bb,runtime_box,runtime_pb,zeta_box,θ_bb,θ_box,θ_pb
15,32729,126,1,3600.071,3600.055,10.252,2.4615384615384635,1.9148782666633945e7,1.7553282300939362e7,1.914878266663396e7
