instance,it_bb,it_box,p_true_pb,runtime_bb,runtime_box,runtime_pb,zeta_box,θ_bb,θ_box,θ_pb
1,24584,47,1,3600.256,3600.105,12.716,5.0,1.13114890112942e7,8.115760796602976e6,1.1434404111789016e7
