instance,it_bb,it_box,p_true_pb,runtime_bb,runtime_box,runtime_pb,zeta_box,θ_bb,θ_box,θ_pb
38,21886,37,1,3600.216,3600.108,15.769,8.846153846153847,1.7731834181498572e7,1.016816488434555e7,1.773183418149858e7
