instance,it_bb,it_box,p_true_pb,runtime_bb,runtime_box,runtime_pb,zeta_box,θ_bb,θ_box,θ_pb
22,45294,110,1,3600.002,374.921,9.559,1.0,1.0020448411034785e7,1.002044828994021e7,1.0020448411034796e7
