instance,it_bb,it_box,p_true_pb,runtime_bb,runtime_box,runtime_pb,zeta_box,θ_bb,θ_box,θ_pb
27,44718,112,1,3600.058,3600.043,8.954,2.0,1.2493378121798856e7,1.1712758932852382e7,1.262349345525345e7
