instance,it_bb,it_box,p_true_pb,runtime_bb,runtime_box,runtime_pb,zeta_box,θ_bb,θ_box,θ_pb
31,22976,32,1,3600.003,3600.09,10.717,9.923076923076927,1.9231665945738766e7,1.007465366993821e7,1.923166594573877e7
