instance,it_bb,it_box,p_true_pb,runtime_bb,runtime_box,runtime_pb,zeta_box,θ_bb,θ_box,θ_pb
24,27864,47,1,3600.074,3600.056,9.444,9.0,1.228617641978976e7,8.741738359929517e6,1.2286176419789763e7
