instance,it_bb,it_box,p_true_pb,runtime_bb,runtime_box,runtime_pb,zeta_box,θ_bb,θ_box,θ_pb
1,9626,42,1,155.02,13.317,12.293,0.7272718841222385,1.0942733348853257e7,1.0942733348853257e7,1.1434404111789016e7
