instance,it_bb,it_box,p_true_pb,runtime_bb,runtime_box,runtime_pb,zeta_box,θ_bb,θ_box,θ_pb
17,3544,34,1,40.697,7.029,8.899,0.5,1.3622746137714855e7,1.3622746137714855e7,1.373816710634708e7
