instance,it_bb,it_box,p_true_pb,runtime_bb,runtime_box,runtime_pb,zeta_box,θ_bb,θ_box,θ_pb
36,59346,87,1,3600.119,256.354,9.212,0.3999999999999986,6.891930063505901e6,6.771067026139082e6,7.012793100872721e6
