instance,it_bb,it_box,p_true_pb,runtime_bb,runtime_box,runtime_pb,zeta_box,θ_bb,θ_box,θ_pb
4,54548,102,1,3600.103,254.892,9.042,1.0,8.63425604610585e6,8.634256046105854e6,8.634256046105854e6
