instance,it_bb,it_box,p_true_pb,runtime_bb,runtime_box,runtime_pb,zeta_box,θ_bb,θ_box,θ_pb
27,46977,144,1,3600.135,3600.085,9.038,0.7692307692307665,1.2370279988299336e7,1.1842857845702834e7,1.262349345525345e7
