instance,it_bb,it_box,p_true_pb,runtime_bb,runtime_box,runtime_pb,zeta_box,θ_bb,θ_box,θ_pb
4,3,3,1,0.33,2.366,10.028,8.000000000900002,8.634256046105854e6,8.634256046105854e6,8.634256046105854e6
