instance,it_bb,it_box,p_true_pb,runtime_bb,runtime_box,runtime_pb,zeta_box,θ_bb,θ_box,θ_pb
20,25691,30,1,3600.143,3600.096,8.909,13.999999999999964,3.2951640290525876e7,1.5182065006939273e7,3.295164029052588e7
