instance,it_bb,it_box,p_true_pb,runtime_bb,runtime_box,runtime_pb,zeta_box,θ_bb,θ_box,θ_pb
21,28056,43,1,3600.059,3600.027,8.909,7.0,1.3441570719608296e7,8.066693241716316e6,1.3825535561748829e7
