instance,it_bb,it_box,p_true_pb,runtime_bb,runtime_box,runtime_pb,zeta_box,θ_bb,θ_box,θ_pb
38,31456,106,1,3600.102,3600.082,10.884,3.25,1.737729012386057e7,1.5131804596188892e7,1.773183418149858e7
