instance,it_bb,it_box,p_true_pb,runtime_bb,runtime_box,runtime_pb,zeta_box,θ_bb,θ_box,θ_pb
39,31458,121,1,3600.131,3600.059,9.313,5.625,1.4676156824379744e7,1.347333840936025e7,1.4676156824379748e7
