instance,it_bb,it_box,p_true_pb,runtime_bb,runtime_box,runtime_pb,zeta_box,θ_bb,θ_box,θ_pb
6,23246,54,1,3600.25,3600.083,11.151,8.928571428571429,1.7856080919311292e7,1.2619531203860167e7,1.7856080919311304e7
