instance,it_bb,it_box,p_true_pb,runtime_bb,runtime_box,runtime_pb,zeta_box,θ_bb,θ_box,θ_pb
18,29302,69,1,3600.146,3600.037,9.063,8.153846153846153,1.6030136838846022e7,1.1381170163773827e7,1.6152484703559719e7
