instance,it_bb,it_box,p_true_pb,runtime_bb,runtime_box,runtime_pb,zeta_box,θ_bb,θ_box,θ_pb
32,38250,172,1,3600.162,3437.724,9.289,0.0769230769230731,8.033897440924854e6,7.807628319181886e6,8.033897440924856e6
