instance,it_bb,it_box,p_true_pb,runtime_bb,runtime_box,runtime_pb,zeta_box,θ_bb,θ_box,θ_pb
21,45957,146,1,3600.162,3600.045,9.234,0.375,1.3063929654213198e7,1.2033756748429056e7,1.3825535561748829e7
