instance,it_bb,it_box,p_true_pb,runtime_bb,runtime_box,runtime_pb,zeta_box,θ_bb,θ_box,θ_pb
33,29400,71,1,3600.157,3600.027,9.122,6.8000000007800026,3.422672026424821e7,2.218057064907318e7,3.4226720264248215e7
