instance,it_bb,it_box,p_true_pb,runtime_bb,runtime_box,runtime_pb,zeta_box,θ_bb,θ_box,θ_pb
30,41930,141,1,3600.131,3600.067,12.773,1.0,6.082113507234123e6,5.84826180212936e6,6.31597288085582e6
