instance,it_bb,it_box,p_true_pb,runtime_bb,runtime_box,runtime_pb,zeta_box,θ_bb,θ_box,θ_pb
5,24821,45,1,3600.147,3600.052,10.094,6.0,8.569268816891177e6,6.049533479275368e6,8.569268816891178e6
