instance,it_bb,it_box,p_true_pb,runtime_bb,runtime_box,runtime_pb,zeta_box,θ_bb,θ_box,θ_pb
20,24002,41,1,3600.03,3600.078,9.057,11.153846155061544,3.2951640290525876e7,1.937726844193943e7,3.295164029052588e7
