instance,it_bb,it_box,p_true_pb,runtime_bb,runtime_box,runtime_pb,zeta_box,θ_bb,θ_box,θ_pb
27,526,33,1,6.87,7.961,9.883,0.5555555555555571,1.2493378121798854e7,1.2493378121798795e7,1.262349345525345e7
