instance,it_bb,it_box,p_true_pb,runtime_bb,runtime_box,runtime_pb,zeta_box,θ_bb,θ_box,θ_pb
13,29000,72,1,3600.188,3600.133,9.764,7.083333333333293,2.1656963411240865e7,1.6885470523368727e7,2.1901656826094832e7
