instance,it_bb,it_box,p_true_pb,runtime_bb,runtime_box,runtime_pb,zeta_box,θ_bb,θ_box,θ_pb
42,4792,43,1,69.547,12.167,12.298,0.2142857142857153,9.80776643272846e6,9.807766432728462e6,9.92590618048509e6
