instance,it_bb,it_box,p_true_pb,runtime_bb,runtime_box,runtime_pb,zeta_box,θ_bb,θ_box,θ_pb
17,27388,62,1,3600.052,3600.045,9.485,7.0,1.3738167106347077e7,1.039103069218092e7,1.373816710634708e7
