instance,it_bb,it_box,p_true_pb,runtime_bb,runtime_box,runtime_pb,zeta_box,θ_bb,θ_box,θ_pb
3,30961,93,1,3600.17,3600.058,9.111,4.454545454545453,2.3876093594592813e7,1.7730270985917564e7,2.3876093594592817e7
