instance,it_bb,it_box,p_true_pb,runtime_bb,runtime_box,runtime_pb,zeta_box,θ_bb,θ_box,θ_pb
8,33911,145,1,3600.047,3600.036,13.309,2.0,1.330226822695969e7,1.2903369743633421e7,1.3302268226959696e7
