instance,it_bb,it_box,p_true_pb,runtime_bb,runtime_box,runtime_pb,zeta_box,θ_bb,θ_box,θ_pb
46,47014,118,1,3600.148,1239.804,9.507,0.2142857142857153,7.969620180112455e6,7.855807248169209e6,8.083421238639107e6
