instance,it_bb,it_box,p_true_pb,runtime_bb,runtime_box,runtime_pb,zeta_box,θ_bb,θ_box,θ_pb
3,24416,52,1,3600.055,3600.076,10.259,10.272727272727273,2.3876093594592817e7,1.394813069213524e7,2.3876093594592817e7
