instance,it_bb,it_box,p_true_pb,runtime_bb,runtime_box,runtime_pb,zeta_box,θ_bb,θ_box,θ_pb
11,6,9,1,0.335,2.52,10.504,1.0000000002000036,2.0079533013388988e7,2.0079533013388988e7,2.0079533013388988e7
