instance,it_bb,it_box,p_true_pb,runtime_bb,runtime_box,runtime_pb,zeta_box,θ_bb,θ_box,θ_pb
1,36043,107,1,3600.188,3600.027,9.248,2.166666666666657,1.13114890112942e7,9.959426071815256e6,1.1434404111789016e7
