instance,it_bb,it_box,p_true_pb,runtime_bb,runtime_box,runtime_pb,zeta_box,θ_bb,θ_box,θ_pb
16,29462,38,1,3600.149,3600.032,8.896,9.0,1.5532271144630048e7,1.0482730224959075e7,1.5532271144630056e7
