instance,it_bb,it_box,p_true_pb,runtime_bb,runtime_box,runtime_pb,zeta_box,θ_bb,θ_box,θ_pb
44,25333,38,1,3600.12,3600.059,9.334,12.0,2.43127242655484e7,1.4993722926886203e7,2.43127242655484e7
