instance,it_bb,it_box,p_true_pb,runtime_bb,runtime_box,runtime_pb,zeta_box,θ_bb,θ_box,θ_pb
5,27837,62,1,3600.099,3600.084,9.55,4.0,8.569268816891177e6,6.805425823521509e6,8.569268816891178e6
