instance,it_bb,it_box,p_true_pb,runtime_bb,runtime_box,runtime_pb,zeta_box,θ_bb,θ_box,θ_pb
47,73236,76,1,3600.06,62.247,9.846,0.2857142857142847,2.8873624596152015e7,2.759046443467567e7,3.1824892967547614e7
