instance,it_bb,it_box,p_true_pb,runtime_bb,runtime_box,runtime_pb,zeta_box,θ_bb,θ_box,θ_pb
37,18884,46,1,277.755,11.059,10.279,1.0000000002000036,1.0861146549732037e7,1.0861145884169938e7,1.1078261574311487e7
