instance,it_bb,it_box,p_true_pb,runtime_bb,runtime_box,runtime_pb,zeta_box,θ_bb,θ_box,θ_pb
22,27779,59,1,3600.135,3600.035,8.958,8.0,1.002044841103468e7,7.548305607944438e6,1.0020448411034796e7
