instance,it_bb,it_box,p_true_pb,runtime_bb,runtime_box,runtime_pb,zeta_box,θ_bb,θ_box,θ_pb
24,35155,110,1,3600.001,3600.044,12.636,2.0,1.190642256480072e7,1.1779818097882235e7,1.2286176419789763e7
