instance,it_bb,it_box,p_true_pb,runtime_bb,runtime_box,runtime_pb,zeta_box,θ_bb,θ_box,θ_pb
49,6,5,1,0.408,2.998,13.016,6.0,1.7952567344940305e7,1.7952567344940305e7,1.7952567344940305e7
