instance,it_bb,it_box,p_true_pb,runtime_bb,runtime_box,runtime_pb,zeta_box,θ_bb,θ_box,θ_pb
41,34483,103,1,3600.112,3600.037,9.096,3.0,1.3423897139448099e7,1.2286487802401844e7,1.3537621605736677e7
