instance,it_bb,it_box,p_true_pb,runtime_bb,runtime_box,runtime_pb,zeta_box,θ_bb,θ_box,θ_pb
30,23880,51,1,3600.003,3600.086,10.839,5.0,6.199045111173976e6,4.211283150038104e6,6.31597288085582e6
