instance,it_bb,it_box,p_true_pb,runtime_bb,runtime_box,runtime_pb,zeta_box,θ_bb,θ_box,θ_pb
26,34942,83,1,3600.055,3600.052,8.933,3.999999999999997,2.5269513060566045e7,2.125883403084762e7,2.5536892940138165e7
