instance,it_bb,it_box,p_true_pb,runtime_bb,runtime_box,runtime_pb,zeta_box,θ_bb,θ_box,θ_pb
2,27006,91,1,3600.005,3600.154,9.775,4.0,5.440129222990321e6,4.451766204261226e6,5.440129222990322e6
