instance,it_bb,it_box,p_true_pb,runtime_bb,runtime_box,runtime_pb,zeta_box,θ_bb,θ_box,θ_pb
48,29424,74,1,550.339,24.228,9.287,1.896173927532827e-6,1.0079537354928106e7,1.0079537317377392e7,1.0397584161551204e7
