instance,it_bb,it_box,p_true_pb,runtime_bb,runtime_box,runtime_pb,zeta_box,θ_bb,θ_box,θ_pb
32,2004,24,1,20.436,5.756,9.207,1.0,8.033897440924854e6,8.033897440924855e6,8.033897440924856e6
