instance,it_bb,it_box,p_true_pb,runtime_bb,runtime_box,runtime_pb,zeta_box,θ_bb,θ_box,θ_pb
50,32921,49,1,3600.083,3600.025,9.232,10.100000000000001,2.8837184568642586e7,2.162885029221201e7,2.8837184568642594e7
