instance,it_bb,it_box,p_true_pb,runtime_bb,runtime_box,runtime_pb,zeta_box,θ_bb,θ_box,θ_pb
4,29097,97,1,3600.091,3600.049,11.183,2.999999999999993,8.63425604610585e6,7.63345636585011e6,8.634256046105854e6
