instance,it_bb,it_box,p_true_pb,runtime_bb,runtime_box,runtime_pb,zeta_box,θ_bb,θ_box,θ_pb
45,15094,45,1,232.856,10.635,9.967,0.1666666666666643,1.1738754682583014e7,1.1738754682583015e7,1.1993878182088649e7
