instance,it_bb,it_box,p_true_pb,runtime_bb,runtime_box,runtime_pb,zeta_box,θ_bb,θ_box,θ_pb
7,8,7,1,0.365,2.367,10.914,1.3333333333333357,1.9586507054860868e7,1.9586507054860868e7,1.9586507054860864e7
