instance,it_bb,it_box,p_true_pb,runtime_bb,runtime_box,runtime_pb,zeta_box,θ_bb,θ_box,θ_pb
3,20307,42,1,3600.052,3600.157,11.374,9.249999999999998,2.387609359459282e7,1.146643978566418e7,2.3876093594592817e7
