instance,it_bb,it_box,p_true_pb,runtime_bb,runtime_box,runtime_pb,zeta_box,θ_bb,θ_box,θ_pb
11,60670,70,1,1972.676,41.238,12.825,0.5714285714285694,1.8616909109469682e7,1.8616909109469682e7,2.0079533013388988e7
