instance,it_bb,it_box,p_true_pb,runtime_bb,runtime_box,runtime_pb,zeta_box,θ_bb,θ_box,θ_pb
6,21330,40,1,3600.048,3600.353,10.418,8.0,1.7856080919311292e7,1.0834374348632175e7,1.7856080919311304e7
