instance,it_bb,it_box,p_true_pb,runtime_bb,runtime_box,runtime_pb,zeta_box,θ_bb,θ_box,θ_pb
11,25594,44,1,3600.14,3600.164,9.598,8.899999999999999,2.0079533013388984e7,1.2899572920260284e7,2.0079533013388988e7
