instance,it_bb,it_box,p_true_pb,runtime_bb,runtime_box,runtime_pb,zeta_box,θ_bb,θ_box,θ_pb
47,26271,33,1,3600.124,3600.029,9.265,13.384615384615376,3.1824892967547607e7,1.694117523957705e7,3.1824892967547614e7
