instance,it_bb,it_box,p_true_pb,runtime_bb,runtime_box,runtime_pb,zeta_box,θ_bb,θ_box,θ_pb
38,127780,51,1,3600.003,19.13,11.771,1.1665512023029123e-6,1.6668184405086197e7,1.666811946410476e7,1.773183418149858e7
