instance,it_bb,it_box,p_true_pb,runtime_bb,runtime_box,runtime_pb,zeta_box,θ_bb,θ_box,θ_pb
48,8,5,1,0.372,2.762,11.957,4.0,1.0397584161551204e7,1.0397584161551204e7,1.0397584161551204e7
