instance,it_bb,it_box,p_true_pb,runtime_bb,runtime_box,runtime_pb,zeta_box,θ_bb,θ_box,θ_pb
46,28048,76,1,3600.117,3600.062,9.441,2.0,8.083421238639105e6,6.490070917157599e6,8.083421238639107e6
