instance,it_bb,it_box,p_true_pb,runtime_bb,runtime_box,runtime_pb,zeta_box,θ_bb,θ_box,θ_pb
29,2,1,1,0.286,2.377,10.087,21.0,1498.9735838292215,1498.9735837751068,1498.9735838292215
