instance,it_bb,it_box,p_true_pb,runtime_bb,runtime_box,runtime_pb,zeta_box,θ_bb,θ_box,θ_pb
6,18608,71,1,483.166,38.652,12.799,0.3076923076923066,1.714198008609515e7,1.7141980086095154e7,1.7856080919311304e7
