instance,it_bb,it_box,p_true_pb,runtime_bb,runtime_box,runtime_pb,zeta_box,θ_bb,θ_box,θ_pb
35,28736,105,1,3600.102,3600.105,9.618,1.0,1.8938008450992294e6,1.7587421088180712e6,1.893800845099473e6
