instance,it_bb,it_box,p_true_pb,runtime_bb,runtime_box,runtime_pb,zeta_box,θ_bb,θ_box,θ_pb
45,27464,58,1,3600.074,3600.122,9.014,7.923076923076923,1.1993878182088645e7,7.658725726995039e6,1.1993878182088649e7
