instance,it_bb,it_box,p_true_pb,runtime_bb,runtime_box,runtime_pb,zeta_box,θ_bb,θ_box,θ_pb
10,47677,147,1,3600.144,3600.06,9.38,0.40000000000000213,1.6357370976217369e7,1.5108930274839822e7,1.6731901007786045e7
