instance,it_bb,it_box,p_true_pb,runtime_bb,runtime_box,runtime_pb,zeta_box,θ_bb,θ_box,θ_pb
13,24692,31,1,3600.128,3600.024,10.266,10.571428571428571,2.1901656826094832e7,1.0768439894304235e7,2.1901656826094832e7
