instance,it_bb,it_box,p_true_pb,runtime_bb,runtime_box,runtime_pb,zeta_box,θ_bb,θ_box,θ_pb
5,626,22,1,6.236,4.47,9.614,0.9230767901000307,8.569268816891178e6,8.569268816891178e6,8.569268816891178e6
