instance,it_bb,it_box,p_true_pb,runtime_bb,runtime_box,runtime_pb,zeta_box,θ_bb,θ_box,θ_pb
43,12,12,1,0.503,3.69,13.101,0.6153846153846143,5.995054597471909e7,5.995054597471909e7,5.99505459747191e7
