instance,it_bb,it_box,p_true_pb,runtime_bb,runtime_box,runtime_pb,zeta_box,θ_bb,θ_box,θ_pb
1,23037,37,1,3600.063,3600.104,10.063,6.0,1.1434404111789012e7,7.132370890311656e6,1.1434404111789016e7
