instance,it_bb,it_box,p_true_pb,runtime_bb,runtime_box,runtime_pb,zeta_box,θ_bb,θ_box,θ_pb
14,31314,188,1,3600.231,3600.065,9.031,1.0,3.7638676445519705e6,3.6463594046399137e6,3.7638676445519715e6
