instance,it_bb,it_box,p_true_pb,runtime_bb,runtime_box,runtime_pb,zeta_box,θ_bb,θ_box,θ_pb
9,83322,102,1,3600.066,102.417,9.471,0.4285714285714306,3.1163423519969538e7,3.0793981216677852e7,3.3873066643406674e7
