instance,it_bb,it_box,p_true_pb,runtime_bb,runtime_box,runtime_pb,zeta_box,θ_bb,θ_box,θ_pb
31,24693,42,1,3600.217,3600.053,11.748,7.0,1.9231665945738766e7,1.2560207420459647e7,1.923166594573877e7
