instance,it_bb,it_box,p_true_pb,runtime_bb,runtime_box,runtime_pb,zeta_box,θ_bb,θ_box,θ_pb
19,27643,48,1,3600.187,3600.069,9.101,7.833333333333334,1.5727016865149474e7,1.0571553219970576e7,1.5855900361828899e7
