instance,it_bb,it_box,p_true_pb,runtime_bb,runtime_box,runtime_pb,zeta_box,θ_bb,θ_box,θ_pb
11,30656,63,1,3600.195,3600.097,10.816,5.0,2.0079533013388984e7,1.555886613989424e7,2.0079533013388988e7
