instance,it_bb,it_box,p_true_pb,runtime_bb,runtime_box,runtime_pb,zeta_box,θ_bb,θ_box,θ_pb
49,22795,33,1,3600.076,3600.037,12.808,11.0,1.79525673449403e7,1.0772610499573624e7,1.7952567344940305e7
