instance,it_bb,it_box,p_true_pb,runtime_bb,runtime_box,runtime_pb,zeta_box,θ_bb,θ_box,θ_pb
22,39765,110,1,3600.131,452.767,10.75,1.0,1.0020448411034785e7,1.002044828994021e7,1.0020448411034796e7
