instance,it_bb,it_box,p_true_pb,runtime_bb,runtime_box,runtime_pb,zeta_box,θ_bb,θ_box,θ_pb
31,30268,69,1,3600.001,3600.05,9.403,4.999999999999975,1.6625235869111657e7,1.530720079169959e7,1.923166594573877e7
