instance,it_bb,it_box,p_true_pb,runtime_bb,runtime_box,runtime_pb,zeta_box,θ_bb,θ_box,θ_pb
39,40338,61,1,696.443,18.12,9.245,0.8461538461538467,1.4676156824379744e7,1.4676156824379748e7,1.4676156824379748e7
