instance,it_bb,it_box,p_true_pb,runtime_bb,runtime_box,runtime_pb,zeta_box,θ_bb,θ_box,θ_pb
12,25278,42,1,3600.199,3600.085,9.537,9.0,1.7233388478922248e7,1.1403502156332564e7,1.723338847892225e7
