instance,it_bb,it_box,p_true_pb,runtime_bb,runtime_box,runtime_pb,zeta_box,θ_bb,θ_box,θ_pb
4,24871,62,1,3600.207,3600.157,10.255,7.0,8.634256046105852e6,6.382647739795051e6,8.634256046105854e6
