instance,it_bb,it_box,p_true_pb,runtime_bb,runtime_box,runtime_pb,zeta_box,θ_bb,θ_box,θ_pb
32,24127,61,1,3600.094,3600.17,10.05,5.384615384615384,8.033897440924854e6,5.658084325298615e6,8.033897440924856e6
