instance,it_bb,it_box,p_true_pb,runtime_bb,runtime_box,runtime_pb,zeta_box,θ_bb,θ_box,θ_pb
28,31546,84,1,3600.118,3600.04,10.804,8.0,3.371786577890755e7,2.5386707349740155e7,3.436874953300326e7
