instance,it_bb,it_box,p_true_pb,runtime_bb,runtime_box,runtime_pb,zeta_box,θ_bb,θ_box,θ_pb
25,58733,95,1,3600.192,351.156,9.125,0.25,7.067590432068535e6,6.805955836882968e6,7.067590432068537e6
