instance,it_bb,it_box,p_true_pb,runtime_bb,runtime_box,runtime_pb,zeta_box,θ_bb,θ_box,θ_pb
50,26146,40,1,3600.012,3600.043,9.489,14.866666666666667,2.883718456864259e7,1.7638622819355544e7,2.8837184568642594e7
