instance,it_bb,it_box,p_true_pb,runtime_bb,runtime_box,runtime_pb,zeta_box,θ_bb,θ_box,θ_pb
6,30252,112,1,3600.109,3600.048,9.605,5.0,1.7737064113775272e7,1.5594797331941457e7,1.7856080919311304e7
