instance,it_bb,it_box,p_true_pb,runtime_bb,runtime_box,runtime_pb,zeta_box,θ_bb,θ_box,θ_pb
34,53055,194,1,3600.155,3600.045,10.621,1.0000000000000275,8.379223522593669e6,8.379222171512245e6,8.50062112846299e6
