instance,it_bb,it_box,p_true_pb,runtime_bb,runtime_box,runtime_pb,zeta_box,θ_bb,θ_box,θ_pb
30,1020,38,1,10.37,6.269,9.289,0.22222208085315387,6.199041276915738e6,6.199041276915738e6,6.31597288085582e6
