instance,it_bb,it_box,p_true_pb,runtime_bb,runtime_box,runtime_pb,zeta_box,θ_bb,θ_box,θ_pb
34,28791,68,1,3600.164,3600.079,9.399,4.142857142857144,8.500621128462989e6,7.043851836414731e6,8.50062112846299e6
