instance,it_bb,it_box,p_true_pb,runtime_bb,runtime_box,runtime_pb,zeta_box,θ_bb,θ_box,θ_pb
40,24548,61,1,3600.071,3600.034,10.108,8.000000000900002,2.040928568132176e7,1.5031701314394662e7,2.0409285681321766e7
