instance,it_bb,it_box,p_true_pb,runtime_bb,runtime_box,runtime_pb,zeta_box,θ_bb,θ_box,θ_pb
16,37760,116,1,3600.071,1516.422,11.379,0.3571428571428541,1.5532271144630047e7,1.4522376027613822e7,1.5532271144630056e7
