instance,it_bb,it_box,p_true_pb,runtime_bb,runtime_box,runtime_pb,zeta_box,θ_bb,θ_box,θ_pb
50,20410,32,1,3600.232,3600.056,12.433,15.642857142857142,2.883718456864259e7,1.4034419425780628e7,2.8837184568642594e7
