instance,it_bb,it_box,p_true_pb,runtime_bb,runtime_box,runtime_pb,zeta_box,θ_bb,θ_box,θ_pb
10,2570,51,1,39.755,14.895,10.622,3.0,1.6357369300183065e7,1.6357369300183069e7,1.6731901007786045e7
