instance,it_bb,it_box,p_true_pb,runtime_bb,runtime_box,runtime_pb,zeta_box,θ_bb,θ_box,θ_pb
10,45541,150,1,3600.056,3600.077,10.198,2.0,1.6357370976217369e7,1.510894508309289e7,1.6731901007786045e7
