instance,it_bb,it_box,p_true_pb,runtime_bb,runtime_box,runtime_pb,zeta_box,θ_bb,θ_box,θ_pb
19,33504,97,1,3600.08,3600.019,16.039,4.0,1.5727016865149474e7,1.3922611450780682e7,1.5855900361828899e7
