instance,it_bb,it_box,p_true_pb,runtime_bb,runtime_box,runtime_pb,zeta_box,θ_bb,θ_box,θ_pb
14,25216,99,1,3600.053,3600.157,11.006,4.0,3.7638676445519705e6,3.1763748981322083e6,3.7638676445519715e6
