instance,it_bb,it_box,p_true_pb,runtime_bb,runtime_box,runtime_pb,zeta_box,θ_bb,θ_box,θ_pb
15,11510,50,1,228.289,26.291,9.076,1.8000000000000007,1.9148782666633945e7,1.9148782666633945e7,1.914878266663396e7
