instance,it_bb,it_box,p_true_pb,runtime_bb,runtime_box,runtime_pb,zeta_box,θ_bb,θ_box,θ_pb
45,26867,61,1,3600.02,3600.041,9.537,5.0,1.1993878182088645e7,8.549784239049383e6,1.1993878182088649e7
