instance,it_bb,it_box,p_true_pb,runtime_bb,runtime_box,runtime_pb,zeta_box,θ_bb,θ_box,θ_pb
33,32352,139,1,3600.051,995.685,11.768,0.46666666666666856,3.4125482919360064e7,2.8355576984324683e7,3.4226720264248215e7
