instance,it_bb,it_box,p_true_pb,runtime_bb,runtime_box,runtime_pb,zeta_box,θ_bb,θ_box,θ_pb
8,24774,41,1,3600.046,3600.05,10.346,9.0,1.330226822695969e7,8.515683611321965e6,1.3302268226959696e7
