instance,it_bb,it_box,p_true_pb,runtime_bb,runtime_box,runtime_pb,zeta_box,θ_bb,θ_box,θ_pb
43,22509,31,1,3600.119,3600.032,8.975,15.461538461538463,1.0e20,2.346116824174441e7,5.99505459747191e7
