instance,it_bb,it_box,p_true_pb,runtime_bb,runtime_box,runtime_pb,zeta_box,θ_bb,θ_box,θ_pb
40,33408,115,1,3600.193,3600.062,9.692,3.299999999999997,2.040928568132176e7,1.8340971150115255e7,2.0409285681321766e7
