instance,it_bb,it_box,p_true_pb,runtime_bb,runtime_box,runtime_pb,zeta_box,θ_bb,θ_box,θ_pb
36,27580,85,1,3600.109,3600.254,9.374,4.0,7.01279310087272e6,5.925031983937682e6,7.012793100872721e6
