instance,it_bb,it_box,p_true_pb,runtime_bb,runtime_box,runtime_pb,zeta_box,θ_bb,θ_box,θ_pb
8,4522,30,1,47.627,7.081,9.165,1.0,1.3302268226959692e7,1.3302268226959696e7,1.3302268226959696e7
