instance,it_bb,it_box,p_true_pb,runtime_bb,runtime_box,runtime_pb,zeta_box,θ_bb,θ_box,θ_pb
42,32125,128,1,3600.053,3600.047,9.721,3.0,9.925906180485088e6,9.217067693945315e6,9.92590618048509e6
