instance,it_bb,it_box,p_true_pb,runtime_bb,runtime_box,runtime_pb,zeta_box,θ_bb,θ_box,θ_pb
20,24744,63,1,3600.052,3600.14,12.495,6.166666666666657,3.2951640290525876e7,2.3449443216037363e7,3.295164029052588e7
