instance,it_bb,it_box,p_true_pb,runtime_bb,runtime_box,runtime_pb,zeta_box,θ_bb,θ_box,θ_pb
47,27585,54,1,3600.088,3600.028,9.938,6.928571428571427,3.1824892967547607e7,2.2329986703794975e7,3.1824892967547614e7
