instance,it_bb,it_box,p_true_pb,runtime_bb,runtime_box,runtime_pb,zeta_box,θ_bb,θ_box,θ_pb
23,25804,88,1,3600.206,3600.065,12.564,5.0,6.410062078884454e6,4.931241938320135e6,6.410062078884456e6
