instance,it_bb,it_box,p_true_pb,runtime_bb,runtime_box,runtime_pb,zeta_box,θ_bb,θ_box,θ_pb
37,27252,65,1,3600.235,3600.033,9.808,6.0,1.1078261574311484e7,8.47247156247524e6,1.1078261574311487e7
