instance,it_bb,it_box,p_true_pb,runtime_bb,runtime_box,runtime_pb,zeta_box,θ_bb,θ_box,θ_pb
24,39468,113,1,3600.166,3600.038,9.455,2.0,1.228617641978976e7,1.1779826506992675e7,1.2286176419789763e7
