instance,it_bb,it_box,p_true_pb,runtime_bb,runtime_box,runtime_pb,zeta_box,θ_bb,θ_box,θ_pb
22,28749,79,1,3600.143,3600.04,9.153,5.0,1.0020448411034308e7,8.719381015593756e6,1.0020448411034796e7
