instance,it_bb,it_box,p_true_pb,runtime_bb,runtime_box,runtime_pb,zeta_box,θ_bb,θ_box,θ_pb
17,43145,139,1,3600.046,3600.036,8.986,2.230769230769232,1.3622749019064179e7,1.28148065819426e7,1.373816710634708e7
