instance,it_bb,it_box,p_true_pb,runtime_bb,runtime_box,runtime_pb,zeta_box,θ_bb,θ_box,θ_pb
31,62255,94,1,1953.886,75.042,11.887,0.1666666666666643,1.805432602196919e7,1.805432602196919e7,1.923166594573877e7
