instance,it_bb,it_box,p_true_pb,runtime_bb,runtime_box,runtime_pb,zeta_box,θ_bb,θ_box,θ_pb
5,49559,139,1,3600.009,1416.446,9.095,2.000000000000007,8.443294553411603e6,8.317284690406988e6,8.569268816891178e6
