instance,it_bb,it_box,p_true_pb,runtime_bb,runtime_box,runtime_pb,zeta_box,θ_bb,θ_box,θ_pb
2,112169,70,1,2839.512,144.628,11.217,1.0,5.316573567514742e6,5.440129222990322e6,5.440129222990322e6
