instance,it_bb,it_box,p_true_pb,runtime_bb,runtime_box,runtime_pb,zeta_box,θ_bb,θ_box,θ_pb
18,37534,113,1,3600.133,3600.055,10.418,2.3076923076923066,1.5907792108713362e7,1.3705546691022336e7,1.6152484703559719e7
