instance,it_bb,it_box,p_true_pb,runtime_bb,runtime_box,runtime_pb,zeta_box,θ_bb,θ_box,θ_pb
12,31043,76,1,3600.071,3600.046,10.423,5.0,1.7103831541632112e7,1.39945575284271e7,1.723338847892225e7
