instance,it_bb,it_box,p_true_pb,runtime_bb,runtime_box,runtime_pb,zeta_box,θ_bb,θ_box,θ_pb
8,39183,149,1,3600.192,3600.052,9.237,1.357142857142854,1.330226822695969e7,1.2903369743633425e7,1.3302268226959696e7
