instance,it_bb,it_box,p_true_pb,runtime_bb,runtime_box,runtime_pb,zeta_box,θ_bb,θ_box,θ_pb
19,32080,100,1,3600.229,3600.109,10.159,3.0,1.5727016865149474e7,1.3922647459004853e7,1.5855900361828899e7
