instance,it_bb,it_box,p_true_pb,runtime_bb,runtime_box,runtime_pb,zeta_box,θ_bb,θ_box,θ_pb
39,21769,51,1,3600.029,3600.119,13.805,10.0,1.4676156824379744e7,1.0466356847167969e7,1.4676156824379748e7
