instance,it_bb,it_box,p_true_pb,runtime_bb,runtime_box,runtime_pb,zeta_box,θ_bb,θ_box,θ_pb
41,25215,49,1,3600.015,3600.093,9.919,7.0,1.3537621605736673e7,1.0012231531992674e7,1.3537621605736677e7
