instance,it_bb,it_box,p_true_pb,runtime_bb,runtime_box,runtime_pb,zeta_box,θ_bb,θ_box,θ_pb
7,28999,71,1,3600.124,3600.036,11.116,8.0,1.9586507054860868e7,1.5362449232846161e7,1.9586507054860864e7
