instance,it_bb,it_box,p_true_pb,runtime_bb,runtime_box,runtime_pb,zeta_box,θ_bb,θ_box,θ_pb
38,21941,44,1,3600.21,3600.069,12.041,8.153846153846153,1.7731834181498572e7,1.2058859897797985e7,1.773183418149858e7
