instance,it_bb,it_box,p_true_pb,runtime_bb,runtime_box,runtime_pb,zeta_box,θ_bb,θ_box,θ_pb
15,27330,56,1,3600.108,3600.032,9.544,8.0,1.9148782666633945e7,1.4229034705609936e7,1.914878266663396e7
