instance,it_bb,it_box,p_true_pb,runtime_bb,runtime_box,runtime_pb,zeta_box,θ_bb,θ_box,θ_pb
27,28828,71,1,3600.19,3600.042,9.059,6.0,1.2623493455253446e7,9.761094844435368e6,1.262349345525345e7
