instance,it_bb,it_box,p_true_pb,runtime_bb,runtime_box,runtime_pb,zeta_box,θ_bb,θ_box,θ_pb
27,26286,47,1,3600.026,3600.055,11.415,9.0,1.2623493455253446e7,8.46003759318663e6,1.262349345525345e7
