instance,it_bb,it_box,p_true_pb,runtime_bb,runtime_box,runtime_pb,zeta_box,θ_bb,θ_box,θ_pb
42,23608,60,1,3600.181,3600.066,9.576,5.0,9.925906180485088e6,7.681282137045425e6,9.92590618048509e6
