instance,it_bb,it_box,p_true_pb,runtime_bb,runtime_box,runtime_pb,zeta_box,θ_bb,θ_box,θ_pb
7,110993,68,1,3600.002,50.097,9.447,0.5454545454545432,1.805047336225681e7,1.7922477449333265e7,1.9586507054860864e7
