instance,it_bb,it_box,p_true_pb,runtime_bb,runtime_box,runtime_pb,zeta_box,θ_bb,θ_box,θ_pb
39,33717,128,1,3600.08,3600.045,9.109,3.9999999999999587,1.4676156824379744e7,1.3473369686569724e7,1.4676156824379748e7
