instance,it_bb,it_box,p_true_pb,runtime_bb,runtime_box,runtime_pb,zeta_box,θ_bb,θ_box,θ_pb
33,39148,139,1,3600.116,566.763,9.243,0.46666666666666856,3.402424557447193e7,2.8355576984324683e7,3.4226720264248215e7
