instance,it_bb,it_box,p_true_pb,runtime_bb,runtime_box,runtime_pb,zeta_box,θ_bb,θ_box,θ_pb
31,32680,74,1,3600.101,3600.034,9.054,4.0,1.9100849280133806e7,1.5438026131164566e7,1.923166594573877e7
