instance,it_bb,it_box,p_true_pb,runtime_bb,runtime_box,runtime_pb,zeta_box,θ_bb,θ_box,θ_pb
15,28225,39,1,3600.183,3600.02,8.88,10.0,1.9148782666633945e7,1.2367508450087333e7,1.914878266663396e7
