instance,it_bb,it_box,p_true_pb,runtime_bb,runtime_box,runtime_pb,zeta_box,θ_bb,θ_box,θ_pb
12,9,8,1,0.293,2.053,8.936,2.799999999999997,1.7233388478922248e7,1.7233388478922248e7,1.723338847892225e7
