instance,it_bb,it_box,p_true_pb,runtime_bb,runtime_box,runtime_pb,zeta_box,θ_bb,θ_box,θ_pb
50,30682,46,1,3600.099,3600.024,9.161,8.75,2.8837184568642586e7,2.1500192462293666e7,2.8837184568642594e7
