instance,it_bb,it_box,p_true_pb,runtime_bb,runtime_box,runtime_pb,zeta_box,θ_bb,θ_box,θ_pb
41,35525,112,1,3600.137,3600.052,8.973,4.866666666666667,1.3423897139448099e7,1.2286676413292268e7,1.3537621605736677e7
