instance,it_bb,it_box,p_true_pb,runtime_bb,runtime_box,runtime_pb,zeta_box,θ_bb,θ_box,θ_pb
44,25730,31,1,3600.121,3600.067,8.961,12.615384615384613,2.43127242655484e7,1.2022585764922192e7,2.43127242655484e7
