instance,it_bb,it_box,p_true_pb,runtime_bb,runtime_box,runtime_pb,zeta_box,θ_bb,θ_box,θ_pb
50,93524,78,1,3600.001,62.942,8.971,0.3333333333333357,2.6658146789426956e7,2.7035158115016907e7,2.8837184568642594e7
