instance,it_bb,it_box,p_true_pb,runtime_bb,runtime_box,runtime_pb,zeta_box,θ_bb,θ_box,θ_pb
47,11,8,1,0.446,2.229,10.339,0.29999999999999716,3.182489296754761e7,3.182489296754761e7,3.1824892967547614e7
