instance,it_bb,it_box,p_true_pb,runtime_bb,runtime_box,runtime_pb,zeta_box,θ_bb,θ_box,θ_pb
1,37314,106,1,3600.156,3600.035,9.638,1.8571428571428612,1.13114890112942e7,9.959425272558391e6,1.1434404111789016e7
