instance,it_bb,it_box,p_true_pb,runtime_bb,runtime_box,runtime_pb,zeta_box,θ_bb,θ_box,θ_pb
7,33253,77,1,3600.172,3600.063,9.214,5.076923076923073,1.9586507054860868e7,1.5618422871664546e7,1.9586507054860864e7
