instance,it_bb,it_box,p_true_pb,runtime_bb,runtime_box,runtime_pb,zeta_box,θ_bb,θ_box,θ_pb
42,26143,50,1,3600.08,3600.067,9.326,6.0,9.925906180485088e6,6.972431644496719e6,9.92590618048509e6
