instance,it_bb,it_box,p_true_pb,runtime_bb,runtime_box,runtime_pb,zeta_box,θ_bb,θ_box,θ_pb
43,26803,85,1,3600.054,3600.047,9.405,6.3076923084230785,5.995054597471909e7,3.882516292512338e7,5.99505459747191e7
