instance,it_bb,it_box,p_true_pb,runtime_bb,runtime_box,runtime_pb,zeta_box,θ_bb,θ_box,θ_pb
36,25656,54,1,3600.1,3600.064,10.767,7.533333333333335,7.01279310087272e6,5.078944869694162e6,7.012793100872721e6
