instance,it_bb,it_box,p_true_pb,runtime_bb,runtime_box,runtime_pb,zeta_box,θ_bb,θ_box,θ_pb
48,25355,49,1,3600.026,3600.064,10.168,6.0,1.03975841615512e7,7.217147278217295e6,1.0397584161551204e7
