instance,it_bb,it_box,p_true_pb,runtime_bb,runtime_box,runtime_pb,zeta_box,θ_bb,θ_box,θ_pb
45,37933,127,1,3600.151,3600.076,9.228,3.384615384615387,1.1866322164875047e7,1.09734504360171e7,1.1993878182088649e7
