instance,it_bb,it_box,p_true_pb,runtime_bb,runtime_box,runtime_pb,zeta_box,θ_bb,θ_box,θ_pb
44,44710,97,1,3600.121,196.936,11.975,0.19999999999998863,2.3907546526771948e7,2.2692053014877297e7,2.43127242655484e7
