instance,it_bb,it_box,p_true_pb,runtime_bb,runtime_box,runtime_pb,zeta_box,θ_bb,θ_box,θ_pb
40,22836,44,1,3600.091,3600.235,9.92,7.999999999999991,2.040928568132176e7,1.268769418296133e7,2.0409285681321766e7
