instance,it_bb,it_box,p_true_pb,runtime_bb,runtime_box,runtime_pb,zeta_box,θ_bb,θ_box,θ_pb
33,26884,71,1,3600.135,3600.033,9.237,6.8000000007800026,3.422672026424821e7,2.2179537638807442e7,3.4226720264248215e7
