instance,it_bb,it_box,p_true_pb,runtime_bb,runtime_box,runtime_pb,zeta_box,θ_bb,θ_box,θ_pb
23,62003,69,1,3600.131,141.813,11.176,1.0,6.410062078884454e6,6.410061964460606e6,6.410062078884456e6
