instance,it_bb,it_box,p_true_pb,runtime_bb,runtime_box,runtime_pb,zeta_box,θ_bb,θ_box,θ_pb
14,5,4,1,0.296,2.061,9.538,1.0000000002000036,3.763867644551971e6,3.763867644551971e6,3.7638676445519715e6
