instance,it_bb,it_box,p_true_pb,runtime_bb,runtime_box,runtime_pb,zeta_box,θ_bb,θ_box,θ_pb
30,53186,161,1,3600.163,3600.042,9.048,1.0,6.082113507234123e6,5.848269230046612e6,6.31597288085582e6
