instance,it_bb,it_box,p_true_pb,runtime_bb,runtime_box,runtime_pb,zeta_box,θ_bb,θ_box,θ_pb
8,27128,68,1,3600.006,3600.157,9.493,8.0,1.3302268226959692e7,1.0908924432047606e7,1.3302268226959696e7
