instance,it_bb,it_box,p_true_pb,runtime_bb,runtime_box,runtime_pb,zeta_box,θ_bb,θ_box,θ_pb
9,25784,44,1,3600.049,3600.025,9.326,12.0,3.3873066643406674e7,1.9586294128430232e7,3.3873066643406674e7
