instance,it_bb,it_box,p_true_pb,runtime_bb,runtime_box,runtime_pb,zeta_box,θ_bb,θ_box,θ_pb
16,832,49,1,11.533,14.39,11.483,0.8333333333333321,1.5532271144630048e7,1.5532271144630052e7,1.5532271144630056e7
