instance,it_bb,it_box,p_true_pb,runtime_bb,runtime_box,runtime_pb,zeta_box,θ_bb,θ_box,θ_pb
25,52459,95,1,3600.014,416.127,12.206,0.25,6.936758478784944e6,6.805955836882968e6,7.067590432068537e6
