instance,it_bb,it_box,p_true_pb,runtime_bb,runtime_box,runtime_pb,zeta_box,θ_bb,θ_box,θ_pb
26,22117,36,1,3600.24,3600.075,10.395,13.866666666666665,2.553689294013816e7,1.403981399788789e7,2.5536892940138165e7
