instance,it_bb,it_box,p_true_pb,runtime_bb,runtime_box,runtime_pb,zeta_box,θ_bb,θ_box,θ_pb
48,31647,87,1,3600.165,3600.029,9.598,2.8333333333333357,1.0291568499657333e7,9.01938203372185e6,1.0397584161551204e7
