instance,it_bb,it_box,p_true_pb,runtime_bb,runtime_box,runtime_pb,zeta_box,θ_bb,θ_box,θ_pb
13,26633,45,1,3600.18,3600.107,9.092,7.23076923076923,2.1901656826094832e7,1.3704510408630507e7,2.1901656826094832e7
