instance,it_bb,it_box,p_true_pb,runtime_bb,runtime_box,runtime_pb,zeta_box,θ_bb,θ_box,θ_pb
28,26030,43,1,3600.126,3600.035,8.979,11.533333333333333,3.4368749533003256e7,2.0440038637575805e7,3.436874953300326e7
