instance,it_bb,it_box,p_true_pb,runtime_bb,runtime_box,runtime_pb,zeta_box,θ_bb,θ_box,θ_pb
12,20541,30,1,3600.066,3600.073,14.629,10.0,1.7233388478922248e7,8.68292976921051e6,1.723338847892225e7
