instance,it_bb,it_box,p_true_pb,runtime_bb,runtime_box,runtime_pb,zeta_box,θ_bb,θ_box,θ_pb
20,28534,64,1,3600.015,3600.052,11.525,6.599999999999994,3.2951640290525876e7,2.3696235027067e7,3.295164029052588e7
