instance,it_bb,it_box,p_true_pb,runtime_bb,runtime_box,runtime_pb,zeta_box,θ_bb,θ_box,θ_pb
37,23875,47,1,3600.231,3600.183,9.806,6.0,1.1078261574311484e7,7.061275049066478e6,1.1078261574311487e7
