instance,it_bb,it_box,p_true_pb,runtime_bb,runtime_box,runtime_pb,zeta_box,θ_bb,θ_box,θ_pb
24,22882,40,1,3600.049,3600.059,9.593,6.4666666666666615,1.228617641978976e7,8.362134454119359e6,1.2286176419789763e7
