instance,it_bb,it_box,p_true_pb,runtime_bb,runtime_box,runtime_pb,zeta_box,θ_bb,θ_box,θ_pb
22,7,9,1,0.411,3.047,13.173,1.0,1.0020448411034796e7,1.0020448411034796e7,1.0020448411034796e7
