instance,it_bb,it_box,p_true_pb,runtime_bb,runtime_box,runtime_pb,zeta_box,θ_bb,θ_box,θ_pb
50,93220,78,1,3600.024,54.538,9.104,0.3333333333333357,2.7292590492214706e7,2.7035158115016907e7,2.8837184568642594e7
