instance,it_bb,it_box,p_true_pb,runtime_bb,runtime_box,runtime_pb,zeta_box,θ_bb,θ_box,θ_pb
43,21585,42,1,3600.212,3600.046,10.44,13.59999999999998,1.0e20,2.894873442819704e7,5.99505459747191e7
