instance,it_bb,it_box,p_true_pb,runtime_bb,runtime_box,runtime_pb,zeta_box,θ_bb,θ_box,θ_pb
7,25860,41,1,3600.086,3600.048,9.528,8.444444444444436,1.9586507054860868e7,1.2546454870582355e7,1.9586507054860864e7
