instance,it_bb,it_box,p_true_pb,runtime_bb,runtime_box,runtime_pb,zeta_box,θ_bb,θ_box,θ_pb
44,51875,97,1,3600.074,121.364,9.203,0.19999999999998863,2.3772497709308326e7,2.2692053014877297e7,2.43127242655484e7
