instance,it_bb,it_box,p_true_pb,runtime_bb,runtime_box,runtime_pb,zeta_box,θ_bb,θ_box,θ_pb
33,10,10,1,0.454,2.439,10.519,5.18181818181818,3.422672026424821e7,3.422672026424821e7,3.4226720264248215e7
