instance,it_bb,it_box,p_true_pb,runtime_bb,runtime_box,runtime_pb,zeta_box,θ_bb,θ_box,θ_pb
44,29496,56,1,3600.144,3600.052,10.135,6.999999999999999,2.43127242655484e7,1.850521351300502e7,2.43127242655484e7
