instance,it_bb,it_box,p_true_pb,runtime_bb,runtime_box,runtime_pb,zeta_box,θ_bb,θ_box,θ_pb
10,28050,59,1,3600.001,3600.039,9.257,6.000000000000001,1.673190100778604e7,1.2362385558250517e7,1.6731901007786045e7
