instance,it_bb,it_box,p_true_pb,runtime_bb,runtime_box,runtime_pb,zeta_box,θ_bb,θ_box,θ_pb
18,123657,45,1,3600.011,11.892,8.874,3.9999040737370706e-6,1.5173706487721723e7,1.505139520415157e7,1.6152484703559719e7
