instance,it_bb,it_box,p_true_pb,runtime_bb,runtime_box,runtime_pb,zeta_box,θ_bb,θ_box,θ_pb
15,33099,134,1,3600.073,3600.06,13.781,3.999999999999943,1.9148782666633945e7,1.755330287438355e7,1.914878266663396e7
