instance,it_bb,it_box,p_true_pb,runtime_bb,runtime_box,runtime_pb,zeta_box,θ_bb,θ_box,θ_pb
20,75326,82,1,3600.001,71.994,9.001,0.0714285714285704,3.0360199926992994e7,2.8879380232892394e7,3.295164029052588e7
