instance,it_bb,it_box,p_true_pb,runtime_bb,runtime_box,runtime_pb,zeta_box,θ_bb,θ_box,θ_pb
32,27451,86,1,3600.053,3600.058,10.896,4.0,8.033897440924854e6,6.110734579252391e6,8.033897440924856e6
