instance,it_bb,it_box,p_true_pb,runtime_bb,runtime_box,runtime_pb,zeta_box,θ_bb,θ_box,θ_pb
38,34658,111,1,3600.179,3600.028,9.052,3.1999999999999886,1.737729012386057e7,1.524983659138129e7,1.773183418149858e7
