instance,it_bb,it_box,p_true_pb,runtime_bb,runtime_box,runtime_pb,zeta_box,θ_bb,θ_box,θ_pb
41,27284,36,1,3600.153,3600.073,8.994,7.0,1.3537621605736673e7,8.761037920439774e6,1.3537621605736677e7
