instance,it_bb,it_box,p_true_pb,runtime_bb,runtime_box,runtime_pb,zeta_box,θ_bb,θ_box,θ_pb
25,29156,89,1,3600.051,3600.075,9.631,4.461538506364792,7.067590432068383e6,5.890232063192279e6,7.067590432068537e6
