instance,it_bb,it_box,p_true_pb,runtime_bb,runtime_box,runtime_pb,zeta_box,θ_bb,θ_box,θ_pb
33,24210,38,1,3600.131,3600.045,9.37,12.933333333333334,1.0e20,1.671311662343329e7,3.4226720264248215e7
