instance,it_bb,it_box,p_true_pb,runtime_bb,runtime_box,runtime_pb,zeta_box,θ_bb,θ_box,θ_pb
37,33539,139,1,3600.022,3600.051,10.019,1.0,1.0969702648301331e7,1.0318266324054848e7,1.1078261574311487e7
