instance,it_bb,it_box,p_true_pb,runtime_bb,runtime_box,runtime_pb,zeta_box,θ_bb,θ_box,θ_pb
49,25171,49,1,3600.237,3600.123,10.174,10.666666666666664,1.79525673449403e7,1.3285497466454592e7,1.7952567344940305e7
