instance,it_bb,it_box,p_true_pb,runtime_bb,runtime_box,runtime_pb,zeta_box,θ_bb,θ_box,θ_pb
34,44864,196,1,3600.003,3600.034,10.857,0.9333333333333336,8.379220963718456e6,8.379222171512244e6,8.50062112846299e6
