instance,it_bb,it_box,p_true_pb,runtime_bb,runtime_box,runtime_pb,zeta_box,θ_bb,θ_box,θ_pb
39,8,6,1,0.291,2.252,9.649,10.0,1.4676156824379746e7,1.4676156824379746e7,1.4676156824379748e7
