instance,it_bb,it_box,p_true_pb,runtime_bb,runtime_box,runtime_pb,zeta_box,θ_bb,θ_box,θ_pb
19,22126,55,1,500.55,21.039,13.394,1.000000000000003,1.5340366375111219e7,1.534036637511122e7,1.5855900361828899e7
