instance,it_bb,it_box,p_true_pb,runtime_bb,runtime_box,runtime_pb,zeta_box,θ_bb,θ_box,θ_pb
47,24765,39,1,3600.162,3600.057,10.219,10.0,3.1824892967547607e7,1.8608647058894314e7,3.1824892967547614e7
