instance,it_bb,it_box,p_true_pb,runtime_bb,runtime_box,runtime_pb,zeta_box,θ_bb,θ_box,θ_pb
40,86760,45,1,2336.617,10.026,9.335,0.3076923076923066,2.0133510410494223e7,2.013351041049423e7,2.0409285681321766e7
