instance,it_bb,it_box,p_true_pb,runtime_bb,runtime_box,runtime_pb,zeta_box,θ_bb,θ_box,θ_pb
14,60827,35,1,1312.346,30.121,9.15,0.9999951884722122,3.6463540987112815e6,3.763867644551971e6,3.7638676445519715e6
