instance,it_bb,it_box,p_true_pb,runtime_bb,runtime_box,runtime_pb,zeta_box,θ_bb,θ_box,θ_pb
13,21632,62,1,386.215,22.081,10.196,0.0833333333333357,1.945471832927259e7,1.945471832927259e7,2.1901656826094832e7
