instance,it_bb,it_box,p_true_pb,runtime_bb,runtime_box,runtime_pb,zeta_box,θ_bb,θ_box,θ_pb
48,25473,39,1,3600.156,3600.027,11.261,6.142857142857142,1.03975841615512e7,6.687023901626352e6,1.0397584161551204e7
