instance,it_bb,it_box,p_true_pb,runtime_bb,runtime_box,runtime_pb,zeta_box,θ_bb,θ_box,θ_pb
43,30486,94,1,3600.088,3600.019,8.968,9.076923076923073,5.995054597471909e7,3.95109278124568e7,5.99505459747191e7
