instance,it_bb,it_box,p_true_pb,runtime_bb,runtime_box,runtime_pb,zeta_box,θ_bb,θ_box,θ_pb
23,27885,112,1,3600.253,3600.058,9.136,4.0,6.410062078884446e6,5.793890206344855e6,6.410062078884456e6
