instance,it_bb,it_box,p_true_pb,runtime_bb,runtime_box,runtime_pb,zeta_box,θ_bb,θ_box,θ_pb
40,32764,111,1,3600.116,3600.057,9.008,3.846155686496068,2.040928568132176e7,1.820328256392587e7,2.0409285681321766e7
