instance,it_bb,it_box,p_true_pb,runtime_bb,runtime_box,runtime_pb,zeta_box,θ_bb,θ_box,θ_pb
26,29091,79,1,3600.034,3600.035,12.392,6.461538461538454,2.5269513060566045e7,2.1125153453646787e7,2.5536892940138165e7
