instance,it_bb,it_box,p_true_pb,runtime_bb,runtime_box,runtime_pb,zeta_box,θ_bb,θ_box,θ_pb
3,27057,92,1,3600.183,3600.05,10.078,6.0,2.3876093594592813e7,1.7848524436849684e7,2.3876093594592817e7
