instance,it_bb,it_box,p_true_pb,runtime_bb,runtime_box,runtime_pb,zeta_box,θ_bb,θ_box,θ_pb
12,25500,61,1,568.06,28.448,9.241,0.6923076923076934,1.5937827958786748e7,1.5937827958786746e7,1.723338847892225e7
