instance,it_bb,it_box,p_true_pb,runtime_bb,runtime_box,runtime_pb,zeta_box,θ_bb,θ_box,θ_pb
23,58948,69,1,3600.054,174.193,10.48,1.0,6.410062078884454e6,6.410061964460606e6,6.410062078884456e6
