instance,it_bb,it_box,p_true_pb,runtime_bb,runtime_box,runtime_pb,zeta_box,θ_bb,θ_box,θ_pb
21,28281,56,1,3600.064,3600.065,9.549,4.9999999999999725,1.3441570719608296e7,9.729974641816331e6,1.3825535561748829e7
