instance,it_bb,it_box,p_true_pb,runtime_bb,runtime_box,runtime_pb,zeta_box,θ_bb,θ_box,θ_pb
41,26278,45,1,439.198,13.223,9.041,0.3333333333333286,1.3196452994216934e7,1.3196452994216934e7,1.3537621605736677e7
