instance,it_bb,it_box,p_true_pb,runtime_bb,runtime_box,runtime_pb,zeta_box,θ_bb,θ_box,θ_pb
46,28773,47,1,3600.193,3600.039,8.971,7.0,8.083421238639105e6,5.693468313119207e6,8.083421238639107e6
