instance,it_bb,it_box,p_true_pb,runtime_bb,runtime_box,runtime_pb,zeta_box,θ_bb,θ_box,θ_pb
18,84130,45,1,3600.002,14.806,9.274,3.9999040737370706e-6,1.5051395273433913e7,1.505139520415157e7,1.6152484703559719e7
