instance,it_bb,it_box,p_true_pb,runtime_bb,runtime_box,runtime_pb,zeta_box,θ_bb,θ_box,θ_pb
11,24417,34,1,3600.148,3600.299,10.369,9.0,2.0079533013388984e7,1.1038055110365098e7,2.0079533013388988e7
