instance,it_bb,it_box,p_true_pb,runtime_bb,runtime_box,runtime_pb,zeta_box,θ_bb,θ_box,θ_pb
45,6,5,1,0.302,2.611,11.023,3.0,1.1993878182088647e7,1.1993878182088647e7,1.1993878182088649e7
