instance,it_bb,it_box,p_true_pb,runtime_bb,runtime_box,runtime_pb,zeta_box,θ_bb,θ_box,θ_pb
9,70603,102,1,3600.088,151.237,13.239,0.4285714285714306,3.116342351996954e7,3.0793981216677852e7,3.3873066643406674e7
