instance,it_bb,it_box,p_true_pb,runtime_bb,runtime_box,runtime_pb,zeta_box,θ_bb,θ_box,θ_pb
18,28203,36,1,3600.124,3600.06,9.101,7.999999999999986,1.6030136838846024e7,9.54580164229344e6,1.6152484703559719e7
