instance,it_bb,it_box,p_true_pb,runtime_bb,runtime_box,runtime_pb,zeta_box,θ_bb,θ_box,θ_pb
28,55687,83,1,3600.09,74.735,10.394,0.0833333333333357,3.2285941722536698e7,2.994276163562107e7,3.436874953300326e7
