instance,it_bb,it_box,p_true_pb,runtime_bb,runtime_box,runtime_pb,zeta_box,θ_bb,θ_box,θ_pb
19,26327,38,1,3600.134,3600.062,9.282,8.399999999999999,1.5727016865149474e7,9.153942783811562e6,1.5855900361828899e7
