instance,it_bb,it_box,p_true_pb,runtime_bb,runtime_box,runtime_pb,zeta_box,θ_bb,θ_box,θ_pb
17,29383,41,1,3600.092,3600.083,8.87,8.0,1.3738167106347077e7,9.23682724744098e6,1.373816710634708e7
