instance,it_bb,it_box,p_true_pb,runtime_bb,runtime_box,runtime_pb,zeta_box,θ_bb,θ_box,θ_pb
10,25816,46,1,3600.017,3600.065,10.765,8.0,1.673190100778604e7,1.1114513068962412e7,1.6731901007786045e7
