instance,it_bb,it_box,p_true_pb,runtime_bb,runtime_box,runtime_pb,zeta_box,θ_bb,θ_box,θ_pb
49,36235,103,1,3600.083,3600.036,9.18,6.000000000000002,1.7713247428091586e7,1.6037863745841376e7,1.7952567344940305e7
