instance,it_bb,it_box,p_true_pb,runtime_bb,runtime_box,runtime_pb,zeta_box,θ_bb,θ_box,θ_pb
49,31843,101,1,3600.184,3600.042,13.024,3.33333333333335,1.7713247428091586e7,1.6037863391075207e7,1.7952567344940305e7
