instance,it_bb,it_box,p_true_pb,runtime_bb,runtime_box,runtime_pb,zeta_box,θ_bb,θ_box,θ_pb
21,2358,40,1,36.779,11.442,11.187,0.11111111122222539,1.2929629829214284e7,1.2929629829214286e7,1.3825535561748829e7
