instance,it_bb,it_box,p_true_pb,runtime_bb,runtime_box,runtime_pb,zeta_box,θ_bb,θ_box,θ_pb
42,36528,134,1,3600.047,3600.03,8.966,2.0,9.925906180485088e6,9.217067594043028e6,9.92590618048509e6
