instance,it_bb,it_box,p_true_pb,runtime_bb,runtime_box,runtime_pb,zeta_box,θ_bb,θ_box,θ_pb
47,31767,58,1,3600.157,3600.044,9.123,8.0,3.1824892967547607e7,2.2715109019471996e7,3.1824892967547614e7
