instance,it_bb,it_box,p_true_pb,runtime_bb,runtime_box,runtime_pb,zeta_box,θ_bb,θ_box,θ_pb
43,33747,85,1,3600.138,118.329,11.818,0.18181818181817988,5.98133672591689e7,4.774176073115084e7,5.99505459747191e7
