instance,it_bb,it_box,p_true_pb,runtime_bb,runtime_box,runtime_pb,zeta_box,θ_bb,θ_box,θ_pb
25,25783,66,1,3600.167,3600.045,9.404,6.0,7.067590432068395e6,5.105115077849846e6,7.067590432068537e6
