instance,it_bb,it_box,p_true_pb,runtime_bb,runtime_box,runtime_pb,zeta_box,θ_bb,θ_box,θ_pb
13,8,8,1,0.338,2.087,9.456,1.7142857142857153,2.1901656826094832e7,2.1901656826094832e7,2.1901656826094832e7
