instance,it_bb,it_box,p_true_pb,runtime_bb,runtime_box,runtime_pb,zeta_box,θ_bb,θ_box,θ_pb
44,31259,54,1,3600.038,3600.061,9.568,8.000000000900002,2.43127242655484e7,1.8370160629365016e7,2.43127242655484e7
