instance,it_bb,it_box,p_true_pb,runtime_bb,runtime_box,runtime_pb,zeta_box,θ_bb,θ_box,θ_pb
28,9,9,1,0.464,3.133,12.893,0.9000000000000057,3.436874953300326e7,3.436874953300326e7,3.436874953300326e7
