instance,it_bb,it_box,p_true_pb,runtime_bb,runtime_box,runtime_pb,zeta_box,θ_bb,θ_box,θ_pb
28,22104,31,1,3600.177,3600.133,12.037,13.642857142857132,3.4368749533003256e7,1.6534739308417367e7,3.436874953300326e7
