instance,it_bb,it_box,p_true_pb,runtime_bb,runtime_box,runtime_pb,zeta_box,θ_bb,θ_box,θ_pb
45,33362,130,1,3600.066,3600.086,9.428,4.0,1.1866322164875047e7,1.0973455016491283e7,1.1993878182088649e7
