instance,it_bb,it_box,p_true_pb,runtime_bb,runtime_box,runtime_pb,zeta_box,θ_bb,θ_box,θ_pb
16,5,4,1,0.353,2.893,12.446,1.0,1.5532271144630052e7,1.5532271144630052e7,1.5532271144630056e7
