instance,it_bb,it_box,p_true_pb,runtime_bb,runtime_box,runtime_pb,zeta_box,θ_bb,θ_box,θ_pb
7,24694,32,1,3600.143,3600.091,10.773,11.5,1.9586507054860868e7,9.858525337400854e6,1.9586507054860864e7
