instance,it_bb,it_box,p_true_pb,runtime_bb,runtime_box,runtime_pb,zeta_box,θ_bb,θ_box,θ_pb
34,23767,40,1,3600.108,3600.077,10.223,6.0,8.500621128462989e6,5.708557813673648e6,8.50062112846299e6
