instance,it_bb,it_box,p_true_pb,runtime_bb,runtime_box,runtime_pb,zeta_box,θ_bb,θ_box,θ_pb
18,41590,121,1,3600.091,3600.047,9.063,1.4615384615384617,1.5907792108713362e7,1.4072769116623951e7,1.6152484703559719e7
