instance,it_bb,it_box,p_true_pb,runtime_bb,runtime_box,runtime_pb,zeta_box,θ_bb,θ_box,θ_pb
37,35196,138,1,3600.207,3600.047,9.073,1.0,1.0969702648301331e7,1.0318266398528166e7,1.1078261574311487e7
