instance,it_bb,it_box,p_true_pb,runtime_bb,runtime_box,runtime_pb,zeta_box,θ_bb,θ_box,θ_pb
35,91027,64,1,3600.001,108.798,9.931,2.0,1.4887262765238173e6,1.893800845099472e6,1.893800845099473e6
