instance,it_bb,it_box,p_true_pb,runtime_bb,runtime_box,runtime_pb,zeta_box,θ_bb,θ_box,θ_pb
26,40619,72,1,1019.442,40.533,10.314,4.285632859091226e-6,2.4200000723407585e7,2.4200000723407425e7,2.5536892940138165e7
