instance,it_bb,it_box,p_true_pb,runtime_bb,runtime_box,runtime_pb,zeta_box,θ_bb,θ_box,θ_pb
2,27819,120,1,3600.168,3600.132,10.722,4.0,5.440129222990321e6,4.822417243796381e6,5.440129222990322e6
