instance,it_bb,it_box,p_true_pb,runtime_bb,runtime_box,runtime_pb,zeta_box,θ_bb,θ_box,θ_pb
30,29391,71,1,3600.002,3600.032,9.021,2.6666666666666696,6.199045111174203e6,4.912806951513769e6,6.31597288085582e6
