instance,it_bb,it_box,p_true_pb,runtime_bb,runtime_box,runtime_pb,zeta_box,θ_bb,θ_box,θ_pb
29,2,1,1,0.276,2.232,10.284,21.0,1498.9735838292215,1498.9735838021152,1498.9735838292215
