instance,it_bb,it_box,p_true_pb,runtime_bb,runtime_box,runtime_pb,zeta_box,θ_bb,θ_box,θ_pb
49,11138,55,1,191.165,16.621,9.015,0.07692307692307665,1.7593558625257023e7,1.7593558625257023e7,1.7952567344940305e7
