instance,it_bb,it_box,p_true_pb,runtime_bb,runtime_box,runtime_pb,zeta_box,θ_bb,θ_box,θ_pb
22,310,17,1,6.308,4.719,9.086,2.0,1.0020448411034795e7,1.0020448411034796e7,1.0020448411034796e7
