instance,it_bb,it_box,p_true_pb,runtime_bb,runtime_box,runtime_pb,zeta_box,θ_bb,θ_box,θ_pb
9,22284,35,1,3600.148,3600.035,11.12,13.999999999999998,3.3873066643406674e7,1.6507131151269821e7,3.3873066643406674e7
