instance,it_bb,it_box,p_true_pb,runtime_bb,runtime_box,runtime_pb,zeta_box,θ_bb,θ_box,θ_pb
26,25977,47,1,3600.234,3600.092,9.68,8.222222222222221,2.553689294013816e7,1.6579926826054003e7,2.5536892940138165e7
