instance,it_bb,it_box,p_true_pb,runtime_bb,runtime_box,runtime_pb,zeta_box,θ_bb,θ_box,θ_pb
3,48338,139,1,3600.139,296.338,9.381,0.33333333333333215,2.3403336019830454e7,2.1275911067525e7,2.3876093594592817e7
