it_bb,it_box,p_true_pb,runtime_bb,runtime_box,runtime_pb,θ_bb,θ_box,θ_pb
31044,113,1,1200.03,92.035,9.773,1.6441539661174899e7,1.3738900950581118e7,1.7229809285098083e7
