it_bb,it_box,p_true_pb,runtime_bb,runtime_box,runtime_pb,θ_bb,θ_box,θ_pb
19877,113,1,1200.001,941.24,11.168,1.677936949999912e7,1.3738900950581118e7,1.7229809285098083e7
21679,84,1,1200.052,494.564,0.035,1.3949867247866165e7,1.1777194909196546e7,1.4635579988477174e7
17503,109,1,1200.005,1143.125,0.037,1.3091658132438503e7,1.198223987256981e7,1.5310420869669303e7
