instance,it_bb,it_box,p_true_pb,runtime_bb,runtime_box,runtime_pb,zeta_box,θ_bb,θ_box,θ_pb
49,27063,40,1,3600.161,3600.033,10.708,8.800001466014795,1.3980626695256911e7,5.307588499824648e6,1.3980626695256915e7
