instance,it_bb,it_box,p_true_pb,runtime_bb,runtime_box,runtime_pb,zeta_box,θ_bb,θ_box,θ_pb
27,35884,93,1,3600.146,3600.06,9.048,6.333333333333331,2.3131074026174344e7,1.4357669779300828e7,2.3131074026174344e7
