instance,it_bb,it_box,p_true_pb,runtime_bb,runtime_box,runtime_pb,zeta_box,θ_bb,θ_box,θ_pb
12,37866,100,1,3600.125,3600.029,10.536,6.000000000000001,1.6224173742359662e7,1.0324572947334763e7,1.6224173742359664e7
