instance,it_bb,it_box,p_true_pb,runtime_bb,runtime_box,runtime_pb,zeta_box,θ_bb,θ_box,θ_pb
14,56111,137,1,3600.041,213.735,9.476,0.25000474987973575,2.1492260696569916e7,1.8956843691370845e7,2.2578915195479296e7
