instance,it_bb,it_box,p_true_pb,runtime_bb,runtime_box,runtime_pb,zeta_box,θ_bb,θ_box,θ_pb
2,30514,86,1,3600.414,3600.045,11.164,4.222222222222221,1.7904040800750125e7,1.1423844436237233e7,1.7904040800750125e7
