instance,it_bb,it_box,p_true_pb,runtime_bb,runtime_box,runtime_pb,zeta_box,θ_bb,θ_box,θ_pb
11,7,6,1,0.303,2.289,10.157,5.0,1.2985829265417302e7,1.2985829265417302e7,1.2985829265417302e7
