instance,it_bb,it_box,p_true_pb,runtime_bb,runtime_box,runtime_pb,zeta_box,θ_bb,θ_box,θ_pb
47,29821,54,1,3600.042,3600.091,11.287,3.8000002992802875,8.795972175583523e6,4.971746315366734e6,8.795972175583525e6
