instance,it_bb,it_box,p_true_pb,runtime_bb,runtime_box,runtime_pb,zeta_box,θ_bb,θ_box,θ_pb
9,29409,38,1,3600.157,3600.056,8.841,9.0,1.6038561256344954e7,5.999388997344955e6,1.6038561256344955e7
