instance,it_bb,it_box,p_true_pb,runtime_bb,runtime_box,runtime_pb,zeta_box,θ_bb,θ_box,θ_pb
5,28164,43,1,3600.18,3600.043,10.035,8.833333333333332,1.4707715917420337e7,5.836592764480464e6,1.4707715917420339e7
