instance,it_bb,it_box,p_true_pb,runtime_bb,runtime_box,runtime_pb,zeta_box,θ_bb,θ_box,θ_pb
33,28454,37,1,3600.155,3600.046,9.122,9.666666666666666,1.982014989500444e7,7.230403806830336e6,1.982014989500444e7
