instance,it_bb,it_box,p_true_pb,runtime_bb,runtime_box,runtime_pb,zeta_box,θ_bb,θ_box,θ_pb
35,33206,92,1,3600.001,3600.034,10.029,4.9999999999999964,3.1174538486972056e7,1.752761547147962e7,3.1174538486972056e7
