instance,it_bb,it_box,p_true_pb,runtime_bb,runtime_box,runtime_pb,zeta_box,θ_bb,θ_box,θ_pb
18,33604,86,1,3600.001,3600.04,9.308,11.75,2.167544329187268e7,1.6621650023208898e7,2.792332173421645e7
