instance,it_bb,it_box,p_true_pb,runtime_bb,runtime_box,runtime_pb,zeta_box,θ_bb,θ_box,θ_pb
32,43365,144,1,3600.011,755.874,11.806,0.1999999999999993,2.5116988133494146e7,2.043200616981489e7,2.5377264909254104e7
