instance,it_bb,it_box,p_true_pb,runtime_bb,runtime_box,runtime_pb,zeta_box,θ_bb,θ_box,θ_pb
22,34020,86,1,3600.1,3600.108,8.801,4.399999999999999,1.17451993328485e7,8.112795531905634e6,1.1745199332848502e7
