instance,it_bb,it_box,p_true_pb,runtime_bb,runtime_box,runtime_pb,zeta_box,θ_bb,θ_box,θ_pb
28,39292,107,1,3600.037,3600.035,8.863,3.25,1.1692232964863595e7,8.33518041906675e6,1.16922329648636e7
