instance,it_bb,it_box,p_true_pb,runtime_bb,runtime_box,runtime_pb,zeta_box,θ_bb,θ_box,θ_pb
39,26785,38,1,3600.113,3600.024,9.634,11.0,2.6414382787855174e7,8.964583810511483e6,2.6414382787855178e7
