instance,it_bb,it_box,p_true_pb,runtime_bb,runtime_box,runtime_pb,zeta_box,θ_bb,θ_box,θ_pb
25,29617,78,1,3600.049,3600.1,10.632,4.199999999999999,7.0536438567786245e6,4.3784229519416345e6,7.053643856778625e6
