instance,it_bb,it_box,p_true_pb,runtime_bb,runtime_box,runtime_pb,zeta_box,θ_bb,θ_box,θ_pb
37,21735,39,1,3600.167,3600.026,19.054,12.166666667983336,1.929400893631032e7,7.367042702670367e6,1.929400893631032e7
