instance,it_bb,it_box,p_true_pb,runtime_bb,runtime_box,runtime_pb,zeta_box,θ_bb,θ_box,θ_pb
34,33060,85,1,3600.069,3600.036,10.656,10.5,2.005399039363343e7,1.2732836950872518e7,2.0053990393633436e7
