instance,it_bb,it_box,p_true_pb,runtime_bb,runtime_box,runtime_pb,zeta_box,θ_bb,θ_box,θ_pb
26,33098,77,1,3600.076,3600.03,9.795,8.000000000900002,2.1633180981246118e7,1.3027802335916525e7,2.163318098124612e7
