instance,it_bb,it_box,p_true_pb,runtime_bb,runtime_box,runtime_pb,zeta_box,θ_bb,θ_box,θ_pb
28,26806,33,1,3600.002,3600.039,11.617,9.0,1.1692232964863595e7,4.167729410887095e6,1.16922329648636e7
