instance,it_bb,it_box,p_true_pb,runtime_bb,runtime_box,runtime_pb,zeta_box,θ_bb,θ_box,θ_pb
7,36022,75,1,3600.053,3600.026,10.156,5.399999999999999,2.042975882008181e7,1.2111230674125567e7,2.0429758820081808e7
