instance,it_bb,it_box,p_true_pb,runtime_bb,runtime_box,runtime_pb,zeta_box,θ_bb,θ_box,θ_pb
41,28657,62,1,3600.124,3600.052,9.402,8.0,1.843415752589556e7,8.801120036368161e6,1.8434157525895562e7
