instance,it_bb,it_box,p_true_pb,runtime_bb,runtime_box,runtime_pb,zeta_box,θ_bb,θ_box,θ_pb
5,40880,100,1,600.434,51.858,9.042,4.999999505310656,1.213974006083601e7,1.2139740060836008e7,1.4707715917420339e7
