instance,it_bb,it_box,p_true_pb,runtime_bb,runtime_box,runtime_pb,zeta_box,θ_bb,θ_box,θ_pb
43,30705,86,1,3600.033,3600.072,11.529,7.199999999999999,1.948207968999831e7,1.2612884777905043e7,1.9482079689998318e7
