instance,it_bb,it_box,p_true_pb,runtime_bb,runtime_box,runtime_pb,zeta_box,θ_bb,θ_box,θ_pb
24,33819,100,1,3600.046,3600.033,10.641,5.0,1.2745846782468554e7,9.391753195672367e6,1.2857650181343546e7
