instance,it_bb,it_box,p_true_pb,runtime_bb,runtime_box,runtime_pb,zeta_box,θ_bb,θ_box,θ_pb
31,36073,80,1,3600.077,3600.056,9.04,5.8333333333333295,2.0150746331443366e7,1.2202673316549301e7,2.015074633144337e7
