instance,it_bb,it_box,p_true_pb,runtime_bb,runtime_box,runtime_pb,zeta_box,θ_bb,θ_box,θ_pb
42,25837,34,1,3600.066,3600.046,9.526,10.8,1.693125770379842e7,6.032487816693547e6,1.693125770379842e7
