instance,it_bb,it_box,p_true_pb,runtime_bb,runtime_box,runtime_pb,zeta_box,θ_bb,θ_box,θ_pb
47,5002,62,1,54.883,14.941,9.565,0.25000309745652094,7.5212320369962575e6,7.521232036996258e6,8.795972175583525e6
