instance,it_bb,it_box,p_true_pb,runtime_bb,runtime_box,runtime_pb,zeta_box,θ_bb,θ_box,θ_pb
26,30257,50,1,3600.018,3600.039,10.051,9.0,2.1633180981246118e7,9.921459244313708e6,2.163318098124612e7
