instance,it_bb,it_box,p_true_pb,runtime_bb,runtime_box,runtime_pb,zeta_box,θ_bb,θ_box,θ_pb
45,34499,114,1,3600.05,3600.028,9.361,6.4,1.331039604551135e7,1.023039604551135e7,1.353039604551135e7
