instance,it_bb,it_box,p_true_pb,runtime_bb,runtime_box,runtime_pb,zeta_box,θ_bb,θ_box,θ_pb
23,24407,33,1,3600.175,3600.075,12.435,10.57142857142857,2.4706029087581612e7,8.2779723124635825e6,2.4706029087581616e7
