instance,it_bb,it_box,p_true_pb,runtime_bb,runtime_box,runtime_pb,zeta_box,θ_bb,θ_box,θ_pb
39,49750,134,1,3600.035,228.39,9.188,0.8000000000000007,2.605583175334553e7,2.0199349368778992e7,2.6414382787855178e7
