instance,it_bb,it_box,p_true_pb,runtime_bb,runtime_box,runtime_pb,zeta_box,θ_bb,θ_box,θ_pb
47,27399,37,1,3600.052,3600.034,15.558,4.5,8.795972175583523e6,3.824502236261671e6,8.795972175583525e6
