instance,it_bb,it_box,p_true_pb,runtime_bb,runtime_box,runtime_pb,zeta_box,θ_bb,θ_box,θ_pb
32,11,10,1,0.301,2.163,9.357,4.333333333333332,2.537726490925411e7,2.537726490925411e7,2.5377264909254104e7
