instance,it_bb,it_box,p_true_pb,runtime_bb,runtime_box,runtime_pb,zeta_box,θ_bb,θ_box,θ_pb
7,49230,138,1,3600.098,227.603,8.854,0.5,1.9818101236134715e7,1.6270487249241551e7,2.0429758820081808e7
