instance,it_bb,it_box,p_true_pb,runtime_bb,runtime_box,runtime_pb,zeta_box,θ_bb,θ_box,θ_pb
30,11,10,1,0.316,2.254,9.875,2.0,2.8962286739336967e7,2.8962286739336967e7,2.8962286739336967e7
