instance,it_bb,it_box,p_true_pb,runtime_bb,runtime_box,runtime_pb,zeta_box,θ_bb,θ_box,θ_pb
50,8,7,1,0.278,2.159,9.177,1.2500000000000018,1.9070619826312855e7,1.9070619826312855e7,1.9070619826312855e7
