instance,it_bb,it_box,p_true_pb,runtime_bb,runtime_box,runtime_pb,zeta_box,θ_bb,θ_box,θ_pb
8,34926,100,1,3600.18,3600.037,10.499,3.249999999999993,1.1177543172627617e7,7.240095852128764e6,1.1177543172627619e7
