instance,it_bb,it_box,p_true_pb,runtime_bb,runtime_box,runtime_pb,zeta_box,θ_bb,θ_box,θ_pb
27,9,8,1,0.284,2.186,9.768,3.3333333333333335,2.3131074026174344e7,2.3131074026174344e7,2.3131074026174344e7
