instance,it_bb,it_box,p_true_pb,runtime_bb,runtime_box,runtime_pb,zeta_box,θ_bb,θ_box,θ_pb
19,31621,55,1,3600.015,3600.033,9.177,9.0,1.8849629624028556e7,9.10971033047926e6,1.8849629624028556e7
