instance,it_bb,it_box,p_true_pb,runtime_bb,runtime_box,runtime_pb,zeta_box,θ_bb,θ_box,θ_pb
36,29205,48,1,3600.19,3600.035,8.816,12.6,2.3420442520834185e7,1.0089500326081153e7,2.342044252083419e7
