instance,it_bb,it_box,p_true_pb,runtime_bb,runtime_box,runtime_pb,zeta_box,θ_bb,θ_box,θ_pb
42,31976,76,1,3600.147,3600.05,10.572,9.714285714285706,1.6931257703798417e7,1.0899809190547891e7,1.693125770379842e7
