instance,it_bb,it_box,p_true_pb,runtime_bb,runtime_box,runtime_pb,zeta_box,θ_bb,θ_box,θ_pb
32,31205,49,1,3600.067,3600.032,10.127,10.0,2.537726490925411e7,1.0671854339932892e7,2.5377264909254104e7
