instance,it_bb,it_box,p_true_pb,runtime_bb,runtime_box,runtime_pb,zeta_box,θ_bb,θ_box,θ_pb
1,31997,84,1,3600.079,3600.039,10.492,5.4,1.581782760715914e7,9.276759750668356e6,1.5817827607159141e7
