instance,it_bb,it_box,p_true_pb,runtime_bb,runtime_box,runtime_pb,zeta_box,θ_bb,θ_box,θ_pb
23,49603,152,1,3600.139,643.14,9.733,2.0,2.4323979352599367e7,1.9484706558116283e7,2.4706029087581616e7
