instance,it_bb,it_box,p_true_pb,runtime_bb,runtime_box,runtime_pb,zeta_box,θ_bb,θ_box,θ_pb
45,34099,105,1,3600.175,3600.053,9.489,4.0,1.331039604551135e7,1.012046769862609e7,1.353039604551135e7
