instance,it_bb,it_box,p_true_pb,runtime_bb,runtime_box,runtime_pb,zeta_box,θ_bb,θ_box,θ_pb
14,36394,78,1,3600.064,3600.05,9.694,8.333333333333332,2.2578915195479296e7,1.388567920420424e7,2.2578915195479296e7
