instance,it_bb,it_box,p_true_pb,runtime_bb,runtime_box,runtime_pb,zeta_box,θ_bb,θ_box,θ_pb
3,32378,80,1,3600.175,3600.043,10.261,6.666666666666667,2.7913118833928503e7,1.5842821344955113e7,2.7913118833928503e7
