instance,it_bb,it_box,p_true_pb,runtime_bb,runtime_box,runtime_pb,zeta_box,θ_bb,θ_box,θ_pb
19,46043,166,1,3600.091,277.944,9.825,0.40000639944665295,1.8723122707221605e7,1.5687014589386344e7,1.8849629624028556e7
