instance,it_bb,it_box,p_true_pb,runtime_bb,runtime_box,runtime_pb,zeta_box,θ_bb,θ_box,θ_pb
50,31043,103,1,3600.001,3600.039,14.278,4.0,1.7537659324669994e7,1.3055170632777927e7,1.9070619826312855e7
