instance,it_bb,it_box,p_true_pb,runtime_bb,runtime_box,runtime_pb,zeta_box,θ_bb,θ_box,θ_pb
49,54160,124,1,3600.081,151.75,8.985,5.344159062392608e-6,1.35922802004871e7,1.2168348660887584e7,1.3980626695256915e7
