instance,it_bb,it_box,p_true_pb,runtime_bb,runtime_box,runtime_pb,zeta_box,θ_bb,θ_box,θ_pb
21,32926,82,1,3600.14,3600.051,9.738,5.499999999999999,1.7138952937869757e7,1.0213099497759134e7,1.7138952937869757e7
