instance,it_bb,it_box,p_true_pb,runtime_bb,runtime_box,runtime_pb,zeta_box,θ_bb,θ_box,θ_pb
36,35459,79,1,3600.02,3600.04,9.336,9.19999999999999,2.342044252083418e7,1.3692176105199622e7,2.342044252083419e7
