instance,it_bb,it_box,p_true_pb,runtime_bb,runtime_box,runtime_pb,zeta_box,θ_bb,θ_box,θ_pb
43,27175,30,1,3600.155,3600.023,9.956,12.833333333333334,1.948207968999831e7,7.32024345856371e6,1.9482079689998318e7
