instance,it_bb,it_box,p_true_pb,runtime_bb,runtime_box,runtime_pb,zeta_box,θ_bb,θ_box,θ_pb
27,27055,37,1,3600.099,3600.036,14.175,11.0,2.3131074026174344e7,7.976751881843774e6,2.3131074026174344e7
