instance,it_bb,it_box,p_true_pb,runtime_bb,runtime_box,runtime_pb,zeta_box,θ_bb,θ_box,θ_pb
8,36360,73,1,594.737,26.357,11.838,1.4999999999999947,9.27230696679906e6,9.272306966799058e6,1.1177543172627619e7
