instance,it_bb,it_box,p_true_pb,runtime_bb,runtime_box,runtime_pb,zeta_box,θ_bb,θ_box,θ_pb
13,32216,58,1,3600.064,3600.036,15.732,8.0,1.5532049366591921e7,7.968845563895511e6,1.5532049366591921e7
