instance,it_bb,it_box,p_true_pb,runtime_bb,runtime_box,runtime_pb,zeta_box,θ_bb,θ_box,θ_pb
17,49231,134,1,3600.001,695.009,10.024,1.1999999999999993,2.0751022955990564e7,1.8817709655164994e7,2.2297673530619495e7
