instance,it_bb,it_box,p_true_pb,runtime_bb,runtime_box,runtime_pb,zeta_box,θ_bb,θ_box,θ_pb
10,33946,86,1,3600.116,3600.045,9.447,7.800000000000001,2.0688440469241813e7,1.3141795193990204e7,2.068844046924181e7
