instance,it_bb,it_box,p_true_pb,runtime_bb,runtime_box,runtime_pb,zeta_box,θ_bb,θ_box,θ_pb
43,33345,87,1,3600.052,3600.04,9.197,4.142857142857142,1.948207968999831e7,1.261287478491309e7,1.9482079689998318e7
