instance,it_bb,it_box,p_true_pb,runtime_bb,runtime_box,runtime_pb,zeta_box,θ_bb,θ_box,θ_pb
44,28497,42,1,3600.002,3600.045,9.611,10.5,1.2637856137537807e7,6.613296146339864e6,1.7949809984638497e7
