instance,it_bb,it_box,p_true_pb,runtime_bb,runtime_box,runtime_pb,zeta_box,θ_bb,θ_box,θ_pb
15,27291,90,1,3600.038,3600.095,17.76,5.5,2.0467593944001533e7,1.2501967692845708e7,2.0467593944001537e7
