instance,it_bb,it_box,p_true_pb,runtime_bb,runtime_box,runtime_pb,zeta_box,θ_bb,θ_box,θ_pb
20,47939,110,1,3600.089,246.558,9.545,0.4285714285714306,2.3530206029025372e7,1.967505985799632e7,2.392901425361459e7
