instance,it_bb,it_box,p_true_pb,runtime_bb,runtime_box,runtime_pb,zeta_box,θ_bb,θ_box,θ_pb
13,43064,88,1,713.377,43.01,9.932,0.5,1.2831034788734473e7,1.2831034788734363e7,1.5532049366591921e7
