instance,it_bb,it_box,p_true_pb,runtime_bb,runtime_box,runtime_pb,zeta_box,θ_bb,θ_box,θ_pb
15,46658,154,1,3600.117,411.749,9.933,2.597907533541388e-6,1.9916783763894007e7,1.6152847137988463e7,2.0467593944001537e7
