instance,it_bb,it_box,p_true_pb,runtime_bb,runtime_box,runtime_pb,zeta_box,θ_bb,θ_box,θ_pb
45,28211,45,1,3600.049,3600.064,9.521,9.000001426061399,1.342039604551135e7,6.490513118203487e6,1.353039604551135e7
