instance,it_bb,it_box,p_true_pb,runtime_bb,runtime_box,runtime_pb,zeta_box,θ_bb,θ_box,θ_pb
9,48783,105,1,3600.099,112.864,9.386,0.3333333333333333,1.5671278515593728e7,1.3222719981698345e7,1.6038561256344955e7
