instance,it_bb,it_box,p_true_pb,runtime_bb,runtime_box,runtime_pb,zeta_box,θ_bb,θ_box,θ_pb
16,29060,35,1,3600.178,3600.038,8.772,11.2,2.167299719841891e7,7.636304140347512e6,2.1672997198418923e7
