instance,it_bb,it_box,p_true_pb,runtime_bb,runtime_box,runtime_pb,zeta_box,θ_bb,θ_box,θ_pb
20,36764,78,1,3600.046,3600.044,9.184,5.8333333333333295,2.3929014253614586e7,1.4756577759366166e7,2.392901425361459e7
