instance,it_bb,it_box,p_true_pb,runtime_bb,runtime_box,runtime_pb,zeta_box,θ_bb,θ_box,θ_pb
9,33793,88,1,3600.099,3600.038,9.463,5.500000000000001,1.6038561256344954e7,1.0162012213902231e7,1.6038561256344955e7
