instance,it_bb,it_box,p_true_pb,runtime_bb,runtime_box,runtime_pb,zeta_box,θ_bb,θ_box,θ_pb
2,32073,85,1,3600.014,3600.043,12.48,7.800000000000001,1.7904040800750125e7,1.142373956788802e7,1.7904040800750125e7
