instance,it_bb,it_box,p_true_pb,runtime_bb,runtime_box,runtime_pb,zeta_box,θ_bb,θ_box,θ_pb
17,30779,49,1,3600.175,3600.059,9.572,11.714285715557146,2.229767353061949e7,1.0826681768788258e7,2.2297673530619495e7
