instance,it_bb,it_box,p_true_pb,runtime_bb,runtime_box,runtime_pb,zeta_box,θ_bb,θ_box,θ_pb
16,42468,175,1,3600.138,941.472,10.878,0.6000000000000006,2.144840868580084e7,1.7630403971293535e7,2.1672997198418923e7
