instance,it_bb,it_box,p_true_pb,runtime_bb,runtime_box,runtime_pb,zeta_box,θ_bb,θ_box,θ_pb
31,30933,51,1,3600.171,3600.08,9.176,9.5,2.0150746331443366e7,9.291946836071782e6,2.015074633144337e7
