instance,it_bb,it_box,p_true_pb,runtime_bb,runtime_box,runtime_pb,zeta_box,θ_bb,θ_box,θ_pb
6,31658,118,1,3600.069,3600.032,9.557,2.714285714657141,1.6184709647328652e7,1.0676494161020419e7,1.6295261955884006e7
