instance,it_bb,it_box,p_true_pb,runtime_bb,runtime_box,runtime_pb,zeta_box,θ_bb,θ_box,θ_pb
8,27262,36,1,3600.138,3600.066,9.102,6.0,1.1177543172627619e7,3.9377650029777875e6,1.1177543172627619e7
