instance,it_bb,it_box,p_true_pb,runtime_bb,runtime_box,runtime_pb,zeta_box,θ_bb,θ_box,θ_pb
32,45197,144,1,3600.015,535.45,9.905,0.1999999999999993,2.5116988133494146e7,2.043200616981489e7,2.5377264909254104e7
