instance,it_bb,it_box,p_true_pb,runtime_bb,runtime_box,runtime_pb,zeta_box,θ_bb,θ_box,θ_pb
46,26425,34,1,3600.142,3600.053,9.368,9.857142857142858,1.8199495972921986e7,6.538989644751601e6,1.819949597292199e7
