instance,it_bb,it_box,p_true_pb,runtime_bb,runtime_box,runtime_pb,zeta_box,θ_bb,θ_box,θ_pb
31,22102,34,1,3600.035,3600.044,11.554,10.714285714285715,2.0150746331443366e7,6.941152711830198e6,2.015074633144337e7
