instance,it_bb,it_box,p_true_pb,runtime_bb,runtime_box,runtime_pb,zeta_box,θ_bb,θ_box,θ_pb
15,36207,91,1,3600.052,3600.062,9.207,5.0,2.0467593944001533e7,1.2501973059342064e7,2.0467593944001537e7
