instance,it_bb,it_box,p_true_pb,runtime_bb,runtime_box,runtime_pb,zeta_box,θ_bb,θ_box,θ_pb
10,22025,43,1,3600.001,3600.054,11.758,10.00000000110002,1.1582719201804914e7,1.0019060837415382e7,2.068844046924181e7
