instance,it_bb,it_box,p_true_pb,runtime_bb,runtime_box,runtime_pb,zeta_box,θ_bb,θ_box,θ_pb
5,27118,57,1,3600.008,3600.053,9.713,7.000000000800014,1.4707715917420337e7,7.354252982935404e6,1.4707715917420339e7
