instance,it_bb,it_box,p_true_pb,runtime_bb,runtime_box,runtime_pb,zeta_box,θ_bb,θ_box,θ_pb
5,33722,93,1,3600.174,3600.032,11.071,2.75,1.4707715917420337e7,9.805234443394082e6,1.4707715917420339e7
