instance,it_bb,it_box,p_true_pb,runtime_bb,runtime_box,runtime_pb,zeta_box,θ_bb,θ_box,θ_pb
36,25926,35,1,3600.004,3600.058,10.092,12.000000001300002,2.3420442520834185e7,7.927041326173749e6,2.342044252083419e7
