instance,it_bb,it_box,p_true_pb,runtime_bb,runtime_box,runtime_pb,zeta_box,θ_bb,θ_box,θ_pb
7,33588,86,1,3600.043,3600.043,9.408,5.000000000600011,2.042975882008181e7,1.2355979113932122e7,2.0429758820081808e7
