instance,it_bb,it_box,p_true_pb,runtime_bb,runtime_box,runtime_pb,zeta_box,θ_bb,θ_box,θ_pb
3,31049,83,1,3600.129,3600.042,11.589,6.750000000775003,2.7913118833928503e7,1.5968407796210822e7,2.7913118833928503e7
