instance,it_bb,it_box,p_true_pb,runtime_bb,runtime_box,runtime_pb,zeta_box,θ_bb,θ_box,θ_pb
40,24360,45,1,3600.128,3600.035,10.429,8.833333333333334,1.4649824807516862e7,6.734505770719512e6,1.4767964555273496e7
