instance,it_bb,it_box,p_true_pb,runtime_bb,runtime_box,runtime_pb,zeta_box,θ_bb,θ_box,θ_pb
2,28546,29,1,3600.002,3600.044,9.134,10.875,1.7904040800750125e7,6.151834746467693e6,1.7904040800750125e7
