instance,it_bb,it_box,p_true_pb,runtime_bb,runtime_box,runtime_pb,zeta_box,θ_bb,θ_box,θ_pb
11,28730,53,1,3600.133,3600.035,17.251,6.666666666666668,1.29858292654173e7,6.747652496874122e6,1.2985829265417302e7
