instance,it_bb,it_box,p_true_pb,runtime_bb,runtime_box,runtime_pb,zeta_box,θ_bb,θ_box,θ_pb
30,25185,47,1,3600.002,3600.068,12.79,12.000000001300002,2.8962286739336967e7,1.2696107637414293e7,2.8962286739336967e7
