instance,it_bb,it_box,p_true_pb,runtime_bb,runtime_box,runtime_pb,zeta_box,θ_bb,θ_box,θ_pb
24,28614,43,1,3600.032,3600.057,10.236,8.857142857142858,1.2857650181343542e7,5.4787048431270085e6,1.2857650181343546e7
