instance,it_bb,it_box,p_true_pb,runtime_bb,runtime_box,runtime_pb,zeta_box,θ_bb,θ_box,θ_pb
5,35962,95,1,3600.071,3600.056,12.972,4.833333333333334,1.4707715917420337e7,9.805359253136428e6,1.4707715917420339e7
