instance,it_bb,it_box,p_true_pb,runtime_bb,runtime_box,runtime_pb,zeta_box,θ_bb,θ_box,θ_pb
28,208071,91,1,3600.001,49.112,11.986,1.9999019968963694e-6,1.0303080705390217e7,1.0303080705390213e7,1.16922329648636e7
