instance,it_bb,it_box,p_true_pb,runtime_bb,runtime_box,runtime_pb,zeta_box,θ_bb,θ_box,θ_pb
38,30781,88,1,3600.162,3600.041,11.916,4.5,2.0285990109967098e7,1.2369629270499399e7,2.02859901099671e7
