instance,it_bb,it_box,p_true_pb,runtime_bb,runtime_box,runtime_pb,zeta_box,θ_bb,θ_box,θ_pb
15,11,10,1,0.299,2.147,9.401,0.5,2.0467593944001533e7,2.0467593944001533e7,2.0467593944001537e7
