instance,it_bb,it_box,p_true_pb,runtime_bb,runtime_box,runtime_pb,zeta_box,θ_bb,θ_box,θ_pb
14,31875,78,1,3600.144,3600.059,10.698,8.333333333333332,2.2578915195479296e7,1.412727282696027e7,2.2578915195479296e7
