instance,it_bb,it_box,p_true_pb,runtime_bb,runtime_box,runtime_pb,zeta_box,θ_bb,θ_box,θ_pb
30,24788,33,1,3600.16,3600.025,13.203,14.0,2.8962286739336967e7,9.125683296117019e6,2.8962286739336967e7
