instance,it_bb,it_box,p_true_pb,runtime_bb,runtime_box,runtime_pb,zeta_box,θ_bb,θ_box,θ_pb
3,11,10,1,0.322,2.332,10.038,2.0,2.7913118833928503e7,2.7913118833928503e7,2.7913118833928503e7
