instance,it_bb,it_box,p_true_pb,runtime_bb,runtime_box,runtime_pb,zeta_box,θ_bb,θ_box,θ_pb
30,30443,80,1,3600.22,3600.061,10.97,10.4,2.8962286739336964e7,1.692804208842686e7,2.8962286739336967e7
