instance,it_bb,it_box,p_true_pb,runtime_bb,runtime_box,runtime_pb,zeta_box,θ_bb,θ_box,θ_pb
4,29011,33,1,3600.005,3600.041,8.798,12.571428571428571,1.925755682079942e7,6.910284646414164e6,1.9257556820799425e7
