instance,it_bb,it_box,p_true_pb,runtime_bb,runtime_box,runtime_pb,zeta_box,θ_bb,θ_box,θ_pb
40,35667,93,1,3600.001,3600.036,9.335,3.1999999999999993,1.2405189766519222e7,1.0633097010183457e7,1.4767964555273496e7
