instance,it_bb,it_box,p_true_pb,runtime_bb,runtime_box,runtime_pb,zeta_box,θ_bb,θ_box,θ_pb
47,38726,118,1,3600.078,3600.08,9.774,4.0,8.286070224224244e6,6.373977205996226e6,8.795972175583525e6
