instance,it_bb,it_box,p_true_pb,runtime_bb,runtime_box,runtime_pb,zeta_box,θ_bb,θ_box,θ_pb
9,25517,52,1,3600.228,3600.064,10.441,7.6,1.6038561256344954e7,7.713374846983992e6,1.6038561256344955e7
