instance,it_bb,it_box,p_true_pb,runtime_bb,runtime_box,runtime_pb,zeta_box,θ_bb,θ_box,θ_pb
30,33336,70,1,3600.045,3600.042,9.914,10.8,2.8962286739336964e7,1.6531297656757478e7,2.8962286739336967e7
