instance,it_bb,it_box,p_true_pb,runtime_bb,runtime_box,runtime_pb,zeta_box,θ_bb,θ_box,θ_pb
19,28959,43,1,3600.115,3600.037,11.019,9.000000001000007,1.8849629624028556e7,6.705120782401646e6,1.8849629624028556e7
