instance,it_bb,it_box,p_true_pb,runtime_bb,runtime_box,runtime_pb,zeta_box,θ_bb,θ_box,θ_pb
40,7,6,1,0.259,1.976,8.962,3.333333333333332,1.4767964555273496e7,1.4767964555273496e7,1.4767964555273496e7
