instance,it_bb,it_box,p_true_pb,runtime_bb,runtime_box,runtime_pb,zeta_box,θ_bb,θ_box,θ_pb
26,10,9,1,0.294,2.098,9.131,1.8000000000000007,2.1633180981246118e7,2.1633180981246118e7,2.163318098124612e7
