instance,it_bb,it_box,p_true_pb,runtime_bb,runtime_box,runtime_pb,zeta_box,θ_bb,θ_box,θ_pb
38,50299,771,1,3600.165,3600.041,9.001,1.9999353533250996e-6,1.9916261971315607e7,1.595677770193904e7,2.02859901099671e7
