instance,it_bb,it_box,p_true_pb,runtime_bb,runtime_box,runtime_pb,zeta_box,θ_bb,θ_box,θ_pb
42,10,9,1,0.308,2.283,10.062,2.0,1.6931257703798424e7,1.6931257703798424e7,1.693125770379842e7
