instance,it_bb,it_box,p_true_pb,runtime_bb,runtime_box,runtime_pb,zeta_box,θ_bb,θ_box,θ_pb
49,33136,52,1,3600.125,3600.036,8.957,7.0,1.3980626695256911e7,6.860949540949677e6,1.3980626695256915e7
