instance,it_bb,it_box,p_true_pb,runtime_bb,runtime_box,runtime_pb,zeta_box,θ_bb,θ_box,θ_pb
16,29459,77,1,3600.22,3600.039,13.365,8.2,2.167299719841891e7,1.3026469107950587e7,2.1672997198418923e7
