instance,it_bb,it_box,p_true_pb,runtime_bb,runtime_box,runtime_pb,zeta_box,θ_bb,θ_box,θ_pb
21,11,10,1,0.333,2.444,10.163,1.0,1.7138952937869757e7,1.7138952937869757e7,1.7138952937869757e7
