instance,it_bb,it_box,p_true_pb,runtime_bb,runtime_box,runtime_pb,zeta_box,θ_bb,θ_box,θ_pb
37,34307,83,1,3600.086,3600.042,9.412,7.5,1.929400893631032e7,1.2395050224112565e7,1.929400893631032e7
