instance,it_bb,it_box,p_true_pb,runtime_bb,runtime_box,runtime_pb,zeta_box,θ_bb,θ_box,θ_pb
18,27597,40,1,3600.104,3600.029,9.344,11.2,2.792332173421645e7,9.44118958408298e6,2.792332173421645e7
