instance,it_bb,it_box,p_true_pb,runtime_bb,runtime_box,runtime_pb,zeta_box,θ_bb,θ_box,θ_pb
16,28963,46,1,3600.112,3600.052,9.336,10.8,2.167299719841891e7,9.432975696586832e6,2.1672997198418923e7
