instance,it_bb,it_box,p_true_pb,runtime_bb,runtime_box,runtime_pb,zeta_box,θ_bb,θ_box,θ_pb
45,29848,66,1,3600.03,3600.043,19.927,7.571428571428573,1.342039604551135e7,8.140423802082715e6,1.353039604551135e7
