instance,it_bb,it_box,p_true_pb,runtime_bb,runtime_box,runtime_pb,zeta_box,θ_bb,θ_box,θ_pb
31,43318,125,1,3600.002,198.69,10.909,0.7499997151721942,1.9814907488854162e7,1.6344568195832789e7,2.015074633144337e7
