instance,it_bb,it_box,p_true_pb,runtime_bb,runtime_box,runtime_pb,zeta_box,θ_bb,θ_box,θ_pb
38,25384,54,1,3600.112,3600.028,10.208,7.000000000800014,2.02859901099671e7,9.153812398517951e6,2.02859901099671e7
