instance,it_bb,it_box,p_true_pb,runtime_bb,runtime_box,runtime_pb,zeta_box,θ_bb,θ_box,θ_pb
34,36110,89,1,3600.091,3600.054,9.327,4.000000000500002,2.005399039363343e7,1.2838938385020755e7,2.0053990393633436e7
