instance,it_bb,it_box,p_true_pb,runtime_bb,runtime_box,runtime_pb,zeta_box,θ_bb,θ_box,θ_pb
1,31707,83,1,3600.019,3600.068,11.518,4.75,1.581782760715914e7,9.395749813097423e6,1.5817827607159141e7
