instance,it_bb,it_box,p_true_pb,runtime_bb,runtime_box,runtime_pb,zeta_box,θ_bb,θ_box,θ_pb
46,47143,88,1,3600.038,76.715,11.165,2.6666666666666674,1.7872565638657372e7,1.4058419551174035e7,1.819949597292199e7
