instance,it_bb,it_box,p_true_pb,runtime_bb,runtime_box,runtime_pb,zeta_box,θ_bb,θ_box,θ_pb
36,34111,81,1,3600.156,3600.037,9.907,9.0,2.342044252083418e7,1.3932216922757378e7,2.342044252083419e7
