instance,it_bb,it_box,p_true_pb,runtime_bb,runtime_box,runtime_pb,zeta_box,θ_bb,θ_box,θ_pb
46,35164,101,1,3600.139,3600.033,9.746,6.000000000000001,1.8199495972921986e7,1.1224965719609836e7,1.819949597292199e7
