instance,it_bb,it_box,p_true_pb,runtime_bb,runtime_box,runtime_pb,zeta_box,θ_bb,θ_box,θ_pb
24,24351,93,1,283.169,34.257,9.737,0.2499999999999991,1.1292417413284864e7,1.1292414450046629e7,1.2857650181343546e7
