instance,it_bb,it_box,p_true_pb,runtime_bb,runtime_box,runtime_pb,zeta_box,θ_bb,θ_box,θ_pb
39,36494,87,1,3600.066,3600.039,9.164,8.0,2.6414382787855174e7,1.5538227304063143e7,2.6414382787855178e7
