instance,it_bb,it_box,p_true_pb,runtime_bb,runtime_box,runtime_pb,zeta_box,θ_bb,θ_box,θ_pb
37,30693,81,1,3600.027,3600.054,12.283,7.1666666666666625,1.929400893631032e7,1.2278222227551933e7,1.929400893631032e7
