instance,it_bb,it_box,p_true_pb,runtime_bb,runtime_box,runtime_pb,zeta_box,θ_bb,θ_box,θ_pb
20,31081,48,1,3600.171,3600.035,9.29,10.4,2.3929014253614586e7,1.1167267335257573e7,2.392901425361459e7
