instance,it_bb,it_box,p_true_pb,runtime_bb,runtime_box,runtime_pb,zeta_box,θ_bb,θ_box,θ_pb
39,30187,56,1,3600.008,3600.028,9.228,9.75,2.6414382787855174e7,1.1474537551359328e7,2.6414382787855178e7
