instance,it_bb,it_box,p_true_pb,runtime_bb,runtime_box,runtime_pb,zeta_box,θ_bb,θ_box,θ_pb
35,26804,38,1,3600.099,3600.064,10.132,10.85714285832858,3.1174538486972056e7,1.0035452988540743e7,3.1174538486972056e7
