instance,it_bb,it_box,p_true_pb,runtime_bb,runtime_box,runtime_pb,zeta_box,θ_bb,θ_box,θ_pb
32,27883,36,1,3600.079,3600.047,9.589,11.8,2.537726490925411e7,8.199231567765653e6,2.5377264909254104e7
