instance,it_bb,it_box,p_true_pb,runtime_bb,runtime_box,runtime_pb,zeta_box,θ_bb,θ_box,θ_pb
24,8,6,1,0.339,2.512,11.186,5.0,1.2857650181343544e7,1.2857650181343544e7,1.2857650181343546e7
