instance,it_bb,it_box,p_true_pb,runtime_bb,runtime_box,runtime_pb,zeta_box,θ_bb,θ_box,θ_pb
6,32052,61,1,3600.124,3600.051,8.899,7.625,1.6295261955884004e7,8.203988127608145e6,1.6295261955884006e7
