instance,it_bb,it_box,p_true_pb,runtime_bb,runtime_box,runtime_pb,zeta_box,θ_bb,θ_box,θ_pb
8,8,7,1,0.356,2.764,12.298,2.333333333333334,1.1177543172627617e7,1.1177543172627617e7,1.1177543172627619e7
