instance,it_bb,it_box,p_true_pb,runtime_bb,runtime_box,runtime_pb,zeta_box,θ_bb,θ_box,θ_pb
32,34525,80,1,3600.183,3600.035,8.986,9.200000000000003,2.5377264909254104e7,1.483612031467333e7,2.5377264909254104e7
