instance,it_bb,it_box,p_true_pb,runtime_bb,runtime_box,runtime_pb,zeta_box,θ_bb,θ_box,θ_pb
27,36962,91,1,3600.012,3600.053,9.255,6.0,2.3131074026174344e7,1.4224707521748755e7,2.3131074026174344e7
