instance,it_bb,it_box,p_true_pb,runtime_bb,runtime_box,runtime_pb,zeta_box,θ_bb,θ_box,θ_pb
12,27560,37,1,3600.102,3600.105,9.465,7.400000000000002,1.6224173742359662e7,6.12701200853419e6,1.6224173742359664e7
