instance,it_bb,it_box,p_true_pb,runtime_bb,runtime_box,runtime_pb,zeta_box,θ_bb,θ_box,θ_pb
18,34325,86,1,3600.042,3600.038,9.498,11.75,2.792332173421645e7,1.6488248019292785e7,2.792332173421645e7
