instance,it_bb,it_box,p_true_pb,runtime_bb,runtime_box,runtime_pb,zeta_box,θ_bb,θ_box,θ_pb
12,54282,86,1,3600.08,52.728,8.543,0.7999999999999994,1.474926086357665e7,1.282054798499994e7,1.6224173742359664e7
