instance,it_bb,it_box,p_true_pb,runtime_bb,runtime_box,runtime_pb,zeta_box,θ_bb,θ_box,θ_pb
42,55031,119,1,3600.088,262.919,9.658,0.3999999999999986,1.6084730681193708e7,1.407426116234001e7,1.693125770379842e7
