instance,it_bb,it_box,p_true_pb,runtime_bb,runtime_box,runtime_pb,zeta_box,θ_bb,θ_box,θ_pb
2,29762,52,1,3600.016,3600.111,9.347,8.25,1.7904040800750125e7,8.787641818217251e6,1.7904040800750125e7
