instance,it_bb,it_box,p_true_pb,runtime_bb,runtime_box,runtime_pb,zeta_box,θ_bb,θ_box,θ_pb
11,287719,94,1,3600.002,35.673,9.393,3.999803993792739e-6,1.1076169609876554e7,1.0948869773149641e7,1.2985829265417302e7
