instance,it_bb,it_box,p_true_pb,runtime_bb,runtime_box,runtime_pb,zeta_box,θ_bb,θ_box,θ_pb
16,10,9,1,0.348,2.578,10.429,0.3333333333333357,2.167299719841891e7,2.167299719841891e7,2.1672997198418923e7
