instance,it_bb,it_box,p_true_pb,runtime_bb,runtime_box,runtime_pb,zeta_box,θ_bb,θ_box,θ_pb
10,29273,37,1,3600.17,3600.037,8.986,10.199999999999994,2.068844046924181e7,7.937149029550597e6,2.068844046924181e7
