instance,it_bb,it_box,p_true_pb,runtime_bb,runtime_box,runtime_pb,zeta_box,θ_bb,θ_box,θ_pb
12,29721,50,1,3600.071,3600.062,9.39,6.799999999999978,1.6224173742359662e7,7.828661917457295e6,1.6224173742359664e7
