instance,it_bb,it_box,p_true_pb,runtime_bb,runtime_box,runtime_pb,zeta_box,θ_bb,θ_box,θ_pb
1,44986,135,1,3600.088,311.713,11.759,5.615828778893217e-6,1.5461044349552855e7,1.2725698057229077e7,1.5817827607159141e7
