instance,it_bb,it_box,p_true_pb,runtime_bb,runtime_box,runtime_pb,zeta_box,θ_bb,θ_box,θ_pb
41,31901,99,1,3600.089,3600.037,10.222,5.6000000000000005,1.8315228975917015e7,1.1893105082271717e7,1.8434157525895562e7
