instance,it_bb,it_box,p_true_pb,runtime_bb,runtime_box,runtime_pb,zeta_box,θ_bb,θ_box,θ_pb
21,49297,109,1,3600.074,253.95,10.139,0.5,1.678680071083417e7,1.34999604791681e7,1.7138952937869757e7
