instance,it_bb,it_box,p_true_pb,runtime_bb,runtime_box,runtime_pb,zeta_box,θ_bb,θ_box,θ_pb
23,33691,80,1,3600.167,3600.091,9.377,8.200000000000003,2.4706029087581612e7,1.4263416783914942e7,2.4706029087581616e7
