instance,it_bb,it_box,p_true_pb,runtime_bb,runtime_box,runtime_pb,zeta_box,θ_bb,θ_box,θ_pb
44,34757,89,1,3600.008,3600.042,9.554,7.166666666666671,1.7949809984638494e7,1.169111412593213e7,1.7949809984638497e7
