instance,it_bb,it_box,p_true_pb,runtime_bb,runtime_box,runtime_pb,zeta_box,θ_bb,θ_box,θ_pb
14,29452,41,1,3600.083,3600.029,9.036,11.499999999999998,2.2578915195479296e7,8.090794014940729e6,2.2578915195479296e7
