instance,it_bb,it_box,p_true_pb,runtime_bb,runtime_box,runtime_pb,zeta_box,θ_bb,θ_box,θ_pb
47,36350,131,1,3600.041,3600.04,10.02,1.4285714285714284,8.286070224224244e6,6.501429302411964e6,8.795972175583525e6
