instance,it_bb,it_box,p_true_pb,runtime_bb,runtime_box,runtime_pb,zeta_box,θ_bb,θ_box,θ_pb
6,8,7,1,0.298,2.135,9.397,2.1999999999999993,1.6295261955884004e7,1.6295261955884004e7,1.6295261955884006e7
