instance,it_bb,it_box,p_true_pb,runtime_bb,runtime_box,runtime_pb,zeta_box,θ_bb,θ_box,θ_pb
48,37057,94,1,3600.023,3600.041,9.053,3.0,1.527671264461724e7,1.1054000488437487e7,1.5400910068100987e7
