instance,it_bb,it_box,p_true_pb,runtime_bb,runtime_box,runtime_pb,zeta_box,θ_bb,θ_box,θ_pb
10,83231,135,1,2192.279,111.268,9.442,1.7550683050204796e-6,1.70452111325132e7,1.7045211132513195e7,2.068844046924181e7
