instance,it_bb,it_box,p_true_pb,runtime_bb,runtime_box,runtime_pb,zeta_box,θ_bb,θ_box,θ_pb
48,34728,91,1,3600.028,3600.033,11.002,3.166666666666666,1.527671264461724e7,1.1054000154033925e7,1.5400910068100987e7
