instance,it_bb,it_box,p_true_pb,runtime_bb,runtime_box,runtime_pb,zeta_box,θ_bb,θ_box,θ_pb
49,32724,84,1,3600.129,3600.054,9.763,5.5,1.3980626695256911e7,9.191022776734132e6,1.3980626695256915e7
