instance,it_bb,it_box,p_true_pb,runtime_bb,runtime_box,runtime_pb,zeta_box,θ_bb,θ_box,θ_pb
3,30385,51,1,3600.091,3600.048,9.218,10.166666666666668,2.7913118833928503e7,1.169352329820464e7,2.7913118833928503e7
