instance,it_bb,it_box,p_true_pb,runtime_bb,runtime_box,runtime_pb,zeta_box,θ_bb,θ_box,θ_pb
50,38738,79,1,753.389,49.383,12.289,1.3999999999999977,1.5742924527761618e7,1.5742924463857615e7,1.9070619826312855e7
