instance,it_bb,it_box,p_true_pb,runtime_bb,runtime_box,runtime_pb,zeta_box,θ_bb,θ_box,θ_pb
40,31702,94,1,3600.006,3600.055,10.945,5.6,1.4649824807516862e7,1.0751213131548095e7,1.4767964555273496e7
