instance,it_bb,it_box,p_true_pb,runtime_bb,runtime_box,runtime_pb,zeta_box,θ_bb,θ_box,θ_pb
44,35299,80,1,3600.002,3600.053,9.838,6.666666666666664,1.7949809984638494e7,1.1454947838349598e7,1.7949809984638497e7
