instance,it_bb,it_box,p_true_pb,runtime_bb,runtime_box,runtime_pb,zeta_box,θ_bb,θ_box,θ_pb
32,30964,79,1,3600.124,3600.05,9.481,7.2,2.5377264909254104e7,1.470594475132639e7,2.5377264909254104e7
