instance,it_bb,it_box,p_true_pb,runtime_bb,runtime_box,runtime_pb,zeta_box,θ_bb,θ_box,θ_pb
29,34049,83,1,3600.124,3600.057,9.061,4.0,1.6291950400882011e7,1.0657285235179715e7,1.6291950400882017e7
