instance,it_bb,it_box,p_true_pb,runtime_bb,runtime_box,runtime_pb,zeta_box,θ_bb,θ_box,θ_pb
48,9,8,1,0.268,1.975,8.682,3.1999999999999993,1.5400910068100981e7,1.5400910068100981e7,1.5400910068100987e7
