instance,it_bb,it_box,p_true_pb,runtime_bb,runtime_box,runtime_pb,zeta_box,θ_bb,θ_box,θ_pb
3,27927,37,1,3600.002,3600.033,9.108,11.833333333333337,2.7913118833928503e7,8.42475418174493e6,2.7913118833928503e7
