instance,it_bb,it_box,p_true_pb,runtime_bb,runtime_box,runtime_pb,zeta_box,θ_bb,θ_box,θ_pb
11,29994,92,1,3600.031,3600.028,13.012,5.5,1.2858518621714585e7,8.911888666930377e6,1.2985829265417302e7
