instance,it_bb,it_box,p_true_pb,runtime_bb,runtime_box,runtime_pb,zeta_box,θ_bb,θ_box,θ_pb
14,29487,54,1,3600.173,3600.026,9.791,11.8,2.2578915195479296e7,1.014343071253185e7,2.2578915195479296e7
