instance,it_bb,it_box,p_true_pb,runtime_bb,runtime_box,runtime_pb,zeta_box,θ_bb,θ_box,θ_pb
17,48063,134,1,3600.106,405.208,9.685,1.1999999999999993,2.178212333907652e7,1.8817709655164994e7,2.2297673530619495e7
