instance,it_bb,it_box,p_true_pb,runtime_bb,runtime_box,runtime_pb,zeta_box,θ_bb,θ_box,θ_pb
13,36225,97,1,3600.162,3600.045,9.414,4.600000000000001,1.553204936659192e7,1.0670057290143318e7,1.5532049366591921e7
