instance,it_bb,it_box,p_true_pb,runtime_bb,runtime_box,runtime_pb,zeta_box,θ_bb,θ_box,θ_pb
46,25275,54,1,3600.13,3600.084,12.434,7.0,1.8199495972921986e7,8.391772221073365e6,1.819949597292199e7
