instance,it_bb,it_box,p_true_pb,runtime_bb,runtime_box,runtime_pb,zeta_box,θ_bb,θ_box,θ_pb
35,32009,93,1,3600.137,3600.052,9.862,5.0,3.1174538486972056e7,1.7661317370215394e7,3.1174538486972056e7
