instance,it_bb,it_box,p_true_pb,runtime_bb,runtime_box,runtime_pb,zeta_box,θ_bb,θ_box,θ_pb
19,11,10,1,0.287,2.124,9.347,2.499999999999999,1.8849629624028556e7,1.8849629624028556e7,1.8849629624028556e7
