instance,it_bb,it_box,p_true_pb,runtime_bb,runtime_box,runtime_pb,zeta_box,θ_bb,θ_box,θ_pb
34,10,9,1,0.373,2.681,11.98,0.25,2.0053990393633433e7,2.0053990393633433e7,2.0053990393633436e7
