instance,it_bb,it_box,p_true_pb,runtime_bb,runtime_box,runtime_pb,zeta_box,θ_bb,θ_box,θ_pb
43,50255,95,1,3600.144,81.003,9.528,0.5000000001500098,1.914424985117409e7,1.5991173173155311e7,1.9482079689998318e7
