instance,it_bb,it_box,p_true_pb,runtime_bb,runtime_box,runtime_pb,zeta_box,θ_bb,θ_box,θ_pb
42,30946,53,1,3600.179,3600.051,9.832,10.857142857142856,1.693125770379842e7,8.571910524273518e6,1.693125770379842e7
