instance,it_bb,it_box,p_true_pb,runtime_bb,runtime_box,runtime_pb,zeta_box,θ_bb,θ_box,θ_pb
11,29742,42,1,3600.014,3600.035,9.092,7.333333333333333,1.29858292654173e7,5.21992971548209e6,1.2985829265417302e7
