instance,it_bb,it_box,p_true_pb,runtime_bb,runtime_box,runtime_pb,zeta_box,θ_bb,θ_box,θ_pb
15,26718,38,1,3600.106,3600.038,8.973,9.28571428674286,2.0467593944001533e7,7.191738697905556e6,2.0467593944001537e7
