instance,it_bb,it_box,p_true_pb,runtime_bb,runtime_box,runtime_pb,zeta_box,θ_bb,θ_box,θ_pb
18,44671,161,1,3600.081,486.805,9.878,0.400000000140011,2.7790355573107697e7,2.2471709128757402e7,2.792332173421645e7
