instance,it_bb,it_box,p_true_pb,runtime_bb,runtime_box,runtime_pb,zeta_box,θ_bb,θ_box,θ_pb
35,46718,124,1,3600.134,341.442,9.516,0.6000000000000014,3.0773157307887394e7,2.314690453124227e7,3.1174538486972056e7
