instance,it_bb,it_box,p_true_pb,runtime_bb,runtime_box,runtime_pb,zeta_box,θ_bb,θ_box,θ_pb
21,11,10,1,0.277,2.07,9.211,1.0,1.7138952937869757e7,1.7138952937869757e7,1.7138952937869757e7
