instance,it_bb,it_box,p_true_pb,runtime_bb,runtime_box,runtime_pb,zeta_box,θ_bb,θ_box,θ_pb
42,32464,75,1,3600.03,3600.037,9.66,7.833333333333328,1.6931257703798417e7,1.0899802252366545e7,1.693125770379842e7
