instance,it_bb,it_box,p_true_pb,runtime_bb,runtime_box,runtime_pb,zeta_box,θ_bb,θ_box,θ_pb
21,32221,82,1,3600.002,3600.065,9.086,5.499999999999999,1.7138952937869757e7,1.0330447250869328e7,1.7138952937869757e7
