instance,it_bb,it_box,p_true_pb,runtime_bb,runtime_box,runtime_pb,zeta_box,θ_bb,θ_box,θ_pb
8,34628,104,1,3600.028,3600.037,9.423,3.249999999999999,1.1177543172627617e7,7.367070655185276e6,1.1177543172627619e7
