instance,it_bb,it_box,p_true_pb,runtime_bb,runtime_box,runtime_pb,zeta_box,θ_bb,θ_box,θ_pb
29,26729,37,1,3600.152,3600.042,16.499,8.5,1.6291950400882011e7,6.369869520035129e6,1.6291950400882017e7
