instance,it_bb,it_box,p_true_pb,runtime_bb,runtime_box,runtime_pb,zeta_box,θ_bb,θ_box,θ_pb
36,42269,175,1,3600.028,690.434,11.748,0.7499999999999993,2.3180235647328194e7,1.8976628820442412e7,2.342044252083419e7
