instance,it_bb,it_box,p_true_pb,runtime_bb,runtime_box,runtime_pb,zeta_box,θ_bb,θ_box,θ_pb
38,28188,35,1,3600.105,3600.028,9.449,9.0,2.02859901099671e7,7.29830263429701e6,2.02859901099671e7
