instance,it_bb,it_box,p_true_pb,runtime_bb,runtime_box,runtime_pb,zeta_box,θ_bb,θ_box,θ_pb
37,28055,53,1,3600.146,3600.032,10.262,10.666666666666666,1.929400893631032e7,9.004112553115573e6,1.929400893631032e7
