instance,it_bb,it_box,p_true_pb,runtime_bb,runtime_box,runtime_pb,zeta_box,θ_bb,θ_box,θ_pb
16,33511,74,1,3600.102,3600.053,9.937,9.2,2.167299719841891e7,1.2914091599508384e7,2.1672997198418923e7
