instance,it_bb,it_box,p_true_pb,runtime_bb,runtime_box,runtime_pb,zeta_box,θ_bb,θ_box,θ_pb
17,25003,30,1,3600.161,3600.04,9.424,12.5,2.229767353061949e7,7.991190910679849e6,2.2297673530619495e7
