instance,it_bb,it_box,p_true_pb,runtime_bb,runtime_box,runtime_pb,zeta_box,θ_bb,θ_box,θ_pb
49,31294,79,1,3600.094,3600.034,11.366,6.0,1.3980626695256911e7,9.06157395588573e6,1.3980626695256915e7
