instance,it_bb,it_box,p_true_pb,runtime_bb,runtime_box,runtime_pb,zeta_box,θ_bb,θ_box,θ_pb
19,35792,87,1,3600.116,3600.044,10.217,6.600000000000001,1.8849629624028556e7,1.138572153241864e7,1.8849629624028556e7
