instance,it_bb,it_box,p_true_pb,runtime_bb,runtime_box,runtime_pb,zeta_box,θ_bb,θ_box,θ_pb
25,36888,125,1,3600.091,3600.023,10.455,1.3333333333333321,6.81043201496166e6,5.472766871466801e6,7.053643856778625e6
