instance,it_bb,it_box,p_true_pb,runtime_bb,runtime_box,runtime_pb,zeta_box,θ_bb,θ_box,θ_pb
3,43476,125,1,3600.073,258.095,9.476,0.39999999999999447,2.7661651142166715e7,2.1249301713574667e7,2.7913118833928503e7
