instance,it_bb,it_box,p_true_pb,runtime_bb,runtime_box,runtime_pb,zeta_box,θ_bb,θ_box,θ_pb
7,27622,38,1,3600.136,3600.033,10.829,8.833333334316677,2.042975882008181e7,7.095658541139573e6,2.0429758820081808e7
