instance,it_bb,it_box,p_true_pb,runtime_bb,runtime_box,runtime_pb,zeta_box,θ_bb,θ_box,θ_pb
35,28601,52,1,3600.005,3600.043,9.166,9.75,3.1174538486972056e7,1.3246390185224347e7,3.1174538486972056e7
