instance,it_bb,it_box,p_true_pb,runtime_bb,runtime_box,runtime_pb,zeta_box,θ_bb,θ_box,θ_pb
43,10,8,1,0.344,2.236,9.244,2.75,1.9482079689998314e7,1.9482079689998314e7,1.9482079689998318e7
