instance,it_bb,it_box,p_true_pb,runtime_bb,runtime_box,runtime_pb,zeta_box,θ_bb,θ_box,θ_pb
14,10,9,1,0.268,1.972,8.869,2.0,2.2578915195479296e7,2.2578915195479296e7,2.2578915195479296e7
