instance,it_bb,it_box,p_true_pb,runtime_bb,runtime_box,runtime_pb,zeta_box,θ_bb,θ_box,θ_pb
31,10,9,1,0.306,2.22,9.924,3.333333333333332,2.0150746331443366e7,2.0150746331443366e7,2.015074633144337e7
