instance,it_bb,it_box,p_true_pb,runtime_bb,runtime_box,runtime_pb,zeta_box,θ_bb,θ_box,θ_pb
34,59807,111,1,3600.097,153.876,9.124,0.3333333333333357,1.9205161755277254e7,1.6022151362800334e7,2.0053990393633436e7
