instance,it_bb,it_box,p_true_pb,runtime_bb,runtime_box,runtime_pb,zeta_box,θ_bb,θ_box,θ_pb
50,31229,99,1,3600.182,3600.038,11.519,10.0,1.8942631545599345e7,1.2927182352064418e7,1.9070619826312855e7
