instance,it_bb,it_box,p_true_pb,runtime_bb,runtime_box,runtime_pb,zeta_box,θ_bb,θ_box,θ_pb
27,28679,58,1,3600.129,3600.065,9.987,8.333333333333332,2.3131074026174344e7,1.0236865108083244e7,2.3131074026174344e7
