instance,it_bb,it_box,p_true_pb,runtime_bb,runtime_box,runtime_pb,zeta_box,θ_bb,θ_box,θ_pb
34,30502,51,1,3600.164,3600.043,9.445,8.285714285714285,2.0053990393633433e7,9.549756365228597e6,2.0053990393633436e7
