instance,it_bb,it_box,p_true_pb,runtime_bb,runtime_box,runtime_pb,zeta_box,θ_bb,θ_box,θ_pb
22,52002,83,1,807.149,47.156,8.953,0.25000000012500934,1.0171169362613568e7,1.0171169362613568e7,1.1745199332848502e7
