instance,it_bb,it_box,p_true_pb,runtime_bb,runtime_box,runtime_pb,zeta_box,θ_bb,θ_box,θ_pb
41,83274,133,1,2092.721,174.528,9.974,0.6666666666666661,1.4985292789544828e7,1.4985239239578342e7,1.8434157525895562e7
