instance,it_bb,it_box,p_true_pb,runtime_bb,runtime_box,runtime_pb,zeta_box,θ_bb,θ_box,θ_pb
28,29363,54,1,3600.179,3600.033,10.151,6.750000000775003,1.1692232964863595e7,6.251393919010495e6,1.16922329648636e7
