instance,it_bb,it_box,p_true_pb,runtime_bb,runtime_box,runtime_pb,zeta_box,θ_bb,θ_box,θ_pb
9,34092,89,1,3600.11,3600.031,10.072,6.4,1.6038561256344954e7,1.0162009146352924e7,1.6038561256344955e7
