instance,it_bb,it_box,p_true_pb,runtime_bb,runtime_box,runtime_pb,zeta_box,θ_bb,θ_box,θ_pb
1,31454,51,1,3600.031,3600.045,8.978,6.6,1.581782760715914e7,6.779277842298579e6,1.5817827607159141e7
