instance,it_bb,it_box,p_true_pb,runtime_bb,runtime_box,runtime_pb,zeta_box,θ_bb,θ_box,θ_pb
36,11,10,1,0.383,2.739,12.407,1.0,2.3420442520834185e7,2.3420442520834185e7,2.342044252083419e7
