instance,it_bb,it_box,p_true_pb,runtime_bb,runtime_box,runtime_pb,zeta_box,θ_bb,θ_box,θ_pb
12,35260,96,1,3600.066,3600.042,10.889,5.499999999999999,1.6224173742359662e7,1.0324548286102107e7,1.6224173742359664e7
