instance,it_bb,it_box,p_true_pb,runtime_bb,runtime_box,runtime_pb,zeta_box,θ_bb,θ_box,θ_pb
4,52380,111,1,3600.064,121.62,8.993,1.4999765127754472e-6,1.8691164730459172e7,1.5859278101924699e7,1.9257556820799425e7
