instance,it_bb,it_box,p_true_pb,runtime_bb,runtime_box,runtime_pb,zeta_box,θ_bb,θ_box,θ_pb
26,27913,36,1,3600.099,3600.038,9.191,11.166666666666664,2.1633180981246118e7,7.649355860772109e6,2.163318098124612e7
