instance,it_bb,it_box,p_true_pb,runtime_bb,runtime_box,runtime_pb,zeta_box,θ_bb,θ_box,θ_pb
27,55320,142,1,3600.047,198.721,9.447,0.1428571429714296,2.1801713277543634e7,1.834537526052932e7,2.3131074026174344e7
