instance,it_bb,it_box,p_true_pb,runtime_bb,runtime_box,runtime_pb,zeta_box,θ_bb,θ_box,θ_pb
48,32682,50,1,3600.066,3600.054,9.1,10.0,1.527671264461724e7,7.824873197695449e6,1.5400910068100987e7
