instance,it_bb,it_box,p_true_pb,runtime_bb,runtime_box,runtime_pb,zeta_box,θ_bb,θ_box,θ_pb
46,32512,101,1,3600.082,3600.037,9.04,6.000000000000001,1.8199495972921986e7,1.1224970999715129e7,1.819949597292199e7
