instance,it_bb,it_box,p_true_pb,runtime_bb,runtime_box,runtime_pb,zeta_box,θ_bb,θ_box,θ_pb
23,31106,46,1,3600.159,3600.026,9.638,10.166666666666668,2.4706029087581612e7,1.0442847424046174e7,2.4706029087581616e7
