instance,it_bb,it_box,p_true_pb,runtime_bb,runtime_box,runtime_pb,zeta_box,θ_bb,θ_box,θ_pb
13,33126,94,1,3600.003,3600.066,11.768,4.33333333333333,1.553204936659192e7,1.0535094565708593e7,1.5532049366591921e7
