instance,it_bb,it_box,p_true_pb,runtime_bb,runtime_box,runtime_pb,zeta_box,θ_bb,θ_box,θ_pb
40,18120,69,1,266.398,29.083,12.049,1.9998021372202857e-6,1.2759588843410796e7,1.2759588843410796e7,1.4767964555273496e7
