instance,it_bb,it_box,p_true_pb,runtime_bb,runtime_box,runtime_pb,zeta_box,θ_bb,θ_box,θ_pb
22,26731,38,1,3600.04,3600.051,18.954,6.5,1.17451993328485e7,4.8436591104408065e6,1.1745199332848502e7
