instance,it_bb,it_box,p_true_pb,runtime_bb,runtime_box,runtime_pb,zeta_box,θ_bb,θ_box,θ_pb
30,45910,218,1,3600.175,1883.713,9.833,0.3333333333333336,2.869779477348545e7,2.3672447422306627e7,2.8962286739336967e7
