instance,it_bb,it_box,p_true_pb,runtime_bb,runtime_box,runtime_pb,zeta_box,θ_bb,θ_box,θ_pb
4,30846,52,1,3600.201,3600.025,9.004,10.5,1.925755682079942e7,8.949498304868584e6,1.9257556820799425e7
