instance,it_bb,it_box,p_true_pb,runtime_bb,runtime_box,runtime_pb,zeta_box,θ_bb,θ_box,θ_pb
40,32049,54,1,3600.076,3600.053,9.477,8.0,1.4649824807516862e7,8.152214854112528e6,1.4767964555273496e7
