instance,it_bb,it_box,p_true_pb,runtime_bb,runtime_box,runtime_pb,zeta_box,θ_bb,θ_box,θ_pb
22,31978,81,1,3600.003,3600.024,9.616,6.0,9.930946281344878e6,8.112720840138599e6,1.1745199332848502e7
