instance,it_bb,it_box,p_true_pb,runtime_bb,runtime_box,runtime_pb,zeta_box,θ_bb,θ_box,θ_pb
39,11,10,1,0.289,1.993,8.925,0.75,2.6414382787855174e7,2.6414382787855174e7,2.6414382787855178e7
