instance,it_bb,it_box,p_true_pb,runtime_bb,runtime_box,runtime_pb,zeta_box,θ_bb,θ_box,θ_pb
41,27756,47,1,3600.192,3600.077,10.021,8.166666666666666,1.843415752589556e7,6.898353152244463e6,1.8434157525895562e7
