instance,it_bb,it_box,p_true_pb,runtime_bb,runtime_box,runtime_pb,zeta_box,θ_bb,θ_box,θ_pb
6,26278,40,1,3600.075,3600.063,9.813,8.285714285714286,1.6295261955884004e7,6.406013443624656e6,1.6295261955884006e7
