instance,it_bb,it_box,p_true_pb,runtime_bb,runtime_box,runtime_pb,zeta_box,θ_bb,θ_box,θ_pb
7,11,10,1,0.378,2.859,12.301,1.75,2.042975882008181e7,2.042975882008181e7,2.0429758820081808e7
