instance,it_bb,it_box,p_true_pb,runtime_bb,runtime_box,runtime_pb,zeta_box,θ_bb,θ_box,θ_pb
21,30224,49,1,3600.166,3600.034,9.812,7.75,1.7138952937869757e7,7.513195711174406e6,1.7138952937869757e7
