instance,it_bb,it_box,p_true_pb,runtime_bb,runtime_box,runtime_pb,zeta_box,θ_bb,θ_box,θ_pb
44,10,9,1,0.277,2.014,8.766,2.25,1.7949809984638494e7,1.7949809984638494e7,1.7949809984638497e7
