instance,it_bb,it_box,p_true_pb,runtime_bb,runtime_box,runtime_pb,zeta_box,θ_bb,θ_box,θ_pb
50,31021,58,1,3600.061,3600.053,9.89,10.5,1.9070619826312855e7,9.855671558501316e6,1.9070619826312855e7
