instance,it_bb,it_box,p_true_pb,runtime_bb,runtime_box,runtime_pb,zeta_box,θ_bb,θ_box,θ_pb
10,32787,87,1,3600.001,3600.056,10.823,6.0,1.83490642704766e7,1.3271919863724392e7,2.068844046924181e7
