instance,it_bb,it_box,p_true_pb,runtime_bb,runtime_box,runtime_pb,zeta_box,θ_bb,θ_box,θ_pb
7,31704,54,1,3600.016,3600.034,8.908,8.000000000900002,2.042975882008181e7,9.053000851052336e6,2.0429758820081808e7
