instance,it_bb,it_box,p_true_pb,runtime_bb,runtime_box,runtime_pb,zeta_box,θ_bb,θ_box,θ_pb
4,34062,82,1,3600.044,3600.035,11.273,4.399999999999995,1.925755682079942e7,1.2121117367710786e7,1.9257556820799425e7
