instance,it_bb,it_box,p_true_pb,runtime_bb,runtime_box,runtime_pb,zeta_box,θ_bb,θ_box,θ_pb
50,28984,44,1,3600.183,3600.04,9.713,9.0,1.9070619826312855e7,7.551686511895616e6,1.9070619826312855e7
