instance,it_bb,it_box,p_true_pb,runtime_bb,runtime_box,runtime_pb,zeta_box,θ_bb,θ_box,θ_pb
46,11,10,1,0.324,2.336,9.798,0.3333333333333357,1.8199495972921986e7,1.8199495972921986e7,1.819949597292199e7
