instance,it_bb,it_box,p_true_pb,runtime_bb,runtime_box,runtime_pb,zeta_box,θ_bb,θ_box,θ_pb
36,47080,175,1,3600.038,914.314,8.909,0.7499999999999993,2.3180235647328194e7,1.8976628820442412e7,2.342044252083419e7
