instance,it_bb,it_box,p_true_pb,runtime_bb,runtime_box,runtime_pb,zeta_box,θ_bb,θ_box,θ_pb
49,10,9,1,0.348,2.574,11.484,4.0,1.3980626695256911e7,1.3980626695256911e7,1.3980626695256915e7
