instance,it_bb,it_box,p_true_pb,runtime_bb,runtime_box,runtime_pb,zeta_box,θ_bb,θ_box,θ_pb
25,29597,36,1,3600.213,3600.163,18.796,6.0,7.0536438567786245e6,3.1626282665710994e6,7.053643856778625e6
