instance,it_bb,it_box,p_true_pb,runtime_bb,runtime_box,runtime_pb,zeta_box,θ_bb,θ_box,θ_pb
35,11,10,1,0.306,2.156,9.281,3.0,3.1174538486972056e7,3.1174538486972056e7,3.1174538486972056e7
