instance,it_bb,it_box,p_true_pb,runtime_bb,runtime_box,runtime_pb,zeta_box,θ_bb,θ_box,θ_pb
11,33960,94,1,3600.071,3600.047,9.551,4.0,1.2858518621714585e7,8.911893100207537e6,1.2985829265417302e7
