instance,it_bb,it_box,p_true_pb,runtime_bb,runtime_box,runtime_pb,zeta_box,θ_bb,θ_box,θ_pb
48,61774,67,1,1415.976,23.862,10.265,3.3999999999999986,1.3165356445393622e7,1.3165356445393622e7,1.5400910068100987e7
