instance,it_bb,it_box,p_true_pb,runtime_bb,runtime_box,runtime_pb,zeta_box,θ_bb,θ_box,θ_pb
41,8,7,1,0.285,2.156,9.372,5.999999999999998,1.843415752589556e7,1.843415752589556e7,1.8434157525895562e7
