instance,it_bb,it_box,p_true_pb,runtime_bb,runtime_box,runtime_pb,zeta_box,θ_bb,θ_box,θ_pb
20,11,10,1,0.344,2.504,10.764,1.25,2.3929014253614586e7,2.3929014253614586e7,2.392901425361459e7
