instance,it_bb,it_box,p_true_pb,runtime_bb,runtime_box,runtime_pb,zeta_box,θ_bb,θ_box,θ_pb
6,37360,77,1,580.403,20.494,9.366,0.75,1.3036276070673699e7,1.3036276070673699e7,1.6295261955884006e7
