instance,it_bb,it_box,p_true_pb,runtime_bb,runtime_box,runtime_pb,zeta_box,θ_bb,θ_box,θ_pb
20,25152,36,1,3600.096,3600.042,9.901,13.166666666666666,2.3929014253614586e7,8.907251588824814e6,2.392901425361459e7
