instance,it_bb,it_box,p_true_pb,runtime_bb,runtime_box,runtime_pb,zeta_box,θ_bb,θ_box,θ_pb
12,9,8,1,0.342,2.581,11.031,2.0,1.6224173742359662e7,1.6224173742359662e7,1.6224173742359664e7
