instance,it_bb,it_box,p_true_pb,runtime_bb,runtime_box,runtime_pb,zeta_box,θ_bb,θ_box,θ_pb
33,44950,119,1,3600.121,210.468,11.655,8.602234061072522e-6,1.9446195352312416e7,1.6080631160238164e7,1.982014989500444e7
