instance,it_bb,it_box,p_true_pb,runtime_bb,runtime_box,runtime_pb,zeta_box,θ_bb,θ_box,θ_pb
44,31878,55,1,3600.167,3600.051,9.465,9.200000001020001,1.7949809984638494e7,8.856994339622438e6,1.7949809984638497e7
