instance,it_bb,it_box,p_true_pb,runtime_bb,runtime_box,runtime_pb,zeta_box,θ_bb,θ_box,θ_pb
17,32925,83,1,3600.128,3600.043,9.712,7.399999999999991,2.229767353061949e7,1.4306877977974292e7,2.2297673530619495e7
