instance,it_bb,it_box,p_true_pb,runtime_bb,runtime_box,runtime_pb,zeta_box,θ_bb,θ_box,θ_pb
34,29049,42,1,3600.17,3600.041,8.968,11.333333333333334,2.0053990393633433e7,7.640226130523466e6,2.0053990393633436e7
