instance,it_bb,it_box,p_true_pb,runtime_bb,runtime_box,runtime_pb,zeta_box,θ_bb,θ_box,θ_pb
38,10,9,1,0.282,2.033,8.935,1.7500000000000036,2.02859901099671e7,2.02859901099671e7,2.02859901099671e7
