instance,it_bb,it_box,p_true_pb,runtime_bb,runtime_box,runtime_pb,zeta_box,θ_bb,θ_box,θ_pb
6,34541,117,1,3600.119,3600.046,9.13,4.833333333333334,1.6184709647328652e7,1.0676322247422861e7,1.6295261955884006e7
