instance,it_bb,it_box,p_true_pb,runtime_bb,runtime_box,runtime_pb,zeta_box,θ_bb,θ_box,θ_pb
45,12810,67,1,129.001,28.144,8.953,0.1999999999999993,1.188039604551135e7,1.188039604551135e7,1.353039604551135e7
