instance,it_bb,it_box,p_true_pb,runtime_bb,runtime_box,runtime_pb,zeta_box,θ_bb,θ_box,θ_pb
4,30423,76,1,3600.112,3600.056,11.895,5.666666666666663,1.925755682079942e7,1.2007889652902368e7,1.9257556820799425e7
