instance,it_bb,it_box,p_true_pb,runtime_bb,runtime_box,runtime_pb,zeta_box,θ_bb,θ_box,θ_pb
12,51047,86,1,3600.045,57.36,9.372,0.7999999999999994,1.5658998105764559e7,1.282054798499994e7,1.6224173742359664e7
