instance,it_bb,it_box,p_true_pb,runtime_bb,runtime_box,runtime_pb,zeta_box,θ_bb,θ_box,θ_pb
18,31047,50,1,3600.006,3600.032,8.954,10.666666666666666,2.792332173421645e7,1.2233364710724622e7,2.792332173421645e7
