instance,it_bb,it_box,p_true_pb,runtime_bb,runtime_box,runtime_pb,zeta_box,θ_bb,θ_box,θ_pb
23,43252,152,1,3600.09,617.183,12.314,2.0,2.4323979352599367e7,1.9484706558116283e7,2.4706029087581616e7
