instance,it_bb,it_box,p_true_pb,runtime_bb,runtime_box,runtime_pb,zeta_box,θ_bb,θ_box,θ_pb
15,28069,55,1,3600.138,3600.05,9.753,8.0,2.0467593944001533e7,9.29355926876856e6,2.0467593944001537e7
