instance,it_bb,it_box,p_true_pb,runtime_bb,runtime_box,runtime_pb,zeta_box,θ_bb,θ_box,θ_pb
20,38005,72,1,3600.154,3600.076,8.765,11.2,2.3929014253614586e7,1.4623604922389038e7,2.392901425361459e7
