instance,it_bb,it_box,p_true_pb,runtime_bb,runtime_box,runtime_pb,zeta_box,θ_bb,θ_box,θ_pb
24,26947,60,1,3600.124,3600.042,9.821,7.428571428571428,1.2857650181343542e7,7.267484299755517e6,1.2857650181343546e7
