instance,it_bb,it_box,p_true_pb,runtime_bb,runtime_box,runtime_pb,zeta_box,θ_bb,θ_box,θ_pb
26,42634,130,1,3600.066,365.833,11.944,4.5,2.1513661108421553e7,1.7689025078909893e7,2.163318098124612e7
