instance,it_bb,it_box,p_true_pb,runtime_bb,runtime_box,runtime_pb,zeta_box,θ_bb,θ_box,θ_pb
13,30018,40,1,3600.072,3600.059,8.915,8.166666666666666,1.5532049366591921e7,6.213394248184247e6,1.5532049366591921e7
