instance,it_bb,it_box,p_true_pb,runtime_bb,runtime_box,runtime_pb,zeta_box,θ_bb,θ_box,θ_pb
25,35631,126,1,3600.064,3600.031,10.335,1.1999999999999993,6.81043201496166e6,5.472766864721037e6,7.053643856778625e6
