instance,it_bb,it_box,p_true_pb,runtime_bb,runtime_box,runtime_pb,zeta_box,θ_bb,θ_box,θ_pb
13,9,8,1,0.396,2.921,12.539,2.0,1.5532049366591921e7,1.5532049366591921e7,1.5532049366591921e7
