instance,it_bb,it_box,p_true_pb,runtime_bb,runtime_box,runtime_pb,zeta_box,θ_bb,θ_box,θ_pb
23,10,9,1,0.273,1.995,8.97,3.3333333333333584,2.4706029087581612e7,2.4706029087581612e7,2.4706029087581616e7
