instance,it_bb,it_box,p_true_pb,runtime_bb,runtime_box,runtime_pb,zeta_box,θ_bb,θ_box,θ_pb
8,32111,63,1,3600.12,3600.143,8.927,4.8,1.1177543172627617e7,5.461948862907971e6,1.1177543172627619e7
