instance,it_bb,it_box,p_true_pb,runtime_bb,runtime_box,runtime_pb,zeta_box,θ_bb,θ_box,θ_pb
29,28328,51,1,3600.233,3600.056,9.664,7.600000000860007,1.6291950400882011e7,8.32986754484457e6,1.6291950400882017e7
