instance,it_bb,it_box,p_true_pb,runtime_bb,runtime_box,runtime_pb,zeta_box,θ_bb,θ_box,θ_pb
24,35940,90,1,3600.036,3600.031,9.586,7.000000000000001,1.2745846782468554e7,9.39175370593356e6,1.2857650181343546e7
