instance,it_bb,it_box,p_true_pb,runtime_bb,runtime_box,runtime_pb,zeta_box,θ_bb,θ_box,θ_pb
1,29201,38,1,3600.016,3600.074,10.874,7.0,1.581782760715914e7,5.471043742245571e6,1.5817827607159141e7
