instance,it_bb,it_box,p_true_pb,runtime_bb,runtime_box,runtime_pb,zeta_box,θ_bb,θ_box,θ_pb
33,28474,50,1,3600.19,3600.052,9.917,8.999999999999998,1.982014989500444e7,8.975621581928946e6,1.982014989500444e7
