instance,it_bb,it_box,p_true_pb,runtime_bb,runtime_box,runtime_pb,zeta_box,θ_bb,θ_box,θ_pb
33,36844,83,1,3600.137,3600.027,9.101,7.199999999999999,1.982014989500444e7,1.2091790782948846e7,1.982014989500444e7
