instance,it_bb,it_box,p_true_pb,runtime_bb,runtime_box,runtime_pb,zeta_box,θ_bb,θ_box,θ_pb
25,7636,37,1,92.443,8.24,9.364,0.25,6.080896192072715e6,6.080896192072716e6,7.053643856778625e6
