instance,it_bb,it_box,p_true_pb,runtime_bb,runtime_box,runtime_pb,zeta_box,θ_bb,θ_box,θ_pb
48,29932,35,1,3600.017,3600.077,10.933,11.125,1.527671264461724e7,6.21032328319744e6,1.5400910068100987e7
