instance,it_bb,it_box,p_true_pb,runtime_bb,runtime_box,runtime_pb,zeta_box,θ_bb,θ_box,θ_pb
37,58701,144,1,3600.073,182.68,8.93,0.6000003144561212,1.870935091660992e7,1.6253852676587313e7,1.929400893631032e7
