instance,it_bb,it_box,p_true_pb,runtime_bb,runtime_box,runtime_pb,zeta_box,θ_bb,θ_box,θ_pb
44,51038,123,1,3600.112,142.95,9.208,0.666666666666663,1.747745594050841e7,1.511569069882319e7,1.7949809984638497e7
