instance,it_bb,it_box,p_true_pb,runtime_bb,runtime_box,runtime_pb,zeta_box,θ_bb,θ_box,θ_pb
17,35034,79,1,3600.071,3600.041,12.764,8.000000000900002,2.229767353061949e7,1.4177820583520174e7,2.2297673530619495e7
