instance,it_bb,it_box,p_true_pb,runtime_bb,runtime_box,runtime_pb,zeta_box,θ_bb,θ_box,θ_pb
43,33261,58,1,3600.176,3600.057,9.545,9.666666666666666,1.948207968999831e7,9.685114765233448e6,1.9482079689998318e7
