instance,it_bb,it_box,p_true_pb,runtime_bb,runtime_box,runtime_pb,zeta_box,θ_bb,θ_box,θ_pb
22,32053,49,1,3600.094,3600.053,10.376,5.000000000600011,1.17451993328485e7,6.175644244403308e6,1.1745199332848502e7
