instance,it_bb,it_box,p_true_pb,runtime_bb,runtime_box,runtime_pb,zeta_box,θ_bb,θ_box,θ_pb
29,47914,114,1,3600.086,157.847,11.677,5.999906001363797e-6,1.5924465707323223e7,1.3719594488378538e7,1.6291950400882017e7
