instance,it_bb,it_box,p_true_pb,runtime_bb,runtime_box,runtime_pb,zeta_box,θ_bb,θ_box,θ_pb
39,11,10,1,0.398,2.834,11.076,0.75,2.6414382787855174e7,2.6414382787855174e7,2.6414382787855178e7
