instance,it_bb,it_box,p_true_pb,runtime_bb,runtime_box,runtime_pb,zeta_box,θ_bb,θ_box,θ_pb
29,32200,83,1,3600.078,3600.053,10.548,4.0,1.6291950400882011e7,1.0779687011788748e7,1.6291950400882017e7
