instance,it_bb,it_box,p_true_pb,runtime_bb,runtime_box,runtime_pb,zeta_box,θ_bb,θ_box,θ_pb
31,34318,80,1,3600.137,3600.06,9.393,5.8333333333333295,2.0150746331443366e7,1.2202552431644674e7,2.015074633144337e7
