instance,it_bb,it_box,p_true_pb,runtime_bb,runtime_box,runtime_pb,zeta_box,θ_bb,θ_box,θ_pb
23,35083,77,1,3600.117,3600.056,9.882,8.0,2.4706029087581612e7,1.4136255975124372e7,2.4706029087581616e7
