instance,it_bb,it_box,p_true_pb,runtime_bb,runtime_box,runtime_pb,zeta_box,θ_bb,θ_box,θ_pb
2,48248,137,1,3600.051,314.759,9.57,1.8000000000000036,1.7574532075524222e7,1.4828625977079166e7,1.7904040800750125e7
