instance,it_bb,it_box,p_true_pb,runtime_bb,runtime_box,runtime_pb,zeta_box,θ_bb,θ_box,θ_pb
21,25706,33,1,3600.001,3600.045,10.564,8.6,8.453908140345883e6,5.86974379009516e6,1.7138952937869757e7
