instance,it_bb,it_box,p_true_pb,runtime_bb,runtime_box,runtime_pb,zeta_box,θ_bb,θ_box,θ_pb
39,36227,97,1,3600.104,3600.035,9.226,4.3333333333333295,2.6414382787855174e7,1.5538405503308462e7,2.6414382787855178e7
