instance,it_bb,it_box,p_true_pb,runtime_bb,runtime_box,runtime_pb,zeta_box,θ_bb,θ_box,θ_pb
28,35748,102,1,3600.15,3600.029,8.959,4.0,1.1692232964863595e7,8.335125813887599e6,1.16922329648636e7
