instance,it_bb,it_box,p_true_pb,runtime_bb,runtime_box,runtime_pb,θ_bb,θ_box,θ_pb
35,37757,77,1,3600.057,3600.045,8.758,2.1830988882965446e7,1.3417178585505318e7,2.1830988882965446e7
