instance,it_bb,it_box,p_true_pb,runtime_bb,runtime_box,runtime_pb,θ_bb,θ_box,θ_pb
19,42371,160,1,3600.02,530.504,12.162,2.2473243557380438e7,1.7759499804632913e7,2.2582865635448687e7
