instance,it_bb,it_box,p_true_pb,runtime_bb,runtime_box,runtime_pb,θ_bb,θ_box,θ_pb
25,37821,82,1,3600.081,3600.039,7.939,2.151791389371128e7,1.390424174446525e7,2.151791389371128e7
