instance,it_bb,it_box,p_true_pb,runtime_bb,runtime_box,runtime_pb,θ_bb,θ_box,θ_pb
31,45852,96,1,3600.021,84.498,12.179,1.4793308737125538e7,1.3799136815909078e7,1.6669282557233777e7
