instance,it_bb,it_box,p_true_pb,runtime_bb,runtime_box,runtime_pb,θ_bb,θ_box,θ_pb
1,35256,96,1,3600.149,3600.038,9.722,1.9806027850977555e7,1.2686380333520392e7,1.9806027850977555e7
