instance,it_bb,it_box,p_true_pb,runtime_bb,runtime_box,runtime_pb,θ_bb,θ_box,θ_pb
12,31176,89,1,3600.008,3600.059,13.202,1.6025932037764832e7,9.461380344034802e6,1.6025932037764836e7
