instance,it_bb,it_box,p_true_pb,runtime_bb,runtime_box,runtime_pb,θ_bb,θ_box,θ_pb
20,39538,92,1,3600.137,3600.023,8.363,1.7930342058261074e7,1.110550004144539e7,1.7930342058261074e7
