instance,it_bb,it_box,p_true_pb,runtime_bb,runtime_box,runtime_pb,θ_bb,θ_box,θ_pb
7,29821,87,1,3600.12,3600.051,11.679,1.2071960271388065e7,8.335751163292678e6,1.2071960271388063e7
