instance,it_bb,it_box,p_true_pb,runtime_bb,runtime_box,runtime_pb,θ_bb,θ_box,θ_pb
49,54987,116,1,3600.156,191.657,8.678,2.2443544786931813e7,1.8551745717092775e7,2.296245132957702e7
