instance,it_bb,it_box,p_true_pb,runtime_bb,runtime_box,runtime_pb,θ_bb,θ_box,θ_pb
8,63107,98,1,3600.058,56.49,12.351,1.3063730402800757e7,1.2162815312462049e7,1.486556058347817e7
