instance,it_bb,it_box,p_true_pb,runtime_bb,runtime_box,runtime_pb,θ_bb,θ_box,θ_pb
28,38950,90,1,3600.031,3600.048,8.127,1.2485243400533406e7,7.945526923777308e6,1.2485243400533406e7
