instance,it_bb,it_box,p_true_pb,runtime_bb,runtime_box,runtime_pb,θ_bb,θ_box,θ_pb
48,37369,101,1,3600.006,3600.039,9.117,1.312055182911378e7,9.06727913856669e6,1.3333887245770276e7
