instance,it_bb,it_box,p_true_pb,runtime_bb,runtime_box,runtime_pb,θ_bb,θ_box,θ_pb
6,45428,113,1,3600.095,203.386,11.963,2.109401617289523e7,1.7187836468587335e7,2.142883552717452e7
