instance,it_bb,it_box,p_true_pb,runtime_bb,runtime_box,runtime_pb,θ_bb,θ_box,θ_pb
18,34614,92,1,3600.097,3600.045,9.122,2.0990916210985005e7,1.2972167328626215e7,2.099091621098501e7
