instance,it_bb,it_box,p_true_pb,runtime_bb,runtime_box,runtime_pb,θ_bb,θ_box,θ_pb
36,33716,92,1,480.631,32.615,9.748,1.096844855649334e7,1.0968448556493342e7,1.3184152778498191e7
