instance,it_bb,it_box,p_true_pb,runtime_bb,runtime_box,runtime_pb,θ_bb,θ_box,θ_pb
34,54723,92,1,3600.121,31.089,9.065,1.5226605519278089e7,1.2884271286207495e7,1.6267712622317923e7
