instance,it_bb,it_box,p_true_pb,runtime_bb,runtime_box,runtime_pb,θ_bb,θ_box,θ_pb
27,39250,87,1,3600.054,3600.027,8.092,1.9724611256591167e7,1.2297640898632662e7,1.9724611256591167e7
