instance,it_bb,it_box,p_true_pb,runtime_bb,runtime_box,runtime_pb,θ_bb,θ_box,θ_pb
34,38306,103,1,3600.162,3600.024,8.707,1.6267712622317923e7,1.0151208391958885e7,1.6267712622317923e7
