instance,it_bb,it_box,p_true_pb,runtime_bb,runtime_box,runtime_pb,θ_bb,θ_box,θ_pb
47,33792,85,1,3600.025,3600.059,9.122,2.6095919665028468e7,1.613749954720455e7,2.6095919665028468e7
