instance,it_bb,it_box,p_true_pb,runtime_bb,runtime_box,runtime_pb,θ_bb,θ_box,θ_pb
16,36923,92,1,3600.005,3600.068,8.788,1.5001665085602347e7,1.000158267367445e7,1.5001665085602349e7
