instance,it_bb,it_box,p_true_pb,runtime_bb,runtime_box,runtime_pb,θ_bb,θ_box,θ_pb
48,16900,58,1,162.0,14.767,12.104,1.0883501552893724e7,1.088058219528819e7,1.3333887245770276e7
