instance,it_bb,it_box,p_true_pb,runtime_bb,runtime_box,runtime_pb,θ_bb,θ_box,θ_pb
3,97442,81,1,3092.334,64.29,11.059,1.0048057299837336e7,1.0048057299837334e7,1.2305929476883752e7
