instance,it_bb,it_box,p_true_pb,runtime_bb,runtime_box,runtime_pb,θ_bb,θ_box,θ_pb
36,37787,97,1,3600.002,3600.065,8.774,1.318415277849819e7,8.863422103498299e6,1.3184152778498191e7
