instance,it_bb,it_box,p_true_pb,runtime_bb,runtime_box,runtime_pb,θ_bb,θ_box,θ_pb
49,36743,85,1,3600.033,3600.052,9.102,2.2962451329577014e7,1.3881652610893998e7,2.296245132957702e7
