instance,it_bb,it_box,p_true_pb,runtime_bb,runtime_box,runtime_pb,θ_bb,θ_box,θ_pb
1,53799,143,1,3600.06,213.436,10.874,1.889988602984799e7,1.6440358229639173e7,1.9806027850977555e7
