instance,it_bb,it_box,p_true_pb,runtime_bb,runtime_box,runtime_pb,θ_bb,θ_box,θ_pb
32,47487,118,1,3600.061,141.461,12.244,1.5352933324313525e7,1.3378611682084253e7,1.6119985430271104e7
