instance,it_bb,it_box,p_true_pb,runtime_bb,runtime_box,runtime_pb,θ_bb,θ_box,θ_pb
37,33842,112,1,3600.117,3600.059,9.523,1.514988702942265e7,1.1006065430066058e7,1.5266401285330895e7
