instance,it_bb,it_box,p_true_pb,runtime_bb,runtime_box,runtime_pb,θ_bb,θ_box,θ_pb
10,32771,81,1,3600.104,3600.048,10.663,1.756741265914151e7,1.0915022701054325e7,1.756741265914151e7
