instance,it_bb,it_box,p_true_pb,runtime_bb,runtime_box,runtime_pb,θ_bb,θ_box,θ_pb
43,53810,168,1,3600.091,342.284,8.781,1.6648980983699223e7,1.3997919875388063e7,1.686106587236412e7
