instance,it_bb,it_box,p_true_pb,runtime_bb,runtime_box,runtime_pb,θ_bb,θ_box,θ_pb
17,46072,73,1,732.296,21.935,10.074,1.324082915083849e7,1.3237583903911253e7,1.6215869989027029e7
