instance,it_bb,it_box,p_true_pb,runtime_bb,runtime_box,runtime_pb,θ_bb,θ_box,θ_pb
25,44829,129,1,3600.008,315.299,13.066,2.129722406612514e7,1.7655841910953846e7,2.151791389371128e7
