instance,it_bb,it_box,p_true_pb,runtime_bb,runtime_box,runtime_pb,θ_bb,θ_box,θ_pb
19,35068,82,1,3600.07,3600.067,9.353,2.258286563544868e7,1.3265017419886023e7,2.2582865635448687e7
