instance,it_bb,it_box,p_true_pb,runtime_bb,runtime_box,runtime_pb,θ_bb,θ_box,θ_pb
2,40193,180,1,3600.099,1734.497,13.383,2.657549122828725e7,2.2297555068107694e7,2.6834748583927847e7
