instance,it_bb,it_box,p_true_pb,runtime_bb,runtime_box,runtime_pb,θ_bb,θ_box,θ_pb
23,37492,91,1,3600.105,3600.05,9.85,1.929764679961564e7,1.2204783163999118e7,1.9297646799615644e7
