instance,it_bb,it_box,p_true_pb,runtime_bb,runtime_box,runtime_pb,θ_bb,θ_box,θ_pb
43,38350,83,1,3600.003,3600.052,8.803,1.6861065872364115e7,1.0604561656749777e7,1.686106587236412e7
