instance,it_bb,it_box,p_true_pb,runtime_bb,runtime_box,runtime_pb,θ_bb,θ_box,θ_pb
46,39275,88,1,3600.009,3600.04,8.744,1.3894680112571077e7,8.386993654869132e6,1.3894680112571081e7
