instance,it_bb,it_box,p_true_pb,runtime_bb,runtime_box,runtime_pb,θ_bb,θ_box,θ_pb
15,35000,87,1,3600.07,3600.064,9.081,1.7865683877650615e7,1.1641684079961859e7,1.7865683877650615e7
