instance,it_bb,it_box,p_true_pb,runtime_bb,runtime_box,runtime_pb,θ_bb,θ_box,θ_pb
13,40728,188,1,3600.087,940.69,12.13,2.949642762703117e7,2.3673340753363818e7,2.9623017516042884e7
