instance,it_bb,it_box,p_true_pb,runtime_bb,runtime_box,runtime_pb,θ_bb,θ_box,θ_pb
5,33024,90,1,3600.094,3600.074,9.785,1.933870406469573e7,1.2662440155647304e7,1.9338704064695735e7
