instance,it_bb,it_box,p_true_pb,runtime_bb,runtime_box,runtime_pb,θ_bb,θ_box,θ_pb
26,52208,108,1,837.683,51.054,11.543,1.205325414004251e7,1.2053254140042508e7,1.4531438658218998e7
