instance,it_bb,it_box,p_true_pb,runtime_bb,runtime_box,runtime_pb,θ_bb,θ_box,θ_pb
29,39160,101,1,3600.129,3600.047,7.801,1.8705353000077493e7,1.1954200858967107e7,1.870535300007749e7
