instance,it_bb,it_box,p_true_pb,runtime_bb,runtime_box,runtime_pb,θ_bb,θ_box,θ_pb
3,36796,93,1,3600.127,3600.052,9.362,1.2305929476883754e7,8.354652010328021e6,1.2305929476883752e7
