instance,it_bb,it_box,p_true_pb,runtime_bb,runtime_box,runtime_pb,θ_bb,θ_box,θ_pb
40,36044,94,1,3600.065,3600.094,9.417,2.2367064108982664e7,1.3809039874764118e7,2.2367064108982667e7
