instance,it_bb,it_box,p_true_pb,runtime_bb,runtime_box,runtime_pb,θ_bb,θ_box,θ_pb
44,44790,2031,1,3600.109,3600.038,10.341,1.812922320702956e7,1.436665427558515e7,1.8585292695777483e7
