instance,it_bb,it_box,p_true_pb,runtime_bb,runtime_box,runtime_pb,θ_bb,θ_box,θ_pb
39,120372,119,1,3168.368,72.916,8.911,1.2101612904489564e7,1.2101612806381702e7,1.3736888110685756e7
