instance,it_bb,it_box,p_true_pb,runtime_bb,runtime_box,runtime_pb,θ_bb,θ_box,θ_pb
9,38081,82,1,3600.012,3600.062,8.816,2.227839326674437e7,1.3004703372656316e7,2.2278393266744364e7
