instance,it_bb,it_box,p_true_pb,runtime_bb,runtime_box,runtime_pb,θ_bb,θ_box,θ_pb
6,34095,81,1,3600.049,3600.054,9.595,2.142883552717452e7,1.3058397826686816e7,2.142883552717452e7
