instance,it_bb,it_box,p_true_pb,runtime_bb,runtime_box,runtime_pb,θ_bb,θ_box,θ_pb
8,34393,92,1,3600.057,3600.044,9.026,1.4865560583478168e7,9.347636881385673e6,1.486556058347817e7
