instance,it_bb,it_box,p_true_pb,runtime_bb,runtime_box,runtime_pb,θ_bb,θ_box,θ_pb
47,48973,143,1,3600.071,512.496,8.778,2.559166576073024e7,2.1683698002419025e7,2.6095919665028468e7
