instance,it_bb,it_box,p_true_pb,runtime_bb,runtime_box,runtime_pb,θ_bb,θ_box,θ_pb
14,34810,98,1,3600.111,3600.039,9.136,1.46616951886589e7,9.540342588305343e6,1.4661695188658902e7
