instance,it_bb,it_box,p_true_pb,runtime_bb,runtime_box,runtime_pb,θ_bb,θ_box,θ_pb
21,39378,98,1,3600.149,3600.045,8.387,1.221281309421989e7,7.902571507928308e6,1.2212813094219891e7
