instance,it_bb,it_box,p_true_pb,runtime_bb,runtime_box,runtime_pb,θ_bb,θ_box,θ_pb
11,31306,83,1,3600.064,3600.04,12.054,1.6533743785511628e7,1.0946676914004918e7,1.6533743785511628e7
