instance,it_bb,it_box,p_true_pb,runtime_bb,runtime_box,runtime_pb,θ_bb,θ_box,θ_pb
37,249307,72,1,3600.001,21.864,10.483,1.2899548416279186e7,1.278122609689924e7,1.5266401285330895e7
