instance,it_bb,it_box,p_true_pb,runtime_bb,runtime_box,runtime_pb,θ_bb,θ_box,θ_pb
50,37808,101,1,3600.001,3600.041,8.825,1.444440101083182e7,1.0088301379280679e7,1.4444401010831822e7
