instance,it_bb,it_box,p_true_pb,runtime_bb,runtime_box,runtime_pb,θ_bb,θ_box,θ_pb
40,43288,125,1,3600.052,140.587,13.339,2.2138844916100033e7,1.7574461058447395e7,2.2367064108982667e7
