instance,it_bb,it_box,p_true_pb,runtime_bb,runtime_box,runtime_pb,θ_bb,θ_box,θ_pb
33,32833,86,1,3600.051,3600.083,10.387,1.9543517547950372e7,1.2050506803366834e7,1.9543517547950372e7
