instance,it_bb,it_box,p_true_pb,runtime_bb,runtime_box,runtime_pb,θ_bb,θ_box,θ_pb
45,47223,128,1,3600.042,110.443,9.085,1.2193895706947694e7,9.90250469332883e6,1.2521228495292513e7
