instance,it_bb,it_box,p_true_pb,runtime_bb,runtime_box,runtime_pb,θ_bb,θ_box,θ_pb
39,38335,96,1,3600.116,3600.031,9.096,1.3736888110685756e7,9.594194499962362e6,1.3736888110685756e7
