instance,it_bb,it_box,p_true_pb,runtime_bb,runtime_box,runtime_pb,θ_bb,θ_box,θ_pb
4,39151,103,1,3600.069,3600.049,8.879,1.3136868014639717e7,8.611084121790713e6,1.3136868014639717e7
