instance,it_bb,it_box,p_true_pb,runtime_bb,runtime_box,runtime_pb,θ_bb,θ_box,θ_pb
17,37349,96,1,3600.142,3600.029,9.138,1.6215869989027027e7,1.081076089478051e7,1.6215869989027029e7
