instance,it_bb,it_box,p_true_pb,runtime_bb,runtime_box,runtime_pb,θ_bb,θ_box,θ_pb
24,37944,98,1,3600.084,3600.059,9.455,1.8057440588077635e7,1.1112791112823838e7,1.805744058807764e7
