instance,it_bb,it_box,p_true_pb,runtime_bb,runtime_box,runtime_pb,θ_bb,θ_box,θ_pb
44,36462,91,1,3600.133,3600.039,8.934,1.8585292695777483e7,1.1060176060409293e7,1.8585292695777483e7
