instance,it_bb,it_box,p_true_pb,runtime_bb,runtime_box,runtime_pb,θ_bb,θ_box,θ_pb
30,46407,134,1,3600.034,323.878,8.956,2.0717395096092403e7,1.710938927569799e7,2.0950169665150113e7
