instance,it_bb,it_box,p_true_pb,runtime_bb,runtime_box,runtime_pb,θ_bb,θ_box,θ_pb
12,41822,157,1,3600.141,479.401,12.543,1.5736324651875157e7,1.2840107183821982e7,1.6025932037764836e7
