instance,it_bb,it_box,p_true_pb,runtime_bb,runtime_box,runtime_pb,θ_bb,θ_box,θ_pb
27,48512,158,1,3600.107,305.189,8.312,1.9481103556507573e7,1.6437271800053682e7,1.9724611256591167e7
