instance,it_bb,it_box,p_true_pb,runtime_bb,runtime_box,runtime_pb,θ_bb,θ_box,θ_pb
50,64038,106,1,1144.329,80.09,9.062,1.249562845931478e7,1.2495628459314782e7,1.4444401010831822e7
