instance,it_bb,it_box,p_true_pb,runtime_bb,runtime_box,runtime_pb,θ_bb,θ_box,θ_pb
42,46041,115,1,3600.103,204.996,11.052,2.2751822285405785e7,1.8318274766088482e7,2.333519609352541e7
