instance,it_bb,it_box,p_true_pb,runtime_bb,runtime_box,runtime_pb,θ_bb,θ_box,θ_pb
32,32193,91,1,3600.009,3600.031,11.4,1.6119985430271104e7,9.869602411160827e6,1.6119985430271104e7
