instance,it_bb,it_box,p_true_pb,runtime_bb,runtime_box,runtime_pb,θ_bb,θ_box,θ_pb
10,44578,153,1,3600.057,643.22,12.078,1.7151669855690982e7,1.4657095568457488e7,1.756741265914151e7
