instance,it_bb,it_box,p_true_pb,runtime_bb,runtime_box,runtime_pb,θ_bb,θ_box,θ_pb
15,50004,111,1,3600.061,96.491,11.311,1.74046415802418e7,1.498416951884551e7,1.7865683877650615e7
