instance,it_bb,it_box,p_true_pb,runtime_bb,runtime_box,runtime_pb,θ_bb,θ_box,θ_pb
24,43178,128,1,3600.112,313.846,12.699,1.759580315061512e7,1.4469332792358639e7,1.805744058807764e7
