instance,it_bb,it_box,p_true_pb,runtime_bb,runtime_box,runtime_pb,θ_bb,θ_box,θ_pb
16,47886,76,1,859.266,25.745,11.571,1.2501449894863758e7,1.2501449894863755e7,1.5001665085602349e7
