instance,it_bb,it_box,p_true_pb,runtime_bb,runtime_box,runtime_pb,θ_bb,θ_box,θ_pb
38,60013,105,1,3600.07,72.629,8.797,1.603770943541563e7,1.3936254400320424e7,1.6480121008501142e7
