instance,it_bb,it_box,p_true_pb,runtime_bb,runtime_box,runtime_pb,θ_bb,θ_box,θ_pb
38,37994,79,1,3600.022,3600.031,9.297,1.6480121008501146e7,1.0728779949493656e7,1.6480121008501142e7
