instance,it_bb,it_box,p_true_pb,runtime_bb,runtime_box,runtime_pb,θ_bb,θ_box,θ_pb
9,47408,155,1,3600.146,421.047,9.399,2.2076789695347432e7,1.8246321838805627e7,2.2278393266744364e7
