instance,it_bb,it_box,p_true_pb,runtime_bb,runtime_box,runtime_pb,θ_bb,θ_box,θ_pb
2,32376,77,1,3600.129,3600.046,10.425,2.6834748583927847e7,1.6593760627134338e7,2.6834748583927847e7
