instance,it_bb,it_box,p_true_pb,runtime_bb,runtime_box,runtime_pb,θ_bb,θ_box,θ_pb
41,46365,134,1,3600.107,229.925,11.425,2.9288283229504492e7,2.3136731174756356e7,2.968948766616989e7
