instance,it_bb,it_box,p_true_pb,runtime_bb,runtime_box,runtime_pb,θ_bb,θ_box,θ_pb
22,39094,81,1,3600.09,3600.03,9.721,1.6721699744981952e7,1.0933633336627373e7,1.6721699744981954e7
