instance,it_bb,it_box,p_true_pb,runtime_bb,runtime_box,runtime_pb,θ_bb,θ_box,θ_pb
28,49171,136,1,3600.046,269.995,8.892,1.2258252211277083e7,1.0290995237722281e7,1.2485243400533406e7
