instance,it_bb,it_box,p_true_pb,runtime_bb,runtime_box,runtime_pb,θ_bb,θ_box,θ_pb
31,34498,88,1,3600.186,3600.043,10.867,1.6669282557233779e7,1.0487464821111284e7,1.6669282557233777e7
