instance,it_bb,it_box,p_true_pb,runtime_bb,runtime_box,runtime_pb,θ_bb,θ_box,θ_pb
41,37935,98,1,3600.16,3600.029,8.753,2.9689487666169893e7,1.8322210805689663e7,2.968948766616989e7
