instance,it_bb,it_box,p_true_pb,runtime_bb,runtime_box,runtime_pb,θ_bb,θ_box,θ_pb
29,44744,94,1,3600.059,75.325,13.502,1.804130897526765e7,1.5163769976780131e7,1.870535300007749e7
