instance,it_bb,it_box,p_true_pb,runtime_bb,runtime_box,runtime_pb,θ_bb,θ_box,θ_pb
11,56903,96,1,3600.052,68.517,12.859,1.562400317151761e7,1.3683195516606178e7,1.6533743785511628e7
