instance,it_bb,it_box,p_true_pb,runtime_bb,runtime_box,runtime_pb,θ_bb,θ_box,θ_pb
46,48156,136,1,3600.08,189.52,9.071,1.3644328360030778e7,1.1266092039217452e7,1.3894680112571081e7
