instance,it_bb,it_box,p_true_pb,runtime_bb,runtime_box,runtime_pb,θ_bb,θ_box,θ_pb
14,86019,101,1,3600.064,147.613,8.977,1.3155410548040908e7,1.2251639326738514e7,1.4661695188658902e7
