instance,it_bb,it_box,p_true_pb,runtime_bb,runtime_box,runtime_pb,θ_bb,θ_box,θ_pb
26,37366,87,1,3600.048,3600.03,8.103,1.4531438658219e7,9.462449754926274e6,1.4531438658218998e7
