instance,it_bb,it_box,p_true_pb,runtime_bb,runtime_box,runtime_pb,θ_bb,θ_box,θ_pb
35,47123,121,1,3600.008,406.802,9.492,2.1489884793280207e7,1.807901628402595e7,2.1830988882965446e7
