instance,it_bb,it_box,p_true_pb,runtime_bb,runtime_box,runtime_pb,θ_bb,θ_box,θ_pb
22,55905,124,1,3600.008,128.654,8.762,1.6185765980417712e7,1.393491286744522e7,1.6721699744981954e7
