instance,it_bb,it_box,p_true_pb,runtime_bb,runtime_box,runtime_pb,θ_bb,θ_box,θ_pb
30,36924,73,1,3600.067,3600.053,8.25,2.095016966515011e7,1.2454040009065865e7,2.0950169665150113e7
