instance,it_bb,it_box,p_true_pb,runtime_bb,runtime_box,runtime_pb,θ_bb,θ_box,θ_pb
7,100754,103,1,3559.633,90.904,12.35,1.0443340439839512e7,1.0443340391960954e7,1.2071960271388063e7
