instance,it_bb,it_box,p_true_pb,runtime_bb,runtime_box,runtime_pb,θ_bb,θ_box,θ_pb
13,34302,77,1,3600.003,3600.074,8.974,2.962301751604289e7,1.734384301287935e7,2.9623017516042884e7
