instance,it_bb,it_box,p_true_pb,runtime_bb,runtime_box,runtime_pb,θ_bb,θ_box,θ_pb
33,47451,153,1,3600.009,213.226,9.424,1.9241388932786e7,1.6100790046403583e7,1.9543517547950372e7
