instance,it_bb,it_box,p_true_pb,runtime_bb,runtime_box,runtime_pb,θ_bb,θ_box,θ_pb
5,58291,113,1,3600.109,131.116,11.952,1.7957466364705075e7,1.60005533072331e7,1.9338704064695735e7
