instance,it_bb,it_box,p_true_pb,runtime_bb,runtime_box,runtime_pb,θ_bb,θ_box,θ_pb
4,88764,106,1,3026.704,69.531,12.841,1.0708382890122788e7,1.0708382841101877e7,1.3136868014639717e7
