instance,it_bb,it_box,p_true_pb,runtime_bb,runtime_box,runtime_pb,θ_bb,θ_box,θ_pb
20,50712,105,1,3600.128,109.361,11.482,1.7236284423766643e7,1.4460053837883253e7,1.7930342058261074e7
