instance,it_bb,it_box,p_true_pb,runtime_bb,runtime_box,runtime_pb,θ_bb,θ_box,θ_pb
45,36075,108,1,3600.066,3600.03,8.969,1.2521228495292515e7,7.856662253371702e6,1.2521228495292513e7
