instance,it_bb,it_box,p_true_pb,runtime_bb,runtime_box,runtime_pb,θ_bb,θ_box,θ_pb
42,37848,87,1,3600.066,3600.034,8.753,2.3335196093525417e7,1.4351383738511253e7,2.333519609352541e7
