instance,it_bb,it_box,p_true_pb,runtime_bb,runtime_box,runtime_pb,θ_bb,θ_box,θ_pb
18,47855,136,1,3600.154,187.253,10.125,2.075506880268888e7,1.6391969529407207e7,2.099091621098501e7
