instance,it_bb,it_box,p_true_pb,runtime_bb,runtime_box,runtime_pb,θ_bb,θ_box,θ_pb
15,25612,93,1,3600.145,3600.059,13.019,3.730575971576966e7,3.1088986276114665e7,3.7305759715769686e7
