instance,it_bb,it_box,p_true_pb,runtime_bb,runtime_box,runtime_pb,θ_bb,θ_box,θ_pb
5,73254,78,1,2006.0,47.729,9.905,2.176351745196211e7,2.1763517451962113e7,2.188372560476383e7
