instance,it_bb,it_box,p_true_pb,runtime_bb,runtime_box,runtime_pb,θ_bb,θ_box,θ_pb
49,92,17,1,1.087,3.022,9.363,8.791464245189434e6,8.791464245189436e6,8.791464245189438e6
