instance,it_bb,it_box,p_true_pb,runtime_bb,runtime_box,runtime_pb,θ_bb,θ_box,θ_pb
32,3878,44,1,46.126,10.681,9.13,1.7636343690796826e7,1.7636343690796826e7,1.7986626297797196e7
