instance,it_bb,it_box,p_true_pb,runtime_bb,runtime_box,runtime_pb,θ_bb,θ_box,θ_pb
25,29819,53,1,3600.12,33.113,12.42,3.2794903123941096e6,3.2794903123941114e6,3.279490312394111e6
