instance,it_bb,it_box,p_true_pb,runtime_bb,runtime_box,runtime_pb,θ_bb,θ_box,θ_pb
26,5,3,1,0.405,2.723,12.93,6.720531235998049e6,6.720531235998049e6,6.720531235998049e6
