instance,it_bb,it_box,p_true_pb,runtime_bb,runtime_box,runtime_pb,θ_bb,θ_box,θ_pb
20,6,4,1,0.376,2.708,12.89,1.3727041256243274e7,1.3727041256243274e7,1.372704125624327e7
