instance,it_bb,it_box,p_true_pb,runtime_bb,runtime_box,runtime_pb,θ_bb,θ_box,θ_pb
30,29489,106,1,3600.129,3600.058,8.83,2.2384081136514794e7,1.9636270250564143e7,2.3169157259002537e7
