instance,it_bb,it_box,p_true_pb,runtime_bb,runtime_box,runtime_pb,θ_bb,θ_box,θ_pb
8,36,10,1,0.607,2.456,9.644,5.876594153526427e6,5.876594153526427e6,5.876594153526427e6
