instance,it_bb,it_box,p_true_pb,runtime_bb,runtime_box,runtime_pb,θ_bb,θ_box,θ_pb
25,3,3,1,0.304,2.186,10.145,3.2794903123941105e6,3.2794903123941105e6,3.279490312394111e6
