instance,it_bb,it_box,p_true_pb,runtime_bb,runtime_box,runtime_pb,θ_bb,θ_box,θ_pb
15,9,10,1,0.447,2.717,12.594,3.7307030435145825e7,3.7307030435145825e7,3.7305759715769686e7
