instance,it_bb,it_box,p_true_pb,runtime_bb,runtime_box,runtime_pb,θ_bb,θ_box,θ_pb
39,2,1,1,0.291,1.989,9.483,7757.985771461817,7757.985771318898,7757.985771461819
