instance,it_bb,it_box,p_true_pb,runtime_bb,runtime_box,runtime_pb,θ_bb,θ_box,θ_pb
38,4,8,1,0.285,2.004,9.461,2.600111469746904e6,2.600111469746904e6,2.6001114697469044e6
