instance,it_bb,it_box,p_true_pb,runtime_bb,runtime_box,runtime_pb,θ_bb,θ_box,θ_pb
40,27310,104,1,3600.016,3600.05,12.556,1.940739354789736e7,1.6635229378272468e7,1.9407393547897365e7
