instance,it_bb,it_box,p_true_pb,runtime_bb,runtime_box,runtime_pb,θ_bb,θ_box,θ_pb
49,41767,76,1,3600.283,85.862,9.636,8.791464245189434e6,8.566270766676115e6,8.791464245189438e6
