instance,it_bb,it_box,p_true_pb,runtime_bb,runtime_box,runtime_pb,θ_bb,θ_box,θ_pb
46,7,6,1,0.314,1.91,8.919,2.328742473246899e7,2.328742473246899e7,2.3286266801514436e7
