instance,it_bb,it_box,p_true_pb,runtime_bb,runtime_box,runtime_pb,θ_bb,θ_box,θ_pb
50,3,3,1,0.272,2.162,10.017,2.197090714069855e6,2.197090714069855e6,2.197090714069855e6
