instance,it_bb,it_box,p_true_pb,runtime_bb,runtime_box,runtime_pb,θ_bb,θ_box,θ_pb
34,27297,99,1,3600.002,3600.065,12.947,1.548479131790913e7,1.4195018569536394e7,1.5484791317909135e7
