instance,it_bb,it_box,p_true_pb,runtime_bb,runtime_box,runtime_pb,θ_bb,θ_box,θ_pb
31,105419,83,1,2992.901,32.002,9.192,1.9478283517985992e7,1.9478283517985992e7,1.9977625121348105e7
