instance,it_bb,it_box,p_true_pb,runtime_bb,runtime_box,runtime_pb,θ_bb,θ_box,θ_pb
29,35135,126,1,3600.04,3600.036,9.051,2.056433096863645e7,1.9536641457068283e7,2.0564330968636453e7
