instance,it_bb,it_box,p_true_pb,runtime_bb,runtime_box,runtime_pb,θ_bb,θ_box,θ_pb
15,54358,87,1,3600.031,65.08,12.07,3.63494010274634e7,3.539290634972199e7,3.7305759715769686e7
