instance,it_bb,it_box,p_true_pb,runtime_bb,runtime_box,runtime_pb,θ_bb,θ_box,θ_pb
27,32532,50,1,655.155,22.695,10.766,1.379934354609655e7,1.3799343546096552e7,1.3799343546096552e7
