instance,it_bb,it_box,p_true_pb,runtime_bb,runtime_box,runtime_pb,θ_bb,θ_box,θ_pb
27,6,5,1,0.393,2.554,11.875,1.3799343546096552e7,1.3799343546096552e7,1.3799343546096552e7
