instance,it_bb,it_box,p_true_pb,runtime_bb,runtime_box,runtime_pb,θ_bb,θ_box,θ_pb
4,4,3,1,0.291,2.02,9.502,1.0884915684736887e7,1.0884915684736887e7,1.0884915684736887e7
