instance,it_bb,it_box,p_true_pb,runtime_bb,runtime_box,runtime_pb,θ_bb,θ_box,θ_pb
43,7,4,1,0.313,1.94,8.992,3.4994979542865515e7,3.4994979542865515e7,3.499350659705648e7
