instance,it_bb,it_box,p_true_pb,runtime_bb,runtime_box,runtime_pb,θ_bb,θ_box,θ_pb
10,36045,123,1,3600.088,191.115,10.134,2.5064369889306486e7,2.374002778848812e7,2.5268114827893924e7
