instance,it_bb,it_box,p_true_pb,runtime_bb,runtime_box,runtime_pb,θ_bb,θ_box,θ_pb
21,26813,95,1,3600.158,3600.041,13.06,1.6502212200638073e7,1.4484361611521035e7,1.6502212200638074e7
