instance,it_bb,it_box,p_true_pb,runtime_bb,runtime_box,runtime_pb,θ_bb,θ_box,θ_pb
6,29180,30,1,591.298,20.99,14.599,4.133252230421886e6,4.1332522304218877e6,4.133252230421887e6
