instance,it_bb,it_box,p_true_pb,runtime_bb,runtime_box,runtime_pb,θ_bb,θ_box,θ_pb
16,4,4,1,0.246,1.93,9.563,4.6881002680708375e6,4.6881002680708375e6,4.6881002680708375e6
