instance,it_bb,it_box,p_true_pb,runtime_bb,runtime_box,runtime_pb,θ_bb,θ_box,θ_pb
11,27367,89,1,3600.173,3600.088,9.086,3.7514312304254256e7,2.9988832475112613e7,3.751431230425426e7
