instance,it_bb,it_box,p_true_pb,runtime_bb,runtime_box,runtime_pb,θ_bb,θ_box,θ_pb
24,118,16,1,2.065,4.705,13.856,8.475563949502094e6,8.475563949502096e6,8.475563949502096e6
