instance,it_bb,it_box,p_true_pb,runtime_bb,runtime_box,runtime_pb,θ_bb,θ_box,θ_pb
27,2111,122,1,46.513,3600.039,10.53,8.968397540685602e6,1.273804666217555e7,1.3799343546096552e7
