instance,it_bb,it_box,p_true_pb,runtime_bb,runtime_box,runtime_pb,θ_bb,θ_box,θ_pb
34,8,5,1,0.379,2.468,10.864,1.5484791317909135e7,1.5484791317909135e7,1.5484791317909135e7
