instance,it_bb,it_box,p_true_pb,runtime_bb,runtime_box,runtime_pb,θ_bb,θ_box,θ_pb
20,5806,49,1,84.635,14.119,13.242,1.372704125624327e7,1.3727041256243272e7,1.372704125624327e7
