instance,it_bb,it_box,p_true_pb,runtime_bb,runtime_box,runtime_pb,θ_bb,θ_box,θ_pb
12,3050,31,1,45.195,8.756,13.114,9.606329726708308e6,9.606329726708312e6,9.606329726708312e6
