instance,it_bb,it_box,p_true_pb,runtime_bb,runtime_box,runtime_pb,θ_bb,θ_box,θ_pb
41,4,5,1,0.28,1.961,9.003,621614.7959742454,621614.7959742454,621614.7959742452
