instance,it_bb,it_box,p_true_pb,runtime_bb,runtime_box,runtime_pb,θ_bb,θ_box,θ_pb
20,29632,161,1,3600.094,3600.072,11.622,1.3727041256243268e7,1.3470596330381988e7,1.372704125624327e7
