instance,it_bb,it_box,p_true_pb,runtime_bb,runtime_box,runtime_pb,θ_bb,θ_box,θ_pb
44,25833,140,1,3600.161,3600.033,13.333,5.4200217020470485e7,4.526179395678622e7,5.4200217020470485e7
