instance,it_bb,it_box,p_true_pb,runtime_bb,runtime_box,runtime_pb,θ_bb,θ_box,θ_pb
29,25252,68,1,353.903,15.427,9.099,2.056433096863645e7,2.056433096863646e7,2.0564330968636453e7
