instance,it_bb,it_box,p_true_pb,runtime_bb,runtime_box,runtime_pb,θ_bb,θ_box,θ_pb
17,31192,140,1,3600.12,3600.078,10.256,1.5276362464573402e7,1.4698045298584517e7,1.5276362464573402e7
