instance,it_bb,it_box,p_true_pb,runtime_bb,runtime_box,runtime_pb,θ_bb,θ_box,θ_pb
42,50922,90,1,1273.352,47.857,9.26,2.7237735299385272e7,2.7237734783680078e7,2.850424815386029e7
