instance,it_bb,it_box,p_true_pb,runtime_bb,runtime_box,runtime_pb,θ_bb,θ_box,θ_pb
46,45964,80,1,1417.639,53.985,9.541,2.158870632598403e7,2.158870632598403e7,2.3286266801514436e7
