instance,it_bb,it_box,p_true_pb,runtime_bb,runtime_box,runtime_pb,θ_bb,θ_box,θ_pb
46,27719,76,1,3600.251,3600.12,11.578,2.30437638636046e7,1.8557117834633708e7,2.3286266801514436e7
