instance,it_bb,it_box,p_true_pb,runtime_bb,runtime_box,runtime_pb,θ_bb,θ_box,θ_pb
28,4,2,1,0.325,2.117,10.083,677959.9155680364,677959.9155680364,677959.9155680363
