instance,it_bb,it_box,p_true_pb,runtime_bb,runtime_box,runtime_pb,θ_bb,θ_box,θ_pb
3,28768,64,1,3600.246,3600.073,13.081,2.0332602377096597e7,1.7152911859790888e7,2.0786846298485186e7
