instance,it_bb,it_box,p_true_pb,runtime_bb,runtime_box,runtime_pb,θ_bb,θ_box,θ_pb
47,4,4,1,0.425,3.464,14.826,6.879289414398801e6,6.879289414398801e6,6.879289414398799e6
