instance,it_bb,it_box,p_true_pb,runtime_bb,runtime_box,runtime_pb,θ_bb,θ_box,θ_pb
35,33990,173,1,3600.089,3600.06,14.422,9.02338598318632e6,8.903119058023615e6,9.143626854155052e6
