instance,it_bb,it_box,p_true_pb,runtime_bb,runtime_box,runtime_pb,θ_bb,θ_box,θ_pb
22,8,6,1,0.332,2.067,9.853,1.4647312974069815e7,1.4647312974069815e7,1.4647312974069811e7
