instance,it_bb,it_box,p_true_pb,runtime_bb,runtime_box,runtime_pb,θ_bb,θ_box,θ_pb
12,33830,131,1,3600.08,3600.071,9.04,9.606329726708308e6,9.492050747997457e6,9.606329726708312e6
