instance,it_bb,it_box,p_true_pb,runtime_bb,runtime_box,runtime_pb,θ_bb,θ_box,θ_pb
16,28,13,1,0.641,3.772,12.222,4.688100268070837e6,4.6881002680708375e6,4.6881002680708375e6
