instance,it_bb,it_box,p_true_pb,runtime_bb,runtime_box,runtime_pb,θ_bb,θ_box,θ_pb
32,33028,136,1,3600.251,3600.048,9.388,1.798662629779719e7,1.6702249972247628e7,1.7986626297797196e7
