instance,it_bb,it_box,p_true_pb,runtime_bb,runtime_box,runtime_pb,θ_bb,θ_box,θ_pb
18,6,5,1,0.386,2.301,10.788,1.9851281774296988e7,1.9851716504505288e7,1.9849512261507194e7
