instance,it_bb,it_box,p_true_pb,runtime_bb,runtime_box,runtime_pb,θ_bb,θ_box,θ_pb
7,7,7,1,0.295,2.083,9.331,1.279022073253752e7,1.279022073253752e7,1.2790220732537517e7
