instance,it_bb,it_box,p_true_pb,runtime_bb,runtime_box,runtime_pb,θ_bb,θ_box,θ_pb
18,5388,61,1,75.512,17.393,9.466,1.9729241139388844e7,1.9729241139388848e7,1.9849512261507194e7
