instance,it_bb,it_box,p_true_pb,runtime_bb,runtime_box,runtime_pb,θ_bb,θ_box,θ_pb
11,8,6,1,0.406,2.555,11.161,3.751717626057387e7,3.751717626057387e7,3.751431230425426e7
