instance,it_bb,it_box,p_true_pb,runtime_bb,runtime_box,runtime_pb,θ_bb,θ_box,θ_pb
16,35699,89,1,3600.022,142.909,9.242,4.688100268070837e6,4.6881002680708375e6,4.6881002680708375e6
