instance,it_bb,it_box,p_true_pb,runtime_bb,runtime_box,runtime_pb,θ_bb,θ_box,θ_pb
36,14932,38,1,186.997,6.712,9.072,1.3260322878196707e7,1.3260322878196707e7,1.3260322878196709e7
