instance,it_bb,it_box,p_true_pb,runtime_bb,runtime_box,runtime_pb,θ_bb,θ_box,θ_pb
3,7,6,1,0.395,2.547,11.196,2.0788289171558905e7,2.0788289171558905e7,2.0786846298485186e7
