instance,it_bb,it_box,p_true_pb,runtime_bb,runtime_box,runtime_pb,θ_bb,θ_box,θ_pb
17,5,4,1,0.312,2.127,10.077,1.5276362464573404e7,1.5276362464573404e7,1.5276362464573402e7
