instance,it_bb,it_box,p_true_pb,runtime_bb,runtime_box,runtime_pb,θ_bb,θ_box,θ_pb
13,30775,115,1,3600.065,3600.057,9.711,1.9970048339516852e7,1.862262010820837e7,1.9970048339516863e7
