instance,it_bb,it_box,p_true_pb,runtime_bb,runtime_box,runtime_pb,θ_bb,θ_box,θ_pb
2,4,3,1,0.359,2.529,11.946,1.0534594416818451e7,1.0534594416818451e7,1.0534594416818451e7
