instance,it_bb,it_box,p_true_pb,runtime_bb,runtime_box,runtime_pb,θ_bb,θ_box,θ_pb
9,29102,110,1,3600.113,3600.119,9.18,2.5350753804721817e7,2.243591778875111e7,2.535075380472182e7
