instance,it_bb,it_box,p_true_pb,runtime_bb,runtime_box,runtime_pb,θ_bb,θ_box,θ_pb
19,32,11,1,0.78,3.762,12.462,5.288571161267967e6,5.288571161267968e6,5.288571161267968e6
