instance,it_bb,it_box,p_true_pb,runtime_bb,runtime_box,runtime_pb,θ_bb,θ_box,θ_pb
41,8,15,1,0.325,3.165,9.151,621614.7959742454,621614.7959742454,621614.7959742452
