instance,it_bb,it_box,p_true_pb,runtime_bb,runtime_box,runtime_pb,θ_bb,θ_box,θ_pb
2,31068,135,1,3600.249,3600.047,13.359,1.053459441681845e7,1.031963395533774e7,1.0534594416818451e7
