instance,it_bb,it_box,p_true_pb,runtime_bb,runtime_box,runtime_pb,θ_bb,θ_box,θ_pb
40,7,3,1,0.274,1.923,8.98,1.940739354789737e7,1.940739354789737e7,1.9407393547897365e7
