instance,it_bb,it_box,p_true_pb,runtime_bb,runtime_box,runtime_pb,θ_bb,θ_box,θ_pb
8,3,4,1,0.281,2.004,9.573,5.876594153526428e6,5.876594153526428e6,5.876594153526427e6
