instance,it_bb,it_box,p_true_pb,runtime_bb,runtime_box,runtime_pb,θ_bb,θ_box,θ_pb
33,27643,66,1,3600.233,3600.09,12.438,2.308477603859451e7,1.855935681254332e7,2.319791312358436e7
