instance,it_bb,it_box,p_true_pb,runtime_bb,runtime_box,runtime_pb,θ_bb,θ_box,θ_pb
47,51172,63,1,3600.099,77.664,9.63,6.879289414398801e6,6.879289414398802e6,6.879289414398799e6
