instance,it_bb,it_box,p_true_pb,runtime_bb,runtime_box,runtime_pb,θ_bb,θ_box,θ_pb
49,5,5,1,0.425,2.959,12.146,8.79148191251725e6,8.79342194320666e6,8.791464245189438e6
