instance,it_bb,it_box,p_true_pb,runtime_bb,runtime_box,runtime_pb,θ_bb,θ_box,θ_pb
36,27805,128,1,3600.137,3600.276,13.619,1.3260322878196705e7,1.2652224678723795e7,1.3260322878196709e7
