instance,it_bb,it_box,p_true_pb,runtime_bb,runtime_box,runtime_pb,θ_bb,θ_box,θ_pb
30,53956,48,1,1512.111,13.128,9.972,2.1598990483995497e7,2.159899048399548e7,2.3169157259002537e7
