instance,it_bb,it_box,p_true_pb,runtime_bb,runtime_box,runtime_pb,θ_bb,θ_box,θ_pb
48,63986,73,1,3600.003,43.568,9.792,1.065000765989095e6,1.065000699238428e6,1.0650007659897162e6
