instance,it_bb,it_box,p_true_pb,runtime_bb,runtime_box,runtime_pb,θ_bb,θ_box,θ_pb
24,43090,114,1,3600.069,1110.972,11.783,8.475563949502094e6,8.475563844103344e6,8.475563949502096e6
