instance,it_bb,it_box,p_true_pb,runtime_bb,runtime_box,runtime_pb,θ_bb,θ_box,θ_pb
45,61580,87,1,3600.084,33.606,11.725,2.381826943229685e7,2.381826943229686e7,2.3818269432296854e7
