instance,it_bb,it_box,p_true_pb,runtime_bb,runtime_box,runtime_pb,θ_bb,θ_box,θ_pb
42,7,5,1,0.301,1.963,8.912,2.8504248153860286e7,2.8504248153860286e7,2.850424815386029e7
