instance,it_bb,it_box,p_true_pb,runtime_bb,runtime_box,runtime_pb,θ_bb,θ_box,θ_pb
37,29619,139,1,3600.249,3600.071,10.374,1.3260322878196705e7,1.2652229709884673e7,1.3260322878196709e7
