instance,it_bb,it_box,p_true_pb,runtime_bb,runtime_box,runtime_pb,θ_bb,θ_box,θ_pb
44,14,13,1,0.542,2.225,9.002,5.420207656202943e7,5.420207656202943e7,5.4200217020470485e7
