instance,it_bb,it_box,p_true_pb,runtime_bb,runtime_box,runtime_pb,θ_bb,θ_box,θ_pb
4,33805,106,1,3600.038,3600.128,12.317,1.0645837563105598e7,9.569830060939327e6,1.0884915684736887e7
