instance,it_bb,it_box,p_true_pb,runtime_bb,runtime_box,runtime_pb,θ_bb,θ_box,θ_pb
41,10,17,1,0.337,4.17,9.43,621614.7959742454,621614.6731162417,621614.7959742452
