instance,it_bb,it_box,p_true_pb,runtime_bb,runtime_box,runtime_pb,θ_bb,θ_box,θ_pb
1,30549,119,1,3600.118,3600.066,12.212,1.537311092473045e7,1.3903246180012764e7,1.5373110924730452e7
