instance,it_bb,it_box,p_true_pb,runtime_bb,runtime_box,runtime_pb,θ_bb,θ_box,θ_pb
10,24183,53,1,3600.055,3600.072,12.582,2.5268114827893928e7,1.9155962026735242e7,2.5268114827893924e7
