instance,it_bb,it_box,p_true_pb,runtime_bb,runtime_box,runtime_pb,θ_bb,θ_box,θ_pb
45,26788,93,1,3600.189,3600.074,12.0,2.3818269432296854e7,2.16533319578602e7,2.3818269432296854e7
