instance,it_bb,it_box,p_true_pb,runtime_bb,runtime_box,runtime_pb,θ_bb,θ_box,θ_pb
21,18582,60,1,328.059,43.758,9.105,1.5908742926860986e7,1.5908742645986356e7,1.6502212200638074e7
