instance,it_bb,it_box,p_true_pb,runtime_bb,runtime_box,runtime_pb,θ_bb,θ_box,θ_pb
28,50229,73,1,3600.258,119.41,10.441,677959.9155674055,677959.9155680364,677959.9155680363
