instance,it_bb,it_box,p_true_pb,runtime_bb,runtime_box,runtime_pb,θ_bb,θ_box,θ_pb
12,6,5,1,0.547,3.53,14.683,9.606329726708313e6,9.606329726708313e6,9.606329726708312e6
