instance,it_bb,it_box,p_true_pb,runtime_bb,runtime_box,runtime_pb,θ_bb,θ_box,θ_pb
31,28781,109,1,3600.062,3600.059,9.323,1.99776251213481e7,1.798023490789059e7,1.9977625121348105e7
