instance,it_bb,it_box,p_true_pb,runtime_bb,runtime_box,runtime_pb,θ_bb,θ_box,θ_pb
1,7048,69,1,134.446,28.989,13.175,1.5239481626401715e7,1.5239481626401717e7,1.5373110924730452e7
