instance,it_bb,it_box,p_true_pb,runtime_bb,runtime_box,runtime_pb,θ_bb,θ_box,θ_pb
9,7,5,1,0.42,2.715,12.667,2.5350753804721825e7,2.5350753804721825e7,2.535075380472182e7
