instance,it_bb,it_box,p_true_pb,runtime_bb,runtime_box,runtime_pb,θ_bb,θ_box,θ_pb
48,5,5,1,0.422,2.597,12.047,1.0650007659897162e6,1.0650007659897162e6,1.0650007659897162e6
