instance,it_bb,it_box,p_true_pb,runtime_bb,runtime_box,runtime_pb,θ_bb,θ_box,θ_pb
17,13236,35,1,213.607,9.377,14.211,1.5276362464573402e7,1.5276362464573406e7,1.5276362464573402e7
