instance,it_bb,it_box,p_true_pb,runtime_bb,runtime_box,runtime_pb,θ_bb,θ_box,θ_pb
26,28948,196,1,3600.077,3600.059,10.33,6.720531235998049e6,6.457350689604513e6,6.720531235998049e6
