instance,it_bb,it_box,p_true_pb,runtime_bb,runtime_box,runtime_pb,θ_bb,θ_box,θ_pb
48,12,5,1,0.454,2.746,12.699,1.065000765989716e6,1.0650007659897162e6,1.0650007659897162e6
