instance,it_bb,it_box,p_true_pb,runtime_bb,runtime_box,runtime_pb,θ_bb,θ_box,θ_pb
7,34110,110,1,3600.065,3600.078,9.075,1.2670746886027075e7,1.1595618879369423e7,1.2790220732537517e7
