instance,it_bb,it_box,p_true_pb,runtime_bb,runtime_box,runtime_pb,θ_bb,θ_box,θ_pb
8,40420,36,1,627.912,21.923,9.554,5.876594153526426e6,5.876594153526427e6,5.876594153526427e6
