instance,it_bb,it_box,p_true_pb,runtime_bb,runtime_box,runtime_pb,θ_bb,θ_box,θ_pb
18,33417,131,1,3600.004,3600.121,8.964,1.9849512261507187e7,1.8526466557364523e7,1.9849512261507194e7
