instance,it_bb,it_box,p_true_pb,runtime_bb,runtime_box,runtime_pb,θ_bb,θ_box,θ_pb
37,7,4,1,0.317,1.983,9.472,1.3260322878196713e7,1.3260322878196713e7,1.3260322878196709e7
