instance,it_bb,it_box,p_true_pb,runtime_bb,runtime_box,runtime_pb,θ_bb,θ_box,θ_pb
42,31026,79,1,3600.208,3600.023,9.086,2.8263798009649567e7,2.3944758578427512e7,2.850424815386029e7
