instance,it_bb,it_box,p_true_pb,runtime_bb,runtime_box,runtime_pb,θ_bb,θ_box,θ_pb
1,4,4,1,0.379,2.775,12.81,1.5373110924730454e7,1.5373110924730454e7,1.5373110924730452e7
