instance,it_bb,it_box,p_true_pb,runtime_bb,runtime_box,runtime_pb,θ_bb,θ_box,θ_pb
30,9,7,1,0.304,2.004,9.042,2.3169335314629816e7,2.3169335314629816e7,2.3169157259002537e7
