instance,it_bb,it_box,p_true_pb,runtime_bb,runtime_box,runtime_pb,θ_bb,θ_box,θ_pb
6,5,5,1,0.453,3.027,12.961,4.133252230421886e6,4.133252230421886e6,4.133252230421887e6
