instance,it_bb,it_box,p_true_pb,runtime_bb,runtime_box,runtime_pb,θ_bb,θ_box,θ_pb
34,80916,80,1,3600.059,36.387,12.414,1.5269827986551082e7,1.5269827986551084e7,1.5484791317909135e7
