instance,it_bb,it_box,p_true_pb,runtime_bb,runtime_box,runtime_pb,θ_bb,θ_box,θ_pb
50,16,6,1,0.332,2.093,9.509,2.197090714069855e6,2.197090714069855e6,2.197090714069855e6
