instance,it_bb,it_box,p_true_pb,runtime_bb,runtime_box,runtime_pb,θ_bb,θ_box,θ_pb
23,5,4,1,0.513,3.493,11.373,6.102449477375533e6,6.102449477375533e6,6.102449477375536e6
