instance,it_bb,it_box,p_true_pb,runtime_bb,runtime_box,runtime_pb,θ_bb,θ_box,θ_pb
5,8,6,1,0.456,2.87,12.928,2.1883725604763824e7,2.1883725604763824e7,2.188372560476383e7
