instance,it_bb,it_box,p_true_pb,runtime_bb,runtime_box,runtime_pb,θ_bb,θ_box,θ_pb
28,12,15,1,0.385,2.719,9.381,677959.9155680364,677959.9155680364,677959.9155680363
