instance,it_bb,it_box,p_true_pb,runtime_bb,runtime_box,runtime_pb,θ_bb,θ_box,θ_pb
39,2,1,1,0.256,1.915,8.983,7757.985771461817,7757.985771388747,7757.985771461819
