instance,it_bb,it_box,p_true_pb,runtime_bb,runtime_box,runtime_pb,θ_bb,θ_box,θ_pb
13,7,6,1,0.415,2.611,12.103,1.9970048339516856e7,1.9970048339516856e7,1.9970048339516863e7
