instance,it_bb,it_box,p_true_pb,runtime_bb,runtime_box,runtime_pb,θ_bb,θ_box,θ_pb
21,6,5,1,0.368,2.467,11.346,1.6502212200638074e7,1.6502212200638074e7,1.6502212200638074e7
