instance,it_bb,it_box,p_true_pb,runtime_bb,runtime_box,runtime_pb,θ_bb,θ_box,θ_pb
22,28167,100,1,3600.22,3600.058,9.434,1.464731297406981e7,1.3427357532745983e7,1.4647312974069811e7
