instance,it_bb,it_box,p_true_pb,runtime_bb,runtime_box,runtime_pb,θ_bb,θ_box,θ_pb
35,3804,27,1,51.808,7.51,12.644,9.02338598318632e6,9.023385983186318e6,9.143626854155052e6
