instance,it_bb,it_box,p_true_pb,runtime_bb,runtime_box,runtime_pb,θ_bb,θ_box,θ_pb
33,76804,84,1,3600.039,37.092,8.952,2.2066542574250497e7,2.1727134798488673e7,2.319791312358436e7
