instance,it_bb,it_box,p_true_pb,runtime_bb,runtime_box,runtime_pb,θ_bb,θ_box,θ_pb
38,33157,80,1,3600.027,89.284,9.869,2.600111469746904e6,2.600111469746904e6,2.6001114697469044e6
