instance,it_bb,it_box,p_true_pb,runtime_bb,runtime_box,runtime_pb,θ_bb,θ_box,θ_pb
43,30309,69,1,3600.142,3600.067,9.086,3.449544727979924e7,2.739772131039399e7,3.499350659705648e7
