instance,it_bb,it_box,p_true_pb,runtime_bb,runtime_box,runtime_pb,θ_bb,θ_box,θ_pb
5,29311,119,1,3600.18,3600.041,9.324,2.188372560476382e7,2.0080625453364722e7,2.188372560476383e7
