instance,it_bb,it_box,p_true_pb,runtime_bb,runtime_box,runtime_pb,θ_bb,θ_box,θ_pb
31,6,6,1,0.387,2.66,12.15,1.9979959977742486e7,1.9979959977742486e7,1.9977625121348105e7
