instance,it_bb,it_box,p_true_pb,runtime_bb,runtime_box,runtime_pb,θ_bb,θ_box,θ_pb
11,53473,103,1,3600.144,105.915,11.1,3.654327574469536e7,3.557223918513645e7,3.751431230425426e7
