instance,it_bb,it_box,p_true_pb,runtime_bb,runtime_box,runtime_pb,θ_bb,θ_box,θ_pb
45,9,7,1,0.342,2.147,9.745,2.381895114038682e7,2.3823139052566655e7,2.3818269432296854e7
