instance,it_bb,it_box,p_true_pb,runtime_bb,runtime_box,runtime_pb,θ_bb,θ_box,θ_pb
23,60741,58,1,3600.081,106.906,12.143,6.102449477375533e6,6.102449477375535e6,6.102449477375536e6
