instance,it_bb,it_box,p_true_pb,runtime_bb,runtime_box,runtime_pb,θ_bb,θ_box,θ_pb
26,1850,22,1,17.792,4.461,9.24,6.720531235998049e6,6.720531235998049e6,6.720531235998049e6
