instance,it_bb,it_box,p_true_pb,runtime_bb,runtime_box,runtime_pb,θ_bb,θ_box,θ_pb
47,32,20,1,0.697,5.029,11.993,6.879289414398801e6,6.879289414398802e6,6.879289414398799e6
