instance,it_bb,it_box,p_true_pb,runtime_bb,runtime_box,runtime_pb,θ_bb,θ_box,θ_pb
24,5,5,1,0.391,2.604,12.188,8.476433957660431e6,8.47627721946948e6,8.475563949502096e6
