instance,it_bb,it_box,p_true_pb,runtime_bb,runtime_box,runtime_pb,θ_bb,θ_box,θ_pb
3,34814,56,1,792.072,30.226,9.433,1.9310520564846046e7,1.9310520564846046e7,2.0786846298485186e7
