instance,it_bb,it_box,p_true_pb,runtime_bb,runtime_box,runtime_pb,θ_bb,θ_box,θ_pb
7,17530,52,1,355.989,16.283,11.936,1.2431877685208907e7,1.2431877685208907e7,1.2790220732537517e7
